{"state": 1, "msg": "操作成功", "data": {"zsSsgradeList": [{"remarks": "", "schcode": "", "sex": "", "campus": "", "nf": "2018", "klmc": "文史", "ssmc": "陕西", "zylx": "普通类", "kl": "1", "ssdm": "61", "rs": 7, "zdx": 518.0, "ptx": 518.0, "minScore": 545.0, "minOrder": 6018, "avgScore": 548.1, "avgOrder": 5602, "maxScore": 551.0, "maxOrder": 5165, "zycc": "普通类", "fsx": 518.0}], "sszygradeList": [{"remarks": "", "schcode": "", "sex": "", "campus": "", "nf": "2018", "klmc": "文史", "ssmc": "陕西", "zylx": "普通类", "zymc": "工商管理类", "maxScore": 551.0, "minScore": 547.0, "avgScore": 549.0, "avgOrder": 5454, "minOrder": 5751, "maxOrder": 5165, "kl": "", "ssdm": "61", "rs": 5, "zdx": 518.0, "ptx": 518.0, "zycc": "普通类", "fsx": 518.0}, {"remarks": "", "schcode": "", "sex": "", "campus": "", "nf": "2018", "klmc": "文史", "ssmc": "陕西", "zylx": "普通类", "zymc": "农林经济管理", "maxScore": 547.0, "minScore": 545.0, "avgScore": 546.0, "avgOrder": 5883, "minOrder": 6018, "maxOrder": 5751, "kl": "", "ssdm": "61", "rs": 2, "zdx": 518.0, "ptx": 518.0, "zycc": "普通类", "fsx": 518.0}], "withYsl": false}, "jessionid": "be6fea6da6d947ea968a0aa03c8d00d3"}