{"state": 1, "msg": "操作成功", "data": {"zsSsgradeList": [{"remarks": "", "schcode": "", "sex": "", "campus": "", "nf": "2019", "klmc": "艺术(理)", "ssmc": "河南", "zylx": "艺术批", "kl": "7", "ssdm": "41", "rs": 3, "minScore": 460.0, "avgScore": 468.3, "maxScore": 480.0, "zycc": "艺术批"}], "sszygradeList": [{"remarks": "文化课成绩；控制线：文化课350分，专业课206分", "schcode": "", "sex": "", "campus": "", "nf": "2019", "klmc": "艺术(理)", "ssmc": "河南", "zylx": "艺术批", "zymc": "视觉传达设计", "maxScore": 480.0, "minScore": 460.0, "avgScore": 470.0, "kl": "", "ssdm": "41", "rs": 2, "zycc": "艺术批"}, {"remarks": "文化课成绩；控制线：文化课350分，专业课206分", "schcode": "", "sex": "", "campus": "", "nf": "2019", "klmc": "艺术(理)", "ssmc": "河南", "zylx": "艺术批", "zymc": "环境设计", "maxScore": 465.0, "minScore": 465.0, "avgScore": 465.0, "kl": "", "ssdm": "41", "rs": 1, "zycc": "艺术批"}], "withYsl": false}, "jessionid": "be6fea6da6d947ea968a0aa03c8d00d3"}