{"state": 1, "msg": "操作成功", "data": {"zsSsgradeList": [{"remarks": "", "schcode": "", "sex": "", "campus": "", "nf": "2018", "klmc": "文史", "ssmc": "吉林", "zylx": "普通类", "kl": "1", "ssdm": "22", "rs": 8, "zdx": 542.0, "ptx": 542.0, "minScore": 551.0, "minOrder": 2631, "avgScore": 555.2, "avgOrder": 2367, "maxScore": 561.0, "maxOrder": 2070, "zycc": "普通类", "fsx": 542.0}], "sszygradeList": [{"remarks": "", "schcode": "", "sex": "", "campus": "", "nf": "2018", "klmc": "文史", "ssmc": "吉林", "zylx": "普通类", "zymc": "工商管理类", "maxScore": 561.0, "minScore": 555.0, "avgScore": 557.0, "avgOrder": 2253, "minOrder": 2367, "maxOrder": 2070, "kl": "", "ssdm": "22", "rs": 5, "zdx": 542.0, "ptx": 542.0, "zycc": "普通类", "fsx": 542.0}, {"remarks": "", "schcode": "", "sex": "", "campus": "", "nf": "2018", "klmc": "文史", "ssmc": "吉林", "zylx": "普通类", "zymc": "法学类", "maxScore": 555.0, "minScore": 551.0, "avgScore": 553.0, "avgOrder": 2499, "minOrder": 2631, "maxOrder": 2367, "kl": "", "ssdm": "22", "rs": 2, "zdx": 542.0, "ptx": 542.0, "zycc": "普通类", "fsx": 542.0}, {"remarks": "", "schcode": "", "sex": "", "campus": "", "nf": "2018", "klmc": "文史", "ssmc": "吉林", "zylx": "普通类", "zymc": "英语", "maxScore": 551.0, "minScore": 551.0, "avgScore": 551.0, "avgOrder": 2631, "minOrder": 2631, "maxOrder": 2631, "kl": "", "ssdm": "22", "rs": 1, "zdx": 542.0, "ptx": 542.0, "zycc": "普通类", "fsx": 542.0}], "withYsl": false}, "jessionid": "be6fea6da6d947ea968a0aa03c8d00d3"}