{"state": 1, "msg": "操作成功", "data": {"zsSsgradeList": [{"remarks": "", "schcode": "", "sex": "", "campus": "", "nf": "2017", "klmc": "艺术(理)", "ssmc": "黑龙江", "zylx": "艺术批", "kl": "7", "ssdm": "23", "zycc": "艺术批"}], "sszygradeList": [{"remarks": "文化课成绩；控制线：理科212，电编240", "schcode": "", "sex": "", "campus": "", "nf": "2017", "klmc": "艺术(理)", "ssmc": "黑龙江", "zylx": "艺术批", "zymc": "广播电视编导", "maxScore": 455.0, "minScore": 328.0, "avgScore": 399.0, "kl": "", "ssdm": "23", "rs": 3, "zycc": "艺术批"}, {"remarks": "文化课成绩；控制线：理科212，美术180", "schcode": "", "sex": "", "campus": "", "nf": "2017", "klmc": "艺术(理)", "ssmc": "黑龙江", "zylx": "艺术批", "zymc": "视觉传达设计", "maxScore": 473.0, "minScore": 451.0, "avgScore": 462.0, "kl": "", "ssdm": "23", "rs": 2, "zycc": "艺术批"}, {"remarks": "文化课成绩；控制线：理科212，美术180", "schcode": "", "sex": "", "campus": "", "nf": "2017", "klmc": "艺术(理)", "ssmc": "黑龙江", "zylx": "艺术批", "zymc": "环境设计", "maxScore": 442.0, "minScore": 442.0, "avgScore": 442.0, "kl": "", "ssdm": "23", "rs": 1, "zycc": "艺术批"}], "withYsl": false}, "jessionid": "be6fea6da6d947ea968a0aa03c8d00d3"}