{"state": 1, "msg": "操作成功", "data": {"zsSsgradeList": [{"remarks": "", "schcode": "", "sex": "", "campus": "", "nf": "2019", "klmc": "理工", "ssmc": "贵州", "zylx": "普通类", "kl": "5", "ssdm": "52", "rs": 165, "zdx": 470.0, "ptx": 470.0, "minScore": 487.0, "minOrder": 35865, "avgScore": 496.8, "avgOrder": 31349, "maxScore": 533.0, "maxOrder": 17893, "zycc": "普通类", "fsx": 470.0}], "sszygradeList": [{"remarks": "", "schcode": "", "sex": "", "campus": "", "nf": "2019", "klmc": "理工", "ssmc": "贵州", "zylx": "普通类", "zymc": "风景园林", "maxScore": 498.0, "minScore": 490.0, "avgScore": 493.0, "avgOrder": 33117, "minOrder": 34505, "maxOrder": 30926, "kl": "", "ssdm": "52", "rs": 5, "zdx": 470.0, "ptx": 470.0, "zycc": "普通类", "fsx": 470.0}, {"remarks": "", "schcode": "", "sex": "", "campus": "", "nf": "2019", "klmc": "理工", "ssmc": "贵州", "zylx": "普通类", "zymc": "园艺", "maxScore": 499.0, "minScore": 487.0, "avgScore": 492.8, "avgOrder": 33117, "minOrder": 35865, "maxOrder": 30455, "kl": "", "ssdm": "52", "rs": 6, "zdx": 470.0, "ptx": 470.0, "zycc": "普通类", "fsx": 470.0}, {"remarks": "", "schcode": "", "sex": "", "campus": "", "nf": "2019", "klmc": "理工", "ssmc": "贵州", "zylx": "普通类", "zymc": "设施农业科学与工程", "maxScore": 503.0, "minScore": 488.0, "avgScore": 495.9, "avgOrder": 31768, "minOrder": 35373, "maxOrder": 28722, "kl": "", "ssdm": "52", "rs": 7, "zdx": 470.0, "ptx": 470.0, "zycc": "普通类", "fsx": 470.0}, {"remarks": "", "schcode": "", "sex": "", "campus": "", "nf": "2019", "klmc": "理工", "ssmc": "贵州", "zylx": "普通类", "zymc": "园林", "maxScore": 494.0, "minScore": 483.0, "avgScore": 489.2, "avgOrder": 34921, "minOrder": 37869, "maxOrder": 32667, "kl": "", "ssdm": "52", "rs": 4, "zdx": 470.0, "ptx": 470.0, "zycc": "普通类", "fsx": 470.0}, {"remarks": "", "schcode": "", "sex": "", "campus": "", "nf": "2019", "klmc": "理工", "ssmc": "贵州", "zylx": "普通类", "zymc": "应用气象学", "maxScore": 497.0, "minScore": 493.0, "avgScore": 495.0, "avgOrder": 32223, "minOrder": 33117, "maxOrder": 31349, "kl": "", "ssdm": "52", "rs": 2, "zdx": 470.0, "ptx": 470.0, "zycc": "普通类", "fsx": 470.0}, {"remarks": "", "schcode": "", "sex": "", "campus": "", "nf": "2019", "klmc": "理工", "ssmc": "贵州", "zylx": "普通类", "zymc": "生态学", "maxScore": 497.0, "minScore": 492.0, "avgScore": 493.7, "avgOrder": 32667, "minOrder": 33581, "maxOrder": 31349, "kl": "", "ssdm": "52", "rs": 3, "zdx": 470.0, "ptx": 470.0, "zycc": "普通类", "fsx": 470.0}, {"remarks": "", "schcode": "", "sex": "", "campus": "", "nf": "2019", "klmc": "理工", "ssmc": "贵州", "zylx": "普通类", "zymc": "环境科学与工程类", "maxScore": 515.0, "minScore": 490.0, "avgScore": 497.8, "avgOrder": 30926, "minOrder": 34505, "maxOrder": 24054, "kl": "", "ssdm": "52", "rs": 6, "zdx": 470.0, "ptx": 470.0, "zycc": "普通类", "fsx": 470.0}, {"remarks": "", "schcode": "", "sex": "", "campus": "", "nf": "2019", "klmc": "理工", "ssmc": "贵州", "zylx": "普通类", "zymc": "自然保护与环境生态类", "maxScore": 528.0, "minScore": 488.0, "avgScore": 495.6, "avgOrder": 31768, "minOrder": 35373, "maxOrder": 19498, "kl": "", "ssdm": "52", "rs": 7, "zdx": 470.0, "ptx": 470.0, "zycc": "普通类", "fsx": 470.0}, {"remarks": "", "schcode": "", "sex": "", "campus": "", "nf": "2019", "klmc": "理工", "ssmc": "贵州", "zylx": "普通类", "zymc": "动物科学", "maxScore": 489.0, "minScore": 482.0, "avgScore": 485.8, "avgOrder": 36372, "minOrder": 38357, "maxOrder": 34921, "kl": "", "ssdm": "52", "rs": 5, "zdx": 470.0, "ptx": 470.0, "zycc": "普通类", "fsx": 470.0}, {"remarks": "", "schcode": "", "sex": "", "campus": "", "nf": "2019", "klmc": "理工", "ssmc": "贵州", "zylx": "普通类", "zymc": "水产养殖学", "maxScore": 489.0, "minScore": 488.0, "avgScore": 488.5, "avgOrder": 34921, "minOrder": 35373, "maxOrder": 34921, "kl": "", "ssdm": "52", "rs": 2, "zdx": 470.0, "ptx": 470.0, "zycc": "普通类", "fsx": 470.0}, {"remarks": "", "schcode": "", "sex": "", "campus": "", "nf": "2019", "klmc": "理工", "ssmc": "贵州", "zylx": "普通类", "zymc": "草业科学", "maxScore": 492.0, "minScore": 490.0, "avgScore": 491.0, "avgOrder": 34059, "minOrder": 34505, "maxOrder": 33581, "kl": "", "ssdm": "52", "rs": 2, "zdx": 470.0, "ptx": 470.0, "zycc": "普通类", "fsx": 470.0}, {"remarks": "", "schcode": "", "sex": "", "campus": "", "nf": "2019", "klmc": "理工", "ssmc": "贵州", "zylx": "普通类", "zymc": "动物医学", "maxScore": 510.0, "minScore": 490.0, "avgScore": 497.0, "avgOrder": 31349, "minOrder": 34505, "maxOrder": 25924, "kl": "", "ssdm": "52", "rs": 5, "zdx": 470.0, "ptx": 470.0, "zycc": "普通类", "fsx": 470.0}, {"remarks": "", "schcode": "", "sex": "", "campus": "", "nf": "2019", "klmc": "理工", "ssmc": "贵州", "zylx": "普通类", "zymc": "机械类", "maxScore": 507.0, "minScore": 488.0, "avgScore": 493.6, "avgOrder": 32667, "minOrder": 35373, "maxOrder": 27085, "kl": "", "ssdm": "52", "rs": 10, "zdx": 470.0, "ptx": 470.0, "zycc": "普通类", "fsx": 470.0}, {"remarks": "", "schcode": "", "sex": "", "campus": "", "nf": "2019", "klmc": "理工", "ssmc": "贵州", "zylx": "普通类", "zymc": "能源动力类", "maxScore": 495.0, "minScore": 488.0, "avgScore": 491.7, "avgOrder": 33581, "minOrder": 35373, "maxOrder": 32223, "kl": "", "ssdm": "52", "rs": 6, "zdx": 470.0, "ptx": 470.0, "zycc": "普通类", "fsx": 470.0}, {"remarks": "", "schcode": "", "sex": "", "campus": "", "nf": "2019", "klmc": "理工", "ssmc": "贵州", "zylx": "普通类", "zymc": "工业工程类", "maxScore": 533.0, "minScore": 488.0, "avgScore": 502.8, "avgOrder": 28722, "minOrder": 35373, "maxOrder": 17893, "kl": "", "ssdm": "52", "rs": 6, "zdx": 470.0, "ptx": 470.0, "zycc": "普通类", "fsx": 470.0}, {"remarks": "", "schcode": "", "sex": "", "campus": "", "nf": "2019", "klmc": "理工", "ssmc": "贵州", "zylx": "普通类", "zymc": "电气工程及其自动化", "maxScore": 502.0, "minScore": 495.0, "avgScore": 499.0, "avgOrder": 30455, "minOrder": 32223, "maxOrder": 29114, "kl": "", "ssdm": "52", "rs": 3, "zdx": 470.0, "ptx": 470.0, "zycc": "普通类", "fsx": 470.0}, {"remarks": "", "schcode": "", "sex": "", "campus": "", "nf": "2019", "klmc": "理工", "ssmc": "贵州", "zylx": "普通类", "zymc": "计算机科学与技术", "maxScore": 520.0, "minScore": 501.0, "avgScore": 508.5, "avgOrder": 26270, "minOrder": 29575, "maxOrder": 22252, "kl": "", "ssdm": "52", "rs": 4, "zdx": 470.0, "ptx": 470.0, "zycc": "普通类", "fsx": 470.0}, {"remarks": "", "schcode": "", "sex": "", "campus": "", "nf": "2019", "klmc": "理工", "ssmc": "贵州", "zylx": "普通类", "zymc": "软件工程", "maxScore": 503.0, "minScore": 492.0, "avgScore": 497.3, "avgOrder": 31349, "minOrder": 33581, "maxOrder": 28722, "kl": "", "ssdm": "52", "rs": 6, "zdx": 470.0, "ptx": 470.0, "zycc": "普通类", "fsx": 470.0}, {"remarks": "", "schcode": "", "sex": "", "campus": "", "nf": "2019", "klmc": "理工", "ssmc": "贵州", "zylx": "普通类", "zymc": "物联网工程", "maxScore": 515.0, "minScore": 498.0, "avgScore": 503.5, "avgOrder": 28303, "minOrder": 30926, "maxOrder": 24054, "kl": "", "ssdm": "52", "rs": 4, "zdx": 470.0, "ptx": 470.0, "zycc": "普通类", "fsx": 470.0}, {"remarks": "", "schcode": "", "sex": "", "campus": "", "nf": "2019", "klmc": "理工", "ssmc": "贵州", "zylx": "普通类", "zymc": "农业电气化", "maxScore": 506.0, "minScore": 491.0, "avgScore": 498.5, "avgOrder": 30455, "minOrder": 34059, "maxOrder": 27504, "kl": "", "ssdm": "52", "rs": 2, "zdx": 470.0, "ptx": 470.0, "zycc": "普通类", "fsx": 470.0}, {"remarks": "", "schcode": "", "sex": "", "campus": "", "nf": "2019", "klmc": "理工", "ssmc": "贵州", "zylx": "普通类", "zymc": "金融学类", "maxScore": 518.0, "minScore": 496.0, "avgScore": 499.9, "avgOrder": 29989, "minOrder": 31768, "maxOrder": 22983, "kl": "", "ssdm": "52", "rs": 12, "zdx": 470.0, "ptx": 470.0, "zycc": "普通类", "fsx": 470.0}, {"remarks": "", "schcode": "", "sex": "", "campus": "", "nf": "2019", "klmc": "理工", "ssmc": "贵州", "zylx": "普通类", "zymc": "生物科学类", "maxScore": 530.0, "minScore": 488.0, "avgScore": 501.0, "avgOrder": 29575, "minOrder": 35373, "maxOrder": 18876, "kl": "", "ssdm": "52", "rs": 4, "zdx": 470.0, "ptx": 470.0, "zycc": "普通类", "fsx": 470.0}, {"remarks": "", "schcode": "", "sex": "", "campus": "", "nf": "2019", "klmc": "理工", "ssmc": "贵州", "zylx": "普通类", "zymc": "生物工程类", "maxScore": 501.0, "minScore": 488.0, "avgScore": 496.2, "avgOrder": 31768, "minOrder": 35373, "maxOrder": 29575, "kl": "", "ssdm": "52", "rs": 4, "zdx": 470.0, "ptx": 470.0, "zycc": "普通类", "fsx": 470.0}, {"remarks": "", "schcode": "", "sex": "", "campus": "", "nf": "2019", "klmc": "理工", "ssmc": "贵州", "zylx": "普通类", "zymc": "食品科学与工程类", "maxScore": 532.0, "minScore": 488.0, "avgScore": 497.8, "avgOrder": 30926, "minOrder": 35373, "maxOrder": 18216, "kl": "", "ssdm": "52", "rs": 12, "zdx": 470.0, "ptx": 470.0, "zycc": "普通类", "fsx": 470.0}, {"remarks": "", "schcode": "", "sex": "", "campus": "", "nf": "2019", "klmc": "理工", "ssmc": "贵州", "zylx": "普通类", "zymc": "人文地理与城乡规划", "maxScore": 507.0, "minScore": 489.0, "avgScore": 495.5, "avgOrder": 31768, "minOrder": 34921, "maxOrder": 27085, "kl": "", "ssdm": "52", "rs": 4, "zdx": 470.0, "ptx": 470.0, "zycc": "普通类", "fsx": 470.0}, {"remarks": "", "schcode": "", "sex": "", "campus": "", "nf": "2019", "klmc": "理工", "ssmc": "贵州", "zylx": "普通类", "zymc": "土地整治工程", "maxScore": 498.0, "minScore": 495.0, "avgScore": 496.3, "avgOrder": 31768, "minOrder": 32223, "maxOrder": 30926, "kl": "", "ssdm": "52", "rs": 3, "zdx": 470.0, "ptx": 470.0, "zycc": "普通类", "fsx": 470.0}, {"remarks": "", "schcode": "", "sex": "", "campus": "", "nf": "2019", "klmc": "理工", "ssmc": "贵州", "zylx": "普通类", "zymc": "土地资源管理", "maxScore": 499.0, "minScore": 497.0, "avgScore": 498.2, "avgOrder": 30926, "minOrder": 31349, "maxOrder": 30455, "kl": "", "ssdm": "52", "rs": 4, "zdx": 470.0, "ptx": 470.0, "zycc": "普通类", "fsx": 470.0}, {"remarks": "", "schcode": "", "sex": "", "campus": "", "nf": "2019", "klmc": "理工", "ssmc": "贵州", "zylx": "普通类", "zymc": "水利类", "maxScore": 508.0, "minScore": 488.0, "avgScore": 495.2, "avgOrder": 32223, "minOrder": 35373, "maxOrder": 26688, "kl": "", "ssdm": "52", "rs": 8, "zdx": 470.0, "ptx": 470.0, "zycc": "普通类", "fsx": 470.0}, {"remarks": "", "schcode": "", "sex": "", "campus": "", "nf": "2019", "klmc": "理工", "ssmc": "贵州", "zylx": "普通类", "zymc": "土木工程", "maxScore": 514.0, "minScore": 495.0, "avgScore": 503.8, "avgOrder": 28303, "minOrder": 32223, "maxOrder": 24398, "kl": "", "ssdm": "52", "rs": 6, "zdx": 470.0, "ptx": 470.0, "zycc": "普通类", "fsx": 470.0}, {"remarks": "", "schcode": "", "sex": "", "campus": "", "nf": "2019", "klmc": "理工", "ssmc": "贵州", "zylx": "普通类", "zymc": "工程管理", "maxScore": 497.0, "minScore": 491.0, "avgScore": 493.8, "avgOrder": 32667, "minOrder": 34059, "maxOrder": 31349, "kl": "", "ssdm": "52", "rs": 6, "zdx": 470.0, "ptx": 470.0, "zycc": "普通类", "fsx": 470.0}, {"remarks": "", "schcode": "", "sex": "", "campus": "", "nf": "2019", "klmc": "理工", "ssmc": "贵州", "zylx": "普通类", "zymc": "统计学类", "maxScore": 511.0, "minScore": 490.0, "avgScore": 495.7, "avgOrder": 31768, "minOrder": 34505, "maxOrder": 25522, "kl": "", "ssdm": "52", "rs": 6, "zdx": 470.0, "ptx": 470.0, "zycc": "普通类", "fsx": 470.0}, {"remarks": "", "schcode": "", "sex": "", "campus": "", "nf": "2019", "klmc": "理工", "ssmc": "贵州", "zylx": "普通类", "zymc": "应用化学", "maxScore": 504.0, "minScore": 488.0, "avgScore": 495.7, "avgOrder": 31768, "minOrder": 35373, "maxOrder": 28303, "kl": "", "ssdm": "52", "rs": 3, "zdx": 470.0, "ptx": 470.0, "zycc": "普通类", "fsx": 470.0}, {"remarks": "", "schcode": "", "sex": "", "campus": "", "nf": "2019", "klmc": "理工", "ssmc": "贵州", "zylx": "普通类", "zymc": "化学生物学", "maxScore": 498.0, "minScore": 492.0, "avgScore": 494.3, "avgOrder": 32667, "minOrder": 33581, "maxOrder": 30926, "kl": "", "ssdm": "52", "rs": 3, "zdx": 470.0, "ptx": 470.0, "zycc": "普通类", "fsx": 470.0}], "withYsl": false}, "jessionid": "be6fea6da6d947ea968a0aa03c8d00d3"}