{"state": 1, "msg": "操作成功", "data": {"zsSsgradeList": [{"remarks": "", "schcode": "", "sex": "", "campus": "", "nf": "2019", "klmc": "文史", "ssmc": "云南", "zylx": "国家专项", "kl": "1", "ssdm": "53", "rs": 2, "zdx": 560.0, "ptx": 560.0, "minScore": 587.0, "minOrder": 4576, "avgScore": 591.5, "avgOrder": 3890, "maxScore": 596.0, "maxOrder": 3430, "zycc": "国家专项", "fsx": 560.0}], "sszygradeList": [{"remarks": "", "schcode": "", "sex": "", "campus": "", "nf": "2019", "klmc": "文史", "ssmc": "云南", "zylx": "国家专项", "zymc": "工商管理类", "maxScore": 596.0, "minScore": 587.0, "avgScore": 591.5, "avgOrder": 3890, "minOrder": 4576, "maxOrder": 3430, "kl": "", "ssdm": "53", "rs": 2, "zdx": 560.0, "ptx": 560.0, "zycc": "国家专项", "fsx": 560.0}], "withYsl": false}, "jessionid": "be6fea6da6d947ea968a0aa03c8d00d3"}