{"state": 1, "msg": "操作成功", "data": {"zsSsgradeList": [{"remarks": "", "schcode": "", "sex": "", "campus": "", "nf": "2017", "klmc": "艺术(文)", "ssmc": "辽宁", "zylx": "艺术批", "kl": "3", "ssdm": "21", "zycc": "艺术批"}], "sszygradeList": [{"remarks": "文化课成绩；控制线：文科278分，电编150分", "schcode": "", "sex": "", "campus": "", "nf": "2017", "klmc": "艺术(文)", "ssmc": "辽宁", "zylx": "艺术批", "zymc": "广播电视编导", "maxScore": 518.0, "minScore": 479.0, "avgScore": 489.1, "kl": "", "ssdm": "21", "rs": 17, "zycc": "艺术批"}, {"remarks": "文化课成绩；控制线：文科278分，美术185分", "schcode": "", "sex": "", "campus": "", "nf": "2017", "klmc": "艺术(文)", "ssmc": "辽宁", "zylx": "艺术批", "zymc": "视觉传达设计", "maxScore": 483.0, "minScore": 477.0, "avgScore": 480.0, "kl": "", "ssdm": "21", "rs": 2, "zycc": "艺术批"}, {"remarks": "文化课成绩；控制线：文科278分，美术185分", "schcode": "", "sex": "", "campus": "", "nf": "2017", "klmc": "艺术(文)", "ssmc": "辽宁", "zylx": "艺术批", "zymc": "环境设计", "maxScore": 498.0, "minScore": 488.0, "avgScore": 493.0, "kl": "", "ssdm": "21", "rs": 2, "zycc": "艺术批"}], "withYsl": false}, "jessionid": "be6fea6da6d947ea968a0aa03c8d00d3"}