{"state": 1, "msg": "操作成功", "data": {"zsSsgradeList": [{"remarks": "", "schcode": "", "sex": "", "campus": "", "nf": "2018", "klmc": "理工", "ssmc": "宁夏", "zylx": "国家专项", "kl": "5", "ssdm": "64", "rs": 4, "zdx": 463.0, "ptx": 463.0, "minScore": 476.0, "minOrder": 9100, "avgScore": 491.8, "avgOrder": 7134, "maxScore": 515.0, "maxOrder": 4901, "zycc": "国家专项", "fsx": 463.0}], "sszygradeList": [{"remarks": "", "schcode": "", "sex": "", "campus": "", "nf": "2018", "klmc": "理工", "ssmc": "宁夏", "zylx": "国家专项", "zymc": "植物科学与技术", "maxScore": 497.0, "minScore": 479.0, "avgScore": 488.0, "avgOrder": 7582, "minOrder": 8693, "maxOrder": 6584, "kl": "", "ssdm": "64", "rs": 2, "zdx": 463.0, "ptx": 463.0, "zycc": "国家专项", "fsx": 463.0}, {"remarks": "", "schcode": "", "sex": "", "campus": "", "nf": "2018", "klmc": "理工", "ssmc": "宁夏", "zylx": "国家专项", "zymc": "金融学类", "maxScore": 515.0, "minScore": 515.0, "avgScore": 515.0, "avgOrder": 4901, "minOrder": 4901, "maxOrder": 4901, "kl": "", "ssdm": "64", "rs": 1, "zdx": 463.0, "ptx": 463.0, "zycc": "国家专项", "fsx": 463.0}, {"remarks": "", "schcode": "", "sex": "", "campus": "", "nf": "2018", "klmc": "理工", "ssmc": "宁夏", "zylx": "国家专项", "zymc": "食品科学与工程类", "maxScore": 476.0, "minScore": 476.0, "avgScore": 476.0, "avgOrder": 9100, "minOrder": 9100, "maxOrder": 9100, "kl": "", "ssdm": "64", "rs": 1, "zdx": 463.0, "ptx": 463.0, "zycc": "国家专项", "fsx": 463.0}], "withYsl": false}, "jessionid": "be6fea6da6d947ea968a0aa03c8d00d3"}