{"state": 1, "msg": "操作成功", "data": {"zsSsgradeList": [{"remarks": "", "schcode": "", "sex": "", "campus": "", "nf": "2020", "klmc": "理工", "ssmc": "青海", "zylx": "普通类", "kl": "5", "ssdm": "63", "rs": 3, "zdx": 352.0, "ptx": 352.0, "minScore": 426.0, "minOrder": 6378, "avgScore": 435.3, "avgOrder": 5621, "maxScore": 450.0, "maxOrder": 4523, "zycc": "普通类", "fsx": 352.0}], "sszygradeList": [{"remarks": "", "schcode": "", "sex": "", "campus": "", "nf": "2020", "klmc": "理工", "ssmc": "青海", "zylx": "普通类", "zymc": "软件工程", "maxScore": 430.0, "minScore": 426.0, "avgScore": 428.0, "avgOrder": 6189, "minOrder": 6378, "maxOrder": 6022, "kl": "", "ssdm": "63", "rs": 2, "zdx": 352.0, "ptx": 352.0, "zycc": "普通类", "fsx": 352.0}, {"remarks": "", "schcode": "", "sex": "", "campus": "", "nf": "2020", "klmc": "理工", "ssmc": "青海", "zylx": "普通类", "zymc": "工程管理", "maxScore": 450.0, "minScore": 450.0, "avgScore": 450.0, "avgOrder": 4523, "minOrder": 4523, "maxOrder": 4523, "kl": "", "ssdm": "63", "rs": 1, "zdx": 352.0, "ptx": 352.0, "zycc": "普通类", "fsx": 352.0}], "withYsl": false}, "jessionid": "be6fea6da6d947ea968a0aa03c8d00d3"}