{
  "state": 1,
  "msg": "操作成功",
  "data": {
    "zsSsgradeList": [
      {
        "remarks": "",
        "schcode": "",
        "sex": "",
        "campus": "",
        "nf": "2020",
        "klmc": "综合改革",
        "ssmc": "上海",
        "zylx": "普通类",
        "kl": "Z",
        "ssdm": "31",
        "rs": 10,
        "zdx": 400.0,
        "ptx": 400.0,
        "minScore": 482.0,
        "minOrder": 19873,
        "avgScore": 486.5,
        "avgOrder": 18903,
        "maxScore": 491.0,
        "maxOrder": 17678,
        "zycc": "普通类",
        "fsx": 400.0
      }
    ],
    "sszygradeList": [
      {
        "remarks": "",
        "schcode": "",
        "sex": "",
        "campus": "",
        "nf": "2020",
        "klmc": "综合改革",
        "ssmc": "上海",
        "zylx": "普通类",
        "zymc": "金融学类",
        "maxScore": 488.0,
        "minScore": 485.0,
        "avgScore": 486.0,
        "avgOrder": 18903,
        "minOrder": 19146,
        "maxOrder": 18373,
        "kl": "",
        "ssdm": "31",
        "rs": 4,
        "zdx": 400.0,
        "ptx": 400.0,
        "zycc": "普通类",
        "fsx": 400.0
      },
      {
        "remarks": "",
        "schcode": "",
        "sex": "",
        "campus": "",
        "nf": "2020",
        "klmc": "综合改革",
        "ssmc": "上海",
        "zylx": "普通类",
        "zymc": "工商管理类",
        "maxScore": 483.0,
        "minScore": 482.0,
        "avgScore": 482.7,
        "avgOrder": 19637,
        "minOrder": 19873,
        "maxOrder": 19637,
        "kl": "",
        "ssdm": "31",
        "rs": 3,
        "zdx": 400.0,
        "ptx": 400.0,
        "zycc": "普通类",
        "fsx": 400.0
      },
      {
        "remarks": "",
        "schcode": "",
        "sex": "",
        "campus": "",
        "nf": "2020",
        "klmc": "综合改革",
        "ssmc": "上海",
        "zylx": "普通类",
        "zymc": "食品科学与工程类",
        "maxScore": 491.0,
        "minScore": 491.0,
        "avgScore": 491.0,
        "avgOrder": 17678,
        "minOrder": 17678,
        "maxOrder": 17678,
        "kl": "",
        "ssdm": "31",
        "rs": 3,
        "zdx": 400.0,
        "ptx": 400.0,
        "zycc": "普通类",
        "fsx": 400.0
      }
    ],
    "withYsl": false
  },
  "jessionid": "be6fea6da6d947ea968a0aa03c8d00d3"
}