{"state": 1, "msg": "操作成功", "data": {"zsSsgradeList": [{"remarks": "", "schcode": "", "sex": "", "campus": "", "nf": "2019", "klmc": "艺术(不分文理)", "ssmc": "河北", "zylx": "艺术批", "kl": "A", "ssdm": "13", "zycc": "艺术批"}], "sszygradeList": [{"remarks": "专业成绩；控制线：文化课284分，器乐115分；小项最低分：打击乐167.7，大提琴121，低音提琴151.5，二胡167.1，钢琴144，琵琶151.5，笙163.4，扬琴134.3，中阮134.2，竹笛158.3。", "schcode": "", "sex": "", "campus": "", "nf": "2019", "klmc": "艺术(不分文理)", "ssmc": "河北", "zylx": "艺术批", "zymc": "音乐表演（器乐）", "maxScore": 170.1, "minScore": 121.0, "avgScore": 154.5, "kl": "", "ssdm": "13", "rs": 22, "zycc": "艺术批"}, {"remarks": "专业成绩；控制线：文化课284分，声乐136分。", "schcode": "", "sex": "", "campus": "", "nf": "2019", "klmc": "艺术(不分文理)", "ssmc": "河北", "zylx": "艺术批", "zymc": "音乐表演（声乐）", "maxScore": 178.0, "minScore": 166.0, "avgScore": 169.6, "kl": "", "ssdm": "13", "rs": 11, "zycc": "艺术批"}, {"remarks": "文化课成绩；控制线：文化课284分，美术180分。", "schcode": "", "sex": "", "campus": "", "nf": "2019", "klmc": "艺术(不分文理)", "ssmc": "河北", "zylx": "艺术批", "zymc": "视觉传达设计", "maxScore": 534.0, "minScore": 482.0, "avgScore": 496.8, "kl": "", "ssdm": "13", "rs": 15, "zycc": "艺术批"}, {"remarks": "文化课成绩；控制线：文化课284分，美术180分。", "schcode": "", "sex": "", "campus": "", "nf": "2019", "klmc": "艺术(不分文理)", "ssmc": "河北", "zylx": "艺术批", "zymc": "环境设计", "maxScore": 511.0, "minScore": 478.0, "avgScore": 491.6, "kl": "", "ssdm": "13", "rs": 10, "zycc": "艺术批"}], "withYsl": false}, "jessionid": "be6fea6da6d947ea968a0aa03c8d00d3"}