{"state": 1, "msg": "操作成功", "data": {"zsSsgradeList": [{"remarks": "", "schcode": "", "sex": "", "campus": "", "nf": "2018", "klmc": "艺术(不分文理)", "ssmc": "安徽", "zylx": "艺术批", "kl": "A", "ssdm": "34", "zycc": "艺术批"}], "sszygradeList": [{"remarks": "综合成绩；控制线：文科341分、理科303分，专业课174分，综合621.83分", "schcode": "", "sex": "", "campus": "", "nf": "2018", "klmc": "艺术(不分文理)", "ssmc": "安徽", "zylx": "艺术批", "zymc": "广播电视编导", "maxScore": 707.0, "minScore": 696.0, "avgScore": 700.1, "kl": "", "ssdm": "34", "rs": 7, "zycc": "艺术批"}, {"remarks": "综合成绩；控制线：文科316分、理科281分，专业课190分，综合623.93分", "schcode": "", "sex": "", "campus": "", "nf": "2018", "klmc": "艺术(不分文理)", "ssmc": "安徽", "zylx": "艺术批", "zymc": "视觉传达设计", "maxScore": 767.0, "minScore": 740.0, "avgScore": 752.8, "kl": "", "ssdm": "34", "rs": 12, "zycc": "艺术批"}, {"remarks": "综合成绩；控制线：文科316分、理科281分，专业课190分，综合623.93分", "schcode": "", "sex": "", "campus": "", "nf": "2018", "klmc": "艺术(不分文理)", "ssmc": "安徽", "zylx": "艺术批", "zymc": "环境设计", "maxScore": 775.0, "minScore": 737.0, "avgScore": 753.9, "kl": "", "ssdm": "34", "rs": 8, "zycc": "艺术批"}], "withYsl": false}, "jessionid": "be6fea6da6d947ea968a0aa03c8d00d3"}