{"state": 1, "msg": "操作成功", "data": {"zsSsgradeList": [{"remarks": "", "schcode": "", "sex": "", "campus": "", "nf": "2018", "klmc": "理工", "ssmc": "甘肃", "zylx": "普通类", "kl": "5", "ssdm": "62", "rs": 27, "zdx": 483.0, "ptx": 483.0, "minScore": 521.0, "avgScore": 524.7, "maxScore": 534.0, "zycc": "普通类", "fsx": 483.0}], "sszygradeList": [{"remarks": "", "schcode": "", "sex": "", "campus": "", "nf": "2018", "klmc": "理工", "ssmc": "甘肃", "zylx": "普通类", "zymc": "自然保护与环境生态类", "maxScore": 524.0, "minScore": 522.0, "avgScore": 523.0, "kl": "", "ssdm": "62", "rs": 2, "zdx": 483.0, "ptx": 483.0, "zycc": "普通类", "fsx": 483.0}, {"remarks": "", "schcode": "", "sex": "", "campus": "", "nf": "2018", "klmc": "理工", "ssmc": "甘肃", "zylx": "普通类", "zymc": "动物科学", "maxScore": 521.0, "minScore": 521.0, "avgScore": 521.0, "kl": "", "ssdm": "62", "rs": 2, "zdx": 483.0, "ptx": 483.0, "zycc": "普通类", "fsx": 483.0}, {"remarks": "", "schcode": "", "sex": "", "campus": "", "nf": "2018", "klmc": "理工", "ssmc": "甘肃", "zylx": "普通类", "zymc": "动物医学", "maxScore": 522.0, "minScore": 522.0, "avgScore": 522.0, "kl": "", "ssdm": "62", "rs": 1, "zdx": 483.0, "ptx": 483.0, "zycc": "普通类", "fsx": 483.0}, {"remarks": "", "schcode": "", "sex": "", "campus": "", "nf": "2018", "klmc": "理工", "ssmc": "甘肃", "zylx": "普通类", "zymc": "动物药学", "maxScore": 521.0, "minScore": 521.0, "avgScore": 521.0, "kl": "", "ssdm": "62", "rs": 2, "zdx": 483.0, "ptx": 483.0, "zycc": "普通类", "fsx": 483.0}, {"remarks": "", "schcode": "", "sex": "", "campus": "", "nf": "2018", "klmc": "理工", "ssmc": "甘肃", "zylx": "普通类", "zymc": "机械类", "maxScore": 532.0, "minScore": 522.0, "avgScore": 527.0, "kl": "", "ssdm": "62", "rs": 2, "zdx": 483.0, "ptx": 483.0, "zycc": "普通类", "fsx": 483.0}, {"remarks": "", "schcode": "", "sex": "", "campus": "", "nf": "2018", "klmc": "理工", "ssmc": "甘肃", "zylx": "普通类", "zymc": "能源动力类", "maxScore": 531.0, "minScore": 522.0, "avgScore": 526.5, "kl": "", "ssdm": "62", "rs": 2, "zdx": 483.0, "ptx": 483.0, "zycc": "普通类", "fsx": 483.0}, {"remarks": "", "schcode": "", "sex": "", "campus": "", "nf": "2018", "klmc": "理工", "ssmc": "甘肃", "zylx": "普通类", "zymc": "电气工程及其自动化", "maxScore": 533.0, "minScore": 523.0, "avgScore": 528.0, "kl": "", "ssdm": "62", "rs": 2, "zdx": 483.0, "ptx": 483.0, "zycc": "普通类", "fsx": 483.0}, {"remarks": "", "schcode": "", "sex": "", "campus": "", "nf": "2018", "klmc": "理工", "ssmc": "甘肃", "zylx": "普通类", "zymc": "计算机类", "maxScore": 525.0, "minScore": 525.0, "avgScore": 525.0, "kl": "", "ssdm": "62", "rs": 2, "zdx": 483.0, "ptx": 483.0, "zycc": "普通类", "fsx": 483.0}, {"remarks": "", "schcode": "", "sex": "", "campus": "", "nf": "2018", "klmc": "理工", "ssmc": "甘肃", "zylx": "普通类", "zymc": "金融学类", "maxScore": 534.0, "minScore": 524.0, "avgScore": 529.0, "kl": "", "ssdm": "62", "rs": 2, "zdx": 483.0, "ptx": 483.0, "zycc": "普通类", "fsx": 483.0}, {"remarks": "", "schcode": "", "sex": "", "campus": "", "nf": "2018", "klmc": "理工", "ssmc": "甘肃", "zylx": "普通类", "zymc": "生物科学类", "maxScore": 533.0, "minScore": 524.0, "avgScore": 528.5, "kl": "", "ssdm": "62", "rs": 2, "zdx": 483.0, "ptx": 483.0, "zycc": "普通类", "fsx": 483.0}, {"remarks": "", "schcode": "", "sex": "", "campus": "", "nf": "2018", "klmc": "理工", "ssmc": "甘肃", "zylx": "普通类", "zymc": "食品科学与工程类", "maxScore": 524.0, "minScore": 523.0, "avgScore": 523.5, "kl": "", "ssdm": "62", "rs": 2, "zdx": 483.0, "ptx": 483.0, "zycc": "普通类", "fsx": 483.0}, {"remarks": "", "schcode": "", "sex": "", "campus": "", "nf": "2018", "klmc": "理工", "ssmc": "甘肃", "zylx": "普通类", "zymc": "土地资源管理", "maxScore": 526.0, "minScore": 521.0, "avgScore": 523.5, "kl": "", "ssdm": "62", "rs": 2, "zdx": 483.0, "ptx": 483.0, "zycc": "普通类", "fsx": 483.0}, {"remarks": "", "schcode": "", "sex": "", "campus": "", "nf": "2018", "klmc": "理工", "ssmc": "甘肃", "zylx": "普通类", "zymc": "水利类", "maxScore": 526.0, "minScore": 525.0, "avgScore": 525.5, "kl": "", "ssdm": "62", "rs": 2, "zdx": 483.0, "ptx": 483.0, "zycc": "普通类", "fsx": 483.0}, {"remarks": "", "schcode": "", "sex": "", "campus": "", "nf": "2018", "klmc": "理工", "ssmc": "甘肃", "zylx": "普通类", "zymc": "土木工程", "maxScore": 521.0, "minScore": 521.0, "avgScore": 521.0, "kl": "", "ssdm": "62", "rs": 2, "zdx": 483.0, "ptx": 483.0, "zycc": "普通类", "fsx": 483.0}], "withYsl": false}, "jessionid": "be6fea6da6d947ea968a0aa03c8d00d3"}