{"state": 1, "msg": "操作成功", "data": {"zsSsgradeList": [{"remarks": "", "schcode": "", "sex": "", "campus": "", "nf": "2019", "klmc": "文史", "ssmc": "海南", "zylx": "普通类", "kl": "1", "ssdm": "46", "rs": 4, "zdx": 593.0, "ptx": 593.0, "minScore": 667.0, "minOrder": 2271, "avgScore": 676.2, "avgOrder": 1929, "maxScore": 688.0, "maxOrder": 1552, "zycc": "普通类", "fsx": 593.0}], "sszygradeList": [{"remarks": "", "schcode": "", "sex": "", "campus": "", "nf": "2019", "klmc": "文史", "ssmc": "海南", "zylx": "普通类", "zymc": "工商管理类", "maxScore": 679.0, "minScore": 671.0, "avgScore": 675.0, "avgOrder": 1968, "minOrder": 2113, "maxOrder": 1835, "kl": "", "ssdm": "46", "rs": 2, "zdx": 593.0, "ptx": 593.0, "zycc": "普通类", "fsx": 593.0}, {"remarks": "", "schcode": "", "sex": "", "campus": "", "nf": "2019", "klmc": "文史", "ssmc": "海南", "zylx": "普通类", "zymc": "农林经济管理", "maxScore": 688.0, "minScore": 667.0, "avgScore": 677.5, "avgOrder": 1867, "minOrder": 2271, "maxOrder": 1552, "kl": "", "ssdm": "46", "rs": 2, "zdx": 593.0, "ptx": 593.0, "zycc": "普通类", "fsx": 593.0}], "withYsl": false}, "jessionid": "be6fea6da6d947ea968a0aa03c8d00d3"}