{"state": 1, "msg": "操作成功", "data": {"zsSsgradeList": [{"remarks": "", "schcode": "", "sex": "", "campus": "", "nf": "2020", "klmc": "理工", "ssmc": "黑龙江", "zylx": "普通类", "kl": "5", "ssdm": "23", "rs": 3042, "zdx": 455.0, "ptx": 455.0, "minScore": 504.0, "minOrder": 24950, "avgScore": 530.0, "avgOrder": 18577, "maxScore": 599.0, "maxOrder": 6118, "zycc": "普通类", "fsx": 455.0}], "sszygradeList": [{"remarks": "", "schcode": "", "sex": "", "campus": "", "nf": "2020", "klmc": "理工", "ssmc": "黑龙江", "zylx": "普通类", "zymc": "农学", "maxScore": 551.0, "minScore": 506.0, "avgScore": 515.6, "avgOrder": 21896, "minOrder": 24437, "maxOrder": 14129, "kl": "", "ssdm": "23", "rs": 134, "zdx": 455.0, "ptx": 455.0, "zycc": "普通类", "fsx": 455.0}, {"remarks": "", "schcode": "", "sex": "", "campus": "", "nf": "2020", "klmc": "理工", "ssmc": "黑龙江", "zylx": "普通类", "zymc": "农学（本硕博班）", "maxScore": 562.0, "minScore": 552.0, "avgScore": 556.6, "avgOrder": 12945, "minOrder": 13903, "maxOrder": 11992, "kl": "", "ssdm": "23", "rs": 14, "zdx": 455.0, "ptx": 455.0, "zycc": "普通类", "fsx": 455.0}, {"remarks": "", "schcode": "", "sex": "", "campus": "", "nf": "2020", "klmc": "理工", "ssmc": "黑龙江", "zylx": "普通类", "zymc": "植物保护", "maxScore": 530.0, "minScore": 504.0, "avgScore": 516.7, "avgOrder": 21650, "minOrder": 24950, "maxOrder": 18577, "kl": "", "ssdm": "23", "rs": 118, "zdx": 455.0, "ptx": 455.0, "zycc": "普通类", "fsx": 455.0}, {"remarks": "", "schcode": "", "sex": "", "campus": "", "nf": "2020", "klmc": "理工", "ssmc": "黑龙江", "zylx": "普通类", "zymc": "植物科学与技术", "maxScore": 540.0, "minScore": 504.0, "avgScore": 510.8, "avgOrder": 23144, "minOrder": 24950, "maxOrder": 16354, "kl": "", "ssdm": "23", "rs": 44, "zdx": 455.0, "ptx": 455.0, "zycc": "普通类", "fsx": 455.0}, {"remarks": "", "schcode": "", "sex": "", "campus": "", "nf": "2020", "klmc": "理工", "ssmc": "黑龙江", "zylx": "普通类", "zymc": "种子科学与工程", "maxScore": 538.0, "minScore": 504.0, "avgScore": 511.5, "avgOrder": 23144, "minOrder": 24950, "maxOrder": 16773, "kl": "", "ssdm": "23", "rs": 71, "zdx": 455.0, "ptx": 455.0, "zycc": "普通类", "fsx": 455.0}, {"remarks": "", "schcode": "", "sex": "", "campus": "", "nf": "2020", "klmc": "理工", "ssmc": "黑龙江", "zylx": "普通类", "zymc": "风景园林", "maxScore": 553.0, "minScore": 526.0, "avgScore": 534.8, "avgOrder": 17459, "minOrder": 19487, "maxOrder": 13679, "kl": "", "ssdm": "23", "rs": 47, "zdx": 455.0, "ptx": 455.0, "zycc": "普通类", "fsx": 455.0}, {"remarks": "", "schcode": "", "sex": "", "campus": "", "nf": "2020", "klmc": "理工", "ssmc": "黑龙江", "zylx": "普通类", "zymc": "园艺", "maxScore": 536.0, "minScore": 512.0, "avgScore": 518.9, "avgOrder": 21160, "minOrder": 22901, "maxOrder": 17223, "kl": "", "ssdm": "23", "rs": 48, "zdx": 455.0, "ptx": 455.0, "zycc": "普通类", "fsx": 455.0}, {"remarks": "", "schcode": "", "sex": "", "campus": "", "nf": "2020", "klmc": "理工", "ssmc": "黑龙江", "zylx": "普通类", "zymc": "园艺（本硕博班）", "maxScore": 566.0, "minScore": 550.0, "avgScore": 553.7, "avgOrder": 13509, "minOrder": 14333, "maxOrder": 11269, "kl": "", "ssdm": "23", "rs": 9, "zdx": 455.0, "ptx": 455.0, "zycc": "普通类", "fsx": 455.0}, {"remarks": "", "schcode": "", "sex": "", "campus": "", "nf": "2020", "klmc": "理工", "ssmc": "黑龙江", "zylx": "普通类", "zymc": "设施农业科学与工程", "maxScore": 516.0, "minScore": 504.0, "avgScore": 509.1, "avgOrder": 23649, "minOrder": 24950, "maxOrder": 21896, "kl": "", "ssdm": "23", "rs": 59, "zdx": 455.0, "ptx": 455.0, "zycc": "普通类", "fsx": 455.0}, {"remarks": "", "schcode": "", "sex": "", "campus": "", "nf": "2020", "klmc": "理工", "ssmc": "黑龙江", "zylx": "普通类", "zymc": "园林", "maxScore": 546.0, "minScore": 517.0, "avgScore": 524.5, "avgOrder": 19929, "minOrder": 21650, "maxOrder": 15117, "kl": "", "ssdm": "23", "rs": 53, "zdx": 455.0, "ptx": 455.0, "zycc": "普通类", "fsx": 455.0}, {"remarks": "", "schcode": "", "sex": "", "campus": "", "nf": "2020", "klmc": "理工", "ssmc": "黑龙江", "zylx": "普通类", "zymc": "应用气象学", "maxScore": 544.0, "minScore": 526.0, "avgScore": 532.0, "avgOrder": 18127, "minOrder": 19487, "maxOrder": 15527, "kl": "", "ssdm": "23", "rs": 24, "zdx": 455.0, "ptx": 455.0, "zycc": "普通类", "fsx": 455.0}, {"remarks": "", "schcode": "", "sex": "", "campus": "", "nf": "2020", "klmc": "理工", "ssmc": "黑龙江", "zylx": "普通类", "zymc": "生态学", "maxScore": 550.0, "minScore": 509.0, "avgScore": 515.9, "avgOrder": 21896, "minOrder": 23649, "maxOrder": 14333, "kl": "", "ssdm": "23", "rs": 38, "zdx": 455.0, "ptx": 455.0, "zycc": "普通类", "fsx": 455.0}, {"remarks": "", "schcode": "", "sex": "", "campus": "", "nf": "2020", "klmc": "理工", "ssmc": "黑龙江", "zylx": "普通类", "zymc": "环境科学与工程类", "maxScore": 542.0, "minScore": 510.0, "avgScore": 518.5, "avgOrder": 21160, "minOrder": 23416, "maxOrder": 15954, "kl": "", "ssdm": "23", "rs": 63, "zdx": 455.0, "ptx": 455.0, "zycc": "普通类", "fsx": 455.0}, {"remarks": "", "schcode": "", "sex": "", "campus": "", "nf": "2020", "klmc": "理工", "ssmc": "黑龙江", "zylx": "普通类", "zymc": "自然保护与环境生态类", "maxScore": 533.0, "minScore": 504.0, "avgScore": 509.0, "avgOrder": 23649, "minOrder": 24950, "maxOrder": 17895, "kl": "", "ssdm": "23", "rs": 101, "zdx": 455.0, "ptx": 455.0, "zycc": "普通类", "fsx": 455.0}, {"remarks": "", "schcode": "", "sex": "", "campus": "", "nf": "2020", "klmc": "理工", "ssmc": "黑龙江", "zylx": "普通类", "zymc": "农业资源与环境（本硕博班）", "maxScore": 560.0, "minScore": 552.0, "avgScore": 555.9, "avgOrder": 13138, "minOrder": 13903, "maxOrder": 12353, "kl": "", "ssdm": "23", "rs": 10, "zdx": 455.0, "ptx": 455.0, "zycc": "普通类", "fsx": 455.0}, {"remarks": "", "schcode": "", "sex": "", "campus": "", "nf": "2020", "klmc": "理工", "ssmc": "黑龙江", "zylx": "普通类", "zymc": "动物科学", "maxScore": 544.0, "minScore": 508.0, "avgScore": 515.6, "avgOrder": 21896, "minOrder": 23912, "maxOrder": 15527, "kl": "", "ssdm": "23", "rs": 88, "zdx": 455.0, "ptx": 455.0, "zycc": "普通类", "fsx": 455.0}, {"remarks": "", "schcode": "", "sex": "", "campus": "", "nf": "2020", "klmc": "理工", "ssmc": "黑龙江", "zylx": "普通类", "zymc": "动物科学（本硕博班）", "maxScore": 560.0, "minScore": 548.0, "avgScore": 553.2, "avgOrder": 13679, "minOrder": 14706, "maxOrder": 12353, "kl": "", "ssdm": "23", "rs": 16, "zdx": 455.0, "ptx": 455.0, "zycc": "普通类", "fsx": 455.0}, {"remarks": "", "schcode": "", "sex": "", "campus": "", "nf": "2020", "klmc": "理工", "ssmc": "黑龙江", "zylx": "普通类", "zymc": "水产养殖学", "maxScore": 520.0, "minScore": 504.0, "avgScore": 506.0, "avgOrder": 24437, "minOrder": 24950, "maxOrder": 20907, "kl": "", "ssdm": "23", "rs": 45, "zdx": 455.0, "ptx": 455.0, "zycc": "普通类", "fsx": 455.0}, {"remarks": "", "schcode": "", "sex": "", "campus": "", "nf": "2020", "klmc": "理工", "ssmc": "黑龙江", "zylx": "普通类", "zymc": "草业科学", "maxScore": 515.0, "minScore": 504.0, "avgScore": 507.8, "avgOrder": 23912, "minOrder": 24950, "maxOrder": 22175, "kl": "", "ssdm": "23", "rs": 20, "zdx": 455.0, "ptx": 455.0, "zycc": "普通类", "fsx": 455.0}, {"remarks": "", "schcode": "", "sex": "", "campus": "", "nf": "2020", "klmc": "理工", "ssmc": "黑龙江", "zylx": "普通类", "zymc": "动物医学", "maxScore": 559.0, "minScore": 526.0, "avgScore": 537.3, "avgOrder": 16996, "minOrder": 19487, "maxOrder": 12546, "kl": "", "ssdm": "23", "rs": 78, "zdx": 455.0, "ptx": 455.0, "zycc": "普通类", "fsx": 455.0}, {"remarks": "", "schcode": "", "sex": "", "campus": "", "nf": "2020", "klmc": "理工", "ssmc": "黑龙江", "zylx": "普通类", "zymc": "动物医学（本硕博班）", "maxScore": 580.0, "minScore": 560.0, "avgScore": 566.9, "avgOrder": 11076, "minOrder": 12353, "maxOrder": 8937, "kl": "", "ssdm": "23", "rs": 16, "zdx": 455.0, "ptx": 455.0, "zycc": "普通类", "fsx": 455.0}, {"remarks": "", "schcode": "", "sex": "", "campus": "", "nf": "2020", "klmc": "理工", "ssmc": "黑龙江", "zylx": "普通类", "zymc": "动物药学", "maxScore": 534.0, "minScore": 513.0, "avgScore": 519.0, "avgOrder": 21160, "minOrder": 22653, "maxOrder": 17672, "kl": "", "ssdm": "23", "rs": 36, "zdx": 455.0, "ptx": 455.0, "zycc": "普通类", "fsx": 455.0}, {"remarks": "", "schcode": "", "sex": "", "campus": "", "nf": "2020", "klmc": "理工", "ssmc": "黑龙江", "zylx": "普通类", "zymc": "机械类", "maxScore": 558.0, "minScore": 532.0, "avgScore": 539.6, "avgOrder": 16354, "minOrder": 18127, "maxOrder": 12745, "kl": "", "ssdm": "23", "rs": 194, "zdx": 455.0, "ptx": 455.0, "zycc": "普通类", "fsx": 455.0}, {"remarks": "", "schcode": "", "sex": "", "campus": "", "nf": "2020", "klmc": "理工", "ssmc": "黑龙江", "zylx": "普通类", "zymc": "农业机械化及其自动化（本硕博班）", "maxScore": 583.0, "minScore": 561.0, "avgScore": 566.6, "avgOrder": 11076, "minOrder": 12158, "maxOrder": 8476, "kl": "", "ssdm": "23", "rs": 14, "zdx": 455.0, "ptx": 455.0, "zycc": "普通类", "fsx": 455.0}, {"remarks": "", "schcode": "", "sex": "", "campus": "", "nf": "2020", "klmc": "理工", "ssmc": "黑龙江", "zylx": "普通类", "zymc": "能源动力类", "maxScore": 550.0, "minScore": 530.0, "avgScore": 536.5, "avgOrder": 17223, "minOrder": 18577, "maxOrder": 14333, "kl": "", "ssdm": "23", "rs": 55, "zdx": 455.0, "ptx": 455.0, "zycc": "普通类", "fsx": 455.0}, {"remarks": "", "schcode": "", "sex": "", "campus": "", "nf": "2020", "klmc": "理工", "ssmc": "黑龙江", "zylx": "普通类", "zymc": "工业工程类", "maxScore": 548.0, "minScore": 519.0, "avgScore": 526.1, "avgOrder": 19487, "minOrder": 21160, "maxOrder": 14706, "kl": "", "ssdm": "23", "rs": 57, "zdx": 455.0, "ptx": 455.0, "zycc": "普通类", "fsx": 455.0}, {"remarks": "", "schcode": "", "sex": "", "campus": "", "nf": "2020", "klmc": "理工", "ssmc": "黑龙江", "zylx": "普通类", "zymc": "电气工程及其自动化", "maxScore": 567.0, "minScore": 549.0, "avgScore": 554.3, "avgOrder": 13509, "minOrder": 14516, "maxOrder": 11076, "kl": "", "ssdm": "23", "rs": 45, "zdx": 455.0, "ptx": 455.0, "zycc": "普通类", "fsx": 455.0}, {"remarks": "", "schcode": "", "sex": "", "campus": "", "nf": "2020", "klmc": "理工", "ssmc": "黑龙江", "zylx": "普通类", "zymc": "计算机科学与技术", "maxScore": 570.0, "minScore": 552.0, "avgScore": 557.5, "avgOrder": 12745, "minOrder": 13903, "maxOrder": 10566, "kl": "", "ssdm": "23", "rs": 70, "zdx": 455.0, "ptx": 455.0, "zycc": "普通类", "fsx": 455.0}, {"remarks": "", "schcode": "", "sex": "", "campus": "", "nf": "2020", "klmc": "理工", "ssmc": "黑龙江", "zylx": "普通类", "zymc": "软件工程", "maxScore": 566.0, "minScore": 547.0, "avgScore": 550.2, "avgOrder": 14333, "minOrder": 14899, "maxOrder": 11269, "kl": "", "ssdm": "23", "rs": 61, "zdx": 455.0, "ptx": 455.0, "zycc": "普通类", "fsx": 455.0}, {"remarks": "", "schcode": "", "sex": "", "campus": "", "nf": "2020", "klmc": "理工", "ssmc": "黑龙江", "zylx": "普通类", "zymc": "物联网工程", "maxScore": 563.0, "minScore": 546.0, "avgScore": 549.0, "avgOrder": 14516, "minOrder": 15117, "maxOrder": 11814, "kl": "", "ssdm": "23", "rs": 41, "zdx": 455.0, "ptx": 455.0, "zycc": "普通类", "fsx": 455.0}, {"remarks": "", "schcode": "", "sex": "", "campus": "", "nf": "2020", "klmc": "理工", "ssmc": "黑龙江", "zylx": "普通类", "zymc": "农业电气化", "maxScore": 559.0, "minScore": 531.0, "avgScore": 539.0, "avgOrder": 16555, "minOrder": 18352, "maxOrder": 12546, "kl": "", "ssdm": "23", "rs": 32, "zdx": 455.0, "ptx": 455.0, "zycc": "普通类", "fsx": 455.0}, {"remarks": "", "schcode": "", "sex": "", "campus": "", "nf": "2020", "klmc": "理工", "ssmc": "黑龙江", "zylx": "普通类", "zymc": "金融学类", "maxScore": 564.0, "minScore": 539.0, "avgScore": 546.5, "avgOrder": 15117, "minOrder": 16555, "maxOrder": 11654, "kl": "", "ssdm": "23", "rs": 104, "zdx": 455.0, "ptx": 455.0, "zycc": "普通类", "fsx": 455.0}, {"remarks": "", "schcode": "", "sex": "", "campus": "", "nf": "2020", "klmc": "理工", "ssmc": "黑龙江", "zylx": "普通类", "zymc": "工商管理类", "maxScore": 564.0, "minScore": 535.0, "avgScore": 543.2, "avgOrder": 15732, "minOrder": 17459, "maxOrder": 11654, "kl": "", "ssdm": "23", "rs": 105, "zdx": 455.0, "ptx": 455.0, "zycc": "普通类", "fsx": 455.0}, {"remarks": "", "schcode": "", "sex": "", "campus": "", "nf": "2020", "klmc": "理工", "ssmc": "黑龙江", "zylx": "普通类", "zymc": "农林经济管理", "maxScore": 559.0, "minScore": 533.0, "avgScore": 540.7, "avgOrder": 16147, "minOrder": 17895, "maxOrder": 12546, "kl": "", "ssdm": "23", "rs": 25, "zdx": 455.0, "ptx": 455.0, "zycc": "普通类", "fsx": 455.0}, {"remarks": "", "schcode": "", "sex": "", "campus": "", "nf": "2020", "klmc": "理工", "ssmc": "黑龙江", "zylx": "普通类", "zymc": "农林经济管理（本硕博班）", "maxScore": 567.0, "minScore": 562.0, "avgScore": 564.6, "avgOrder": 11446, "minOrder": 11992, "maxOrder": 11076, "kl": "", "ssdm": "23", "rs": 7, "zdx": 455.0, "ptx": 455.0, "zycc": "普通类", "fsx": 455.0}, {"remarks": "", "schcode": "", "sex": "", "campus": "", "nf": "2020", "klmc": "理工", "ssmc": "黑龙江", "zylx": "普通类", "zymc": "生物科学类", "maxScore": 565.0, "minScore": 521.0, "avgScore": 529.7, "avgOrder": 18577, "minOrder": 20639, "maxOrder": 11446, "kl": "", "ssdm": "23", "rs": 97, "zdx": 455.0, "ptx": 455.0, "zycc": "普通类", "fsx": 455.0}, {"remarks": "", "schcode": "", "sex": "", "campus": "", "nf": "2020", "klmc": "理工", "ssmc": "黑龙江", "zylx": "普通类", "zymc": "生物科学（本硕博班）", "maxScore": 573.0, "minScore": 557.0, "avgScore": 560.4, "avgOrder": 12353, "minOrder": 12945, "maxOrder": 10071, "kl": "", "ssdm": "23", "rs": 18, "zdx": 455.0, "ptx": 455.0, "zycc": "普通类", "fsx": 455.0}, {"remarks": "", "schcode": "", "sex": "", "campus": "", "nf": "2020", "klmc": "理工", "ssmc": "黑龙江", "zylx": "普通类", "zymc": "生物工程类", "maxScore": 548.0, "minScore": 513.0, "avgScore": 521.0, "avgOrder": 20639, "minOrder": 22653, "maxOrder": 14706, "kl": "", "ssdm": "23", "rs": 97, "zdx": 455.0, "ptx": 455.0, "zycc": "普通类", "fsx": 455.0}, {"remarks": "", "schcode": "", "sex": "", "campus": "", "nf": "2020", "klmc": "理工", "ssmc": "黑龙江", "zylx": "普通类", "zymc": "食品科学与工程类", "maxScore": 568.0, "minScore": 528.0, "avgScore": 537.8, "avgOrder": 16773, "minOrder": 19048, "maxOrder": 10912, "kl": "", "ssdm": "23", "rs": 235, "zdx": 455.0, "ptx": 455.0, "zycc": "普通类", "fsx": 455.0}, {"remarks": "", "schcode": "", "sex": "", "campus": "", "nf": "2020", "klmc": "理工", "ssmc": "黑龙江", "zylx": "普通类", "zymc": "食品科学与工程（本硕博班）", "maxScore": 599.0, "minScore": 567.0, "avgScore": 575.7, "avgOrder": 9585, "minOrder": 11076, "maxOrder": 6118, "kl": "", "ssdm": "23", "rs": 15, "zdx": 455.0, "ptx": 455.0, "zycc": "普通类", "fsx": 455.0}, {"remarks": "", "schcode": "", "sex": "", "campus": "", "nf": "2020", "klmc": "理工", "ssmc": "黑龙江", "zylx": "普通类", "zymc": "法学类", "maxScore": 566.0, "minScore": 539.0, "avgScore": 545.3, "avgOrder": 15316, "minOrder": 16555, "maxOrder": 11269, "kl": "", "ssdm": "23", "rs": 23, "zdx": 455.0, "ptx": 455.0, "zycc": "普通类", "fsx": 455.0}, {"remarks": "", "schcode": "", "sex": "", "campus": "", "nf": "2020", "klmc": "理工", "ssmc": "黑龙江", "zylx": "普通类", "zymc": "人文地理与城乡规划", "maxScore": 533.0, "minScore": 517.0, "avgScore": 522.3, "avgOrder": 20369, "minOrder": 21650, "maxOrder": 17895, "kl": "", "ssdm": "23", "rs": 34, "zdx": 455.0, "ptx": 455.0, "zycc": "普通类", "fsx": 455.0}, {"remarks": "", "schcode": "", "sex": "", "campus": "", "nf": "2020", "klmc": "理工", "ssmc": "黑龙江", "zylx": "普通类", "zymc": "土地整治工程", "maxScore": 550.0, "minScore": 504.0, "avgScore": 519.6, "avgOrder": 20907, "minOrder": 24950, "maxOrder": 14333, "kl": "", "ssdm": "23", "rs": 40, "zdx": 455.0, "ptx": 455.0, "zycc": "普通类", "fsx": 455.0}, {"remarks": "", "schcode": "", "sex": "", "campus": "", "nf": "2020", "klmc": "理工", "ssmc": "黑龙江", "zylx": "普通类", "zymc": "行政管理", "maxScore": 541.0, "minScore": 528.0, "avgScore": 531.2, "avgOrder": 18352, "minOrder": 19048, "maxOrder": 16147, "kl": "", "ssdm": "23", "rs": 19, "zdx": 455.0, "ptx": 455.0, "zycc": "普通类", "fsx": 455.0}, {"remarks": "", "schcode": "", "sex": "", "campus": "", "nf": "2020", "klmc": "理工", "ssmc": "黑龙江", "zylx": "普通类", "zymc": "土地资源管理", "maxScore": 544.0, "minScore": 519.0, "avgScore": 524.9, "avgOrder": 19698, "minOrder": 21160, "maxOrder": 15527, "kl": "", "ssdm": "23", "rs": 36, "zdx": 455.0, "ptx": 455.0, "zycc": "普通类", "fsx": 455.0}, {"remarks": "", "schcode": "", "sex": "", "campus": "", "nf": "2020", "klmc": "理工", "ssmc": "黑龙江", "zylx": "普通类", "zymc": "水利类", "maxScore": 548.0, "minScore": 513.0, "avgScore": 521.6, "avgOrder": 20369, "minOrder": 22653, "maxOrder": 14706, "kl": "", "ssdm": "23", "rs": 157, "zdx": 455.0, "ptx": 455.0, "zycc": "普通类", "fsx": 455.0}, {"remarks": "", "schcode": "", "sex": "", "campus": "", "nf": "2020", "klmc": "理工", "ssmc": "黑龙江", "zylx": "普通类", "zymc": "土木工程", "maxScore": 551.0, "minScore": 520.0, "avgScore": 528.4, "avgOrder": 19048, "minOrder": 20907, "maxOrder": 14129, "kl": "", "ssdm": "23", "rs": 77, "zdx": 455.0, "ptx": 455.0, "zycc": "普通类", "fsx": 455.0}, {"remarks": "", "schcode": "", "sex": "", "campus": "", "nf": "2020", "klmc": "理工", "ssmc": "黑龙江", "zylx": "普通类", "zymc": "工程管理", "maxScore": 542.0, "minScore": 512.0, "avgScore": 519.7, "avgOrder": 20907, "minOrder": 22901, "maxOrder": 15954, "kl": "", "ssdm": "23", "rs": 78, "zdx": 455.0, "ptx": 455.0, "zycc": "普通类", "fsx": 455.0}, {"remarks": "", "schcode": "", "sex": "", "campus": "", "nf": "2020", "klmc": "理工", "ssmc": "黑龙江", "zylx": "普通类", "zymc": "统计学类", "maxScore": 570.0, "minScore": 539.0, "avgScore": 544.8, "avgOrder": 15316, "minOrder": 16555, "maxOrder": 10566, "kl": "", "ssdm": "23", "rs": 55, "zdx": 455.0, "ptx": 455.0, "zycc": "普通类", "fsx": 455.0}, {"remarks": "", "schcode": "", "sex": "", "campus": "", "nf": "2020", "klmc": "理工", "ssmc": "黑龙江", "zylx": "普通类", "zymc": "英语", "maxScore": 560.0, "minScore": 549.0, "avgScore": 554.9, "avgOrder": 13325, "minOrder": 14516, "maxOrder": 12353, "kl": "", "ssdm": "23", "rs": 8, "zdx": 455.0, "ptx": 455.0, "zycc": "普通类", "fsx": 455.0}, {"remarks": "", "schcode": "", "sex": "", "campus": "", "nf": "2020", "klmc": "理工", "ssmc": "黑龙江", "zylx": "普通类", "zymc": "俄语", "maxScore": 545.0, "minScore": 509.0, "avgScore": 522.8, "avgOrder": 20163, "minOrder": 23649, "maxOrder": 15316, "kl": "", "ssdm": "23", "rs": 21, "zdx": 455.0, "ptx": 455.0, "zycc": "普通类", "fsx": 455.0}, {"remarks": "", "schcode": "", "sex": "", "campus": "", "nf": "2020", "klmc": "理工", "ssmc": "黑龙江", "zylx": "普通类", "zymc": "应用化学", "maxScore": 550.0, "minScore": 525.0, "avgScore": 532.8, "avgOrder": 17895, "minOrder": 19698, "maxOrder": 14333, "kl": "", "ssdm": "23", "rs": 38, "zdx": 455.0, "ptx": 455.0, "zycc": "普通类", "fsx": 455.0}, {"remarks": "", "schcode": "", "sex": "", "campus": "", "nf": "2020", "klmc": "理工", "ssmc": "黑龙江", "zylx": "普通类", "zymc": "化学生物学", "maxScore": 541.0, "minScore": 519.0, "avgScore": 522.1, "avgOrder": 20369, "minOrder": 21160, "maxOrder": 16147, "kl": "", "ssdm": "23", "rs": 34, "zdx": 455.0, "ptx": 455.0, "zycc": "普通类", "fsx": 455.0}, {"remarks": "", "schcode": "", "sex": "", "campus": "", "nf": "2020", "klmc": "理工", "ssmc": "黑龙江", "zylx": "普通类", "zymc": "汉语国际教育", "maxScore": 551.0, "minScore": 527.0, "avgScore": 535.2, "avgOrder": 17459, "minOrder": 19258, "maxOrder": 14129, "kl": "", "ssdm": "23", "rs": 18, "zdx": 455.0, "ptx": 455.0, "zycc": "普通类", "fsx": 455.0}], "withYsl": false}, "jessionid": "be6fea6da6d947ea968a0aa03c8d00d3"}