{"state": 1, "msg": "操作成功", "data": {"zsSsgradeList": [{"remarks": "", "schcode": "", "sex": "", "campus": "", "nf": "2017", "klmc": "艺术(不分文理)", "ssmc": "湖南", "zylx": "艺术批", "kl": "A", "ssdm": "43", "zycc": "艺术批"}], "sszygradeList": [{"remarks": "校考专业成绩；控制线：文科315分，理科275分，术科（联考）180分", "schcode": "", "sex": "", "campus": "", "nf": "2017", "klmc": "艺术(不分文理)", "ssmc": "湖南", "zylx": "艺术批", "zymc": "音乐表演（器乐）", "maxScore": 181.52, "minScore": 166.62, "avgScore": 173.85, "kl": "", "ssdm": "43", "rs": 2, "zycc": "艺术批"}, {"remarks": "校考专业成绩；控制线：文科315分，理科275分，术科（联考）180分", "schcode": "", "sex": "", "campus": "", "nf": "2017", "klmc": "艺术(不分文理)", "ssmc": "湖南", "zylx": "艺术批", "zymc": "音乐表演（声乐）", "maxScore": 176.44, "minScore": 166.08, "avgScore": 171.64, "kl": "", "ssdm": "43", "rs": 5, "zycc": "艺术批"}], "withYsl": false}, "jessionid": "be6fea6da6d947ea968a0aa03c8d00d3"}