{"state": 1, "msg": "操作成功", "data": {"zsSsgradeList": [{"remarks": "", "schcode": "", "sex": "", "campus": "", "nf": "2018", "klmc": "理工", "ssmc": "内蒙古", "zylx": "普通类", "kl": "5", "ssdm": "15", "rs": 105, "zdx": 478.0, "ptx": 478.0, "minScore": 530.0, "minOrder": 14233, "avgScore": 548.0, "avgOrder": 11083, "maxScore": 577.0, "maxOrder": 6833, "zycc": "普通类", "fsx": 478.0}], "sszygradeList": [{"remarks": "", "schcode": "", "sex": "", "campus": "", "nf": "2018", "klmc": "理工", "ssmc": "内蒙古", "zylx": "普通类", "zymc": "生物科学（理科实验班）", "maxScore": 571.0, "minScore": 562.0, "avgScore": 568.0, "avgOrder": 8046, "minOrder": 8895, "maxOrder": 7645, "kl": "", "ssdm": "15", "rs": 3, "zdx": 478.0, "ptx": 478.0, "zycc": "普通类", "fsx": 478.0}, {"remarks": "", "schcode": "", "sex": "", "campus": "", "nf": "2018", "klmc": "理工", "ssmc": "内蒙古", "zylx": "普通类", "zymc": "农学", "maxScore": 550.0, "minScore": 538.0, "avgScore": 544.4, "avgOrder": 11758, "minOrder": 12809, "maxOrder": 10791, "kl": "", "ssdm": "15", "rs": 5, "zdx": 478.0, "ptx": 478.0, "zycc": "普通类", "fsx": 478.0}, {"remarks": "", "schcode": "", "sex": "", "campus": "", "nf": "2018", "klmc": "理工", "ssmc": "内蒙古", "zylx": "普通类", "zymc": "植物保护", "maxScore": 555.0, "minScore": 532.0, "avgScore": 543.2, "avgOrder": 11940, "minOrder": 13841, "maxOrder": 9948, "kl": "", "ssdm": "15", "rs": 4, "zdx": 478.0, "ptx": 478.0, "zycc": "普通类", "fsx": 478.0}, {"remarks": "", "schcode": "", "sex": "", "campus": "", "nf": "2018", "klmc": "理工", "ssmc": "内蒙古", "zylx": "普通类", "zymc": "植物科学与技术", "maxScore": 541.0, "minScore": 534.0, "avgScore": 537.5, "avgOrder": 12809, "minOrder": 13519, "maxOrder": 12304, "kl": "", "ssdm": "15", "rs": 2, "zdx": 478.0, "ptx": 478.0, "zycc": "普通类", "fsx": 478.0}, {"remarks": "", "schcode": "", "sex": "", "campus": "", "nf": "2018", "klmc": "理工", "ssmc": "内蒙古", "zylx": "普通类", "zymc": "种子科学与工程", "maxScore": 538.0, "minScore": 534.0, "avgScore": 536.0, "avgOrder": 13167, "minOrder": 13519, "maxOrder": 12809, "kl": "", "ssdm": "15", "rs": 3, "zdx": 478.0, "ptx": 478.0, "zycc": "普通类", "fsx": 478.0}, {"remarks": "", "schcode": "", "sex": "", "campus": "", "nf": "2018", "klmc": "理工", "ssmc": "内蒙古", "zylx": "普通类", "zymc": "风景园林", "maxScore": 568.0, "minScore": 550.0, "avgScore": 558.0, "avgOrder": 9483, "minOrder": 10791, "maxOrder": 8046, "kl": "", "ssdm": "15", "rs": 4, "zdx": 478.0, "ptx": 478.0, "zycc": "普通类", "fsx": 478.0}, {"remarks": "", "schcode": "", "sex": "", "campus": "", "nf": "2018", "klmc": "理工", "ssmc": "内蒙古", "zylx": "普通类", "zymc": "园艺", "maxScore": 541.0, "minScore": 535.0, "avgScore": 537.7, "avgOrder": 12809, "minOrder": 13333, "maxOrder": 12304, "kl": "", "ssdm": "15", "rs": 3, "zdx": 478.0, "ptx": 478.0, "zycc": "普通类", "fsx": 478.0}, {"remarks": "", "schcode": "", "sex": "", "campus": "", "nf": "2018", "klmc": "理工", "ssmc": "内蒙古", "zylx": "普通类", "zymc": "应用气象学", "maxScore": 544.0, "minScore": 541.0, "avgScore": 542.0, "avgOrder": 12114, "minOrder": 12304, "maxOrder": 11758, "kl": "", "ssdm": "15", "rs": 3, "zdx": 478.0, "ptx": 478.0, "zycc": "普通类", "fsx": 478.0}, {"remarks": "", "schcode": "", "sex": "", "campus": "", "nf": "2018", "klmc": "理工", "ssmc": "内蒙古", "zylx": "普通类", "zymc": "生态学", "maxScore": 543.0, "minScore": 536.0, "avgScore": 538.7, "avgOrder": 12652, "minOrder": 13167, "maxOrder": 11940, "kl": "", "ssdm": "15", "rs": 3, "zdx": 478.0, "ptx": 478.0, "zycc": "普通类", "fsx": 478.0}, {"remarks": "", "schcode": "", "sex": "", "campus": "", "nf": "2018", "klmc": "理工", "ssmc": "内蒙古", "zylx": "普通类", "zymc": "环境科学与工程类", "maxScore": 560.0, "minScore": 533.0, "avgScore": 546.5, "avgOrder": 11242, "minOrder": 13682, "maxOrder": 9191, "kl": "", "ssdm": "15", "rs": 2, "zdx": 478.0, "ptx": 478.0, "zycc": "普通类", "fsx": 478.0}, {"remarks": "", "schcode": "", "sex": "", "campus": "", "nf": "2018", "klmc": "理工", "ssmc": "内蒙古", "zylx": "普通类", "zymc": "自然保护与环境生态类", "maxScore": 543.0, "minScore": 536.0, "avgScore": 539.8, "avgOrder": 12470, "minOrder": 13167, "maxOrder": 11940, "kl": "", "ssdm": "15", "rs": 4, "zdx": 478.0, "ptx": 478.0, "zycc": "普通类", "fsx": 478.0}, {"remarks": "", "schcode": "", "sex": "", "campus": "", "nf": "2018", "klmc": "理工", "ssmc": "内蒙古", "zylx": "普通类", "zymc": "动物科学", "maxScore": 552.0, "minScore": 534.0, "avgScore": 541.7, "avgOrder": 12114, "minOrder": 13519, "maxOrder": 10428, "kl": "", "ssdm": "15", "rs": 3, "zdx": 478.0, "ptx": 478.0, "zycc": "普通类", "fsx": 478.0}, {"remarks": "", "schcode": "", "sex": "", "campus": "", "nf": "2018", "klmc": "理工", "ssmc": "内蒙古", "zylx": "普通类", "zymc": "水产养殖学", "maxScore": 539.0, "minScore": 530.0, "avgScore": 534.5, "avgOrder": 13333, "minOrder": 14233, "maxOrder": 12652, "kl": "", "ssdm": "15", "rs": 2, "zdx": 478.0, "ptx": 478.0, "zycc": "普通类", "fsx": 478.0}, {"remarks": "", "schcode": "", "sex": "", "campus": "", "nf": "2018", "klmc": "理工", "ssmc": "内蒙古", "zylx": "普通类", "zymc": "草业科学", "maxScore": 548.0, "minScore": 534.0, "avgScore": 539.7, "avgOrder": 12470, "minOrder": 13519, "maxOrder": 11083, "kl": "", "ssdm": "15", "rs": 3, "zdx": 478.0, "ptx": 478.0, "zycc": "普通类", "fsx": 478.0}, {"remarks": "", "schcode": "", "sex": "", "campus": "", "nf": "2018", "klmc": "理工", "ssmc": "内蒙古", "zylx": "普通类", "zymc": "动物医学（本硕博班）", "maxScore": 559.0, "minScore": 557.0, "avgScore": 558.0, "avgOrder": 9483, "minOrder": 9648, "maxOrder": 9329, "kl": "", "ssdm": "15", "rs": 2, "zdx": 478.0, "ptx": 478.0, "zycc": "普通类", "fsx": 478.0}, {"remarks": "", "schcode": "", "sex": "", "campus": "", "nf": "2018", "klmc": "理工", "ssmc": "内蒙古", "zylx": "普通类", "zymc": "动物药学", "maxScore": 537.0, "minScore": 533.0, "avgScore": 535.0, "avgOrder": 13333, "minOrder": 13682, "maxOrder": 12990, "kl": "", "ssdm": "15", "rs": 2, "zdx": 478.0, "ptx": 478.0, "zycc": "普通类", "fsx": 478.0}, {"remarks": "", "schcode": "", "sex": "", "campus": "", "nf": "2018", "klmc": "理工", "ssmc": "内蒙古", "zylx": "普通类", "zymc": "机械类", "maxScore": 567.0, "minScore": 545.0, "avgScore": 555.2, "avgOrder": 9948, "minOrder": 11574, "maxOrder": 8199, "kl": "", "ssdm": "15", "rs": 8, "zdx": 478.0, "ptx": 478.0, "zycc": "普通类", "fsx": 478.0}, {"remarks": "", "schcode": "", "sex": "", "campus": "", "nf": "2018", "klmc": "理工", "ssmc": "内蒙古", "zylx": "普通类", "zymc": "能源动力类", "maxScore": 550.0, "minScore": 545.0, "avgScore": 547.5, "avgOrder": 11083, "minOrder": 11574, "maxOrder": 10791, "kl": "", "ssdm": "15", "rs": 2, "zdx": 478.0, "ptx": 478.0, "zycc": "普通类", "fsx": 478.0}, {"remarks": "", "schcode": "", "sex": "", "campus": "", "nf": "2018", "klmc": "理工", "ssmc": "内蒙古", "zylx": "普通类", "zymc": "电气工程及其自动化", "maxScore": 570.0, "minScore": 559.0, "avgScore": 565.3, "avgOrder": 8467, "minOrder": 9329, "maxOrder": 7777, "kl": "", "ssdm": "15", "rs": 3, "zdx": 478.0, "ptx": 478.0, "zycc": "普通类", "fsx": 478.0}, {"remarks": "", "schcode": "", "sex": "", "campus": "", "nf": "2018", "klmc": "理工", "ssmc": "内蒙古", "zylx": "普通类", "zymc": "计算机类", "maxScore": 568.0, "minScore": 559.0, "avgScore": 563.7, "avgOrder": 8612, "minOrder": 9329, "maxOrder": 8046, "kl": "", "ssdm": "15", "rs": 3, "zdx": 478.0, "ptx": 478.0, "zycc": "普通类", "fsx": 478.0}, {"remarks": "", "schcode": "", "sex": "", "campus": "", "nf": "2018", "klmc": "理工", "ssmc": "内蒙古", "zylx": "普通类", "zymc": "农业电气化", "maxScore": 537.0, "minScore": 537.0, "avgScore": 537.0, "avgOrder": 12990, "minOrder": 12990, "maxOrder": 12990, "kl": "", "ssdm": "15", "rs": 1, "zdx": 478.0, "ptx": 478.0, "zycc": "普通类", "fsx": 478.0}, {"remarks": "", "schcode": "", "sex": "", "campus": "", "nf": "2018", "klmc": "理工", "ssmc": "内蒙古", "zylx": "普通类", "zymc": "工商管理类", "maxScore": 565.0, "minScore": 552.0, "avgScore": 556.2, "avgOrder": 9798, "minOrder": 10428, "maxOrder": 8467, "kl": "", "ssdm": "15", "rs": 6, "zdx": 478.0, "ptx": 478.0, "zycc": "普通类", "fsx": 478.0}, {"remarks": "", "schcode": "", "sex": "", "campus": "", "nf": "2018", "klmc": "理工", "ssmc": "内蒙古", "zylx": "普通类", "zymc": "农林经济管理（本硕博班）", "maxScore": 570.0, "minScore": 560.0, "avgScore": 565.0, "avgOrder": 8467, "minOrder": 9191, "maxOrder": 7777, "kl": "", "ssdm": "15", "rs": 2, "zdx": 478.0, "ptx": 478.0, "zycc": "普通类", "fsx": 478.0}, {"remarks": "", "schcode": "", "sex": "", "campus": "", "nf": "2018", "klmc": "理工", "ssmc": "内蒙古", "zylx": "普通类", "zymc": "生物科学类", "maxScore": 570.0, "minScore": 546.0, "avgScore": 558.0, "avgOrder": 9483, "minOrder": 11392, "maxOrder": 7777, "kl": "", "ssdm": "15", "rs": 2, "zdx": 478.0, "ptx": 478.0, "zycc": "普通类", "fsx": 478.0}, {"remarks": "", "schcode": "", "sex": "", "campus": "", "nf": "2018", "klmc": "理工", "ssmc": "内蒙古", "zylx": "普通类", "zymc": "生物工程类", "maxScore": 542.0, "minScore": 540.0, "avgScore": 541.0, "avgOrder": 12304, "minOrder": 12470, "maxOrder": 12114, "kl": "", "ssdm": "15", "rs": 3, "zdx": 478.0, "ptx": 478.0, "zycc": "普通类", "fsx": 478.0}, {"remarks": "", "schcode": "", "sex": "", "campus": "", "nf": "2018", "klmc": "理工", "ssmc": "内蒙古", "zylx": "普通类", "zymc": "食品科学与工程（本硕博班）", "maxScore": 577.0, "minScore": 573.0, "avgScore": 575.0, "avgOrder": 7119, "minOrder": 7376, "maxOrder": 6833, "kl": "", "ssdm": "15", "rs": 2, "zdx": 478.0, "ptx": 478.0, "zycc": "普通类", "fsx": 478.0}, {"remarks": "", "schcode": "", "sex": "", "campus": "", "nf": "2018", "klmc": "理工", "ssmc": "内蒙古", "zylx": "普通类", "zymc": "人文地理与城乡规划", "maxScore": 551.0, "minScore": 547.0, "avgScore": 549.0, "avgOrder": 10940, "minOrder": 11242, "maxOrder": 10614, "kl": "", "ssdm": "15", "rs": 2, "zdx": 478.0, "ptx": 478.0, "zycc": "普通类", "fsx": 478.0}, {"remarks": "", "schcode": "", "sex": "", "campus": "", "nf": "2018", "klmc": "理工", "ssmc": "内蒙古", "zylx": "普通类", "zymc": "土地整治工程", "maxScore": 544.0, "minScore": 532.0, "avgScore": 538.0, "avgOrder": 12809, "minOrder": 13841, "maxOrder": 11758, "kl": "", "ssdm": "15", "rs": 2, "zdx": 478.0, "ptx": 478.0, "zycc": "普通类", "fsx": 478.0}, {"remarks": "", "schcode": "", "sex": "", "campus": "", "nf": "2018", "klmc": "理工", "ssmc": "内蒙古", "zylx": "普通类", "zymc": "土地资源管理", "maxScore": 549.0, "minScore": 536.0, "avgScore": 542.5, "avgOrder": 11940, "minOrder": 13167, "maxOrder": 10940, "kl": "", "ssdm": "15", "rs": 2, "zdx": 478.0, "ptx": 478.0, "zycc": "普通类", "fsx": 478.0}, {"remarks": "", "schcode": "", "sex": "", "campus": "", "nf": "2018", "klmc": "理工", "ssmc": "内蒙古", "zylx": "普通类", "zymc": "水利类", "maxScore": 547.0, "minScore": 538.0, "avgScore": 542.5, "avgOrder": 11940, "minOrder": 12809, "maxOrder": 11242, "kl": "", "ssdm": "15", "rs": 4, "zdx": 478.0, "ptx": 478.0, "zycc": "普通类", "fsx": 478.0}, {"remarks": "", "schcode": "", "sex": "", "campus": "", "nf": "2018", "klmc": "理工", "ssmc": "内蒙古", "zylx": "普通类", "zymc": "土木工程", "maxScore": 551.0, "minScore": 540.0, "avgScore": 545.0, "avgOrder": 11574, "minOrder": 12470, "maxOrder": 10614, "kl": "", "ssdm": "15", "rs": 3, "zdx": 478.0, "ptx": 478.0, "zycc": "普通类", "fsx": 478.0}, {"remarks": "", "schcode": "", "sex": "", "campus": "", "nf": "2018", "klmc": "理工", "ssmc": "内蒙古", "zylx": "普通类", "zymc": "工程管理", "maxScore": 544.0, "minScore": 540.0, "avgScore": 542.0, "avgOrder": 12114, "minOrder": 12470, "maxOrder": 11758, "kl": "", "ssdm": "15", "rs": 2, "zdx": 478.0, "ptx": 478.0, "zycc": "普通类", "fsx": 478.0}, {"remarks": "", "schcode": "", "sex": "", "campus": "", "nf": "2018", "klmc": "理工", "ssmc": "内蒙古", "zylx": "普通类", "zymc": "统计学类", "maxScore": 553.0, "minScore": 546.0, "avgScore": 549.0, "avgOrder": 10940, "minOrder": 11392, "maxOrder": 10265, "kl": "", "ssdm": "15", "rs": 4, "zdx": 478.0, "ptx": 478.0, "zycc": "普通类", "fsx": 478.0}, {"remarks": "", "schcode": "", "sex": "", "campus": "", "nf": "2018", "klmc": "理工", "ssmc": "内蒙古", "zylx": "普通类", "zymc": "俄语", "maxScore": 563.0, "minScore": 544.0, "avgScore": 553.3, "avgOrder": 10265, "minOrder": 11758, "maxOrder": 8741, "kl": "", "ssdm": "15", "rs": 3, "zdx": 478.0, "ptx": 478.0, "zycc": "普通类", "fsx": 478.0}, {"remarks": "", "schcode": "", "sex": "", "campus": "", "nf": "2018", "klmc": "理工", "ssmc": "内蒙古", "zylx": "普通类", "zymc": "应用化学", "maxScore": 540.0, "minScore": 539.0, "avgScore": 539.5, "avgOrder": 12470, "minOrder": 12652, "maxOrder": 12470, "kl": "", "ssdm": "15", "rs": 2, "zdx": 478.0, "ptx": 478.0, "zycc": "普通类", "fsx": 478.0}, {"remarks": "", "schcode": "", "sex": "", "campus": "", "nf": "2018", "klmc": "理工", "ssmc": "内蒙古", "zylx": "普通类", "zymc": "化学生物学", "maxScore": 537.0, "minScore": 536.0, "avgScore": 536.3, "avgOrder": 13167, "minOrder": 13167, "maxOrder": 12990, "kl": "", "ssdm": "15", "rs": 3, "zdx": 478.0, "ptx": 478.0, "zycc": "普通类", "fsx": 478.0}], "withYsl": false}, "jessionid": "be6fea6da6d947ea968a0aa03c8d00d3"}