{"state": 1, "msg": "操作成功", "data": {"zsSsgradeList": [{"remarks": "", "schcode": "", "sex": "", "campus": "", "nf": "2019", "klmc": "理工", "ssmc": "云南", "zylx": "国家专项", "kl": "5", "ssdm": "53", "rs": 8, "zdx": 535.0, "ptx": 535.0, "minScore": 550.0, "minOrder": 27185, "avgScore": 554.6, "avgOrder": 25176, "maxScore": 562.0, "maxOrder": 22633, "zycc": "国家专项", "fsx": 535.0}], "sszygradeList": [{"remarks": "", "schcode": "", "sex": "", "campus": "", "nf": "2019", "klmc": "理工", "ssmc": "云南", "zylx": "国家专项", "zymc": "机械类", "maxScore": 556.0, "minScore": 552.0, "avgScore": 554.0, "avgOrder": 25590, "minOrder": 26412, "maxOrder": 24852, "kl": "", "ssdm": "53", "rs": 2, "zdx": 535.0, "ptx": 535.0, "zycc": "国家专项", "fsx": 535.0}, {"remarks": "", "schcode": "", "sex": "", "campus": "", "nf": "2019", "klmc": "理工", "ssmc": "云南", "zylx": "国家专项", "zymc": "金融学类", "maxScore": 562.0, "minScore": 557.0, "avgScore": 559.5, "avgOrder": 23394, "minOrder": 24517, "maxOrder": 22633, "kl": "", "ssdm": "53", "rs": 2, "zdx": 535.0, "ptx": 535.0, "zycc": "国家专项", "fsx": 535.0}, {"remarks": "", "schcode": "", "sex": "", "campus": "", "nf": "2019", "klmc": "理工", "ssmc": "云南", "zylx": "国家专项", "zymc": "食品科学与工程类", "maxScore": 551.0, "minScore": 550.0, "avgScore": 550.5, "avgOrder": 26795, "minOrder": 27185, "maxOrder": 26795, "kl": "", "ssdm": "53", "rs": 2, "zdx": 535.0, "ptx": 535.0, "zycc": "国家专项", "fsx": 535.0}, {"remarks": "", "schcode": "", "sex": "", "campus": "", "nf": "2019", "klmc": "理工", "ssmc": "云南", "zylx": "国家专项", "zymc": "工程管理", "maxScore": 558.0, "minScore": 551.0, "avgScore": 554.5, "avgOrder": 25176, "minOrder": 26795, "maxOrder": 24198, "kl": "", "ssdm": "53", "rs": 2, "zdx": 535.0, "ptx": 535.0, "zycc": "国家专项", "fsx": 535.0}], "withYsl": false}, "jessionid": "be6fea6da6d947ea968a0aa03c8d00d3"}