{"state": 1, "msg": "操作成功", "data": {"zsSsgradeList": [{"remarks": "详见分专业录取情况", "schcode": "", "sex": "", "campus": "", "nf": "2020", "klmc": "艺术(不分文理)", "ssmc": "黑龙江", "zylx": "艺术批", "kl": "A", "ssdm": "23", "rs": 10, "zycc": "艺术批"}], "sszygradeList": [{"remarks": "专业课成绩；小项最低分：钢琴163，二胡145，竹笛153，扬琴164，古筝150，打击乐132", "schcode": "", "sex": "", "campus": "", "nf": "2020", "klmc": "艺术(不分文理)", "ssmc": "黑龙江", "zylx": "艺术批", "zymc": "音乐表演（器乐）", "kl": "", "ssdm": "23", "rs": 8, "zycc": "艺术批"}, {"remarks": "专业课成绩", "schcode": "", "sex": "", "campus": "", "nf": "2020", "klmc": "艺术(不分文理)", "ssmc": "黑龙江", "zylx": "艺术批", "zymc": "音乐表演（声乐）", "maxScore": 141.0, "minScore": 140.0, "avgScore": 140.5, "kl": "", "ssdm": "23", "rs": 2, "zycc": "艺术批"}], "withYsl": false}, "jessionid": "be6fea6da6d947ea968a0aa03c8d00d3"}