{"state": 1, "msg": "操作成功", "data": {"zsSsgradeList": [{"remarks": "", "schcode": "", "sex": "", "campus": "", "nf": "2018", "klmc": "文史", "ssmc": "湖南", "zylx": "国家专项", "kl": "1", "ssdm": "43", "rs": 1, "zdx": 569.0, "ptx": 569.0, "minScore": 608.0, "minOrder": 4636, "avgScore": 608.0, "avgOrder": 4636, "maxScore": 608.0, "maxOrder": 4636, "zycc": "国家专项", "fsx": 569.0}], "sszygradeList": [{"remarks": "", "schcode": "", "sex": "", "campus": "", "nf": "2018", "klmc": "文史", "ssmc": "湖南", "zylx": "国家专项", "zymc": "工商管理类", "maxScore": 608.0, "minScore": 608.0, "avgScore": 608.0, "avgOrder": 4636, "minOrder": 4636, "maxOrder": 4636, "kl": "", "ssdm": "43", "rs": 1, "zdx": 569.0, "ptx": 569.0, "zycc": "国家专项", "fsx": 569.0}], "withYsl": false}, "jessionid": "be6fea6da6d947ea968a0aa03c8d00d3"}