{"state": 1, "msg": "操作成功", "data": {"zsSsgradeList": [{"remarks": "", "schcode": "", "sex": "", "campus": "", "nf": "2019", "klmc": "理工", "ssmc": "青海", "zylx": "国家专项", "kl": "5", "ssdm": "63", "rs": 2, "zdx": 397.0, "ptx": 397.0, "minScore": 468.0, "minOrder": 4401, "avgScore": 468.0, "avgOrder": 4401, "maxScore": 468.0, "maxOrder": 4401, "zycc": "国家专项", "fsx": 397.0}], "sszygradeList": [{"remarks": "", "schcode": "", "sex": "", "campus": "", "nf": "2019", "klmc": "理工", "ssmc": "青海", "zylx": "国家专项", "zymc": "电气工程及其自动化", "maxScore": 472.0, "minScore": 472.0, "avgScore": 472.0, "avgOrder": 4144, "minOrder": 4144, "maxOrder": 4144, "kl": "", "ssdm": "63", "rs": 1, "zdx": 407.0, "ptx": 407.0, "zycc": "国家专项", "fsx": 407.0}, {"remarks": "", "schcode": "", "sex": "", "campus": "", "nf": "2019", "klmc": "理工", "ssmc": "青海", "zylx": "国家专项", "zymc": "金融学类", "maxScore": 468.0, "minScore": 468.0, "avgScore": 468.0, "avgOrder": 4401, "minOrder": 4401, "maxOrder": 4401, "kl": "", "ssdm": "63", "rs": 2, "zdx": 407.0, "ptx": 407.0, "zycc": "国家专项", "fsx": 407.0}], "withYsl": false}, "jessionid": "be6fea6da6d947ea968a0aa03c8d00d3"}