{"state": 1, "msg": "操作成功", "data": {"zsSsgradeList": [{"remarks": "", "schcode": "", "sex": "", "campus": "", "nf": "2019", "klmc": "理工", "ssmc": "黑龙江", "zylx": "国家专项", "kl": "5", "ssdm": "23", "rs": 24, "zdx": 477.0, "ptx": 477.0, "minScore": 527.0, "minOrder": 22171, "avgScore": 539.6, "avgOrder": 18608, "maxScore": 558.0, "maxOrder": 14137, "zycc": "国家专项", "fsx": 477.0}], "sszygradeList": [{"remarks": "", "schcode": "", "sex": "", "campus": "", "nf": "2019", "klmc": "理工", "ssmc": "黑龙江", "zylx": "国家专项", "zymc": "农学", "maxScore": 537.0, "minScore": 527.0, "avgScore": 530.7, "avgOrder": 21070, "minOrder": 22171, "maxOrder": 19409, "kl": "", "ssdm": "23", "rs": 3, "zdx": 477.0, "ptx": 477.0, "zycc": "国家专项", "fsx": 477.0}, {"remarks": "", "schcode": "", "sex": "", "campus": "", "nf": "2019", "klmc": "理工", "ssmc": "黑龙江", "zylx": "国家专项", "zymc": "动物科学", "maxScore": 534.0, "minScore": 528.0, "avgScore": 530.3, "avgOrder": 21359, "minOrder": 21889, "maxOrder": 20210, "kl": "", "ssdm": "23", "rs": 3, "zdx": 477.0, "ptx": 477.0, "zycc": "国家专项", "fsx": 477.0}, {"remarks": "", "schcode": "", "sex": "", "campus": "", "nf": "2019", "klmc": "理工", "ssmc": "黑龙江", "zylx": "国家专项", "zymc": "机械类", "maxScore": 542.0, "minScore": 539.0, "avgScore": 540.3, "avgOrder": 18608, "minOrder": 18870, "maxOrder": 18088, "kl": "", "ssdm": "23", "rs": 3, "zdx": 477.0, "ptx": 477.0, "zycc": "国家专项", "fsx": 477.0}, {"remarks": "", "schcode": "", "sex": "", "campus": "", "nf": "2019", "klmc": "理工", "ssmc": "黑龙江", "zylx": "国家专项", "zymc": "计算机科学与技术", "maxScore": 558.0, "minScore": 543.0, "avgScore": 551.0, "avgOrder": 15788, "minOrder": 17821, "maxOrder": 14137, "kl": "", "ssdm": "23", "rs": 3, "zdx": 477.0, "ptx": 477.0, "zycc": "国家专项", "fsx": 477.0}, {"remarks": "", "schcode": "", "sex": "", "campus": "", "nf": "2019", "klmc": "理工", "ssmc": "黑龙江", "zylx": "国家专项", "zymc": "金融学类", "maxScore": 549.0, "minScore": 545.0, "avgScore": 546.7, "avgOrder": 16780, "minOrder": 17321, "maxOrder": 16274, "kl": "", "ssdm": "23", "rs": 3, "zdx": 477.0, "ptx": 477.0, "zycc": "国家专项", "fsx": 477.0}, {"remarks": "", "schcode": "", "sex": "", "campus": "", "nf": "2019", "klmc": "理工", "ssmc": "黑龙江", "zylx": "国家专项", "zymc": "生物科学类", "maxScore": 542.0, "minScore": 536.0, "avgScore": 538.3, "avgOrder": 19120, "minOrder": 19683, "maxOrder": 18088, "kl": "", "ssdm": "23", "rs": 3, "zdx": 477.0, "ptx": 477.0, "zycc": "国家专项", "fsx": 477.0}, {"remarks": "", "schcode": "", "sex": "", "campus": "", "nf": "2019", "klmc": "理工", "ssmc": "黑龙江", "zylx": "国家专项", "zymc": "食品科学与工程类", "maxScore": 545.0, "minScore": 538.0, "avgScore": 540.7, "avgOrder": 18347, "minOrder": 19120, "maxOrder": 17321, "kl": "", "ssdm": "23", "rs": 3, "zdx": 477.0, "ptx": 477.0, "zycc": "国家专项", "fsx": 477.0}, {"remarks": "", "schcode": "", "sex": "", "campus": "", "nf": "2019", "klmc": "理工", "ssmc": "黑龙江", "zylx": "国家专项", "zymc": "水利类", "maxScore": 548.0, "minScore": 534.0, "avgScore": 539.0, "avgOrder": 18870, "minOrder": 20210, "maxOrder": 16518, "kl": "", "ssdm": "23", "rs": 3, "zdx": 477.0, "ptx": 477.0, "zycc": "国家专项", "fsx": 477.0}], "withYsl": false}, "jessionid": "be6fea6da6d947ea968a0aa03c8d00d3"}