{"state": 1, "msg": "操作成功", "data": {"zsSsgradeList": [{"remarks": "", "schcode": "", "sex": "", "campus": "", "nf": "2017", "klmc": "文史", "ssmc": "新疆", "zylx": "普通类", "kl": "1", "ssdm": "65", "rs": 2, "zdx": 486.0, "ptx": 486.0, "minScore": 507.0, "avgScore": 510.0, "maxScore": 513.0, "zycc": "普通类", "fsx": 486.0}], "sszygradeList": [{"remarks": "", "schcode": "", "sex": "", "campus": "", "nf": "2017", "klmc": "文史", "ssmc": "新疆", "zylx": "普通类", "zymc": "农林经济管理", "maxScore": 513.0, "minScore": 507.0, "avgScore": 510.0, "kl": "", "ssdm": "65", "rs": 2, "zdx": 486.0, "ptx": 486.0, "zycc": "普通类", "fsx": 486.0}], "withYsl": false}, "jessionid": "be6fea6da6d947ea968a0aa03c8d00d3"}