{"state": 1, "msg": "操作成功", "data": {"zsSsgradeList": [{"remarks": "", "schcode": "", "sex": "", "campus": "", "nf": "2018", "klmc": "理工", "ssmc": "山东", "zylx": "普通类", "kl": "5", "ssdm": "37", "rs": 165, "zdx": 435.0, "ptx": 435.0, "minScore": 577.0, "minOrder": 35408, "avgScore": 581.5, "avgOrder": 32527, "maxScore": 599.0, "maxOrder": 20906, "zycc": "普通类", "fsx": 435.0}], "sszygradeList": [{"remarks": "", "schcode": "", "sex": "", "campus": "", "nf": "2018", "klmc": "理工", "ssmc": "山东", "zylx": "普通类", "zymc": "生物科学（理科实验班）", "maxScore": 585.0, "minScore": 584.0, "avgScore": 584.5, "avgOrder": 29693, "minOrder": 30384, "maxOrder": 29693, "kl": "", "ssdm": "37", "rs": 2, "zdx": 435.0, "ptx": 435.0, "zycc": "普通类", "fsx": 435.0}, {"remarks": "", "schcode": "", "sex": "", "campus": "", "nf": "2018", "klmc": "理工", "ssmc": "山东", "zylx": "普通类", "zymc": "农学", "maxScore": 599.0, "minScore": 580.0, "avgScore": 585.5, "avgOrder": 29000, "minOrder": 33243, "maxOrder": 20906, "kl": "", "ssdm": "37", "rs": 4, "zdx": 435.0, "ptx": 435.0, "zycc": "普通类", "fsx": 435.0}, {"remarks": "", "schcode": "", "sex": "", "campus": "", "nf": "2018", "klmc": "理工", "ssmc": "山东", "zylx": "普通类", "zymc": "农学（本硕博班）", "maxScore": 594.0, "minScore": 583.0, "avgScore": 588.5, "avgOrder": 26989, "minOrder": 31119, "maxOrder": 23810, "kl": "", "ssdm": "37", "rs": 2, "zdx": 435.0, "ptx": 435.0, "zycc": "普通类", "fsx": 435.0}, {"remarks": "", "schcode": "", "sex": "", "campus": "", "nf": "2018", "klmc": "理工", "ssmc": "山东", "zylx": "普通类", "zymc": "植物保护", "maxScore": 579.0, "minScore": 577.0, "avgScore": 578.2, "avgOrder": 34662, "minOrder": 35408, "maxOrder": 33975, "kl": "", "ssdm": "37", "rs": 4, "zdx": 435.0, "ptx": 435.0, "zycc": "普通类", "fsx": 435.0}, {"remarks": "", "schcode": "", "sex": "", "campus": "", "nf": "2018", "klmc": "理工", "ssmc": "山东", "zylx": "普通类", "zymc": "植物科学与技术", "maxScore": 578.0, "minScore": 577.0, "avgScore": 577.5, "avgOrder": 34662, "minOrder": 35408, "maxOrder": 34662, "kl": "", "ssdm": "37", "rs": 2, "zdx": 435.0, "ptx": 435.0, "zycc": "普通类", "fsx": 435.0}, {"remarks": "", "schcode": "", "sex": "", "campus": "", "nf": "2018", "klmc": "理工", "ssmc": "山东", "zylx": "普通类", "zymc": "种子科学与工程", "maxScore": 578.0, "minScore": 577.0, "avgScore": 577.7, "avgOrder": 34662, "minOrder": 35408, "maxOrder": 34662, "kl": "", "ssdm": "37", "rs": 3, "zdx": 435.0, "ptx": 435.0, "zycc": "普通类", "fsx": 435.0}, {"remarks": "", "schcode": "", "sex": "", "campus": "", "nf": "2018", "klmc": "理工", "ssmc": "山东", "zylx": "普通类", "zymc": "风景园林", "maxScore": 587.0, "minScore": 583.0, "avgScore": 584.2, "avgOrder": 30384, "minOrder": 31119, "maxOrder": 28311, "kl": "", "ssdm": "37", "rs": 4, "zdx": 435.0, "ptx": 435.0, "zycc": "普通类", "fsx": 435.0}, {"remarks": "", "schcode": "", "sex": "", "campus": "", "nf": "2018", "klmc": "理工", "ssmc": "山东", "zylx": "普通类", "zymc": "园艺", "maxScore": 579.0, "minScore": 577.0, "avgScore": 578.0, "avgOrder": 34662, "minOrder": 35408, "maxOrder": 33975, "kl": "", "ssdm": "37", "rs": 3, "zdx": 435.0, "ptx": 435.0, "zycc": "普通类", "fsx": 435.0}, {"remarks": "", "schcode": "", "sex": "", "campus": "", "nf": "2018", "klmc": "理工", "ssmc": "山东", "zylx": "普通类", "zymc": "园艺（本硕博班）", "maxScore": 579.0, "minScore": 579.0, "avgScore": 579.0, "avgOrder": 33975, "minOrder": 33975, "maxOrder": 33975, "kl": "", "ssdm": "37", "rs": 2, "zdx": 435.0, "ptx": 435.0, "zycc": "普通类", "fsx": 435.0}, {"remarks": "", "schcode": "", "sex": "", "campus": "", "nf": "2018", "klmc": "理工", "ssmc": "山东", "zylx": "普通类", "zymc": "设施农业科学与工程", "maxScore": 578.0, "minScore": 577.0, "avgScore": 577.7, "avgOrder": 34662, "minOrder": 35408, "maxOrder": 34662, "kl": "", "ssdm": "37", "rs": 3, "zdx": 435.0, "ptx": 435.0, "zycc": "普通类", "fsx": 435.0}, {"remarks": "", "schcode": "", "sex": "", "campus": "", "nf": "2018", "klmc": "理工", "ssmc": "山东", "zylx": "普通类", "zymc": "园林", "maxScore": 589.0, "minScore": 579.0, "avgScore": 582.0, "avgOrder": 31830, "minOrder": 33975, "maxOrder": 26989, "kl": "", "ssdm": "37", "rs": 4, "zdx": 435.0, "ptx": 435.0, "zycc": "普通类", "fsx": 435.0}, {"remarks": "", "schcode": "", "sex": "", "campus": "", "nf": "2018", "klmc": "理工", "ssmc": "山东", "zylx": "普通类", "zymc": "应用气象学", "maxScore": 593.0, "minScore": 581.0, "avgScore": 587.0, "avgOrder": 28311, "minOrder": 32527, "maxOrder": 24423, "kl": "", "ssdm": "37", "rs": 2, "zdx": 435.0, "ptx": 435.0, "zycc": "普通类", "fsx": 435.0}, {"remarks": "", "schcode": "", "sex": "", "campus": "", "nf": "2018", "klmc": "理工", "ssmc": "山东", "zylx": "普通类", "zymc": "生态学", "maxScore": 593.0, "minScore": 577.0, "avgScore": 582.7, "avgOrder": 31119, "minOrder": 35408, "maxOrder": 24423, "kl": "", "ssdm": "37", "rs": 3, "zdx": 435.0, "ptx": 435.0, "zycc": "普通类", "fsx": 435.0}, {"remarks": "", "schcode": "", "sex": "", "campus": "", "nf": "2018", "klmc": "理工", "ssmc": "山东", "zylx": "普通类", "zymc": "环境科学与工程类", "maxScore": 590.0, "minScore": 578.0, "avgScore": 580.7, "avgOrder": 32527, "minOrder": 34662, "maxOrder": 26343, "kl": "", "ssdm": "37", "rs": 6, "zdx": 435.0, "ptx": 435.0, "zycc": "普通类", "fsx": 435.0}, {"remarks": "", "schcode": "", "sex": "", "campus": "", "nf": "2018", "klmc": "理工", "ssmc": "山东", "zylx": "普通类", "zymc": "自然保护与环境生态类", "maxScore": 582.0, "minScore": 577.0, "avgScore": 578.3, "avgOrder": 34662, "minOrder": 35408, "maxOrder": 31830, "kl": "", "ssdm": "37", "rs": 6, "zdx": 435.0, "ptx": 435.0, "zycc": "普通类", "fsx": 435.0}, {"remarks": "", "schcode": "", "sex": "", "campus": "", "nf": "2018", "klmc": "理工", "ssmc": "山东", "zylx": "普通类", "zymc": "农业资源与环境（本硕博班）", "maxScore": 582.0, "minScore": 580.0, "avgScore": 581.0, "avgOrder": 32527, "minOrder": 33243, "maxOrder": 31830, "kl": "", "ssdm": "37", "rs": 2, "zdx": 435.0, "ptx": 435.0, "zycc": "普通类", "fsx": 435.0}, {"remarks": "", "schcode": "", "sex": "", "campus": "", "nf": "2018", "klmc": "理工", "ssmc": "山东", "zylx": "普通类", "zymc": "动物科学（本硕博班）", "maxScore": 580.0, "minScore": 579.0, "avgScore": 579.5, "avgOrder": 33243, "minOrder": 33975, "maxOrder": 33243, "kl": "", "ssdm": "37", "rs": 2, "zdx": 435.0, "ptx": 435.0, "zycc": "普通类", "fsx": 435.0}, {"remarks": "", "schcode": "", "sex": "", "campus": "", "nf": "2018", "klmc": "理工", "ssmc": "山东", "zylx": "普通类", "zymc": "水产养殖学", "maxScore": 577.0, "minScore": 577.0, "avgScore": 577.0, "avgOrder": 35408, "minOrder": 35408, "maxOrder": 35408, "kl": "", "ssdm": "37", "rs": 3, "zdx": 435.0, "ptx": 435.0, "zycc": "普通类", "fsx": 435.0}, {"remarks": "", "schcode": "", "sex": "", "campus": "", "nf": "2018", "klmc": "理工", "ssmc": "山东", "zylx": "普通类", "zymc": "草业科学", "maxScore": 577.0, "minScore": 577.0, "avgScore": 577.0, "avgOrder": 35408, "minOrder": 35408, "maxOrder": 35408, "kl": "", "ssdm": "37", "rs": 2, "zdx": 435.0, "ptx": 435.0, "zycc": "普通类", "fsx": 435.0}, {"remarks": "", "schcode": "", "sex": "", "campus": "", "nf": "2018", "klmc": "理工", "ssmc": "山东", "zylx": "普通类", "zymc": "动物医学", "maxScore": 589.0, "minScore": 578.0, "avgScore": 581.2, "avgOrder": 32527, "minOrder": 34662, "maxOrder": 26989, "kl": "", "ssdm": "37", "rs": 5, "zdx": 435.0, "ptx": 435.0, "zycc": "普通类", "fsx": 435.0}, {"remarks": "", "schcode": "", "sex": "", "campus": "", "nf": "2018", "klmc": "理工", "ssmc": "山东", "zylx": "普通类", "zymc": "动物药学", "maxScore": 577.0, "minScore": 577.0, "avgScore": 577.0, "avgOrder": 35408, "minOrder": 35408, "maxOrder": 35408, "kl": "", "ssdm": "37", "rs": 2, "zdx": 435.0, "ptx": 435.0, "zycc": "普通类", "fsx": 435.0}, {"remarks": "", "schcode": "", "sex": "", "campus": "", "nf": "2018", "klmc": "理工", "ssmc": "山东", "zylx": "普通类", "zymc": "机械类", "maxScore": 583.0, "minScore": 581.0, "avgScore": 582.3, "avgOrder": 31830, "minOrder": 32527, "maxOrder": 31119, "kl": "", "ssdm": "37", "rs": 10, "zdx": 435.0, "ptx": 435.0, "zycc": "普通类", "fsx": 435.0}, {"remarks": "", "schcode": "", "sex": "", "campus": "", "nf": "2018", "klmc": "理工", "ssmc": "山东", "zylx": "普通类", "zymc": "农业机械化及其自动化（本硕博班）", "maxScore": 581.0, "minScore": 581.0, "avgScore": 581.0, "avgOrder": 32527, "minOrder": 32527, "maxOrder": 32527, "kl": "", "ssdm": "37", "rs": 1, "zdx": 435.0, "ptx": 435.0, "zycc": "普通类", "fsx": 435.0}, {"remarks": "", "schcode": "", "sex": "", "campus": "", "nf": "2018", "klmc": "理工", "ssmc": "山东", "zylx": "普通类", "zymc": "能源动力类", "maxScore": 584.0, "minScore": 583.0, "avgScore": 583.5, "avgOrder": 30384, "minOrder": 31119, "maxOrder": 30384, "kl": "", "ssdm": "37", "rs": 2, "zdx": 435.0, "ptx": 435.0, "zycc": "普通类", "fsx": 435.0}, {"remarks": "", "schcode": "", "sex": "", "campus": "", "nf": "2018", "klmc": "理工", "ssmc": "山东", "zylx": "普通类", "zymc": "工业工程类", "maxScore": 582.0, "minScore": 581.0, "avgScore": 581.5, "avgOrder": 31830, "minOrder": 32527, "maxOrder": 31830, "kl": "", "ssdm": "37", "rs": 2, "zdx": 435.0, "ptx": 435.0, "zycc": "普通类", "fsx": 435.0}, {"remarks": "", "schcode": "", "sex": "", "campus": "", "nf": "2018", "klmc": "理工", "ssmc": "山东", "zylx": "普通类", "zymc": "电气工程及其自动化", "maxScore": 586.0, "minScore": 583.0, "avgScore": 584.7, "avgOrder": 29693, "minOrder": 31119, "maxOrder": 29000, "kl": "", "ssdm": "37", "rs": 3, "zdx": 435.0, "ptx": 435.0, "zycc": "普通类", "fsx": 435.0}, {"remarks": "", "schcode": "", "sex": "", "campus": "", "nf": "2018", "klmc": "理工", "ssmc": "山东", "zylx": "普通类", "zymc": "计算机类", "maxScore": 598.0, "minScore": 587.0, "avgScore": 591.7, "avgOrder": 25074, "minOrder": 28311, "maxOrder": 21514, "kl": "", "ssdm": "37", "rs": 3, "zdx": 435.0, "ptx": 435.0, "zycc": "普通类", "fsx": 435.0}, {"remarks": "", "schcode": "", "sex": "", "campus": "", "nf": "2018", "klmc": "理工", "ssmc": "山东", "zylx": "普通类", "zymc": "农业电气化", "maxScore": 578.0, "minScore": 578.0, "avgScore": 578.0, "avgOrder": 34662, "minOrder": 34662, "maxOrder": 34662, "kl": "", "ssdm": "37", "rs": 1, "zdx": 435.0, "ptx": 435.0, "zycc": "普通类", "fsx": 435.0}, {"remarks": "", "schcode": "", "sex": "", "campus": "", "nf": "2018", "klmc": "理工", "ssmc": "山东", "zylx": "普通类", "zymc": "金融学类", "maxScore": 591.0, "minScore": 583.0, "avgScore": 585.8, "avgOrder": 29000, "minOrder": 31119, "maxOrder": 25705, "kl": "", "ssdm": "37", "rs": 10, "zdx": 435.0, "ptx": 435.0, "zycc": "普通类", "fsx": 435.0}, {"remarks": "", "schcode": "", "sex": "", "campus": "", "nf": "2018", "klmc": "理工", "ssmc": "山东", "zylx": "普通类", "zymc": "农林经济管理（本硕博班）", "maxScore": 592.0, "minScore": 582.0, "avgScore": 587.0, "avgOrder": 28311, "minOrder": 31830, "maxOrder": 25074, "kl": "", "ssdm": "37", "rs": 2, "zdx": 435.0, "ptx": 435.0, "zycc": "普通类", "fsx": 435.0}, {"remarks": "", "schcode": "", "sex": "", "campus": "", "nf": "2018", "klmc": "理工", "ssmc": "山东", "zylx": "普通类", "zymc": "生物科学类", "maxScore": 585.0, "minScore": 578.0, "avgScore": 580.6, "avgOrder": 32527, "minOrder": 34662, "maxOrder": 29693, "kl": "", "ssdm": "37", "rs": 8, "zdx": 435.0, "ptx": 435.0, "zycc": "普通类", "fsx": 435.0}, {"remarks": "", "schcode": "", "sex": "", "campus": "", "nf": "2018", "klmc": "理工", "ssmc": "山东", "zylx": "普通类", "zymc": "生物工程类", "maxScore": 584.0, "minScore": 578.0, "avgScore": 579.7, "avgOrder": 33243, "minOrder": 34662, "maxOrder": 30384, "kl": "", "ssdm": "37", "rs": 10, "zdx": 435.0, "ptx": 435.0, "zycc": "普通类", "fsx": 435.0}, {"remarks": "", "schcode": "", "sex": "", "campus": "", "nf": "2018", "klmc": "理工", "ssmc": "山东", "zylx": "普通类", "zymc": "食品科学与工程类", "maxScore": 593.0, "minScore": 579.0, "avgScore": 583.8, "avgOrder": 30384, "minOrder": 33975, "maxOrder": 24423, "kl": "", "ssdm": "37", "rs": 10, "zdx": 435.0, "ptx": 435.0, "zycc": "普通类", "fsx": 435.0}, {"remarks": "", "schcode": "", "sex": "", "campus": "", "nf": "2018", "klmc": "理工", "ssmc": "山东", "zylx": "普通类", "zymc": "食品科学与工程（本硕博班）", "maxScore": 591.0, "minScore": 586.0, "avgScore": 588.5, "avgOrder": 26989, "minOrder": 29000, "maxOrder": 25705, "kl": "", "ssdm": "37", "rs": 2, "zdx": 435.0, "ptx": 435.0, "zycc": "普通类", "fsx": 435.0}, {"remarks": "", "schcode": "", "sex": "", "campus": "", "nf": "2018", "klmc": "理工", "ssmc": "山东", "zylx": "普通类", "zymc": "人文地理与城乡规划", "maxScore": 579.0, "minScore": 577.0, "avgScore": 577.8, "avgOrder": 34662, "minOrder": 35408, "maxOrder": 33975, "kl": "", "ssdm": "37", "rs": 4, "zdx": 435.0, "ptx": 435.0, "zycc": "普通类", "fsx": 435.0}, {"remarks": "", "schcode": "", "sex": "", "campus": "", "nf": "2018", "klmc": "理工", "ssmc": "山东", "zylx": "普通类", "zymc": "土地资源管理", "maxScore": 578.0, "minScore": 577.0, "avgScore": 577.3, "avgOrder": 35408, "minOrder": 35408, "maxOrder": 34662, "kl": "", "ssdm": "37", "rs": 3, "zdx": 435.0, "ptx": 435.0, "zycc": "普通类", "fsx": 435.0}, {"remarks": "", "schcode": "", "sex": "", "campus": "", "nf": "2018", "klmc": "理工", "ssmc": "山东", "zylx": "普通类", "zymc": "水利类", "maxScore": 582.0, "minScore": 579.0, "avgScore": 580.3, "avgOrder": 33243, "minOrder": 33975, "maxOrder": 31830, "kl": "", "ssdm": "37", "rs": 6, "zdx": 435.0, "ptx": 435.0, "zycc": "普通类", "fsx": 435.0}, {"remarks": "", "schcode": "", "sex": "", "campus": "", "nf": "2018", "klmc": "理工", "ssmc": "山东", "zylx": "普通类", "zymc": "土木工程", "maxScore": 583.0, "minScore": 582.0, "avgScore": 582.7, "avgOrder": 31119, "minOrder": 31830, "maxOrder": 31119, "kl": "", "ssdm": "37", "rs": 3, "zdx": 435.0, "ptx": 435.0, "zycc": "普通类", "fsx": 435.0}, {"remarks": "", "schcode": "", "sex": "", "campus": "", "nf": "2018", "klmc": "理工", "ssmc": "山东", "zylx": "普通类", "zymc": "工程管理", "maxScore": 582.0, "minScore": 579.0, "avgScore": 580.0, "avgOrder": 33243, "minOrder": 33975, "maxOrder": 31830, "kl": "", "ssdm": "37", "rs": 4, "zdx": 435.0, "ptx": 435.0, "zycc": "普通类", "fsx": 435.0}, {"remarks": "", "schcode": "", "sex": "", "campus": "", "nf": "2018", "klmc": "理工", "ssmc": "山东", "zylx": "普通类", "zymc": "统计学类", "maxScore": 583.0, "minScore": 579.0, "avgScore": 580.7, "avgOrder": 32527, "minOrder": 33975, "maxOrder": 31119, "kl": "", "ssdm": "37", "rs": 6, "zdx": 435.0, "ptx": 435.0, "zycc": "普通类", "fsx": 435.0}, {"remarks": "", "schcode": "", "sex": "", "campus": "", "nf": "2018", "klmc": "理工", "ssmc": "山东", "zylx": "普通类", "zymc": "俄语", "maxScore": 578.0, "minScore": 577.0, "avgScore": 577.2, "avgOrder": 35408, "minOrder": 35408, "maxOrder": 34662, "kl": "", "ssdm": "37", "rs": 5, "zdx": 435.0, "ptx": 435.0, "zycc": "普通类", "fsx": 435.0}, {"remarks": "", "schcode": "", "sex": "", "campus": "", "nf": "2018", "klmc": "理工", "ssmc": "山东", "zylx": "普通类", "zymc": "应用化学", "maxScore": 584.0, "minScore": 582.0, "avgScore": 583.0, "avgOrder": 31119, "minOrder": 31830, "maxOrder": 30384, "kl": "", "ssdm": "37", "rs": 2, "zdx": 435.0, "ptx": 435.0, "zycc": "普通类", "fsx": 435.0}, {"remarks": "", "schcode": "", "sex": "", "campus": "", "nf": "2018", "klmc": "理工", "ssmc": "山东", "zylx": "普通类", "zymc": "化学生物学", "maxScore": 582.0, "minScore": 580.0, "avgScore": 581.0, "avgOrder": 32527, "minOrder": 33243, "maxOrder": 31830, "kl": "", "ssdm": "37", "rs": 2, "zdx": 435.0, "ptx": 435.0, "zycc": "普通类", "fsx": 435.0}], "withYsl": false}, "jessionid": "be6fea6da6d947ea968a0aa03c8d00d3"}