{"state": 1, "msg": "操作成功", "data": {"zsSsgradeList": [{"remarks": "", "schcode": "", "sex": "", "campus": "", "nf": "2019", "klmc": "文史", "ssmc": "重庆", "zylx": "普通类", "kl": "1", "ssdm": "50", "rs": 8, "zdx": 545.0, "ptx": 545.0, "minScore": 554.0, "minOrder": 7481, "avgScore": 557.2, "avgOrder": 6874, "maxScore": 566.0, "maxOrder": 5195, "zycc": "普通类", "fsx": 545.0}], "sszygradeList": [{"remarks": "", "schcode": "", "sex": "", "campus": "", "nf": "2019", "klmc": "文史", "ssmc": "重庆", "zylx": "普通类", "zymc": "工商管理类", "maxScore": 566.0, "minScore": 557.0, "avgScore": 561.5, "avgOrder": 5939, "minOrder": 6874, "maxOrder": 5195, "kl": "", "ssdm": "50", "rs": 2, "zdx": 545.0, "ptx": 545.0, "zycc": "普通类", "fsx": 545.0}, {"remarks": "", "schcode": "", "sex": "", "campus": "", "nf": "2019", "klmc": "文史", "ssmc": "重庆", "zylx": "普通类", "zymc": "法学类", "maxScore": 556.0, "minScore": 554.0, "avgScore": 555.0, "avgOrder": 7292, "minOrder": 7481, "maxOrder": 7089, "kl": "", "ssdm": "50", "rs": 2, "zdx": 545.0, "ptx": 545.0, "zycc": "普通类", "fsx": 545.0}, {"remarks": "", "schcode": "", "sex": "", "campus": "", "nf": "2019", "klmc": "文史", "ssmc": "重庆", "zylx": "普通类", "zymc": "行政管理", "maxScore": 556.0, "minScore": 555.0, "avgScore": 555.5, "avgOrder": 7089, "minOrder": 7292, "maxOrder": 7089, "kl": "", "ssdm": "50", "rs": 2, "zdx": 545.0, "ptx": 545.0, "zycc": "普通类", "fsx": 545.0}, {"remarks": "", "schcode": "", "sex": "", "campus": "", "nf": "2019", "klmc": "文史", "ssmc": "重庆", "zylx": "普通类", "zymc": "英语", "maxScore": 558.0, "minScore": 556.0, "avgScore": 557.0, "avgOrder": 6874, "minOrder": 7089, "maxOrder": 6682, "kl": "", "ssdm": "50", "rs": 2, "zdx": 545.0, "ptx": 545.0, "zycc": "普通类", "fsx": 545.0}], "withYsl": false}, "jessionid": "be6fea6da6d947ea968a0aa03c8d00d3"}