{"state": 1, "msg": "操作成功", "data": {"zsSsgradeList": [{"remarks": "", "schcode": "", "sex": "", "campus": "", "nf": "2018", "klmc": "艺术(文)", "ssmc": "河南", "zylx": "艺术批", "kl": "3", "ssdm": "41", "rs": 12, "minScore": 442.0, "avgScore": 469.6, "maxScore": 497.0, "zycc": "艺术批"}], "sszygradeList": [{"remarks": "文化课成绩；控制线：文化课335分，专业课210分", "schcode": "", "sex": "", "campus": "", "nf": "2018", "klmc": "艺术(文)", "ssmc": "河南", "zylx": "艺术批", "zymc": "视觉传达设计", "maxScore": 497.0, "minScore": 454.0, "avgScore": 476.0, "kl": "", "ssdm": "41", "rs": 7, "zycc": "艺术批"}, {"remarks": "文化课成绩；控制线：文化课335分，专业课210分", "schcode": "", "sex": "", "campus": "", "nf": "2018", "klmc": "艺术(文)", "ssmc": "河南", "zylx": "艺术批", "zymc": "环境设计", "maxScore": 492.0, "minScore": 442.0, "avgScore": 460.6, "kl": "", "ssdm": "41", "rs": 5, "zycc": "艺术批"}], "withYsl": false}, "jessionid": "be6fea6da6d947ea968a0aa03c8d00d3"}