{"state": 1, "msg": "操作成功", "data": {"zsSsgradeList": [{"remarks": "", "schcode": "", "sex": "", "campus": "", "nf": "2018", "klmc": "文史", "ssmc": "内蒙古", "zylx": "普通类", "kl": "1", "ssdm": "15", "rs": 18, "zdx": 501.0, "ptx": 501.0, "minScore": 547.0, "minOrder": 2738, "avgScore": 560.4, "avgOrder": 1899, "maxScore": 570.0, "maxOrder": 1341, "zycc": "普通类", "fsx": 501.0}], "sszygradeList": [{"remarks": "", "schcode": "", "sex": "", "campus": "", "nf": "2018", "klmc": "文史", "ssmc": "内蒙古", "zylx": "普通类", "zymc": "金融学类", "maxScore": 566.0, "minScore": 547.0, "avgScore": 561.5, "avgOrder": 1787, "minOrder": 2738, "maxOrder": 1560, "kl": "", "ssdm": "15", "rs": 8, "zdx": 501.0, "ptx": 501.0, "zycc": "普通类", "fsx": 501.0}, {"remarks": "", "schcode": "", "sex": "", "campus": "", "nf": "2018", "klmc": "文史", "ssmc": "内蒙古", "zylx": "普通类", "zymc": "工商管理类", "maxScore": 570.0, "minScore": 561.0, "avgScore": 565.5, "avgOrder": 1560, "minOrder": 1842, "maxOrder": 1341, "kl": "", "ssdm": "15", "rs": 2, "zdx": 501.0, "ptx": 501.0, "zycc": "普通类", "fsx": 501.0}, {"remarks": "", "schcode": "", "sex": "", "campus": "", "nf": "2018", "klmc": "文史", "ssmc": "内蒙古", "zylx": "普通类", "zymc": "法学类", "maxScore": 564.0, "minScore": 561.0, "avgScore": 562.5, "avgOrder": 1711, "minOrder": 1842, "maxOrder": 1665, "kl": "", "ssdm": "15", "rs": 2, "zdx": 501.0, "ptx": 501.0, "zycc": "普通类", "fsx": 501.0}, {"remarks": "", "schcode": "", "sex": "", "campus": "", "nf": "2018", "klmc": "文史", "ssmc": "内蒙古", "zylx": "普通类", "zymc": "英语", "maxScore": 560.0, "minScore": 548.0, "avgScore": 555.7, "avgOrder": 2114, "minOrder": 2665, "maxOrder": 1899, "kl": "", "ssdm": "15", "rs": 3, "zdx": 501.0, "ptx": 501.0, "zycc": "普通类", "fsx": 501.0}, {"remarks": "", "schcode": "", "sex": "", "campus": "", "nf": "2018", "klmc": "文史", "ssmc": "内蒙古", "zylx": "普通类", "zymc": "汉语国际教育", "maxScore": 559.0, "minScore": 555.0, "avgScore": 557.3, "avgOrder": 2064, "minOrder": 2175, "maxOrder": 1953, "kl": "", "ssdm": "15", "rs": 3, "zdx": 501.0, "ptx": 501.0, "zycc": "普通类", "fsx": 501.0}], "withYsl": false}, "jessionid": "be6fea6da6d947ea968a0aa03c8d00d3"}