{"state": 1, "msg": "操作成功", "data": {"zsSsgradeList": [{"remarks": "", "schcode": "", "sex": "", "campus": "", "nf": "2018", "klmc": "文史", "ssmc": "青海", "zylx": "普通类", "kl": "1", "ssdm": "63", "rs": 2, "zdx": 475.0, "ptx": 475.0, "minScore": 481.0, "minOrder": 1372, "avgScore": 482.5, "avgOrder": 1319, "maxScore": 484.0, "maxOrder": 1292, "zycc": "普通类", "fsx": 475.0}], "sszygradeList": [{"remarks": "", "schcode": "", "sex": "", "campus": "", "nf": "2018", "klmc": "文史", "ssmc": "青海", "zylx": "普通类", "zymc": "工商管理类", "maxScore": 484.0, "minScore": 481.0, "avgScore": 482.5, "avgOrder": 1319, "minOrder": 1372, "maxOrder": 1292, "kl": "", "ssdm": "63", "zydm": "", "rs": 2, "zdx": 475.0, "ptx": 475.0, "zycc": "普通类", "fsx": 475.0}], "withYsl": false}, "jessionid": "be6fea6da6d947ea968a0aa03c8d00d3"}