{"state": 1, "msg": "操作成功", "data": {"zsSsgradeList": [{"remarks": "", "schcode": "", "sex": "", "campus": "", "nf": "2018", "klmc": "文史", "ssmc": "湖北", "zylx": "普通类", "kl": "1", "ssdm": "42", "rs": 8, "zdx": 561.0, "ptx": 561.0, "minScore": 598.0, "minOrder": 4869, "avgScore": 600.5, "avgOrder": 4442, "maxScore": 604.0, "maxOrder": 3999, "zycc": "普通类", "fsx": 561.0}], "sszygradeList": [{"remarks": "", "schcode": "", "sex": "", "campus": "", "nf": "2018", "klmc": "文史", "ssmc": "湖北", "zylx": "普通类", "zymc": "工商管理类", "maxScore": 604.0, "minScore": 599.0, "avgScore": 601.0, "avgOrder": 4442, "minOrder": 4730, "maxOrder": 3999, "kl": "", "ssdm": "42", "rs": 4, "zdx": 561.0, "ptx": 561.0, "zycc": "普通类", "fsx": 561.0}, {"remarks": "", "schcode": "", "sex": "", "campus": "", "nf": "2018", "klmc": "文史", "ssmc": "湖北", "zylx": "普通类", "zymc": "法学类", "maxScore": 602.0, "minScore": 599.0, "avgScore": 600.7, "avgOrder": 4442, "minOrder": 4730, "maxOrder": 4312, "kl": "", "ssdm": "42", "rs": 3, "zdx": 561.0, "ptx": 561.0, "zycc": "普通类", "fsx": 561.0}, {"remarks": "", "schcode": "", "sex": "", "campus": "", "nf": "2018", "klmc": "文史", "ssmc": "湖北", "zylx": "普通类", "zymc": "英语", "maxScore": 598.0, "minScore": 598.0, "avgScore": 598.0, "avgOrder": 4869, "minOrder": 4869, "maxOrder": 4869, "kl": "", "ssdm": "42", "rs": 1, "zdx": 561.0, "ptx": 561.0, "zycc": "普通类", "fsx": 561.0}], "withYsl": false}, "jessionid": "be6fea6da6d947ea968a0aa03c8d00d3"}