{"state": 1, "msg": "操作成功", "data": {"zsSsgradeList": [{"remarks": "", "schcode": "", "sex": "", "campus": "", "nf": "2017", "klmc": "理工", "ssmc": "云南", "zylx": "普通类", "kl": "5", "ssdm": "53", "rs": 30, "zdx": 500.0, "ptx": 500.0, "minScore": 506.0, "minOrder": 28492, "avgScore": 514.3, "avgOrder": 26279, "maxScore": 530.0, "maxOrder": 18246, "zycc": "普通类", "fsx": 500.0}], "sszygradeList": [{"remarks": "", "schcode": "", "sex": "", "campus": "", "nf": "2017", "klmc": "理工", "ssmc": "云南", "zylx": "普通类", "zymc": "风景园林", "maxScore": 515.0, "minScore": 510.0, "avgScore": 511.7, "avgOrder": 26279, "minOrder": 26279, "maxOrder": 24120, "kl": "", "ssdm": "53", "rs": 3, "zdx": 500.0, "ptx": 500.0, "zycc": "普通类", "fsx": 500.0}, {"remarks": "", "schcode": "", "sex": "", "campus": "", "nf": "2017", "klmc": "理工", "ssmc": "云南", "zylx": "普通类", "zymc": "动物科学", "maxScore": 508.0, "minScore": 507.0, "avgScore": 507.3, "avgOrder": 28492, "minOrder": 28492, "maxOrder": 28492, "kl": "", "ssdm": "53", "rs": 3, "zdx": 500.0, "ptx": 500.0, "zycc": "普通类", "fsx": 500.0}, {"remarks": "", "schcode": "", "sex": "", "campus": "", "nf": "2017", "klmc": "理工", "ssmc": "云南", "zylx": "普通类", "zymc": "动物医学", "maxScore": 530.0, "minScore": 515.0, "avgScore": 522.5, "avgOrder": 22011, "minOrder": 24120, "maxOrder": 18246, "kl": "", "ssdm": "53", "rs": 2, "zdx": 500.0, "ptx": 500.0, "zycc": "普通类", "fsx": 500.0}, {"remarks": "", "schcode": "", "sex": "", "campus": "", "nf": "2017", "klmc": "理工", "ssmc": "云南", "zylx": "普通类", "zymc": "机械类（工学Ⅰ）", "maxScore": 529.0, "minScore": 513.0, "avgScore": 521.0, "avgOrder": 22011, "minOrder": 26279, "maxOrder": 20103, "kl": "", "ssdm": "53", "rs": 2, "zdx": 500.0, "ptx": 500.0, "zycc": "普通类", "fsx": 500.0}, {"remarks": "", "schcode": "", "sex": "", "campus": "", "nf": "2017", "klmc": "理工", "ssmc": "云南", "zylx": "普通类", "zymc": "工业工程类（管理学Ⅰ）", "maxScore": 507.0, "minScore": 507.0, "avgScore": 507.0, "avgOrder": 28492, "minOrder": 28492, "maxOrder": 28492, "kl": "", "ssdm": "53", "rs": 2, "zdx": 500.0, "ptx": 500.0, "zycc": "普通类", "fsx": 500.0}, {"remarks": "", "schcode": "", "sex": "", "campus": "", "nf": "2017", "klmc": "理工", "ssmc": "云南", "zylx": "普通类", "zymc": "计算机类", "maxScore": 522.0, "minScore": 515.0, "avgScore": 518.7, "avgOrder": 24120, "minOrder": 24120, "maxOrder": 22011, "kl": "", "ssdm": "53", "rs": 3, "zdx": 500.0, "ptx": 500.0, "zycc": "普通类", "fsx": 500.0}, {"remarks": "", "schcode": "", "sex": "", "campus": "", "nf": "2017", "klmc": "理工", "ssmc": "云南", "zylx": "普通类", "zymc": "金融学类（经济学）", "maxScore": 513.0, "minScore": 510.0, "avgScore": 511.0, "avgOrder": 26279, "minOrder": 26279, "maxOrder": 26279, "kl": "", "ssdm": "53", "rs": 3, "zdx": 500.0, "ptx": 500.0, "zycc": "普通类", "fsx": 500.0}, {"remarks": "", "schcode": "", "sex": "", "campus": "", "nf": "2017", "klmc": "理工", "ssmc": "云南", "zylx": "普通类", "zymc": "食品科学与工程类", "maxScore": 520.0, "minScore": 516.0, "avgScore": 518.0, "avgOrder": 24120, "minOrder": 24120, "maxOrder": 22011, "kl": "", "ssdm": "53", "rs": 2, "zdx": 500.0, "ptx": 500.0, "zycc": "普通类", "fsx": 500.0}, {"remarks": "", "schcode": "", "sex": "", "campus": "", "nf": "2017", "klmc": "理工", "ssmc": "云南", "zylx": "普通类", "zymc": "水利类（工学Ⅴ）", "maxScore": 522.0, "minScore": 510.0, "avgScore": 514.5, "avgOrder": 24120, "minOrder": 26279, "maxOrder": 22011, "kl": "", "ssdm": "53", "rs": 4, "zdx": 500.0, "ptx": 500.0, "zycc": "普通类", "fsx": 500.0}, {"remarks": "", "schcode": "", "sex": "", "campus": "", "nf": "2017", "klmc": "理工", "ssmc": "云南", "zylx": "普通类", "zymc": "土木工程", "maxScore": 530.0, "minScore": 520.0, "avgScore": 525.0, "avgOrder": 20103, "minOrder": 22011, "maxOrder": 18246, "kl": "", "ssdm": "53", "rs": 2, "zdx": 500.0, "ptx": 500.0, "zycc": "普通类", "fsx": 500.0}, {"remarks": "", "schcode": "", "sex": "", "campus": "", "nf": "2017", "klmc": "理工", "ssmc": "云南", "zylx": "普通类", "zymc": "工程管理", "maxScore": 518.0, "minScore": 506.0, "avgScore": 512.0, "avgOrder": 26279, "minOrder": 28492, "maxOrder": 24120, "kl": "", "ssdm": "53", "rs": 2, "zdx": 500.0, "ptx": 500.0, "zycc": "普通类", "fsx": 500.0}, {"remarks": "", "schcode": "", "sex": "", "campus": "", "nf": "2017", "klmc": "理工", "ssmc": "云南", "zylx": "普通类", "zymc": "统计学类（理学）", "maxScore": 510.0, "minScore": 506.0, "avgScore": 507.7, "avgOrder": 28492, "minOrder": 28492, "maxOrder": 26279, "kl": "", "ssdm": "53", "rs": 3, "zdx": 500.0, "ptx": 500.0, "zycc": "普通类", "fsx": 500.0}], "withYsl": false}, "jessionid": "be6fea6da6d947ea968a0aa03c8d00d3"}