{"state": 1, "msg": "操作成功", "data": {"zsSsgradeList": [{"remarks": "", "schcode": "", "sex": "", "campus": "", "nf": "2020", "klmc": "理工", "ssmc": "河南", "zylx": "普通类", "kl": "5", "ssdm": "41", "rs": 186, "zdx": 544.0, "ptx": 544.0, "minScore": 606.0, "minOrder": 38611, "avgScore": 609.8, "avgOrder": 35130, "maxScore": 623.0, "maxOrder": 25056, "zycc": "普通类", "fsx": 544.0}], "sszygradeList": [{"remarks": "", "schcode": "", "sex": "", "campus": "", "nf": "2020", "klmc": "理工", "ssmc": "河南", "zylx": "普通类", "zymc": "农学", "maxScore": 615.0, "minScore": 607.0, "avgScore": 610.4, "avgOrder": 35130, "minOrder": 37744, "maxOrder": 31039, "kl": "", "ssdm": "41", "rs": 5, "zdx": 544.0, "ptx": 544.0, "zycc": "普通类", "fsx": 544.0}, {"remarks": "", "schcode": "", "sex": "", "campus": "", "nf": "2020", "klmc": "理工", "ssmc": "河南", "zylx": "普通类", "zymc": "植物保护", "maxScore": 609.0, "minScore": 607.0, "avgScore": 608.2, "avgOrder": 36876, "minOrder": 37744, "maxOrder": 35994, "kl": "", "ssdm": "41", "rs": 6, "zdx": 544.0, "ptx": 544.0, "zycc": "普通类", "fsx": 544.0}, {"remarks": "", "schcode": "", "sex": "", "campus": "", "nf": "2020", "klmc": "理工", "ssmc": "河南", "zylx": "普通类", "zymc": "植物科学与技术", "maxScore": 608.0, "minScore": 606.0, "avgScore": 607.0, "avgOrder": 37744, "minOrder": 38611, "maxOrder": 36876, "kl": "", "ssdm": "41", "rs": 2, "zdx": 544.0, "ptx": 544.0, "zycc": "普通类", "fsx": 544.0}, {"remarks": "", "schcode": "", "sex": "", "campus": "", "nf": "2020", "klmc": "理工", "ssmc": "河南", "zylx": "普通类", "zymc": "种子科学与工程", "maxScore": 608.0, "minScore": 608.0, "avgScore": 608.0, "avgOrder": 36876, "minOrder": 36876, "maxOrder": 36876, "kl": "", "ssdm": "41", "rs": 3, "zdx": 544.0, "ptx": 544.0, "zycc": "普通类", "fsx": 544.0}, {"remarks": "", "schcode": "", "sex": "", "campus": "", "nf": "2020", "klmc": "理工", "ssmc": "河南", "zylx": "普通类", "zymc": "风景园林", "maxScore": 610.0, "minScore": 608.0, "avgScore": 609.3, "avgOrder": 35994, "minOrder": 36876, "maxOrder": 35130, "kl": "", "ssdm": "41", "rs": 3, "zdx": 544.0, "ptx": 544.0, "zycc": "普通类", "fsx": 544.0}, {"remarks": "", "schcode": "", "sex": "", "campus": "", "nf": "2020", "klmc": "理工", "ssmc": "河南", "zylx": "普通类", "zymc": "园艺", "maxScore": 610.0, "minScore": 609.0, "avgScore": 609.8, "avgOrder": 35130, "minOrder": 35994, "maxOrder": 35130, "kl": "", "ssdm": "41", "rs": 4, "zdx": 544.0, "ptx": 544.0, "zycc": "普通类", "fsx": 544.0}, {"remarks": "", "schcode": "", "sex": "", "campus": "", "nf": "2020", "klmc": "理工", "ssmc": "河南", "zylx": "普通类", "zymc": "园艺（本硕博班）", "maxScore": 613.0, "minScore": 610.0, "avgScore": 611.5, "avgOrder": 33477, "minOrder": 35130, "maxOrder": 32658, "kl": "", "ssdm": "41", "rs": 2, "zdx": 544.0, "ptx": 544.0, "zycc": "普通类", "fsx": 544.0}, {"remarks": "", "schcode": "", "sex": "", "campus": "", "nf": "2020", "klmc": "理工", "ssmc": "河南", "zylx": "普通类", "zymc": "设施农业科学与工程", "maxScore": 608.0, "minScore": 607.0, "avgScore": 607.2, "avgOrder": 37744, "minOrder": 37744, "maxOrder": 36876, "kl": "", "ssdm": "41", "rs": 4, "zdx": 544.0, "ptx": 544.0, "zycc": "普通类", "fsx": 544.0}, {"remarks": "", "schcode": "", "sex": "", "campus": "", "nf": "2020", "klmc": "理工", "ssmc": "河南", "zylx": "普通类", "zymc": "园林", "maxScore": 616.0, "minScore": 606.0, "avgScore": 608.7, "avgOrder": 35994, "minOrder": 38611, "maxOrder": 30260, "kl": "", "ssdm": "41", "rs": 6, "zdx": 544.0, "ptx": 544.0, "zycc": "普通类", "fsx": 544.0}, {"remarks": "", "schcode": "", "sex": "", "campus": "", "nf": "2020", "klmc": "理工", "ssmc": "河南", "zylx": "普通类", "zymc": "应用气象学", "maxScore": 610.0, "minScore": 608.0, "avgScore": 608.7, "avgOrder": 35994, "minOrder": 36876, "maxOrder": 35130, "kl": "", "ssdm": "41", "rs": 3, "zdx": 544.0, "ptx": 544.0, "zycc": "普通类", "fsx": 544.0}, {"remarks": "", "schcode": "", "sex": "", "campus": "", "nf": "2020", "klmc": "理工", "ssmc": "河南", "zylx": "普通类", "zymc": "生态学", "maxScore": 608.0, "minScore": 606.0, "avgScore": 607.0, "avgOrder": 37744, "minOrder": 38611, "maxOrder": 36876, "kl": "", "ssdm": "41", "rs": 4, "zdx": 544.0, "ptx": 544.0, "zycc": "普通类", "fsx": 544.0}, {"remarks": "", "schcode": "", "sex": "", "campus": "", "nf": "2020", "klmc": "理工", "ssmc": "河南", "zylx": "普通类", "zymc": "环境科学与工程类", "maxScore": 611.0, "minScore": 607.0, "avgScore": 608.2, "avgOrder": 36876, "minOrder": 37744, "maxOrder": 34290, "kl": "", "ssdm": "41", "rs": 4, "zdx": 544.0, "ptx": 544.0, "zycc": "普通类", "fsx": 544.0}, {"remarks": "", "schcode": "", "sex": "", "campus": "", "nf": "2020", "klmc": "理工", "ssmc": "河南", "zylx": "普通类", "zymc": "自然保护与环境生态类", "maxScore": 607.0, "minScore": 606.0, "avgScore": 606.5, "avgOrder": 38611, "minOrder": 38611, "maxOrder": 37744, "kl": "", "ssdm": "41", "rs": 8, "zdx": 544.0, "ptx": 544.0, "zycc": "普通类", "fsx": 544.0}, {"remarks": "", "schcode": "", "sex": "", "campus": "", "nf": "2020", "klmc": "理工", "ssmc": "河南", "zylx": "普通类", "zymc": "农业资源与环境（本硕博班）", "maxScore": 615.0, "minScore": 615.0, "avgScore": 615.0, "avgOrder": 31039, "minOrder": 31039, "maxOrder": 31039, "kl": "", "ssdm": "41", "rs": 1, "zdx": 544.0, "ptx": 544.0, "zycc": "普通类", "fsx": 544.0}, {"remarks": "", "schcode": "", "sex": "", "campus": "", "nf": "2020", "klmc": "理工", "ssmc": "河南", "zylx": "普通类", "zymc": "动物科学", "maxScore": 616.0, "minScore": 606.0, "avgScore": 607.7, "avgOrder": 36876, "minOrder": 38611, "maxOrder": 30260, "kl": "", "ssdm": "41", "rs": 6, "zdx": 544.0, "ptx": 544.0, "zycc": "普通类", "fsx": 544.0}, {"remarks": "", "schcode": "", "sex": "", "campus": "", "nf": "2020", "klmc": "理工", "ssmc": "河南", "zylx": "普通类", "zymc": "水产养殖学", "maxScore": 609.0, "minScore": 592.0, "avgScore": 600.2, "avgOrder": 44162, "minOrder": 52176, "maxOrder": 35994, "kl": "", "ssdm": "41", "rs": 4, "zdx": 544.0, "ptx": 544.0, "zycc": "普通类", "fsx": 544.0}, {"remarks": "", "schcode": "", "sex": "", "campus": "", "nf": "2020", "klmc": "理工", "ssmc": "河南", "zylx": "普通类", "zymc": "草业科学", "maxScore": 606.0, "minScore": 595.0, "avgScore": 599.3, "avgOrder": 45122, "minOrder": 49113, "maxOrder": 38611, "kl": "", "ssdm": "41", "rs": 3, "zdx": 544.0, "ptx": 544.0, "zycc": "普通类", "fsx": 544.0}, {"remarks": "", "schcode": "", "sex": "", "campus": "", "nf": "2020", "klmc": "理工", "ssmc": "河南", "zylx": "普通类", "zymc": "动物医学", "maxScore": 617.0, "minScore": 609.0, "avgScore": 612.0, "avgOrder": 33477, "minOrder": 35994, "maxOrder": 29485, "kl": "", "ssdm": "41", "rs": 3, "zdx": 544.0, "ptx": 544.0, "zycc": "普通类", "fsx": 544.0}, {"remarks": "", "schcode": "", "sex": "", "campus": "", "nf": "2020", "klmc": "理工", "ssmc": "河南", "zylx": "普通类", "zymc": "动物药学", "maxScore": 606.0, "minScore": 606.0, "avgScore": 606.0, "avgOrder": 38611, "minOrder": 38611, "maxOrder": 38611, "kl": "", "ssdm": "41", "rs": 2, "zdx": 544.0, "ptx": 544.0, "zycc": "普通类", "fsx": 544.0}, {"remarks": "", "schcode": "", "sex": "", "campus": "", "nf": "2020", "klmc": "理工", "ssmc": "河南", "zylx": "普通类", "zymc": "机械类", "maxScore": 619.0, "minScore": 610.0, "avgScore": 611.8, "avgOrder": 33477, "minOrder": 35130, "maxOrder": 27959, "kl": "", "ssdm": "41", "rs": 9, "zdx": 544.0, "ptx": 544.0, "zycc": "普通类", "fsx": 544.0}, {"remarks": "", "schcode": "", "sex": "", "campus": "", "nf": "2020", "klmc": "理工", "ssmc": "河南", "zylx": "普通类", "zymc": "农业机械化及其自动化（本硕博班）", "maxScore": 618.0, "minScore": 618.0, "avgScore": 618.0, "avgOrder": 28686, "minOrder": 28686, "maxOrder": 28686, "kl": "", "ssdm": "41", "rs": 1, "zdx": 544.0, "ptx": 544.0, "zycc": "普通类", "fsx": 544.0}, {"remarks": "", "schcode": "", "sex": "", "campus": "", "nf": "2020", "klmc": "理工", "ssmc": "河南", "zylx": "普通类", "zymc": "能源动力类", "maxScore": 613.0, "minScore": 610.0, "avgScore": 611.2, "avgOrder": 34290, "minOrder": 35130, "maxOrder": 32658, "kl": "", "ssdm": "41", "rs": 4, "zdx": 544.0, "ptx": 544.0, "zycc": "普通类", "fsx": 544.0}, {"remarks": "", "schcode": "", "sex": "", "campus": "", "nf": "2020", "klmc": "理工", "ssmc": "河南", "zylx": "普通类", "zymc": "工业工程类", "maxScore": 609.0, "minScore": 607.0, "avgScore": 608.2, "avgOrder": 36876, "minOrder": 37744, "maxOrder": 35994, "kl": "", "ssdm": "41", "rs": 6, "zdx": 544.0, "ptx": 544.0, "zycc": "普通类", "fsx": 544.0}, {"remarks": "", "schcode": "", "sex": "", "campus": "", "nf": "2020", "klmc": "理工", "ssmc": "河南", "zylx": "普通类", "zymc": "电气工程及其自动化", "maxScore": 612.0, "minScore": 612.0, "avgScore": 612.0, "avgOrder": 33477, "minOrder": 33477, "maxOrder": 33477, "kl": "", "ssdm": "41", "rs": 4, "zdx": 544.0, "ptx": 544.0, "zycc": "普通类", "fsx": 544.0}, {"remarks": "", "schcode": "", "sex": "", "campus": "", "nf": "2020", "klmc": "理工", "ssmc": "河南", "zylx": "普通类", "zymc": "计算机科学与技术", "maxScore": 623.0, "minScore": 616.0, "avgScore": 619.0, "avgOrder": 27959, "minOrder": 30260, "maxOrder": 25056, "kl": "", "ssdm": "41", "rs": 5, "zdx": 544.0, "ptx": 544.0, "zycc": "普通类", "fsx": 544.0}, {"remarks": "", "schcode": "", "sex": "", "campus": "", "nf": "2020", "klmc": "理工", "ssmc": "河南", "zylx": "普通类", "zymc": "软件工程", "maxScore": 615.0, "minScore": 613.0, "avgScore": 614.6, "avgOrder": 31039, "minOrder": 32658, "maxOrder": 31039, "kl": "", "ssdm": "41", "rs": 5, "zdx": 544.0, "ptx": 544.0, "zycc": "普通类", "fsx": 544.0}, {"remarks": "", "schcode": "", "sex": "", "campus": "", "nf": "2020", "klmc": "理工", "ssmc": "河南", "zylx": "普通类", "zymc": "物联网工程", "maxScore": 613.0, "minScore": 612.0, "avgScore": 612.4, "avgOrder": 33477, "minOrder": 33477, "maxOrder": 32658, "kl": "", "ssdm": "41", "rs": 5, "zdx": 544.0, "ptx": 544.0, "zycc": "普通类", "fsx": 544.0}, {"remarks": "", "schcode": "", "sex": "", "campus": "", "nf": "2020", "klmc": "理工", "ssmc": "河南", "zylx": "普通类", "zymc": "金融学类", "maxScore": 615.0, "minScore": 610.0, "avgScore": 611.8, "avgOrder": 33477, "minOrder": 35130, "maxOrder": 31039, "kl": "", "ssdm": "41", "rs": 9, "zdx": 544.0, "ptx": 544.0, "zycc": "普通类", "fsx": 544.0}, {"remarks": "", "schcode": "", "sex": "", "campus": "", "nf": "2020", "klmc": "理工", "ssmc": "河南", "zylx": "普通类", "zymc": "生物科学类", "maxScore": 610.0, "minScore": 607.0, "avgScore": 608.6, "avgOrder": 35994, "minOrder": 37744, "maxOrder": 35130, "kl": "", "ssdm": "41", "rs": 10, "zdx": 544.0, "ptx": 544.0, "zycc": "普通类", "fsx": 544.0}, {"remarks": "", "schcode": "", "sex": "", "campus": "", "nf": "2020", "klmc": "理工", "ssmc": "河南", "zylx": "普通类", "zymc": "生物科学（本硕博班）", "maxScore": 617.0, "minScore": 615.0, "avgScore": 616.0, "avgOrder": 30260, "minOrder": 31039, "maxOrder": 29485, "kl": "", "ssdm": "41", "rs": 2, "zdx": 544.0, "ptx": 544.0, "zycc": "普通类", "fsx": 544.0}, {"remarks": "", "schcode": "", "sex": "", "campus": "", "nf": "2020", "klmc": "理工", "ssmc": "河南", "zylx": "普通类", "zymc": "生物工程类", "maxScore": 609.0, "minScore": 606.0, "avgScore": 607.0, "avgOrder": 37744, "minOrder": 38611, "maxOrder": 35994, "kl": "", "ssdm": "41", "rs": 8, "zdx": 544.0, "ptx": 544.0, "zycc": "普通类", "fsx": 544.0}, {"remarks": "", "schcode": "", "sex": "", "campus": "", "nf": "2020", "klmc": "理工", "ssmc": "河南", "zylx": "普通类", "zymc": "食品科学与工程类", "maxScore": 614.0, "minScore": 607.0, "avgScore": 609.0, "avgOrder": 35994, "minOrder": 37744, "maxOrder": 31866, "kl": "", "ssdm": "41", "rs": 11, "zdx": 544.0, "ptx": 544.0, "zycc": "普通类", "fsx": 544.0}, {"remarks": "", "schcode": "", "sex": "", "campus": "", "nf": "2020", "klmc": "理工", "ssmc": "河南", "zylx": "普通类", "zymc": "食品科学与工程（本硕博班）", "maxScore": 618.0, "minScore": 618.0, "avgScore": 618.0, "avgOrder": 28686, "minOrder": 28686, "maxOrder": 28686, "kl": "", "ssdm": "41", "rs": 1, "zdx": 544.0, "ptx": 544.0, "zycc": "普通类", "fsx": 544.0}, {"remarks": "", "schcode": "", "sex": "", "campus": "", "nf": "2020", "klmc": "理工", "ssmc": "河南", "zylx": "普通类", "zymc": "人文地理与城乡规划", "maxScore": 610.0, "minScore": 610.0, "avgScore": 610.0, "avgOrder": 35130, "minOrder": 35130, "maxOrder": 35130, "kl": "", "ssdm": "41", "rs": 3, "zdx": 544.0, "ptx": 544.0, "zycc": "普通类", "fsx": 544.0}, {"remarks": "", "schcode": "", "sex": "", "campus": "", "nf": "2020", "klmc": "理工", "ssmc": "河南", "zylx": "普通类", "zymc": "土地整治工程", "maxScore": 610.0, "minScore": 610.0, "avgScore": 610.0, "avgOrder": 35130, "minOrder": 35130, "maxOrder": 35130, "kl": "", "ssdm": "41", "rs": 2, "zdx": 544.0, "ptx": 544.0, "zycc": "普通类", "fsx": 544.0}, {"remarks": "", "schcode": "", "sex": "", "campus": "", "nf": "2020", "klmc": "理工", "ssmc": "河南", "zylx": "普通类", "zymc": "土地资源管理", "maxScore": 608.0, "minScore": 606.0, "avgScore": 606.8, "avgOrder": 37744, "minOrder": 38611, "maxOrder": 36876, "kl": "", "ssdm": "41", "rs": 4, "zdx": 544.0, "ptx": 544.0, "zycc": "普通类", "fsx": 544.0}, {"remarks": "", "schcode": "", "sex": "", "campus": "", "nf": "2020", "klmc": "理工", "ssmc": "河南", "zylx": "普通类", "zymc": "水利类", "maxScore": 616.0, "minScore": 608.0, "avgScore": 610.2, "avgOrder": 35130, "minOrder": 36876, "maxOrder": 30260, "kl": "", "ssdm": "41", "rs": 9, "zdx": 544.0, "ptx": 544.0, "zycc": "普通类", "fsx": 544.0}, {"remarks": "", "schcode": "", "sex": "", "campus": "", "nf": "2020", "klmc": "理工", "ssmc": "河南", "zylx": "普通类", "zymc": "土木工程", "maxScore": 611.0, "minScore": 610.0, "avgScore": 610.4, "avgOrder": 35130, "minOrder": 35130, "maxOrder": 34290, "kl": "", "ssdm": "41", "rs": 5, "zdx": 544.0, "ptx": 544.0, "zycc": "普通类", "fsx": 544.0}, {"remarks": "", "schcode": "", "sex": "", "campus": "", "nf": "2020", "klmc": "理工", "ssmc": "河南", "zylx": "普通类", "zymc": "工程管理", "maxScore": 614.0, "minScore": 608.0, "avgScore": 610.0, "avgOrder": 35130, "minOrder": 36876, "maxOrder": 31866, "kl": "", "ssdm": "41", "rs": 5, "zdx": 544.0, "ptx": 544.0, "zycc": "普通类", "fsx": 544.0}, {"remarks": "", "schcode": "", "sex": "", "campus": "", "nf": "2020", "klmc": "理工", "ssmc": "河南", "zylx": "普通类", "zymc": "统计学类", "maxScore": 615.0, "minScore": 611.0, "avgScore": 612.4, "avgOrder": 33477, "minOrder": 34290, "maxOrder": 31039, "kl": "", "ssdm": "41", "rs": 5, "zdx": 544.0, "ptx": 544.0, "zycc": "普通类", "fsx": 544.0}, {"remarks": "", "schcode": "", "sex": "", "campus": "", "nf": "2020", "klmc": "理工", "ssmc": "河南", "zylx": "普通类", "zymc": "应用化学", "maxScore": 610.0, "minScore": 608.0, "avgScore": 608.7, "avgOrder": 35994, "minOrder": 36876, "maxOrder": 35130, "kl": "", "ssdm": "41", "rs": 3, "zdx": 544.0, "ptx": 544.0, "zycc": "普通类", "fsx": 544.0}, {"remarks": "", "schcode": "", "sex": "", "campus": "", "nf": "2020", "klmc": "理工", "ssmc": "河南", "zylx": "普通类", "zymc": "化学生物学", "maxScore": 608.0, "minScore": 607.0, "avgScore": 607.3, "avgOrder": 37744, "minOrder": 37744, "maxOrder": 36876, "kl": "", "ssdm": "41", "rs": 3, "zdx": 544.0, "ptx": 544.0, "zycc": "普通类", "fsx": 544.0}], "withYsl": false}, "jessionid": "be6fea6da6d947ea968a0aa03c8d00d3"}