{"state": 1, "msg": "操作成功", "data": {"zsSsgradeList": [{"remarks": "", "schcode": "", "sex": "", "campus": "", "nf": "2020", "klmc": "理工", "ssmc": "陕西", "zylx": "普通类", "kl": "5", "ssdm": "61", "rs": 43, "zdx": 451.0, "ptx": 451.0, "minScore": 512.0, "minOrder": 29201, "avgScore": 519.0, "avgOrder": 26480, "maxScore": 537.0, "maxOrder": 20347, "zycc": "普通类", "fsx": 451.0}], "sszygradeList": [{"remarks": "", "schcode": "", "sex": "", "campus": "", "nf": "2020", "klmc": "理工", "ssmc": "陕西", "zylx": "普通类", "zymc": "农学", "maxScore": 515.0, "minScore": 515.0, "avgScore": 515.0, "avgOrder": 28052, "minOrder": 28052, "maxOrder": 28052, "kl": "", "ssdm": "61", "rs": 3, "zdx": 451.0, "ptx": 451.0, "zycc": "普通类", "fsx": 451.0}, {"remarks": "", "schcode": "", "sex": "", "campus": "", "nf": "2020", "klmc": "理工", "ssmc": "陕西", "zylx": "普通类", "zymc": "应用气象学", "maxScore": 517.0, "minScore": 514.0, "avgScore": 515.5, "avgOrder": 27642, "minOrder": 28403, "maxOrder": 27232, "kl": "", "ssdm": "61", "rs": 2, "zdx": 451.0, "ptx": 451.0, "zycc": "普通类", "fsx": 451.0}, {"remarks": "", "schcode": "", "sex": "", "campus": "", "nf": "2020", "klmc": "理工", "ssmc": "陕西", "zylx": "普通类", "zymc": "动物科学", "maxScore": 526.0, "minScore": 514.0, "avgScore": 518.5, "avgOrder": 26837, "minOrder": 28403, "maxOrder": 23964, "kl": "", "ssdm": "61", "rs": 4, "zdx": 451.0, "ptx": 451.0, "zycc": "普通类", "fsx": 451.0}, {"remarks": "", "schcode": "", "sex": "", "campus": "", "nf": "2020", "klmc": "理工", "ssmc": "陕西", "zylx": "普通类", "zymc": "机械类", "maxScore": 518.0, "minScore": 513.0, "avgScore": 514.6, "avgOrder": 28052, "minOrder": 28787, "maxOrder": 26837, "kl": "", "ssdm": "61", "rs": 5, "zdx": 451.0, "ptx": 451.0, "zycc": "普通类", "fsx": 451.0}, {"remarks": "", "schcode": "", "sex": "", "campus": "", "nf": "2020", "klmc": "理工", "ssmc": "陕西", "zylx": "普通类", "zymc": "电气工程及其自动化", "maxScore": 527.0, "minScore": 521.0, "avgScore": 524.0, "avgOrder": 24677, "minOrder": 25773, "maxOrder": 23633, "kl": "", "ssdm": "61", "rs": 2, "zdx": 451.0, "ptx": 451.0, "zycc": "普通类", "fsx": 451.0}, {"remarks": "", "schcode": "", "sex": "", "campus": "", "nf": "2020", "klmc": "理工", "ssmc": "陕西", "zylx": "普通类", "zymc": "计算机科学与技术", "maxScore": 537.0, "minScore": 533.0, "avgScore": 535.0, "avgOrder": 20969, "minOrder": 21606, "maxOrder": 20347, "kl": "", "ssdm": "61", "rs": 2, "zdx": 451.0, "ptx": 451.0, "zycc": "普通类", "fsx": 451.0}, {"remarks": "", "schcode": "", "sex": "", "campus": "", "nf": "2020", "klmc": "理工", "ssmc": "陕西", "zylx": "普通类", "zymc": "软件工程", "maxScore": 533.0, "minScore": 527.0, "avgScore": 530.0, "avgOrder": 22597, "minOrder": 23633, "maxOrder": 21606, "kl": "", "ssdm": "61", "rs": 2, "zdx": 451.0, "ptx": 451.0, "zycc": "普通类", "fsx": 451.0}, {"remarks": "", "schcode": "", "sex": "", "campus": "", "nf": "2020", "klmc": "理工", "ssmc": "陕西", "zylx": "普通类", "zymc": "金融学类", "maxScore": 523.0, "minScore": 519.0, "avgScore": 520.2, "avgOrder": 26112, "minOrder": 26480, "maxOrder": 25034, "kl": "", "ssdm": "61", "rs": 4, "zdx": 451.0, "ptx": 451.0, "zycc": "普通类", "fsx": 451.0}, {"remarks": "", "schcode": "", "sex": "", "campus": "", "nf": "2020", "klmc": "理工", "ssmc": "陕西", "zylx": "普通类", "zymc": "生物科学类", "maxScore": 522.0, "minScore": 519.0, "avgScore": 520.5, "avgOrder": 26112, "minOrder": 26480, "maxOrder": 25401, "kl": "", "ssdm": "61", "rs": 4, "zdx": 451.0, "ptx": 451.0, "zycc": "普通类", "fsx": 451.0}, {"remarks": "", "schcode": "", "sex": "", "campus": "", "nf": "2020", "klmc": "理工", "ssmc": "陕西", "zylx": "普通类", "zymc": "生物工程类", "maxScore": 518.0, "minScore": 514.0, "avgScore": 515.8, "avgOrder": 27642, "minOrder": 28403, "maxOrder": 26837, "kl": "", "ssdm": "61", "rs": 4, "zdx": 451.0, "ptx": 451.0, "zycc": "普通类", "fsx": 451.0}, {"remarks": "", "schcode": "", "sex": "", "campus": "", "nf": "2020", "klmc": "理工", "ssmc": "陕西", "zylx": "普通类", "zymc": "食品科学与工程类", "maxScore": 524.0, "minScore": 515.0, "avgScore": 517.8, "avgOrder": 26837, "minOrder": 28052, "maxOrder": 24677, "kl": "", "ssdm": "61", "rs": 4, "zdx": 451.0, "ptx": 451.0, "zycc": "普通类", "fsx": 451.0}, {"remarks": "", "schcode": "", "sex": "", "campus": "", "nf": "2020", "klmc": "理工", "ssmc": "陕西", "zylx": "普通类", "zymc": "水利类", "maxScore": 533.0, "minScore": 513.0, "avgScore": 519.5, "avgOrder": 26112, "minOrder": 28787, "maxOrder": 21606, "kl": "", "ssdm": "61", "rs": 4, "zdx": 451.0, "ptx": 451.0, "zycc": "普通类", "fsx": 451.0}, {"remarks": "", "schcode": "", "sex": "", "campus": "", "nf": "2020", "klmc": "理工", "ssmc": "陕西", "zylx": "普通类", "zymc": "工程管理", "maxScore": 517.0, "minScore": 512.0, "avgScore": 513.7, "avgOrder": 28403, "minOrder": 29201, "maxOrder": 27232, "kl": "", "ssdm": "61", "rs": 3, "zdx": 451.0, "ptx": 451.0, "zycc": "普通类", "fsx": 451.0}], "withYsl": false}, "jessionid": "be6fea6da6d947ea968a0aa03c8d00d3"}