{"state": 1, "msg": "操作成功", "data": {"zsSsgradeList": [{"remarks": "详见分专业录取情况", "schcode": "", "sex": "", "campus": "", "nf": "2020", "klmc": "艺术(不分文理)", "ssmc": "河北", "zylx": "艺术批", "kl": "A", "ssdm": "13", "rs": 34, "zycc": "艺术批"}], "sszygradeList": [{"remarks": "综合分", "schcode": "", "sex": "", "campus": "", "nf": "2020", "klmc": "艺术(不分文理)", "ssmc": "河北", "zylx": "艺术批", "zymc": "音乐表演（竹笛）", "maxScore": 574.0, "minScore": 544.0, "avgScore": 559.0, "kl": "", "ssdm": "13", "rs": 2, "zycc": "艺术批"}, {"remarks": "综合分", "schcode": "", "sex": "", "campus": "", "nf": "2020", "klmc": "艺术(不分文理)", "ssmc": "河北", "zylx": "艺术批", "zymc": "音乐表演（琵琶）", "maxScore": 537.0, "minScore": 530.0, "avgScore": 533.5, "kl": "", "ssdm": "13", "rs": 2, "zycc": "艺术批"}, {"remarks": "综合分", "schcode": "", "sex": "", "campus": "", "nf": "2020", "klmc": "艺术(不分文理)", "ssmc": "河北", "zylx": "艺术批", "zymc": "音乐表演（扬琴）", "maxScore": 551.0, "minScore": 529.0, "avgScore": 540.0, "kl": "", "ssdm": "13", "rs": 2, "zycc": "艺术批"}, {"remarks": "综合分", "schcode": "", "sex": "", "campus": "", "nf": "2020", "klmc": "艺术(不分文理)", "ssmc": "河北", "zylx": "艺术批", "zymc": "音乐表演（二胡）", "maxScore": 552.0, "minScore": 528.0, "avgScore": 538.7, "kl": "", "ssdm": "13", "rs": 3, "zycc": "艺术批"}, {"remarks": "综合分", "schcode": "", "sex": "", "campus": "", "nf": "2020", "klmc": "艺术(不分文理)", "ssmc": "河北", "zylx": "艺术批", "zymc": "音乐表演（钢琴）", "maxScore": 543.0, "minScore": 519.0, "avgScore": 526.6, "kl": "", "ssdm": "13", "rs": 5, "zycc": "艺术批"}, {"remarks": "综合分", "schcode": "", "sex": "", "campus": "", "nf": "2020", "klmc": "艺术(不分文理)", "ssmc": "河北", "zylx": "艺术批", "zymc": "音乐表演（唢呐）", "maxScore": 497.0, "minScore": 495.0, "avgScore": 496.0, "kl": "", "ssdm": "13", "rs": 2, "zycc": "艺术批"}, {"remarks": "综合分", "schcode": "", "sex": "", "campus": "", "nf": "2020", "klmc": "艺术(不分文理)", "ssmc": "河北", "zylx": "艺术批", "zymc": "音乐表演（中阮）", "maxScore": 510.0, "minScore": 495.0, "avgScore": 502.5, "kl": "", "ssdm": "13", "rs": 2, "zycc": "艺术批"}, {"remarks": "综合分", "schcode": "", "sex": "", "campus": "", "nf": "2020", "klmc": "艺术(不分文理)", "ssmc": "河北", "zylx": "艺术批", "zymc": "音乐表演（笙）", "maxScore": 535.0, "minScore": 478.0, "avgScore": 497.3, "kl": "", "ssdm": "13", "rs": 3, "zycc": "艺术批"}, {"remarks": "综合分", "schcode": "", "sex": "", "campus": "", "nf": "2020", "klmc": "艺术(不分文理)", "ssmc": "河北", "zylx": "艺术批", "zymc": "音乐表演（民族打击乐）", "maxScore": 501.0, "minScore": 467.0, "avgScore": 484.0, "kl": "", "ssdm": "13", "rs": 2, "zycc": "艺术批"}, {"remarks": "综合分", "schcode": "", "sex": "", "campus": "", "nf": "2020", "klmc": "艺术(不分文理)", "ssmc": "河北", "zylx": "艺术批", "zymc": "音乐表演（大提琴）", "maxScore": 474.0, "minScore": 449.0, "avgScore": 461.5, "kl": "", "ssdm": "13", "rs": 2, "zycc": "艺术批"}, {"remarks": "综合分", "schcode": "", "sex": "", "campus": "", "nf": "2020", "klmc": "艺术(不分文理)", "ssmc": "河北", "zylx": "艺术批", "zymc": "音乐表演（低音提琴）", "maxScore": 452.0, "minScore": 439.0, "avgScore": 445.5, "kl": "", "ssdm": "13", "rs": 2, "zycc": "艺术批"}, {"remarks": "综合分", "schcode": "", "sex": "", "campus": "", "nf": "2020", "klmc": "艺术(不分文理)", "ssmc": "河北", "zylx": "艺术批", "zymc": "音乐表演（声乐）", "maxScore": 565.0, "minScore": 551.0, "avgScore": 557.9, "kl": "", "ssdm": "13", "rs": 7, "zycc": "艺术批"}, {"remarks": "综合分", "schcode": "", "sex": "", "campus": "", "nf": "2020", "klmc": "艺术(不分文理)", "ssmc": "河北", "zylx": "艺术批", "zymc": "视觉传达设计", "maxScore": 591.0, "minScore": 565.0, "avgScore": 571.9, "kl": "", "ssdm": "13", "rs": 15, "zycc": "艺术批"}, {"remarks": "综合分", "schcode": "", "sex": "", "campus": "", "nf": "2020", "klmc": "艺术(不分文理)", "ssmc": "河北", "zylx": "艺术批", "zymc": "环境设计", "maxScore": 584.0, "minScore": 566.0, "avgScore": 571.0, "kl": "", "ssdm": "13", "rs": 10, "zycc": "艺术批"}], "withYsl": false}, "jessionid": "be6fea6da6d947ea968a0aa03c8d00d3"}