{"state": 1, "msg": "操作成功", "data": {"zsSsgradeList": [{"remarks": "", "schcode": "", "sex": "", "campus": "", "nf": "2017", "klmc": "文史", "ssmc": "内蒙古", "zylx": "蒙授", "kl": "1", "ssdm": "15", "rs": 2, "minScore": 502.0, "minOrder": 3817, "avgScore": 504.0, "avgOrder": 3652, "maxScore": 506.0, "maxOrder": 3486, "zycc": "蒙授"}], "sszygradeList": [{"remarks": "", "schcode": "", "sex": "", "campus": "", "nf": "2017", "klmc": "文史", "ssmc": "内蒙古", "zylx": "蒙授", "zymc": "金融学类（经济学）", "maxScore": 506.0, "minScore": 502.0, "avgScore": 504.0, "kl": "", "ssdm": "15", "rs": 2, "zycc": "蒙授"}], "withYsl": false}, "jessionid": "be6fea6da6d947ea968a0aa03c8d00d3"}