{"state": 1, "msg": "操作成功", "data": {"zsSsgradeList": [{"remarks": "", "schcode": "", "sex": "", "campus": "", "nf": "2018", "klmc": "理工", "ssmc": "云南", "zylx": "国家专项", "kl": "5", "ssdm": "53", "rs": 6, "zdx": 530.0, "ptx": 530.0, "minScore": 550.0, "minOrder": 23882, "avgScore": 559.0, "avgOrder": 20635, "maxScore": 570.0, "maxOrder": 17053, "zycc": "国家专项", "fsx": 530.0}], "sszygradeList": [{"remarks": "", "schcode": "", "sex": "", "campus": "", "nf": "2018", "klmc": "理工", "ssmc": "云南", "zylx": "国家专项", "zymc": "机械类", "maxScore": 570.0, "minScore": 552.0, "avgScore": 561.0, "avgOrder": 19925, "minOrder": 23167, "maxOrder": 17053, "kl": "", "ssdm": "53", "rs": 2, "zdx": 530.0, "ptx": 530.0, "zycc": "国家专项", "fsx": 530.0}, {"remarks": "", "schcode": "", "sex": "", "campus": "", "nf": "2018", "klmc": "理工", "ssmc": "云南", "zylx": "国家专项", "zymc": "金融学类", "maxScore": 559.0, "minScore": 559.0, "avgScore": 559.0, "avgOrder": 20635, "minOrder": 20635, "maxOrder": 20635, "kl": "", "ssdm": "53", "rs": 2, "zdx": 530.0, "ptx": 530.0, "zycc": "国家专项", "fsx": 530.0}, {"remarks": "", "schcode": "", "sex": "", "campus": "", "nf": "2018", "klmc": "理工", "ssmc": "云南", "zylx": "国家专项", "zymc": "食品科学与工程类", "maxScore": 546.0, "minScore": 542.0, "avgScore": 544.0, "avgOrder": 26156, "minOrder": 26898, "maxOrder": 25385, "kl": "", "ssdm": "53", "rs": 2, "zdx": 530.0, "ptx": 530.0, "zycc": "国家专项", "fsx": 530.0}, {"remarks": "", "schcode": "", "sex": "", "campus": "", "nf": "2018", "klmc": "理工", "ssmc": "云南", "zylx": "国家专项", "zymc": "工程管理", "maxScore": 564.0, "minScore": 550.0, "avgScore": 557.0, "avgOrder": 21365, "minOrder": 23882, "maxOrder": 18963, "kl": "", "ssdm": "53", "rs": 2, "zdx": 530.0, "ptx": 530.0, "zycc": "国家专项", "fsx": 530.0}], "withYsl": false}, "jessionid": "be6fea6da6d947ea968a0aa03c8d00d3"}