{"state": 1, "msg": "操作成功", "data": {"zsSsgradeList": [{"remarks": "", "schcode": "", "sex": "", "campus": "", "nf": "2020", "klmc": "理工", "ssmc": "河北", "zylx": "普通类", "kl": "5", "ssdm": "13", "rs": 91, "zdx": 415.0, "ptx": 415.0, "minScore": 608.0, "minOrder": 26325, "avgScore": 610.3, "avgOrder": 25064, "maxScore": 632.0, "maxOrder": 13750, "zycc": "普通类", "fsx": 415.0}], "sszygradeList": [{"remarks": "", "schcode": "", "sex": "", "campus": "", "nf": "2020", "klmc": "理工", "ssmc": "河北", "zylx": "普通类", "zymc": "农学", "maxScore": 610.0, "minScore": 609.0, "avgScore": 609.5, "avgOrder": 25064, "minOrder": 25672, "maxOrder": 25064, "kl": "", "ssdm": "13", "rs": 2, "zdx": 415.0, "ptx": 415.0, "zycc": "普通类", "fsx": 415.0}, {"remarks": "", "schcode": "", "sex": "", "campus": "", "nf": "2020", "klmc": "理工", "ssmc": "河北", "zylx": "普通类", "zymc": "农学（本硕博班）", "maxScore": 611.0, "minScore": 609.0, "avgScore": 610.0, "avgOrder": 25064, "minOrder": 25672, "maxOrder": 24487, "kl": "", "ssdm": "13", "rs": 2, "zdx": 415.0, "ptx": 415.0, "zycc": "普通类", "fsx": 415.0}, {"remarks": "", "schcode": "", "sex": "", "campus": "", "nf": "2020", "klmc": "理工", "ssmc": "河北", "zylx": "普通类", "zymc": "植物保护", "maxScore": 609.0, "minScore": 608.0, "avgScore": 608.5, "avgOrder": 26325, "minOrder": 26325, "maxOrder": 25672, "kl": "", "ssdm": "13", "rs": 2, "zdx": 415.0, "ptx": 415.0, "zycc": "普通类", "fsx": 415.0}, {"remarks": "", "schcode": "", "sex": "", "campus": "", "nf": "2020", "klmc": "理工", "ssmc": "河北", "zylx": "普通类", "zymc": "植物科学与技术", "maxScore": 609.0, "minScore": 608.0, "avgScore": 608.5, "avgOrder": 26325, "minOrder": 26325, "maxOrder": 25672, "kl": "", "ssdm": "13", "rs": 2, "zdx": 415.0, "ptx": 415.0, "zycc": "普通类", "fsx": 415.0}, {"remarks": "", "schcode": "", "sex": "", "campus": "", "nf": "2020", "klmc": "理工", "ssmc": "河北", "zylx": "普通类", "zymc": "种子科学与工程", "maxScore": 608.0, "minScore": 608.0, "avgScore": 608.0, "avgOrder": 26325, "minOrder": 26325, "maxOrder": 26325, "kl": "", "ssdm": "13", "rs": 2, "zdx": 415.0, "ptx": 415.0, "zycc": "普通类", "fsx": 415.0}, {"remarks": "", "schcode": "", "sex": "", "campus": "", "nf": "2020", "klmc": "理工", "ssmc": "河北", "zylx": "普通类", "zymc": "园艺", "maxScore": 615.0, "minScore": 608.0, "avgScore": 610.3, "avgOrder": 25064, "minOrder": 26325, "maxOrder": 22208, "kl": "", "ssdm": "13", "rs": 3, "zdx": 415.0, "ptx": 415.0, "zycc": "普通类", "fsx": 415.0}, {"remarks": "", "schcode": "", "sex": "", "campus": "", "nf": "2020", "klmc": "理工", "ssmc": "河北", "zylx": "普通类", "zymc": "园艺（本硕博班）", "maxScore": 609.0, "minScore": 609.0, "avgScore": 609.0, "avgOrder": 25672, "minOrder": 25672, "maxOrder": 25672, "kl": "", "ssdm": "13", "rs": 2, "zdx": 415.0, "ptx": 415.0, "zycc": "普通类", "fsx": 415.0}, {"remarks": "", "schcode": "", "sex": "", "campus": "", "nf": "2020", "klmc": "理工", "ssmc": "河北", "zylx": "普通类", "zymc": "设施农业科学与工程", "maxScore": 609.0, "minScore": 609.0, "avgScore": 609.0, "avgOrder": 25672, "minOrder": 25672, "maxOrder": 25672, "kl": "", "ssdm": "13", "rs": 2, "zdx": 415.0, "ptx": 415.0, "zycc": "普通类", "fsx": 415.0}, {"remarks": "", "schcode": "", "sex": "", "campus": "", "nf": "2020", "klmc": "理工", "ssmc": "河北", "zylx": "普通类", "zymc": "园林", "maxScore": 611.0, "minScore": 609.0, "avgScore": 610.0, "avgOrder": 25064, "minOrder": 25672, "maxOrder": 24487, "kl": "", "ssdm": "13", "rs": 3, "zdx": 415.0, "ptx": 415.0, "zycc": "普通类", "fsx": 415.0}, {"remarks": "", "schcode": "", "sex": "", "campus": "", "nf": "2020", "klmc": "理工", "ssmc": "河北", "zylx": "普通类", "zymc": "应用气象学", "maxScore": 609.0, "minScore": 608.0, "avgScore": 608.7, "avgOrder": 25672, "minOrder": 26325, "maxOrder": 25672, "kl": "", "ssdm": "13", "rs": 3, "zdx": 415.0, "ptx": 415.0, "zycc": "普通类", "fsx": 415.0}, {"remarks": "", "schcode": "", "sex": "", "campus": "", "nf": "2020", "klmc": "理工", "ssmc": "河北", "zylx": "普通类", "zymc": "生态学", "maxScore": 610.0, "minScore": 609.0, "avgScore": 609.3, "avgOrder": 25672, "minOrder": 25672, "maxOrder": 25064, "kl": "", "ssdm": "13", "rs": 3, "zdx": 415.0, "ptx": 415.0, "zycc": "普通类", "fsx": 415.0}, {"remarks": "", "schcode": "", "sex": "", "campus": "", "nf": "2020", "klmc": "理工", "ssmc": "河北", "zylx": "普通类", "zymc": "自然保护与环境生态类", "maxScore": 610.0, "minScore": 608.0, "avgScore": 609.0, "avgOrder": 25672, "minOrder": 26325, "maxOrder": 25064, "kl": "", "ssdm": "13", "rs": 2, "zdx": 415.0, "ptx": 415.0, "zycc": "普通类", "fsx": 415.0}, {"remarks": "", "schcode": "", "sex": "", "campus": "", "nf": "2020", "klmc": "理工", "ssmc": "河北", "zylx": "普通类", "zymc": "农业资源与环境（本硕博班）", "maxScore": 612.0, "minScore": 612.0, "avgScore": 612.0, "avgOrder": 23913, "minOrder": 23913, "maxOrder": 23913, "kl": "", "ssdm": "13", "rs": 2, "zdx": 415.0, "ptx": 415.0, "zycc": "普通类", "fsx": 415.0}, {"remarks": "", "schcode": "", "sex": "", "campus": "", "nf": "2020", "klmc": "理工", "ssmc": "河北", "zylx": "普通类", "zymc": "动物科学", "maxScore": 609.0, "minScore": 608.0, "avgScore": 608.3, "avgOrder": 26325, "minOrder": 26325, "maxOrder": 25672, "kl": "", "ssdm": "13", "rs": 3, "zdx": 415.0, "ptx": 415.0, "zycc": "普通类", "fsx": 415.0}, {"remarks": "", "schcode": "", "sex": "", "campus": "", "nf": "2020", "klmc": "理工", "ssmc": "河北", "zylx": "普通类", "zymc": "动物医学（本硕博班）", "maxScore": 616.0, "minScore": 612.0, "avgScore": 614.0, "avgOrder": 22806, "minOrder": 23913, "maxOrder": 21637, "kl": "", "ssdm": "13", "rs": 2, "zdx": 415.0, "ptx": 415.0, "zycc": "普通类", "fsx": 415.0}, {"remarks": "", "schcode": "", "sex": "", "campus": "", "nf": "2020", "klmc": "理工", "ssmc": "河北", "zylx": "普通类", "zymc": "动物药学", "maxScore": 608.0, "minScore": 608.0, "avgScore": 608.0, "avgOrder": 26325, "minOrder": 26325, "maxOrder": 26325, "kl": "", "ssdm": "13", "rs": 2, "zdx": 415.0, "ptx": 415.0, "zycc": "普通类", "fsx": 415.0}, {"remarks": "", "schcode": "", "sex": "", "campus": "", "nf": "2020", "klmc": "理工", "ssmc": "河北", "zylx": "普通类", "zymc": "机械类", "maxScore": 612.0, "minScore": 610.0, "avgScore": 610.8, "avgOrder": 24487, "minOrder": 25064, "maxOrder": 23913, "kl": "", "ssdm": "13", "rs": 5, "zdx": 415.0, "ptx": 415.0, "zycc": "普通类", "fsx": 415.0}, {"remarks": "", "schcode": "", "sex": "", "campus": "", "nf": "2020", "klmc": "理工", "ssmc": "河北", "zylx": "普通类", "zymc": "农业机械化及其自动化（本硕博班）", "maxScore": 613.0, "minScore": 613.0, "avgScore": 613.0, "avgOrder": 23347, "minOrder": 23347, "maxOrder": 23347, "kl": "", "ssdm": "13", "rs": 1, "zdx": 415.0, "ptx": 415.0, "zycc": "普通类", "fsx": 415.0}, {"remarks": "", "schcode": "", "sex": "", "campus": "", "nf": "2020", "klmc": "理工", "ssmc": "河北", "zylx": "普通类", "zymc": "工业工程类", "maxScore": 610.0, "minScore": 609.0, "avgScore": 609.7, "avgOrder": 25064, "minOrder": 25672, "maxOrder": 25064, "kl": "", "ssdm": "13", "rs": 3, "zdx": 415.0, "ptx": 415.0, "zycc": "普通类", "fsx": 415.0}, {"remarks": "", "schcode": "", "sex": "", "campus": "", "nf": "2020", "klmc": "理工", "ssmc": "河北", "zylx": "普通类", "zymc": "电气工程及其自动化", "maxScore": 614.0, "minScore": 612.0, "avgScore": 613.0, "avgOrder": 23347, "minOrder": 23913, "maxOrder": 22806, "kl": "", "ssdm": "13", "rs": 2, "zdx": 415.0, "ptx": 415.0, "zycc": "普通类", "fsx": 415.0}, {"remarks": "", "schcode": "", "sex": "", "campus": "", "nf": "2020", "klmc": "理工", "ssmc": "河北", "zylx": "普通类", "zymc": "计算机科学与技术", "maxScore": 614.0, "minScore": 614.0, "avgScore": 614.0, "avgOrder": 22806, "minOrder": 22806, "maxOrder": 22806, "kl": "", "ssdm": "13", "rs": 2, "zdx": 415.0, "ptx": 415.0, "zycc": "普通类", "fsx": 415.0}, {"remarks": "", "schcode": "", "sex": "", "campus": "", "nf": "2020", "klmc": "理工", "ssmc": "河北", "zylx": "普通类", "zymc": "农业电气化", "maxScore": 610.0, "minScore": 609.0, "avgScore": 609.3, "avgOrder": 25672, "minOrder": 25672, "maxOrder": 25064, "kl": "", "ssdm": "13", "rs": 3, "zdx": 415.0, "ptx": 415.0, "zycc": "普通类", "fsx": 415.0}, {"remarks": "", "schcode": "", "sex": "", "campus": "", "nf": "2020", "klmc": "理工", "ssmc": "河北", "zylx": "普通类", "zymc": "金融学类", "maxScore": 614.0, "minScore": 610.0, "avgScore": 611.8, "avgOrder": 23913, "minOrder": 25064, "maxOrder": 22806, "kl": "", "ssdm": "13", "rs": 4, "zdx": 415.0, "ptx": 415.0, "zycc": "普通类", "fsx": 415.0}, {"remarks": "", "schcode": "", "sex": "", "campus": "", "nf": "2020", "klmc": "理工", "ssmc": "河北", "zylx": "普通类", "zymc": "农林经济管理（本硕博班）", "maxScore": 632.0, "minScore": 611.0, "avgScore": 621.5, "avgOrder": 18484, "minOrder": 24487, "maxOrder": 13750, "kl": "", "ssdm": "13", "rs": 2, "zdx": 415.0, "ptx": 415.0, "zycc": "普通类", "fsx": 415.0}, {"remarks": "", "schcode": "", "sex": "", "campus": "", "nf": "2020", "klmc": "理工", "ssmc": "河北", "zylx": "普通类", "zymc": "生物科学类", "maxScore": 612.0, "minScore": 609.0, "avgScore": 609.8, "avgOrder": 25064, "minOrder": 25672, "maxOrder": 23913, "kl": "", "ssdm": "13", "rs": 4, "zdx": 415.0, "ptx": 415.0, "zycc": "普通类", "fsx": 415.0}, {"remarks": "", "schcode": "", "sex": "", "campus": "", "nf": "2020", "klmc": "理工", "ssmc": "河北", "zylx": "普通类", "zymc": "生物工程类", "maxScore": 611.0, "minScore": 608.0, "avgScore": 610.0, "avgOrder": 25064, "minOrder": 26325, "maxOrder": 24487, "kl": "", "ssdm": "13", "rs": 3, "zdx": 415.0, "ptx": 415.0, "zycc": "普通类", "fsx": 415.0}, {"remarks": "", "schcode": "", "sex": "", "campus": "", "nf": "2020", "klmc": "理工", "ssmc": "河北", "zylx": "普通类", "zymc": "食品科学与工程类", "maxScore": 614.0, "minScore": 609.0, "avgScore": 611.0, "avgOrder": 24487, "minOrder": 25672, "maxOrder": 22806, "kl": "", "ssdm": "13", "rs": 3, "zdx": 415.0, "ptx": 415.0, "zycc": "普通类", "fsx": 415.0}, {"remarks": "", "schcode": "", "sex": "", "campus": "", "nf": "2020", "klmc": "理工", "ssmc": "河北", "zylx": "普通类", "zymc": "人文地理与城乡规划", "maxScore": 609.0, "minScore": 608.0, "avgScore": 608.3, "avgOrder": 26325, "minOrder": 26325, "maxOrder": 25672, "kl": "", "ssdm": "13", "rs": 3, "zdx": 415.0, "ptx": 415.0, "zycc": "普通类", "fsx": 415.0}, {"remarks": "", "schcode": "", "sex": "", "campus": "", "nf": "2020", "klmc": "理工", "ssmc": "河北", "zylx": "普通类", "zymc": "土地整治工程", "maxScore": 610.0, "minScore": 608.0, "avgScore": 608.7, "avgOrder": 25672, "minOrder": 26325, "maxOrder": 25064, "kl": "", "ssdm": "13", "rs": 3, "zdx": 415.0, "ptx": 415.0, "zycc": "普通类", "fsx": 415.0}, {"remarks": "", "schcode": "", "sex": "", "campus": "", "nf": "2020", "klmc": "理工", "ssmc": "河北", "zylx": "普通类", "zymc": "水利类", "maxScore": 610.0, "minScore": 608.0, "avgScore": 609.0, "avgOrder": 25672, "minOrder": 26325, "maxOrder": 25064, "kl": "", "ssdm": "13", "rs": 4, "zdx": 415.0, "ptx": 415.0, "zycc": "普通类", "fsx": 415.0}, {"remarks": "", "schcode": "", "sex": "", "campus": "", "nf": "2020", "klmc": "理工", "ssmc": "河北", "zylx": "普通类", "zymc": "土木工程", "maxScore": 613.0, "minScore": 611.0, "avgScore": 612.0, "avgOrder": 23913, "minOrder": 24487, "maxOrder": 23347, "kl": "", "ssdm": "13", "rs": 3, "zdx": 415.0, "ptx": 415.0, "zycc": "普通类", "fsx": 415.0}, {"remarks": "", "schcode": "", "sex": "", "campus": "", "nf": "2020", "klmc": "理工", "ssmc": "河北", "zylx": "普通类", "zymc": "工程管理", "maxScore": 610.0, "minScore": 608.0, "avgScore": 609.3, "avgOrder": 25672, "minOrder": 26325, "maxOrder": 25064, "kl": "", "ssdm": "13", "rs": 3, "zdx": 415.0, "ptx": 415.0, "zycc": "普通类", "fsx": 415.0}, {"remarks": "", "schcode": "", "sex": "", "campus": "", "nf": "2020", "klmc": "理工", "ssmc": "河北", "zylx": "普通类", "zymc": "应用化学", "maxScore": 611.0, "minScore": 609.0, "avgScore": 610.3, "avgOrder": 25064, "minOrder": 25672, "maxOrder": 24487, "kl": "", "ssdm": "13", "rs": 3, "zdx": 415.0, "ptx": 415.0, "zycc": "普通类", "fsx": 415.0}, {"remarks": "", "schcode": "", "sex": "", "campus": "", "nf": "2020", "klmc": "理工", "ssmc": "河北", "zylx": "普通类", "zymc": "化学生物学", "maxScore": 612.0, "minScore": 609.0, "avgScore": 610.0, "avgOrder": 25064, "minOrder": 25672, "maxOrder": 23913, "kl": "", "ssdm": "13", "rs": 3, "zdx": 415.0, "ptx": 415.0, "zycc": "普通类", "fsx": 415.0}], "withYsl": false}, "jessionid": "be6fea6da6d947ea968a0aa03c8d00d3"}