{"state": 1, "msg": "操作成功", "data": {"zsSsgradeList": [{"remarks": "", "schcode": "", "sex": "", "campus": "", "nf": "2017", "klmc": "理工", "ssmc": "重庆", "zylx": "普通类", "kl": "5", "ssdm": "50", "rs": 23, "zdx": 492.0, "ptx": 492.0, "minScore": 525.0, "minOrder": 24736, "avgScore": 530.7, "avgOrder": 22622, "maxScore": 541.0, "maxOrder": 19301, "zycc": "普通类", "fsx": 492.0}], "sszygradeList": [{"remarks": "", "schcode": "", "sex": "", "campus": "", "nf": "2017", "klmc": "理工", "ssmc": "重庆", "zylx": "普通类", "zymc": "环境科学与工程类", "maxScore": 531.0, "minScore": 526.0, "avgScore": 528.0, "avgOrder": 23699, "minOrder": 24398, "maxOrder": 22622, "kl": "", "ssdm": "50", "rs": 3, "zdx": 492.0, "ptx": 492.0, "zycc": "普通类", "fsx": 492.0}, {"remarks": "", "schcode": "", "sex": "", "campus": "", "nf": "2017", "klmc": "理工", "ssmc": "重庆", "zylx": "普通类", "zymc": "动物科学", "maxScore": 530.0, "minScore": 525.0, "avgScore": 527.5, "avgOrder": 23699, "minOrder": 24736, "maxOrder": 22988, "kl": "", "ssdm": "50", "rs": 2, "zdx": 492.0, "ptx": 492.0, "zycc": "普通类", "fsx": 492.0}, {"remarks": "", "schcode": "", "sex": "", "campus": "", "nf": "2017", "klmc": "理工", "ssmc": "重庆", "zylx": "普通类", "zymc": "能源动力类（工学Ⅱ）", "maxScore": 533.0, "minScore": 531.0, "avgScore": 532.0, "avgOrder": 22263, "minOrder": 22622, "maxOrder": 21915, "kl": "", "ssdm": "50", "rs": 2, "zdx": 492.0, "ptx": 492.0, "zycc": "普通类", "fsx": 492.0}, {"remarks": "", "schcode": "", "sex": "", "campus": "", "nf": "2017", "klmc": "理工", "ssmc": "重庆", "zylx": "普通类", "zymc": "计算机类", "maxScore": 541.0, "minScore": 531.0, "avgScore": 536.0, "avgOrder": 20940, "minOrder": 22622, "maxOrder": 19301, "kl": "", "ssdm": "50", "rs": 2, "zdx": 492.0, "ptx": 492.0, "zycc": "普通类", "fsx": 492.0}, {"remarks": "", "schcode": "", "sex": "", "campus": "", "nf": "2017", "klmc": "理工", "ssmc": "重庆", "zylx": "普通类", "zymc": "金融学类（经济学）", "maxScore": 540.0, "minScore": 532.0, "avgScore": 536.2, "avgOrder": 20940, "minOrder": 22263, "maxOrder": 19616, "kl": "", "ssdm": "50", "rs": 4, "zdx": 492.0, "ptx": 492.0, "zycc": "普通类", "fsx": 492.0}, {"remarks": "", "schcode": "", "sex": "", "campus": "", "nf": "2017", "klmc": "理工", "ssmc": "重庆", "zylx": "普通类", "zymc": "生物科学类", "maxScore": 528.0, "minScore": 525.0, "avgScore": 526.5, "avgOrder": 24025, "minOrder": 24736, "maxOrder": 23699, "kl": "", "ssdm": "50", "rs": 2, "zdx": 492.0, "ptx": 492.0, "zycc": "普通类", "fsx": 492.0}, {"remarks": "", "schcode": "", "sex": "", "campus": "", "nf": "2017", "klmc": "理工", "ssmc": "重庆", "zylx": "普通类", "zymc": "食品科学与工程类", "maxScore": 530.0, "minScore": 526.0, "avgScore": 527.7, "avgOrder": 23699, "minOrder": 24398, "maxOrder": 22988, "kl": "", "ssdm": "50", "rs": 3, "zdx": 492.0, "ptx": 492.0, "zycc": "普通类", "fsx": 492.0}, {"remarks": "", "schcode": "", "sex": "", "campus": "", "nf": "2017", "klmc": "理工", "ssmc": "重庆", "zylx": "普通类", "zymc": "人文地理与城乡规划", "maxScore": 540.0, "minScore": 527.0, "avgScore": 533.5, "avgOrder": 21591, "minOrder": 24025, "maxOrder": 19616, "kl": "", "ssdm": "50", "rs": 2, "zdx": 492.0, "ptx": 492.0, "zycc": "普通类", "fsx": 492.0}, {"remarks": "", "schcode": "", "sex": "", "campus": "", "nf": "2017", "klmc": "理工", "ssmc": "重庆", "zylx": "普通类", "zymc": "土地资源管理", "maxScore": 533.0, "minScore": 526.0, "avgScore": 529.5, "avgOrder": 22988, "minOrder": 24398, "maxOrder": 21915, "kl": "", "ssdm": "50", "rs": 2, "zdx": 492.0, "ptx": 492.0, "zycc": "普通类", "fsx": 492.0}, {"remarks": "", "schcode": "", "sex": "", "campus": "", "nf": "2017", "klmc": "理工", "ssmc": "重庆", "zylx": "普通类", "zymc": "水利类（工学Ⅴ）", "maxScore": 537.0, "minScore": 528.0, "avgScore": 532.5, "avgOrder": 21915, "minOrder": 23699, "maxOrder": 20620, "kl": "", "ssdm": "50", "rs": 2, "zdx": 492.0, "ptx": 492.0, "zycc": "普通类", "fsx": 492.0}], "withYsl": false}, "jessionid": "be6fea6da6d947ea968a0aa03c8d00d3"}