{"state": 1, "msg": "操作成功", "data": {"zsSsgradeList": [{"remarks": "", "schcode": "", "sex": "", "campus": "", "nf": "2019", "klmc": "艺术(文)", "ssmc": "河南", "zylx": "艺术批", "kl": "3", "ssdm": "41", "rs": 12, "minScore": 492.0, "avgScore": 502.4, "maxScore": 523.0, "zycc": "艺术批"}], "sszygradeList": [{"remarks": "文化课成绩；控制线：文化课350分，专业课206分", "schcode": "", "sex": "", "campus": "", "nf": "2019", "klmc": "艺术(文)", "ssmc": "河南", "zylx": "艺术批", "zymc": "视觉传达设计", "maxScore": 523.0, "minScore": 492.0, "avgScore": 501.6, "kl": "", "ssdm": "41", "rs": 7, "zycc": "艺术批"}, {"remarks": "文化课成绩；控制线：文化课350分，专业课206分", "schcode": "", "sex": "", "campus": "", "nf": "2019", "klmc": "艺术(文)", "ssmc": "河南", "zylx": "艺术批", "zymc": "环境设计", "maxScore": 510.0, "minScore": 494.0, "avgScore": 503.6, "kl": "", "ssdm": "41", "rs": 5, "zycc": "艺术批"}], "withYsl": false}, "jessionid": "be6fea6da6d947ea968a0aa03c8d00d3"}