{"state": 1, "msg": "操作成功", "data": {"zsSsgradeList": [{"remarks": "", "schcode": "", "sex": "", "campus": "", "nf": "2017", "klmc": "文史", "ssmc": "辽宁", "zylx": "普通类", "kl": "1", "ssdm": "21", "rs": 28, "zdx": 532.0, "ptx": 532.0, "minScore": 541.0, "minOrder": 5184, "avgScore": 551.8, "avgOrder": 3957, "maxScore": 558.0, "maxOrder": 3345, "zycc": "普通类", "fsx": 532.0}], "sszygradeList": [{"remarks": "", "schcode": "", "sex": "", "campus": "", "nf": "2017", "klmc": "文史", "ssmc": "辽宁", "zylx": "普通类", "zymc": "工商管理类（管理学Ⅱ）", "maxScore": 558.0, "minScore": 541.0, "avgScore": 551.2, "avgOrder": 4060, "minOrder": 5184, "maxOrder": 3345, "kl": "", "ssdm": "21", "rs": 16, "zdx": 532.0, "ptx": 532.0, "zycc": "普通类", "fsx": 532.0}, {"remarks": "", "schcode": "", "sex": "", "campus": "", "nf": "2017", "klmc": "文史", "ssmc": "辽宁", "zylx": "普通类", "zymc": "农林经济管理", "maxScore": 558.0, "minScore": 558.0, "avgScore": 558.0, "avgOrder": 3345, "minOrder": 3345, "maxOrder": 3345, "kl": "", "ssdm": "21", "rs": 2, "zdx": 532.0, "ptx": 532.0, "zycc": "普通类", "fsx": 532.0}, {"remarks": "", "schcode": "", "sex": "", "campus": "", "nf": "2017", "klmc": "文史", "ssmc": "辽宁", "zylx": "普通类", "zymc": "法学类（法学）", "maxScore": 558.0, "minScore": 554.0, "avgScore": 556.4, "avgOrder": 3553, "minOrder": 3766, "maxOrder": 3345, "kl": "", "ssdm": "21", "rs": 5, "zdx": 532.0, "ptx": 532.0, "zycc": "普通类", "fsx": 532.0}, {"remarks": "", "schcode": "", "sex": "", "campus": "", "nf": "2017", "klmc": "文史", "ssmc": "辽宁", "zylx": "普通类", "zymc": "行政管理", "maxScore": 555.0, "minScore": 544.0, "avgScore": 549.5, "avgOrder": 4152, "minOrder": 4829, "maxOrder": 3653, "kl": "", "ssdm": "21", "rs": 2, "zdx": 532.0, "ptx": 532.0, "zycc": "普通类", "fsx": 532.0}, {"remarks": "", "schcode": "", "sex": "", "campus": "", "nf": "2017", "klmc": "文史", "ssmc": "辽宁", "zylx": "普通类", "zymc": "英语", "maxScore": 550.0, "minScore": 541.0, "avgScore": 544.7, "avgOrder": 4726, "minOrder": 5184, "maxOrder": 4152, "kl": "", "ssdm": "21", "rs": 3, "zdx": 532.0, "ptx": 532.0, "zycc": "普通类", "fsx": 532.0}], "withYsl": false}, "jessionid": "be6fea6da6d947ea968a0aa03c8d00d3"}