{"state": 1, "msg": "操作成功", "data": {"zsSsgradeList": [{"remarks": "", "schcode": "", "sex": "", "campus": "", "nf": "2019", "klmc": "理工", "ssmc": "陕西", "zylx": "普通类", "kl": "5", "ssdm": "61", "rs": 43, "zdx": 468.0, "ptx": 468.0, "minScore": 519.0, "minOrder": 33118, "avgScore": 528.1, "avgOrder": 28997, "maxScore": 542.0, "maxOrder": 23518, "zycc": "普通类", "fsx": 468.0}], "sszygradeList": [{"remarks": "", "schcode": "", "sex": "", "campus": "", "nf": "2019", "klmc": "理工", "ssmc": "陕西", "zylx": "普通类", "zymc": "农学", "maxScore": 536.0, "minScore": 523.0, "avgScore": 528.0, "avgOrder": 28997, "minOrder": 31174, "maxOrder": 25745, "kl": "", "ssdm": "61", "rs": 3, "zdx": 468.0, "ptx": 468.0, "zycc": "普通类", "fsx": 468.0}, {"remarks": "", "schcode": "", "sex": "", "campus": "", "nf": "2019", "klmc": "理工", "ssmc": "陕西", "zylx": "普通类", "zymc": "应用气象学", "maxScore": 532.0, "minScore": 530.0, "avgScore": 531.0, "avgOrder": 27754, "minOrder": 28184, "maxOrder": 27326, "kl": "", "ssdm": "61", "rs": 2, "zdx": 468.0, "ptx": 468.0, "zycc": "普通类", "fsx": 468.0}, {"remarks": "", "schcode": "", "sex": "", "campus": "", "nf": "2019", "klmc": "理工", "ssmc": "陕西", "zylx": "普通类", "zymc": "动物科学", "maxScore": 527.0, "minScore": 522.0, "avgScore": 524.8, "avgOrder": 30281, "minOrder": 31670, "maxOrder": 29408, "kl": "", "ssdm": "61", "rs": 4, "zdx": 468.0, "ptx": 468.0, "zycc": "普通类", "fsx": 468.0}, {"remarks": "", "schcode": "", "sex": "", "campus": "", "nf": "2019", "klmc": "理工", "ssmc": "陕西", "zylx": "普通类", "zymc": "机械类", "maxScore": 531.0, "minScore": 524.0, "avgScore": 527.8, "avgOrder": 28997, "minOrder": 30707, "maxOrder": 27754, "kl": "", "ssdm": "61", "rs": 5, "zdx": 468.0, "ptx": 468.0, "zycc": "普通类", "fsx": 468.0}, {"remarks": "", "schcode": "", "sex": "", "campus": "", "nf": "2019", "klmc": "理工", "ssmc": "陕西", "zylx": "普通类", "zymc": "工业工程类", "maxScore": 527.0, "minScore": 519.0, "avgScore": 521.5, "avgOrder": 31670, "minOrder": 33118, "maxOrder": 29408, "kl": "", "ssdm": "61", "rs": 4, "zdx": 468.0, "ptx": 468.0, "zycc": "普通类", "fsx": 468.0}, {"remarks": "", "schcode": "", "sex": "", "campus": "", "nf": "2019", "klmc": "理工", "ssmc": "陕西", "zylx": "普通类", "zymc": "电气工程及其自动化", "maxScore": 533.0, "minScore": 532.0, "avgScore": 532.5, "avgOrder": 26920, "minOrder": 27326, "maxOrder": 26920, "kl": "", "ssdm": "61", "rs": 2, "zdx": 468.0, "ptx": 468.0, "zycc": "普通类", "fsx": 468.0}, {"remarks": "", "schcode": "", "sex": "", "campus": "", "nf": "2019", "klmc": "理工", "ssmc": "陕西", "zylx": "普通类", "zymc": "计算机科学与技术", "maxScore": 542.0, "minScore": 540.0, "avgScore": 541.0, "avgOrder": 23888, "minOrder": 24248, "maxOrder": 23518, "kl": "", "ssdm": "61", "rs": 2, "zdx": 468.0, "ptx": 468.0, "zycc": "普通类", "fsx": 468.0}, {"remarks": "", "schcode": "", "sex": "", "campus": "", "nf": "2019", "klmc": "理工", "ssmc": "陕西", "zylx": "普通类", "zymc": "软件工程", "maxScore": 529.0, "minScore": 528.0, "avgScore": 528.5, "avgOrder": 28577, "minOrder": 28997, "maxOrder": 28577, "kl": "", "ssdm": "61", "rs": 2, "zdx": 468.0, "ptx": 468.0, "zycc": "普通类", "fsx": 468.0}, {"remarks": "", "schcode": "", "sex": "", "campus": "", "nf": "2019", "klmc": "理工", "ssmc": "陕西", "zylx": "普通类", "zymc": "金融学类", "maxScore": 541.0, "minScore": 529.0, "avgScore": 532.5, "avgOrder": 26920, "minOrder": 28577, "maxOrder": 23888, "kl": "", "ssdm": "61", "rs": 4, "zdx": 468.0, "ptx": 468.0, "zycc": "普通类", "fsx": 468.0}, {"remarks": "", "schcode": "", "sex": "", "campus": "", "nf": "2019", "klmc": "理工", "ssmc": "陕西", "zylx": "普通类", "zymc": "生物科学类", "maxScore": 535.0, "minScore": 524.0, "avgScore": 528.8, "avgOrder": 28577, "minOrder": 30707, "maxOrder": 26099, "kl": "", "ssdm": "61", "rs": 4, "zdx": 468.0, "ptx": 468.0, "zycc": "普通类", "fsx": 468.0}, {"remarks": "", "schcode": "", "sex": "", "campus": "", "nf": "2019", "klmc": "理工", "ssmc": "陕西", "zylx": "普通类", "zymc": "生物工程类", "maxScore": 531.0, "minScore": 520.0, "avgScore": 524.5, "avgOrder": 30281, "minOrder": 32639, "maxOrder": 27754, "kl": "", "ssdm": "61", "rs": 4, "zdx": 468.0, "ptx": 468.0, "zycc": "普通类", "fsx": 468.0}, {"remarks": "", "schcode": "", "sex": "", "campus": "", "nf": "2019", "klmc": "理工", "ssmc": "陕西", "zylx": "普通类", "zymc": "食品科学与工程类", "maxScore": 533.0, "minScore": 523.0, "avgScore": 526.7, "avgOrder": 29408, "minOrder": 31174, "maxOrder": 26920, "kl": "", "ssdm": "61", "rs": 3, "zdx": 468.0, "ptx": 468.0, "zycc": "普通类", "fsx": 468.0}, {"remarks": "", "schcode": "", "sex": "", "campus": "", "nf": "2019", "klmc": "理工", "ssmc": "陕西", "zylx": "普通类", "zymc": "水利类", "maxScore": 526.0, "minScore": 525.0, "avgScore": 525.5, "avgOrder": 29837, "minOrder": 30281, "maxOrder": 29837, "kl": "", "ssdm": "61", "rs": 2, "zdx": 468.0, "ptx": 468.0, "zycc": "普通类", "fsx": 468.0}, {"remarks": "", "schcode": "", "sex": "", "campus": "", "nf": "2019", "klmc": "理工", "ssmc": "陕西", "zylx": "普通类", "zymc": "工程管理", "maxScore": 534.0, "minScore": 525.0, "avgScore": 529.5, "avgOrder": 28184, "minOrder": 30281, "maxOrder": 26526, "kl": "", "ssdm": "61", "rs": 2, "zdx": 468.0, "ptx": 468.0, "zycc": "普通类", "fsx": 468.0}], "withYsl": false}, "jessionid": "be6fea6da6d947ea968a0aa03c8d00d3"}