{"state": 1, "msg": "操作成功", "data": {"zsSsgradeList": [{"remarks": "", "schcode": "", "sex": "", "campus": "", "nf": "2017", "klmc": "文史", "ssmc": "广东", "zylx": "普通类", "kl": "1", "ssdm": "44", "rs": 7, "zdx": 520.0, "ptx": 520.0, "minScore": 521.0, "minOrder": 17215, "avgScore": 523.1, "avgOrder": 17215, "maxScore": 530.0, "maxOrder": 13170, "zycc": "普通类", "fsx": 520.0}], "sszygradeList": [{"remarks": "", "schcode": "", "sex": "", "campus": "", "nf": "2017", "klmc": "文史", "ssmc": "广东", "zylx": "普通类", "zymc": "工商管理类（管理学Ⅱ）", "maxScore": 530.0, "minScore": 522.0, "avgScore": 524.2, "avgOrder": 17215, "minOrder": 17215, "maxOrder": 13170, "kl": "", "ssdm": "44", "rs": 4, "zdx": 520.0, "ptx": 520.0, "zycc": "普通类", "fsx": 520.0}, {"remarks": "", "schcode": "", "sex": "", "campus": "", "nf": "2017", "klmc": "文史", "ssmc": "广东", "zylx": "普通类", "zymc": "英语", "maxScore": 523.0, "minScore": 521.0, "avgScore": 521.7, "avgOrder": 17215, "minOrder": 17215, "maxOrder": 17215, "kl": "", "ssdm": "44", "rs": 3, "zdx": 520.0, "ptx": 520.0, "zycc": "普通类", "fsx": 520.0}], "withYsl": false}, "jessionid": "be6fea6da6d947ea968a0aa03c8d00d3"}