{"state": 1, "msg": "操作成功", "data": {"zsSsgradeList": [{"remarks": "", "schcode": "", "sex": "", "campus": "", "nf": "2018", "klmc": "理工", "ssmc": "广西", "zylx": "普通类", "kl": "5", "ssdm": "45", "rs": 83, "zdx": 513.0, "ptx": 513.0, "minScore": 522.0, "minOrder": 30275, "avgScore": 532.7, "avgOrder": 26101, "maxScore": 551.0, "maxOrder": 19676, "zycc": "普通类", "fsx": 513.0}], "sszygradeList": [{"remarks": "", "schcode": "", "sex": "", "campus": "", "nf": "2018", "klmc": "理工", "ssmc": "广西", "zylx": "普通类", "zymc": "园艺", "maxScore": 539.0, "minScore": 524.0, "avgScore": 529.5, "avgOrder": 27196, "minOrder": 29483, "maxOrder": 23869, "kl": "", "ssdm": "45", "rs": 4, "zdx": 513.0, "ptx": 513.0, "zycc": "普通类", "fsx": 513.0}, {"remarks": "", "schcode": "", "sex": "", "campus": "", "nf": "2018", "klmc": "理工", "ssmc": "广西", "zylx": "普通类", "zymc": "设施农业科学与工程", "maxScore": 533.0, "minScore": 524.0, "avgScore": 527.5, "avgOrder": 27961, "minOrder": 29483, "maxOrder": 26101, "kl": "", "ssdm": "45", "rs": 4, "zdx": 513.0, "ptx": 513.0, "zycc": "普通类", "fsx": 513.0}, {"remarks": "", "schcode": "", "sex": "", "campus": "", "nf": "2018", "klmc": "理工", "ssmc": "广西", "zylx": "普通类", "zymc": "园林", "maxScore": 536.0, "minScore": 524.0, "avgScore": 529.0, "avgOrder": 27587, "minOrder": 29483, "maxOrder": 25004, "kl": "", "ssdm": "45", "rs": 4, "zdx": 513.0, "ptx": 513.0, "zycc": "普通类", "fsx": 513.0}, {"remarks": "", "schcode": "", "sex": "", "campus": "", "nf": "2018", "klmc": "理工", "ssmc": "广西", "zylx": "普通类", "zymc": "应用气象学", "maxScore": 548.0, "minScore": 528.0, "avgScore": 535.3, "avgOrder": 25366, "minOrder": 27961, "maxOrder": 20715, "kl": "", "ssdm": "45", "rs": 3, "zdx": 513.0, "ptx": 513.0, "zycc": "普通类", "fsx": 513.0}, {"remarks": "", "schcode": "", "sex": "", "campus": "", "nf": "2018", "klmc": "理工", "ssmc": "广西", "zylx": "普通类", "zymc": "环境科学与工程类", "maxScore": 541.0, "minScore": 526.0, "avgScore": 534.2, "avgOrder": 25731, "minOrder": 28714, "maxOrder": 23096, "kl": "", "ssdm": "45", "rs": 4, "zdx": 513.0, "ptx": 513.0, "zycc": "普通类", "fsx": 513.0}, {"remarks": "", "schcode": "", "sex": "", "campus": "", "nf": "2018", "klmc": "理工", "ssmc": "广西", "zylx": "普通类", "zymc": "动物医学", "maxScore": 540.0, "minScore": 528.0, "avgScore": 533.5, "avgOrder": 25731, "minOrder": 27961, "maxOrder": 23516, "kl": "", "ssdm": "45", "rs": 4, "zdx": 513.0, "ptx": 513.0, "zycc": "普通类", "fsx": 513.0}, {"remarks": "", "schcode": "", "sex": "", "campus": "", "nf": "2018", "klmc": "理工", "ssmc": "广西", "zylx": "普通类", "zymc": "机械类", "maxScore": 543.0, "minScore": 525.0, "avgScore": 532.6, "avgOrder": 26101, "minOrder": 29080, "maxOrder": 22415, "kl": "", "ssdm": "45", "rs": 5, "zdx": 513.0, "ptx": 513.0, "zycc": "普通类", "fsx": 513.0}, {"remarks": "", "schcode": "", "sex": "", "campus": "", "nf": "2018", "klmc": "理工", "ssmc": "广西", "zylx": "普通类", "zymc": "能源动力类", "maxScore": 551.0, "minScore": 530.0, "avgScore": 536.2, "avgOrder": 25004, "minOrder": 27196, "maxOrder": 19676, "kl": "", "ssdm": "45", "rs": 4, "zdx": 513.0, "ptx": 513.0, "zycc": "普通类", "fsx": 513.0}, {"remarks": "", "schcode": "", "sex": "", "campus": "", "nf": "2018", "klmc": "理工", "ssmc": "广西", "zylx": "普通类", "zymc": "工业工程类", "maxScore": 572.0, "minScore": 524.0, "avgScore": 545.0, "avgOrder": 21751, "minOrder": 29483, "maxOrder": 13289, "kl": "", "ssdm": "45", "rs": 5, "zdx": 513.0, "ptx": 513.0, "zycc": "普通类", "fsx": 513.0}, {"remarks": "", "schcode": "", "sex": "", "campus": "", "nf": "2018", "klmc": "理工", "ssmc": "广西", "zylx": "普通类", "zymc": "电气工程及其自动化", "maxScore": 538.0, "minScore": 529.0, "avgScore": 532.5, "avgOrder": 26101, "minOrder": 27587, "maxOrder": 24252, "kl": "", "ssdm": "45", "rs": 4, "zdx": 513.0, "ptx": 513.0, "zycc": "普通类", "fsx": 513.0}, {"remarks": "", "schcode": "", "sex": "", "campus": "", "nf": "2018", "klmc": "理工", "ssmc": "广西", "zylx": "普通类", "zymc": "计算机类", "maxScore": 547.0, "minScore": 528.0, "avgScore": 535.7, "avgOrder": 25004, "minOrder": 27961, "maxOrder": 21079, "kl": "", "ssdm": "45", "rs": 6, "zdx": 513.0, "ptx": 513.0, "zycc": "普通类", "fsx": 513.0}, {"remarks": "", "schcode": "", "sex": "", "campus": "", "nf": "2018", "klmc": "理工", "ssmc": "广西", "zylx": "普通类", "zymc": "农业电气化", "maxScore": 534.0, "minScore": 534.0, "avgScore": 534.0, "avgOrder": 25731, "minOrder": 25731, "maxOrder": 25731, "kl": "", "ssdm": "45", "rs": 1, "zdx": 513.0, "ptx": 513.0, "zycc": "普通类", "fsx": 513.0}, {"remarks": "", "schcode": "", "sex": "", "campus": "", "nf": "2018", "klmc": "理工", "ssmc": "广西", "zylx": "普通类", "zymc": "金融学类", "maxScore": 550.0, "minScore": 526.0, "avgScore": 538.7, "avgOrder": 23869, "minOrder": 28714, "maxOrder": 20017, "kl": "", "ssdm": "45", "rs": 10, "zdx": 513.0, "ptx": 513.0, "zycc": "普通类", "fsx": 513.0}, {"remarks": "", "schcode": "", "sex": "", "campus": "", "nf": "2018", "klmc": "理工", "ssmc": "广西", "zylx": "普通类", "zymc": "生物科学类", "maxScore": 528.0, "minScore": 522.0, "avgScore": 524.2, "avgOrder": 29483, "minOrder": 30275, "maxOrder": 27961, "kl": "", "ssdm": "45", "rs": 4, "zdx": 513.0, "ptx": 513.0, "zycc": "普通类", "fsx": 513.0}, {"remarks": "", "schcode": "", "sex": "", "campus": "", "nf": "2018", "klmc": "理工", "ssmc": "广西", "zylx": "普通类", "zymc": "生物工程类", "maxScore": 536.0, "minScore": 527.0, "avgScore": 529.8, "avgOrder": 27196, "minOrder": 28326, "maxOrder": 25004, "kl": "", "ssdm": "45", "rs": 4, "zdx": 513.0, "ptx": 513.0, "zycc": "普通类", "fsx": 513.0}, {"remarks": "", "schcode": "", "sex": "", "campus": "", "nf": "2018", "klmc": "理工", "ssmc": "广西", "zylx": "普通类", "zymc": "食品科学与工程类", "maxScore": 544.0, "minScore": 528.0, "avgScore": 534.5, "avgOrder": 25366, "minOrder": 27961, "maxOrder": 22083, "kl": "", "ssdm": "45", "rs": 6, "zdx": 513.0, "ptx": 513.0, "zycc": "普通类", "fsx": 513.0}, {"remarks": "", "schcode": "", "sex": "", "campus": "", "nf": "2018", "klmc": "理工", "ssmc": "广西", "zylx": "普通类", "zymc": "水利类", "maxScore": 546.0, "minScore": 522.0, "avgScore": 534.0, "avgOrder": 25731, "minOrder": 30275, "maxOrder": 21420, "kl": "", "ssdm": "45", "rs": 6, "zdx": 513.0, "ptx": 513.0, "zycc": "普通类", "fsx": 513.0}, {"remarks": "", "schcode": "", "sex": "", "campus": "", "nf": "2018", "klmc": "理工", "ssmc": "广西", "zylx": "普通类", "zymc": "土木工程", "maxScore": 542.0, "minScore": 525.0, "avgScore": 534.2, "avgOrder": 25731, "minOrder": 29080, "maxOrder": 22761, "kl": "", "ssdm": "45", "rs": 4, "zdx": 513.0, "ptx": 513.0, "zycc": "普通类", "fsx": 513.0}, {"remarks": "", "schcode": "", "sex": "", "campus": "", "nf": "2018", "klmc": "理工", "ssmc": "广西", "zylx": "普通类", "zymc": "工程管理", "maxScore": 526.0, "minScore": 523.0, "avgScore": 524.2, "avgOrder": 29483, "minOrder": 29847, "maxOrder": 28714, "kl": "", "ssdm": "45", "rs": 4, "zdx": 513.0, "ptx": 513.0, "zycc": "普通类", "fsx": 513.0}], "withYsl": false}, "jessionid": "be6fea6da6d947ea968a0aa03c8d00d3"}