{"state": 1, "msg": "操作成功", "data": {"zsSsgradeList": [{"remarks": "", "schcode": "", "sex": "", "campus": "", "nf": "2017", "klmc": "艺术(文)", "ssmc": "山东", "zylx": "艺术批", "kl": "3", "ssdm": "37", "zycc": "艺术批"}], "sszygradeList": [{"remarks": "文化课成绩；控制线：文科313分，专业课191分", "schcode": "", "sex": "", "campus": "", "nf": "2017", "klmc": "艺术(文)", "ssmc": "山东", "zylx": "艺术批", "zymc": "视觉传达设计", "maxScore": 490.0, "minScore": 477.0, "avgScore": 483.3, "kl": "", "ssdm": "37", "rs": 3, "zycc": "艺术批"}, {"remarks": "文化课成绩；控制线：文科313分，专业课191分", "schcode": "", "sex": "", "campus": "", "nf": "2017", "klmc": "艺术(文)", "ssmc": "山东", "zylx": "艺术批", "zymc": "环境设计", "maxScore": 486.0, "minScore": 486.0, "avgScore": 486.0, "kl": "", "ssdm": "37", "rs": 1, "zycc": "艺术批"}], "withYsl": false}, "jessionid": "be6fea6da6d947ea968a0aa03c8d00d3"}