{"state": 1, "msg": "操作成功", "data": {"zsSsgradeList": [{"remarks": "", "schcode": "", "sex": "", "campus": "", "nf": "2017", "klmc": "理工", "ssmc": "内蒙古", "zylx": "蒙授", "kl": "5", "ssdm": "15", "rs": 6, "minScore": 445.0, "minOrder": 26614, "avgScore": 461.5, "avgOrder": 22804, "maxScore": 471.0, "maxOrder": 20954, "zycc": "蒙授"}], "sszygradeList": [{"remarks": "", "schcode": "", "sex": "", "campus": "", "nf": "2017", "klmc": "理工", "ssmc": "内蒙古", "zylx": "蒙授", "zymc": "园林", "maxScore": 471.0, "minScore": 471.0, "avgScore": 471.0, "kl": "", "ssdm": "15", "rs": 3, "zycc": "蒙授"}, {"remarks": "", "schcode": "", "sex": "", "campus": "", "nf": "2017", "klmc": "理工", "ssmc": "内蒙古", "zylx": "蒙授", "zymc": "动物科学", "maxScore": 458.0, "minScore": 445.0, "avgScore": 452.0, "kl": "", "ssdm": "15", "rs": 3, "zycc": "蒙授"}], "withYsl": false}, "jessionid": "be6fea6da6d947ea968a0aa03c8d00d3"}