{"state": 1, "msg": "操作成功", "data": {"zsSsgradeList": [{"remarks": "", "schcode": "", "sex": "", "campus": "", "nf": "2020", "klmc": "理工", "ssmc": "湖南", "zylx": "普通类", "kl": "5", "ssdm": "43", "rs": 32, "zdx": 507.0, "ptx": 507.0, "minScore": 582.0, "minOrder": 23580, "avgScore": 584.6, "avgOrder": 22165, "maxScore": 593.0, "maxOrder": 18591, "zycc": "普通类", "fsx": 507.0}], "sszygradeList": [{"remarks": "", "schcode": "", "sex": "", "campus": "", "nf": "2020", "klmc": "理工", "ssmc": "湖南", "zylx": "普通类", "zymc": "风景园林", "maxScore": 585.0, "minScore": 583.0, "avgScore": 584.0, "avgOrder": 22649, "minOrder": 23143, "maxOrder": 22165, "kl": "", "ssdm": "43", "rs": 2, "zdx": 507.0, "ptx": 507.0, "zycc": "普通类", "fsx": 507.0}, {"remarks": "", "schcode": "", "sex": "", "campus": "", "nf": "2020", "klmc": "理工", "ssmc": "湖南", "zylx": "普通类", "zymc": "园艺", "maxScore": 587.0, "minScore": 583.0, "avgScore": 585.0, "avgOrder": 22165, "minOrder": 23143, "maxOrder": 21230, "kl": "", "ssdm": "43", "rs": 2, "zdx": 507.0, "ptx": 507.0, "zycc": "普通类", "fsx": 507.0}, {"remarks": "", "schcode": "", "sex": "", "campus": "", "nf": "2020", "klmc": "理工", "ssmc": "湖南", "zylx": "普通类", "zymc": "应用气象学", "maxScore": 585.0, "minScore": 583.0, "avgScore": 584.0, "avgOrder": 22649, "minOrder": 23143, "maxOrder": 22165, "kl": "", "ssdm": "43", "rs": 2, "zdx": 507.0, "ptx": 507.0, "zycc": "普通类", "fsx": 507.0}, {"remarks": "", "schcode": "", "sex": "", "campus": "", "nf": "2020", "klmc": "理工", "ssmc": "湖南", "zylx": "普通类", "zymc": "环境科学与工程类", "maxScore": 583.0, "minScore": 582.0, "avgScore": 582.5, "avgOrder": 23580, "minOrder": 23580, "maxOrder": 23143, "kl": "", "ssdm": "43", "rs": 2, "zdx": 507.0, "ptx": 507.0, "zycc": "普通类", "fsx": 507.0}, {"remarks": "", "schcode": "", "sex": "", "campus": "", "nf": "2020", "klmc": "理工", "ssmc": "湖南", "zylx": "普通类", "zymc": "自然保护与环境生态类", "maxScore": 590.0, "minScore": 582.0, "avgScore": 586.0, "avgOrder": 21703, "minOrder": 23580, "maxOrder": 19899, "kl": "", "ssdm": "43", "rs": 2, "zdx": 507.0, "ptx": 507.0, "zycc": "普通类", "fsx": 507.0}, {"remarks": "", "schcode": "", "sex": "", "campus": "", "nf": "2020", "klmc": "理工", "ssmc": "湖南", "zylx": "普通类", "zymc": "动物医学", "maxScore": 583.0, "minScore": 583.0, "avgScore": 583.0, "avgOrder": 23143, "minOrder": 23143, "maxOrder": 23143, "kl": "", "ssdm": "43", "rs": 2, "zdx": 507.0, "ptx": 507.0, "zycc": "普通类", "fsx": 507.0}, {"remarks": "", "schcode": "", "sex": "", "campus": "", "nf": "2020", "klmc": "理工", "ssmc": "湖南", "zylx": "普通类", "zymc": "动物药学", "maxScore": 582.0, "minScore": 582.0, "avgScore": 582.0, "avgOrder": 23580, "minOrder": 23580, "maxOrder": 23580, "kl": "", "ssdm": "43", "rs": 2, "zdx": 507.0, "ptx": 507.0, "zycc": "普通类", "fsx": 507.0}, {"remarks": "", "schcode": "", "sex": "", "campus": "", "nf": "2020", "klmc": "理工", "ssmc": "湖南", "zylx": "普通类", "zymc": "机械类", "maxScore": 585.0, "minScore": 583.0, "avgScore": 584.2, "avgOrder": 22649, "minOrder": 23143, "maxOrder": 22165, "kl": "", "ssdm": "43", "rs": 4, "zdx": 507.0, "ptx": 507.0, "zycc": "普通类", "fsx": 507.0}, {"remarks": "", "schcode": "", "sex": "", "campus": "", "nf": "2020", "klmc": "理工", "ssmc": "湖南", "zylx": "普通类", "zymc": "计算机科学与技术", "maxScore": 587.0, "minScore": 586.0, "avgScore": 586.5, "avgOrder": 21703, "minOrder": 21703, "maxOrder": 21230, "kl": "", "ssdm": "43", "rs": 2, "zdx": 507.0, "ptx": 507.0, "zycc": "普通类", "fsx": 507.0}, {"remarks": "", "schcode": "", "sex": "", "campus": "", "nf": "2020", "klmc": "理工", "ssmc": "湖南", "zylx": "普通类", "zymc": "物联网工程", "maxScore": 593.0, "minScore": 586.0, "avgScore": 589.5, "avgOrder": 19899, "minOrder": 21703, "maxOrder": 18591, "kl": "", "ssdm": "43", "rs": 2, "zdx": 507.0, "ptx": 507.0, "zycc": "普通类", "fsx": 507.0}, {"remarks": "", "schcode": "", "sex": "", "campus": "", "nf": "2020", "klmc": "理工", "ssmc": "湖南", "zylx": "普通类", "zymc": "金融学类", "maxScore": 587.0, "minScore": 585.0, "avgScore": 585.7, "avgOrder": 21703, "minOrder": 22165, "maxOrder": 21230, "kl": "", "ssdm": "43", "rs": 3, "zdx": 507.0, "ptx": 507.0, "zycc": "普通类", "fsx": 507.0}, {"remarks": "", "schcode": "", "sex": "", "campus": "", "nf": "2020", "klmc": "理工", "ssmc": "湖南", "zylx": "普通类", "zymc": "生物科学类", "maxScore": 584.0, "minScore": 582.0, "avgScore": 583.0, "avgOrder": 23143, "minOrder": 23580, "maxOrder": 22649, "kl": "", "ssdm": "43", "rs": 3, "zdx": 507.0, "ptx": 507.0, "zycc": "普通类", "fsx": 507.0}, {"remarks": "", "schcode": "", "sex": "", "campus": "", "nf": "2020", "klmc": "理工", "ssmc": "湖南", "zylx": "普通类", "zymc": "土木工程", "maxScore": 585.0, "minScore": 584.0, "avgScore": 584.5, "avgOrder": 22649, "minOrder": 22649, "maxOrder": 22165, "kl": "", "ssdm": "43", "rs": 2, "zdx": 507.0, "ptx": 507.0, "zycc": "普通类", "fsx": 507.0}, {"remarks": "", "schcode": "", "sex": "", "campus": "", "nf": "2020", "klmc": "理工", "ssmc": "湖南", "zylx": "普通类", "zymc": "工程管理", "maxScore": 585.0, "minScore": 584.0, "avgScore": 584.5, "avgOrder": 22649, "minOrder": 22649, "maxOrder": 22165, "kl": "", "ssdm": "43", "rs": 2, "zdx": 507.0, "ptx": 507.0, "zycc": "普通类", "fsx": 507.0}], "withYsl": false}, "jessionid": "be6fea6da6d947ea968a0aa03c8d00d3"}