{"state": 1, "msg": "操作成功", "data": {"zsSsgradeList": [{"remarks": "", "schcode": "", "sex": "", "campus": "", "nf": "2017", "klmc": "文史", "ssmc": "海南", "zylx": "普通类", "kl": "1", "ssdm": "46", "rs": 4, "zdx": 578.0, "ptx": 578.0, "minScore": 633.0, "minOrder": 3574, "avgScore": 664.5, "avgOrder": 2171, "maxScore": 687.0, "maxOrder": 1482, "zycc": "普通类", "fsx": 578.0}], "sszygradeList": [{"remarks": "", "schcode": "", "sex": "", "campus": "", "nf": "2017", "klmc": "文史", "ssmc": "海南", "zylx": "普通类", "zymc": "工商管理类（管理学Ⅱ）", "maxScore": 661.0, "minScore": 633.0, "avgScore": 647.0, "avgOrder": 2904, "minOrder": 3574, "maxOrder": 2329, "kl": "", "ssdm": "46", "rs": 2, "zdx": 578.0, "ptx": 578.0, "zycc": "普通类", "fsx": 578.0}, {"remarks": "", "schcode": "", "sex": "", "campus": "", "nf": "2017", "klmc": "文史", "ssmc": "海南", "zylx": "普通类", "zymc": "农林经济管理", "maxScore": 687.0, "minScore": 677.0, "avgScore": 682.0, "avgOrder": 1626, "minOrder": 1757, "maxOrder": 1482, "kl": "", "ssdm": "46", "rs": 2, "zdx": 578.0, "ptx": 578.0, "zycc": "普通类", "fsx": 578.0}], "withYsl": false}, "jessionid": "be6fea6da6d947ea968a0aa03c8d00d3"}