{"state": 1, "msg": "操作成功", "data": {"zsSsgradeList": [{"remarks": "", "schcode": "", "sex": "", "campus": "", "nf": "2017", "klmc": "理工", "ssmc": "安徽", "zylx": "普通类", "kl": "5", "ssdm": "34", "rs": 30, "zdx": 487.0, "ptx": 487.0, "minScore": 535.0, "minOrder": 29698, "avgScore": 537.6, "avgOrder": 27899, "maxScore": 547.0, "maxOrder": 23063, "zycc": "普通类", "fsx": 487.0}], "sszygradeList": [{"remarks": "", "schcode": "", "sex": "", "campus": "", "nf": "2017", "klmc": "理工", "ssmc": "安徽", "zylx": "普通类", "zymc": "植物生产类（Ⅰ）", "maxScore": 537.0, "minScore": 535.0, "avgScore": 536.0, "avgOrder": 29086, "minOrder": 29698, "maxOrder": 28512, "kl": "", "ssdm": "34", "rs": 4, "zdx": 487.0, "ptx": 487.0, "zycc": "普通类", "fsx": 487.0}, {"remarks": "", "schcode": "", "sex": "", "campus": "", "nf": "2017", "klmc": "理工", "ssmc": "安徽", "zylx": "普通类", "zymc": "风景园林", "maxScore": 539.0, "minScore": 539.0, "avgScore": 539.0, "avgOrder": 27321, "minOrder": 27321, "maxOrder": 27321, "kl": "", "ssdm": "34", "rs": 1, "zdx": 487.0, "ptx": 487.0, "zycc": "普通类", "fsx": 487.0}, {"remarks": "", "schcode": "", "sex": "", "campus": "", "nf": "2017", "klmc": "理工", "ssmc": "安徽", "zylx": "普通类", "zymc": "植物生产类（Ⅱ）", "maxScore": 537.0, "minScore": 537.0, "avgScore": 537.0, "avgOrder": 28512, "minOrder": 28512, "maxOrder": 28512, "kl": "", "ssdm": "34", "rs": 1, "zdx": 487.0, "ptx": 487.0, "zycc": "普通类", "fsx": 487.0}, {"remarks": "", "schcode": "", "sex": "", "campus": "", "nf": "2017", "klmc": "理工", "ssmc": "安徽", "zylx": "普通类", "zymc": "园林", "maxScore": 536.0, "minScore": 536.0, "avgScore": 536.0, "avgOrder": 29086, "minOrder": 29086, "maxOrder": 29086, "kl": "", "ssdm": "34", "rs": 1, "zdx": 487.0, "ptx": 487.0, "zycc": "普通类", "fsx": 487.0}, {"remarks": "", "schcode": "", "sex": "", "campus": "", "nf": "2017", "klmc": "理工", "ssmc": "安徽", "zylx": "普通类", "zymc": "生态学", "maxScore": 547.0, "minScore": 538.0, "avgScore": 542.5, "avgOrder": 25094, "minOrder": 27899, "maxOrder": 23063, "kl": "", "ssdm": "34", "rs": 2, "zdx": 487.0, "ptx": 487.0, "zycc": "普通类", "fsx": 487.0}, {"remarks": "", "schcode": "", "sex": "", "campus": "", "nf": "2017", "klmc": "理工", "ssmc": "安徽", "zylx": "普通类", "zymc": "自然保护与环境生态类（农学）", "maxScore": 538.0, "minScore": 536.0, "avgScore": 537.0, "avgOrder": 28512, "minOrder": 29086, "maxOrder": 27899, "kl": "", "ssdm": "34", "rs": 2, "zdx": 487.0, "ptx": 487.0, "zycc": "普通类", "fsx": 487.0}, {"remarks": "", "schcode": "", "sex": "", "campus": "", "nf": "2017", "klmc": "理工", "ssmc": "安徽", "zylx": "普通类", "zymc": "水产养殖学", "maxScore": 544.0, "minScore": 535.0, "avgScore": 539.5, "avgOrder": 26720, "minOrder": 29698, "maxOrder": 24537, "kl": "", "ssdm": "34", "rs": 2, "zdx": 487.0, "ptx": 487.0, "zycc": "普通类", "fsx": 487.0}, {"remarks": "", "schcode": "", "sex": "", "campus": "", "nf": "2017", "klmc": "理工", "ssmc": "安徽", "zylx": "普通类", "zymc": "动物药学", "maxScore": 536.0, "minScore": 535.0, "avgScore": 535.5, "avgOrder": 29086, "minOrder": 29698, "maxOrder": 29086, "kl": "", "ssdm": "34", "rs": 2, "zdx": 487.0, "ptx": 487.0, "zycc": "普通类", "fsx": 487.0}, {"remarks": "", "schcode": "", "sex": "", "campus": "", "nf": "2017", "klmc": "理工", "ssmc": "安徽", "zylx": "普通类", "zymc": "能源动力类（工学Ⅱ）", "maxScore": 538.0, "minScore": 537.0, "avgScore": 537.5, "avgOrder": 27899, "minOrder": 28512, "maxOrder": 27899, "kl": "", "ssdm": "34", "rs": 2, "zdx": 487.0, "ptx": 487.0, "zycc": "普通类", "fsx": 487.0}, {"remarks": "", "schcode": "", "sex": "", "campus": "", "nf": "2017", "klmc": "理工", "ssmc": "安徽", "zylx": "普通类", "zymc": "电气类（工学Ⅲ）", "maxScore": 539.0, "minScore": 537.0, "avgScore": 538.0, "avgOrder": 27899, "minOrder": 28512, "maxOrder": 27321, "kl": "", "ssdm": "34", "rs": 2, "zdx": 487.0, "ptx": 487.0, "zycc": "普通类", "fsx": 487.0}, {"remarks": "", "schcode": "", "sex": "", "campus": "", "nf": "2017", "klmc": "理工", "ssmc": "安徽", "zylx": "普通类", "zymc": "计算机类", "maxScore": 539.0, "minScore": 537.0, "avgScore": 538.0, "avgOrder": 27899, "minOrder": 28512, "maxOrder": 27321, "kl": "", "ssdm": "34", "rs": 2, "zdx": 487.0, "ptx": 487.0, "zycc": "普通类", "fsx": 487.0}, {"remarks": "", "schcode": "", "sex": "", "campus": "", "nf": "2017", "klmc": "理工", "ssmc": "安徽", "zylx": "普通类", "zymc": "金融学类（经济学）", "maxScore": 541.0, "minScore": 539.0, "avgScore": 540.0, "avgOrder": 26720, "minOrder": 27321, "maxOrder": 26183, "kl": "", "ssdm": "34", "rs": 2, "zdx": 487.0, "ptx": 487.0, "zycc": "普通类", "fsx": 487.0}, {"remarks": "", "schcode": "", "sex": "", "campus": "", "nf": "2017", "klmc": "理工", "ssmc": "安徽", "zylx": "普通类", "zymc": "食品科学与工程类", "maxScore": 535.0, "minScore": 535.0, "avgScore": 535.0, "avgOrder": 29698, "minOrder": 29698, "maxOrder": 29698, "kl": "", "ssdm": "34", "rs": 2, "zdx": 487.0, "ptx": 487.0, "zycc": "普通类", "fsx": 487.0}, {"remarks": "", "schcode": "", "sex": "", "campus": "", "nf": "2017", "klmc": "理工", "ssmc": "安徽", "zylx": "普通类", "zymc": "水利类（工学Ⅴ）", "maxScore": 537.0, "minScore": 536.0, "avgScore": 536.5, "avgOrder": 28512, "minOrder": 29086, "maxOrder": 28512, "kl": "", "ssdm": "34", "rs": 2, "zdx": 487.0, "ptx": 487.0, "zycc": "普通类", "fsx": 487.0}, {"remarks": "", "schcode": "", "sex": "", "campus": "", "nf": "2017", "klmc": "理工", "ssmc": "安徽", "zylx": "普通类", "zymc": "土木工程", "maxScore": 537.0, "minScore": 536.0, "avgScore": 536.5, "avgOrder": 28512, "minOrder": 29086, "maxOrder": 28512, "kl": "", "ssdm": "34", "rs": 2, "zdx": 487.0, "ptx": 487.0, "zycc": "普通类", "fsx": 487.0}, {"remarks": "", "schcode": "", "sex": "", "campus": "", "nf": "2017", "klmc": "理工", "ssmc": "安徽", "zylx": "普通类", "zymc": "统计学类（理学）", "maxScore": 539.0, "minScore": 536.0, "avgScore": 537.5, "avgOrder": 27899, "minOrder": 29086, "maxOrder": 27321, "kl": "", "ssdm": "34", "rs": 2, "zdx": 487.0, "ptx": 487.0, "zycc": "普通类", "fsx": 487.0}], "withYsl": false}, "jessionid": "be6fea6da6d947ea968a0aa03c8d00d3"}