{"state": 1, "msg": "操作成功", "data": {"zsSsgradeList": [{"remarks": "详见分专业录取情况", "schcode": "", "sex": "", "campus": "", "nf": "2020", "klmc": "艺术(理)", "ssmc": "辽宁", "zylx": "艺术批", "kl": "7", "ssdm": "21", "rs": 3, "zycc": "艺术批"}], "sszygradeList": [{"remarks": "文化课成绩", "schcode": "", "sex": "", "campus": "", "nf": "2020", "klmc": "艺术(理)", "ssmc": "辽宁", "zylx": "艺术批", "zymc": "广播电视编导", "maxScore": 532.0, "minScore": 520.0, "avgScore": 526.0, "kl": "", "ssdm": "21", "rs": 2, "zycc": "艺术批"}, {"remarks": "综合分", "schcode": "", "sex": "", "campus": "", "nf": "2020", "klmc": "艺术(理)", "ssmc": "辽宁", "zylx": "艺术批", "zymc": "视觉传达设计", "maxScore": 472.0, "minScore": 468.0, "avgScore": 470.0, "kl": "", "ssdm": "21", "zydm": "", "rs": 2, "zycc": "艺术批"}, {"remarks": "综合分", "schcode": "", "sex": "", "campus": "", "nf": "2020", "klmc": "艺术(理)", "ssmc": "辽宁", "zylx": "艺术批", "zymc": "环境设计", "maxScore": 470.0, "minScore": 470.0, "avgScore": 470.0, "kl": "", "ssdm": "21", "zydm": "", "rs": 1, "zycc": "艺术批"}], "withYsl": false}, "jessionid": "be6fea6da6d947ea968a0aa03c8d00d3"}