{"state": 1, "msg": "操作成功", "data": {"zsSsgradeList": [{"remarks": "文化课成绩（艺术本科提前批）", "schcode": "", "sex": "", "campus": "", "nf": "2020", "klmc": "艺术(文)", "ssmc": "河南", "zylx": "艺术批", "kl": "3", "ssdm": "41", "rs": 12, "minScore": 494.0, "avgScore": 507.7, "maxScore": 535.0, "zycc": "艺术批"}], "sszygradeList": [{"remarks": "文化课成绩（艺术本科提前批）", "schcode": "", "sex": "", "campus": "", "nf": "2020", "klmc": "艺术(文)", "ssmc": "河南", "zylx": "艺术批", "zymc": "视觉传达设计", "maxScore": 535.0, "minScore": 494.0, "avgScore": 509.6, "kl": "", "ssdm": "41", "rs": 7, "zycc": "艺术批"}, {"remarks": "文化课成绩（艺术本科提前批）", "schcode": "", "sex": "", "campus": "", "nf": "2020", "klmc": "艺术(文)", "ssmc": "河南", "zylx": "艺术批", "zymc": "环境设计", "maxScore": 515.0, "minScore": 497.0, "avgScore": 505.0, "kl": "", "ssdm": "41", "rs": 5, "zycc": "艺术批"}], "withYsl": false}, "jessionid": "be6fea6da6d947ea968a0aa03c8d00d3"}