{"state": 1, "msg": "操作成功", "data": {"zsSsgradeList": [{"remarks": "", "schcode": "", "sex": "", "campus": "", "nf": "2018", "klmc": "文史", "ssmc": "黑龙江", "zylx": "地方专项", "kl": "1", "ssdm": "23", "rs": 13, "zdx": 490.0, "ptx": 490.0, "minScore": 490.0, "minOrder": 7132, "avgScore": 504.6, "avgOrder": 5490, "maxScore": 521.0, "maxOrder": 3904, "zycc": "地方专项", "fsx": 490.0}], "sszygradeList": [{"remarks": "", "schcode": "", "sex": "", "campus": "", "nf": "2018", "klmc": "文史", "ssmc": "黑龙江", "zylx": "地方专项", "zymc": "金融学类", "maxScore": 511.0, "minScore": 488.0, "avgScore": 495.3, "avgOrder": 6557, "minOrder": 7345, "maxOrder": 4843, "kl": "", "ssdm": "23", "rs": 6, "zdx": 490.0, "ptx": 490.0, "zycc": "地方专项", "fsx": 490.0}, {"remarks": "", "schcode": "", "sex": "", "campus": "", "nf": "2018", "klmc": "文史", "ssmc": "黑龙江", "zylx": "地方专项", "zymc": "工商管理类", "maxScore": 521.0, "minScore": 485.0, "avgScore": 497.1, "avgOrder": 6337, "minOrder": 7681, "maxOrder": 3904, "kl": "", "ssdm": "23", "rs": 8, "zdx": 490.0, "ptx": 490.0, "zycc": "地方专项", "fsx": 490.0}, {"remarks": "", "schcode": "", "sex": "", "campus": "", "nf": "2018", "klmc": "文史", "ssmc": "黑龙江", "zylx": "地方专项", "zymc": "法学类", "maxScore": 512.0, "minScore": 500.0, "avgScore": 506.7, "avgOrder": 5295, "minOrder": 6011, "maxOrder": 4747, "kl": "", "ssdm": "23", "rs": 3, "zdx": 490.0, "ptx": 490.0, "zycc": "地方专项", "fsx": 490.0}, {"remarks": "", "schcode": "", "sex": "", "campus": "", "nf": "2018", "klmc": "文史", "ssmc": "黑龙江", "zylx": "地方专项", "zymc": "英语", "maxScore": 512.0, "minScore": 490.0, "avgScore": 500.7, "avgOrder": 5889, "minOrder": 7132, "maxOrder": 4747, "kl": "", "ssdm": "23", "rs": 3, "zdx": 490.0, "ptx": 490.0, "zycc": "地方专项", "fsx": 490.0}], "withYsl": false}, "jessionid": "be6fea6da6d947ea968a0aa03c8d00d3"}