{"state": 1, "msg": "操作成功", "data": {"zsSsgradeList": [{"remarks": "", "schcode": "", "sex": "", "campus": "", "nf": "2017", "klmc": "艺术(文)", "ssmc": "湖南", "zylx": "艺术批", "kl": "3", "ssdm": "43", "rs": 15, "minScore": 389.0, "avgScore": 416.6, "maxScore": 459.0, "zycc": "艺术批"}], "sszygradeList": [{"remarks": "文化课成绩；控制线：文科315分，术科180分", "schcode": "", "sex": "", "campus": "", "nf": "2017", "klmc": "艺术(文)", "ssmc": "湖南", "zylx": "艺术批", "zymc": "视觉传达设计", "maxScore": 459.0, "minScore": 389.0, "avgScore": 408.3, "kl": "", "ssdm": "43", "rs": 9, "zycc": "艺术批"}, {"remarks": "文化课成绩；控制线：文科315分，术科180分", "schcode": "", "sex": "", "campus": "", "nf": "2017", "klmc": "艺术(文)", "ssmc": "湖南", "zylx": "艺术批", "zymc": "环境设计", "maxScore": 451.0, "minScore": 398.0, "avgScore": 429.0, "kl": "", "ssdm": "43", "rs": 6, "zycc": "艺术批"}], "withYsl": false}, "jessionid": "be6fea6da6d947ea968a0aa03c8d00d3"}