{"state": 1, "msg": "操作成功", "data": {"zsSsgradeList": [{"remarks": "", "schcode": "", "sex": "", "campus": "", "nf": "2019", "klmc": "理工", "ssmc": "四川", "zylx": "普通类", "kl": "5", "ssdm": "51", "rs": 84, "zdx": 547.0, "ptx": 547.0, "minScore": 584.0, "minOrder": 45239, "avgScore": 591.1, "avgOrder": 39887, "maxScore": 613.0, "maxOrder": 25626, "zycc": "普通类", "fsx": 547.0}], "sszygradeList": [{"remarks": "", "schcode": "", "sex": "", "campus": "", "nf": "2019", "klmc": "理工", "ssmc": "四川", "zylx": "普通类", "zymc": "农学", "maxScore": 607.0, "minScore": 590.0, "avgScore": 598.5, "avgOrder": 34375, "minOrder": 40632, "maxOrder": 29239, "kl": "", "ssdm": "51", "rs": 2, "zdx": 547.0, "ptx": 547.0, "zycc": "普通类", "fsx": 547.0}, {"remarks": "", "schcode": "", "sex": "", "campus": "", "nf": "2019", "klmc": "理工", "ssmc": "四川", "zylx": "普通类", "zymc": "风景园林", "maxScore": 592.0, "minScore": 587.0, "avgScore": 589.2, "avgOrder": 41369, "minOrder": 42902, "maxOrder": 39175, "kl": "", "ssdm": "51", "rs": 4, "zdx": 547.0, "ptx": 547.0, "zycc": "普通类", "fsx": 547.0}, {"remarks": "", "schcode": "", "sex": "", "campus": "", "nf": "2019", "klmc": "理工", "ssmc": "四川", "zylx": "普通类", "zymc": "园艺", "maxScore": 588.0, "minScore": 585.0, "avgScore": 586.5, "avgOrder": 42902, "minOrder": 44454, "maxOrder": 42142, "kl": "", "ssdm": "51", "rs": 2, "zdx": 547.0, "ptx": 547.0, "zycc": "普通类", "fsx": 547.0}, {"remarks": "", "schcode": "", "sex": "", "campus": "", "nf": "2019", "klmc": "理工", "ssmc": "四川", "zylx": "普通类", "zymc": "设施农业科学与工程", "maxScore": 588.0, "minScore": 584.0, "avgScore": 586.3, "avgOrder": 43698, "minOrder": 45239, "maxOrder": 42142, "kl": "", "ssdm": "51", "rs": 3, "zdx": 547.0, "ptx": 547.0, "zycc": "普通类", "fsx": 547.0}, {"remarks": "", "schcode": "", "sex": "", "campus": "", "nf": "2019", "klmc": "理工", "ssmc": "四川", "zylx": "普通类", "zymc": "园林", "maxScore": 612.0, "minScore": 591.0, "avgScore": 599.0, "avgOrder": 34375, "minOrder": 39887, "maxOrder": 26189, "kl": "", "ssdm": "51", "rs": 3, "zdx": 547.0, "ptx": 547.0, "zycc": "普通类", "fsx": 547.0}, {"remarks": "", "schcode": "", "sex": "", "campus": "", "nf": "2019", "klmc": "理工", "ssmc": "四川", "zylx": "普通类", "zymc": "应用气象学", "maxScore": 587.0, "minScore": 587.0, "avgScore": 587.0, "avgOrder": 42902, "minOrder": 42902, "maxOrder": 42902, "kl": "", "ssdm": "51", "rs": 2, "zdx": 547.0, "ptx": 547.0, "zycc": "普通类", "fsx": 547.0}, {"remarks": "", "schcode": "", "sex": "", "campus": "", "nf": "2019", "klmc": "理工", "ssmc": "四川", "zylx": "普通类", "zymc": "生态学", "maxScore": 588.0, "minScore": 586.0, "avgScore": 587.0, "avgOrder": 42902, "minOrder": 43698, "maxOrder": 42142, "kl": "", "ssdm": "51", "rs": 2, "zdx": 547.0, "ptx": 547.0, "zycc": "普通类", "fsx": 547.0}, {"remarks": "", "schcode": "", "sex": "", "campus": "", "nf": "2019", "klmc": "理工", "ssmc": "四川", "zylx": "普通类", "zymc": "环境科学与工程类", "maxScore": 598.0, "minScore": 590.0, "avgScore": 594.3, "avgOrder": 37735, "minOrder": 40632, "maxOrder": 35015, "kl": "", "ssdm": "51", "rs": 3, "zdx": 547.0, "ptx": 547.0, "zycc": "普通类", "fsx": 547.0}, {"remarks": "", "schcode": "", "sex": "", "campus": "", "nf": "2019", "klmc": "理工", "ssmc": "四川", "zylx": "普通类", "zymc": "自然保护与环境生态类", "maxScore": 589.0, "minScore": 585.0, "avgScore": 586.2, "avgOrder": 43698, "minOrder": 44454, "maxOrder": 41369, "kl": "", "ssdm": "51", "rs": 4, "zdx": 547.0, "ptx": 547.0, "zycc": "普通类", "fsx": 547.0}, {"remarks": "", "schcode": "", "sex": "", "campus": "", "nf": "2019", "klmc": "理工", "ssmc": "四川", "zylx": "普通类", "zymc": "动物科学", "maxScore": 589.0, "minScore": 587.0, "avgScore": 587.7, "avgOrder": 42142, "minOrder": 42902, "maxOrder": 41369, "kl": "", "ssdm": "51", "rs": 3, "zdx": 547.0, "ptx": 547.0, "zycc": "普通类", "fsx": 547.0}, {"remarks": "", "schcode": "", "sex": "", "campus": "", "nf": "2019", "klmc": "理工", "ssmc": "四川", "zylx": "普通类", "zymc": "水产养殖学", "maxScore": 592.0, "minScore": 584.0, "avgScore": 588.0, "avgOrder": 42142, "minOrder": 45239, "maxOrder": 39175, "kl": "", "ssdm": "51", "rs": 2, "zdx": 547.0, "ptx": 547.0, "zycc": "普通类", "fsx": 547.0}, {"remarks": "", "schcode": "", "sex": "", "campus": "", "nf": "2019", "klmc": "理工", "ssmc": "四川", "zylx": "普通类", "zymc": "动物医学", "maxScore": 594.0, "minScore": 590.0, "avgScore": 591.7, "avgOrder": 39175, "minOrder": 40632, "maxOrder": 37735, "kl": "", "ssdm": "51", "rs": 3, "zdx": 547.0, "ptx": 547.0, "zycc": "普通类", "fsx": 547.0}, {"remarks": "", "schcode": "", "sex": "", "campus": "", "nf": "2019", "klmc": "理工", "ssmc": "四川", "zylx": "普通类", "zymc": "机械类", "maxScore": 604.0, "minScore": 593.0, "avgScore": 597.3, "avgOrder": 35689, "minOrder": 38446, "maxOrder": 31123, "kl": "", "ssdm": "51", "rs": 3, "zdx": 547.0, "ptx": 547.0, "zycc": "普通类", "fsx": 547.0}, {"remarks": "", "schcode": "", "sex": "", "campus": "", "nf": "2019", "klmc": "理工", "ssmc": "四川", "zylx": "普通类", "zymc": "能源动力类", "maxScore": 595.0, "minScore": 591.0, "avgScore": 593.0, "avgOrder": 38446, "minOrder": 39887, "maxOrder": 37076, "kl": "", "ssdm": "51", "rs": 2, "zdx": 547.0, "ptx": 547.0, "zycc": "普通类", "fsx": 547.0}, {"remarks": "", "schcode": "", "sex": "", "campus": "", "nf": "2019", "klmc": "理工", "ssmc": "四川", "zylx": "普通类", "zymc": "电气工程及其自动化", "maxScore": 613.0, "minScore": 606.0, "avgScore": 609.5, "avgOrder": 27403, "minOrder": 29842, "maxOrder": 25626, "kl": "", "ssdm": "51", "rs": 2, "zdx": 547.0, "ptx": 547.0, "zycc": "普通类", "fsx": 547.0}, {"remarks": "", "schcode": "", "sex": "", "campus": "", "nf": "2019", "klmc": "理工", "ssmc": "四川", "zylx": "普通类", "zymc": "计算机科学与技术", "maxScore": 604.0, "minScore": 597.0, "avgScore": 600.3, "avgOrder": 33701, "minOrder": 35689, "maxOrder": 31123, "kl": "", "ssdm": "51", "rs": 3, "zdx": 547.0, "ptx": 547.0, "zycc": "普通类", "fsx": 547.0}, {"remarks": "", "schcode": "", "sex": "", "campus": "", "nf": "2019", "klmc": "理工", "ssmc": "四川", "zylx": "普通类", "zymc": "农业电气化", "maxScore": 588.0, "minScore": 588.0, "avgScore": 588.0, "avgOrder": 42142, "minOrder": 42142, "maxOrder": 42142, "kl": "", "ssdm": "51", "rs": 1, "zdx": 547.0, "ptx": 547.0, "zycc": "普通类", "fsx": 547.0}, {"remarks": "", "schcode": "", "sex": "", "campus": "", "nf": "2019", "klmc": "理工", "ssmc": "四川", "zylx": "普通类", "zymc": "金融学类", "maxScore": 604.0, "minScore": 587.0, "avgScore": 595.4, "avgOrder": 37076, "minOrder": 42902, "maxOrder": 31123, "kl": "", "ssdm": "51", "rs": 5, "zdx": 547.0, "ptx": 547.0, "zycc": "普通类", "fsx": 547.0}, {"remarks": "", "schcode": "", "sex": "", "campus": "", "nf": "2019", "klmc": "理工", "ssmc": "四川", "zylx": "普通类", "zymc": "生物科学类", "maxScore": 596.0, "minScore": 593.0, "avgScore": 594.5, "avgOrder": 37076, "minOrder": 38446, "maxOrder": 36376, "kl": "", "ssdm": "51", "rs": 2, "zdx": 547.0, "ptx": 547.0, "zycc": "普通类", "fsx": 547.0}, {"remarks": "", "schcode": "", "sex": "", "campus": "", "nf": "2019", "klmc": "理工", "ssmc": "四川", "zylx": "普通类", "zymc": "生物工程类", "maxScore": 590.0, "minScore": 587.0, "avgScore": 588.5, "avgOrder": 41369, "minOrder": 42902, "maxOrder": 40632, "kl": "", "ssdm": "51", "rs": 2, "zdx": 547.0, "ptx": 547.0, "zycc": "普通类", "fsx": 547.0}, {"remarks": "", "schcode": "", "sex": "", "campus": "", "nf": "2019", "klmc": "理工", "ssmc": "四川", "zylx": "普通类", "zymc": "食品科学与工程类", "maxScore": 601.0, "minScore": 584.0, "avgScore": 588.0, "avgOrder": 42142, "minOrder": 45239, "maxOrder": 33058, "kl": "", "ssdm": "51", "rs": 7, "zdx": 547.0, "ptx": 547.0, "zycc": "普通类", "fsx": 547.0}, {"remarks": "", "schcode": "", "sex": "", "campus": "", "nf": "2019", "klmc": "理工", "ssmc": "四川", "zylx": "普通类", "zymc": "人文地理与城乡规划", "maxScore": 589.0, "minScore": 587.0, "avgScore": 588.0, "avgOrder": 42142, "minOrder": 42902, "maxOrder": 41369, "kl": "", "ssdm": "51", "rs": 2, "zdx": 547.0, "ptx": 547.0, "zycc": "普通类", "fsx": 547.0}, {"remarks": "", "schcode": "", "sex": "", "campus": "", "nf": "2019", "klmc": "理工", "ssmc": "四川", "zylx": "普通类", "zymc": "土地整治工程", "maxScore": 585.0, "minScore": 584.0, "avgScore": 584.5, "avgOrder": 44454, "minOrder": 45239, "maxOrder": 44454, "kl": "", "ssdm": "51", "rs": 2, "zdx": 547.0, "ptx": 547.0, "zycc": "普通类", "fsx": 547.0}, {"remarks": "", "schcode": "", "sex": "", "campus": "", "nf": "2019", "klmc": "理工", "ssmc": "四川", "zylx": "普通类", "zymc": "土地资源管理", "maxScore": 586.0, "minScore": 584.0, "avgScore": 585.0, "avgOrder": 44454, "minOrder": 45239, "maxOrder": 43698, "kl": "", "ssdm": "51", "rs": 2, "zdx": 547.0, "ptx": 547.0, "zycc": "普通类", "fsx": 547.0}, {"remarks": "", "schcode": "", "sex": "", "campus": "", "nf": "2019", "klmc": "理工", "ssmc": "四川", "zylx": "普通类", "zymc": "水利类", "maxScore": 593.0, "minScore": 574.0, "avgScore": 584.4, "avgOrder": 45239, "minOrder": 53194, "maxOrder": 38446, "kl": "", "ssdm": "51", "rs": 7, "zdx": 547.0, "ptx": 547.0, "zycc": "普通类", "fsx": 547.0}, {"remarks": "", "schcode": "", "sex": "", "campus": "", "nf": "2019", "klmc": "理工", "ssmc": "四川", "zylx": "普通类", "zymc": "土木工程", "maxScore": 590.0, "minScore": 585.0, "avgScore": 586.7, "avgOrder": 42902, "minOrder": 44454, "maxOrder": 40632, "kl": "", "ssdm": "51", "rs": 3, "zdx": 547.0, "ptx": 547.0, "zycc": "普通类", "fsx": 547.0}, {"remarks": "", "schcode": "", "sex": "", "campus": "", "nf": "2019", "klmc": "理工", "ssmc": "四川", "zylx": "普通类", "zymc": "工程管理", "maxScore": 590.0, "minScore": 587.0, "avgScore": 588.0, "avgOrder": 42142, "minOrder": 42902, "maxOrder": 40632, "kl": "", "ssdm": "51", "rs": 3, "zdx": 547.0, "ptx": 547.0, "zycc": "普通类", "fsx": 547.0}, {"remarks": "", "schcode": "", "sex": "", "campus": "", "nf": "2019", "klmc": "理工", "ssmc": "四川", "zylx": "普通类", "zymc": "统计学类", "maxScore": 607.0, "minScore": 594.0, "avgScore": 598.2, "avgOrder": 35015, "minOrder": 37735, "maxOrder": 29239, "kl": "", "ssdm": "51", "rs": 4, "zdx": 547.0, "ptx": 547.0, "zycc": "普通类", "fsx": 547.0}, {"remarks": "", "schcode": "", "sex": "", "campus": "", "nf": "2019", "klmc": "理工", "ssmc": "四川", "zylx": "普通类", "zymc": "应用化学", "maxScore": 597.0, "minScore": 589.0, "avgScore": 593.0, "avgOrder": 38446, "minOrder": 41369, "maxOrder": 35689, "kl": "", "ssdm": "51", "rs": 2, "zdx": 547.0, "ptx": 547.0, "zycc": "普通类", "fsx": 547.0}, {"remarks": "", "schcode": "", "sex": "", "campus": "", "nf": "2019", "klmc": "理工", "ssmc": "四川", "zylx": "普通类", "zymc": "化学生物学", "maxScore": 586.0, "minScore": 584.0, "avgScore": 585.0, "avgOrder": 44454, "minOrder": 45239, "maxOrder": 43698, "kl": "", "ssdm": "51", "rs": 2, "zdx": 547.0, "ptx": 547.0, "zycc": "普通类", "fsx": 547.0}], "withYsl": false}, "jessionid": "be6fea6da6d947ea968a0aa03c8d00d3"}