{"state": 1, "msg": "操作成功", "data": {"zsSsgradeList": [{"remarks": "", "schcode": "", "sex": "", "campus": "", "nf": "2019", "klmc": "文史", "ssmc": "江苏", "zylx": "普通类", "kl": "1", "ssdm": "32", "rs": 4, "zdx": 339.0, "ptx": 339.0, "minScore": 355.0, "minOrder": 8402, "avgScore": 355.2, "avgOrder": 8402, "maxScore": 356.0, "maxOrder": 7915, "zycc": "普通类", "fsx": 339.0}], "sszygradeList": [{"remarks": "", "schcode": "", "sex": "", "campus": "", "nf": "2019", "klmc": "文史", "ssmc": "江苏", "zylx": "普通类", "zymc": "行政管理", "maxScore": 355.0, "minScore": 355.0, "avgScore": 355.0, "avgOrder": 8402, "minOrder": 8402, "maxOrder": 8402, "kl": "", "ssdm": "32", "rs": 2, "zdx": 339.0, "ptx": 339.0, "zycc": "普通类", "fsx": 339.0}, {"remarks": "", "schcode": "", "sex": "", "campus": "", "nf": "2019", "klmc": "文史", "ssmc": "江苏", "zylx": "普通类", "zymc": "英语", "maxScore": 356.0, "minScore": 355.0, "avgScore": 355.5, "avgOrder": 7915, "minOrder": 8402, "maxOrder": 7915, "kl": "", "ssdm": "32", "rs": 2, "zdx": 339.0, "ptx": 339.0, "zycc": "普通类", "fsx": 339.0}], "withYsl": false}, "jessionid": "be6fea6da6d947ea968a0aa03c8d00d3"}