{"state": 1, "msg": "操作成功", "data": {"zsSsgradeList": [{"remarks": "", "schcode": "", "sex": "", "campus": "", "nf": "2017", "klmc": "理工", "ssmc": "黑龙江", "zylx": "国家专项", "kl": "5", "ssdm": "23", "rs": 16, "zdx": 455.0, "ptx": 455.0, "minScore": 504.0, "minOrder": 19629, "avgScore": 515.9, "avgOrder": 17089, "maxScore": 536.0, "maxOrder": 12910, "zycc": "国家专项", "fsx": 455.0}], "sszygradeList": [{"remarks": "", "schcode": "", "sex": "", "campus": "", "nf": "2017", "klmc": "理工", "ssmc": "黑龙江", "zylx": "国家专项", "zymc": "植物生产类（Ⅰ）", "maxScore": 507.0, "minScore": 504.0, "avgScore": 505.5, "avgOrder": 19186, "minOrder": 19629, "maxOrder": 18982, "kl": "", "ssdm": "23", "rs": 2, "zdx": 455.0, "ptx": 455.0, "zycc": "国家专项", "fsx": 455.0}, {"remarks": "", "schcode": "", "sex": "", "campus": "", "nf": "2017", "klmc": "理工", "ssmc": "黑龙江", "zylx": "国家专项", "zymc": "动物科学", "maxScore": 508.0, "minScore": 506.0, "avgScore": 507.0, "avgOrder": 18982, "minOrder": 19186, "maxOrder": 18779, "kl": "", "ssdm": "23", "rs": 2, "zdx": 455.0, "ptx": 455.0, "zycc": "国家专项", "fsx": 455.0}, {"remarks": "", "schcode": "", "sex": "", "campus": "", "nf": "2017", "klmc": "理工", "ssmc": "黑龙江", "zylx": "国家专项", "zymc": "机械类（工学Ⅰ）", "maxScore": 517.0, "minScore": 516.0, "avgScore": 516.5, "avgOrder": 16882, "minOrder": 17089, "maxOrder": 16882, "kl": "", "ssdm": "23", "rs": 2, "zdx": 455.0, "ptx": 455.0, "zycc": "国家专项", "fsx": 455.0}, {"remarks": "", "schcode": "", "sex": "", "campus": "", "nf": "2017", "klmc": "理工", "ssmc": "黑龙江", "zylx": "国家专项", "zymc": "计算机类", "maxScore": 523.0, "minScore": 521.0, "avgScore": 522.0, "avgOrder": 15800, "minOrder": 16032, "maxOrder": 15572, "kl": "", "ssdm": "23", "rs": 2, "zdx": 455.0, "ptx": 455.0, "zycc": "国家专项", "fsx": 455.0}, {"remarks": "", "schcode": "", "sex": "", "campus": "", "nf": "2017", "klmc": "理工", "ssmc": "黑龙江", "zylx": "国家专项", "zymc": "金融学类（经济学）", "maxScore": 536.0, "minScore": 530.0, "avgScore": 533.0, "avgOrder": 13483, "minOrder": 14080, "maxOrder": 12910, "kl": "", "ssdm": "23", "rs": 2, "zdx": 455.0, "ptx": 455.0, "zycc": "国家专项", "fsx": 455.0}, {"remarks": "", "schcode": "", "sex": "", "campus": "", "nf": "2017", "klmc": "理工", "ssmc": "黑龙江", "zylx": "国家专项", "zymc": "生物科学类", "maxScore": 524.0, "minScore": 511.0, "avgScore": 517.5, "avgOrder": 16672, "minOrder": 18154, "maxOrder": 15334, "kl": "", "ssdm": "23", "rs": 2, "zdx": 455.0, "ptx": 455.0, "zycc": "国家专项", "fsx": 455.0}, {"remarks": "", "schcode": "", "sex": "", "campus": "", "nf": "2017", "klmc": "理工", "ssmc": "黑龙江", "zylx": "国家专项", "zymc": "食品科学与工程类", "maxScore": 516.0, "minScore": 514.0, "avgScore": 515.0, "avgOrder": 17322, "minOrder": 17518, "maxOrder": 17089, "kl": "", "ssdm": "23", "rs": 2, "zdx": 455.0, "ptx": 455.0, "zycc": "国家专项", "fsx": 455.0}, {"remarks": "", "schcode": "", "sex": "", "campus": "", "nf": "2017", "klmc": "理工", "ssmc": "黑龙江", "zylx": "国家专项", "zymc": "水利类（工学Ⅴ）", "maxScore": 511.0, "minScore": 511.0, "avgScore": 511.0, "avgOrder": 18154, "minOrder": 18154, "maxOrder": 18154, "kl": "", "ssdm": "23", "rs": 2, "zdx": 455.0, "ptx": 455.0, "zycc": "国家专项", "fsx": 455.0}], "withYsl": false}, "jessionid": "be6fea6da6d947ea968a0aa03c8d00d3"}