{"state": 1, "msg": "操作成功", "data": {"zsSsgradeList": [{"remarks": "", "schcode": "", "sex": "", "campus": "", "nf": "2019", "klmc": "文史", "ssmc": "黑龙江", "zylx": "地方专项", "kl": "1", "ssdm": "23", "rs": 20, "zdx": 500.0, "ptx": 500.0, "minScore": 502.0, "minOrder": 7451, "avgScore": 512.2, "avgOrder": 6223, "maxScore": 531.0, "maxOrder": 4237, "zycc": "地方专项", "fsx": 500.0}], "sszygradeList": [{"remarks": "", "schcode": "", "sex": "", "campus": "", "nf": "2019", "klmc": "文史", "ssmc": "黑龙江", "zylx": "地方专项", "zymc": "金融学类", "maxScore": 516.0, "minScore": 503.0, "avgScore": 510.7, "avgOrder": 6334, "minOrder": 7325, "maxOrder": 5773, "kl": "", "ssdm": "23", "rs": 6, "zdx": 500.0, "ptx": 500.0, "zycc": "地方专项", "fsx": 500.0}, {"remarks": "", "schcode": "", "sex": "", "campus": "", "nf": "2019", "klmc": "文史", "ssmc": "黑龙江", "zylx": "地方专项", "zymc": "工商管理类", "maxScore": 531.0, "minScore": 496.0, "avgScore": 509.8, "avgOrder": 6463, "minOrder": 8164, "maxOrder": 4237, "kl": "", "ssdm": "23", "rs": 8, "zdx": 500.0, "ptx": 500.0, "zycc": "地方专项", "fsx": 500.0}, {"remarks": "", "schcode": "", "sex": "", "campus": "", "nf": "2019", "klmc": "文史", "ssmc": "黑龙江", "zylx": "地方专项", "zymc": "法学类", "maxScore": 529.0, "minScore": 509.0, "avgScore": 518.5, "avgOrder": 5452, "minOrder": 6586, "maxOrder": 4434, "kl": "", "ssdm": "23", "rs": 4, "zdx": 500.0, "ptx": 500.0, "zycc": "地方专项", "fsx": 500.0}, {"remarks": "", "schcode": "", "sex": "", "campus": "", "nf": "2019", "klmc": "文史", "ssmc": "黑龙江", "zylx": "地方专项", "zymc": "英语", "maxScore": 517.0, "minScore": 502.0, "avgScore": 508.3, "avgOrder": 6692, "minOrder": 7451, "maxOrder": 5666, "kl": "", "ssdm": "23", "rs": 3, "zdx": 500.0, "ptx": 500.0, "zycc": "地方专项", "fsx": 500.0}], "withYsl": false}, "jessionid": "be6fea6da6d947ea968a0aa03c8d00d3"}