{"state": 1, "msg": "操作成功", "data": {"zsSsgradeList": [{"remarks": "", "schcode": "", "sex": "", "campus": "", "nf": "2019", "klmc": "艺术(理)", "ssmc": "山东", "zylx": "艺术批", "kl": "7", "ssdm": "37", "zycc": "艺术批"}], "sszygradeList": [{"remarks": "文化课成绩；控制线：理科287分，电编201分", "schcode": "", "sex": "", "campus": "", "nf": "2019", "klmc": "艺术(理)", "ssmc": "山东", "zylx": "艺术批", "zymc": "广播电视编导", "maxScore": 486.0, "minScore": 478.0, "avgScore": 482.3, "kl": "", "ssdm": "37", "rs": 3, "zycc": "艺术批"}, {"remarks": "文化课成绩；控制线：理科287分，美术203分", "schcode": "", "sex": "", "campus": "", "nf": "2019", "klmc": "艺术(理)", "ssmc": "山东", "zylx": "艺术批", "zymc": "视觉传达设计", "maxScore": 503.0, "minScore": 473.0, "avgScore": 483.7, "kl": "", "ssdm": "37", "rs": 3, "zycc": "艺术批"}, {"remarks": "文化课成绩；控制线：理科287分，美术203分", "schcode": "", "sex": "", "campus": "", "nf": "2019", "klmc": "艺术(理)", "ssmc": "山东", "zylx": "艺术批", "zymc": "环境设计", "maxScore": 484.0, "minScore": 480.0, "avgScore": 482.0, "kl": "", "ssdm": "37", "rs": 2, "zycc": "艺术批"}], "withYsl": false}, "jessionid": "be6fea6da6d947ea968a0aa03c8d00d3"}