{"state": 1, "msg": "操作成功", "data": {"zsSsgradeList": [{"remarks": "", "schcode": "", "sex": "", "campus": "", "nf": "2019", "klmc": "理工", "ssmc": "湖南", "zylx": "普通类", "kl": "5", "ssdm": "43", "rs": 27, "zdx": 500.0, "ptx": 500.0, "minScore": 549.0, "minOrder": 26433, "avgScore": 552.0, "avgOrder": 24901, "maxScore": 556.0, "maxOrder": 23029, "zycc": "普通类", "fsx": 500.0}], "sszygradeList": [{"remarks": "", "schcode": "", "sex": "", "campus": "", "nf": "2019", "klmc": "理工", "ssmc": "湖南", "zylx": "普通类", "zymc": "风景园林", "maxScore": 553.0, "minScore": 553.0, "avgScore": 553.0, "avgOrder": 24431, "minOrder": 24431, "maxOrder": 24431, "kl": "", "ssdm": "43", "rs": 2, "zdx": 500.0, "ptx": 500.0, "zycc": "普通类", "fsx": 500.0}, {"remarks": "", "schcode": "", "sex": "", "campus": "", "nf": "2019", "klmc": "理工", "ssmc": "湖南", "zylx": "普通类", "zymc": "园艺", "maxScore": 555.0, "minScore": 550.0, "avgScore": 552.5, "avgOrder": 24431, "minOrder": 25889, "maxOrder": 23476, "kl": "", "ssdm": "43", "rs": 2, "zdx": 500.0, "ptx": 500.0, "zycc": "普通类", "fsx": 500.0}, {"remarks": "", "schcode": "", "sex": "", "campus": "", "nf": "2019", "klmc": "理工", "ssmc": "湖南", "zylx": "普通类", "zymc": "应用气象学", "maxScore": 554.0, "minScore": 553.0, "avgScore": 553.5, "avgOrder": 23966, "minOrder": 24431, "maxOrder": 23966, "kl": "", "ssdm": "43", "rs": 2, "zdx": 500.0, "ptx": 500.0, "zycc": "普通类", "fsx": 500.0}, {"remarks": "", "schcode": "", "sex": "", "campus": "", "nf": "2019", "klmc": "理工", "ssmc": "湖南", "zylx": "普通类", "zymc": "环境科学与工程类", "maxScore": 549.0, "minScore": 537.0, "avgScore": 543.0, "avgOrder": 29546, "minOrder": 32763, "maxOrder": 26433, "kl": "", "ssdm": "43", "rs": 2, "zdx": 500.0, "ptx": 500.0, "zycc": "普通类", "fsx": 500.0}, {"remarks": "", "schcode": "", "sex": "", "campus": "", "nf": "2019", "klmc": "理工", "ssmc": "湖南", "zylx": "普通类", "zymc": "自然保护与环境生态类", "maxScore": 550.0, "minScore": 549.0, "avgScore": 549.5, "avgOrder": 25889, "minOrder": 26433, "maxOrder": 25889, "kl": "", "ssdm": "43", "rs": 2, "zdx": 500.0, "ptx": 500.0, "zycc": "普通类", "fsx": 500.0}, {"remarks": "", "schcode": "", "sex": "", "campus": "", "nf": "2019", "klmc": "理工", "ssmc": "湖南", "zylx": "普通类", "zymc": "动物医学", "maxScore": 552.0, "minScore": 552.0, "avgScore": 552.0, "avgOrder": 24901, "minOrder": 24901, "maxOrder": 24901, "kl": "", "ssdm": "43", "rs": 2, "zdx": 500.0, "ptx": 500.0, "zycc": "普通类", "fsx": 500.0}, {"remarks": "", "schcode": "", "sex": "", "campus": "", "nf": "2019", "klmc": "理工", "ssmc": "湖南", "zylx": "普通类", "zymc": "动物药学", "maxScore": 550.0, "minScore": 549.0, "avgScore": 549.5, "avgOrder": 25889, "minOrder": 26433, "maxOrder": 25889, "kl": "", "ssdm": "43", "rs": 2, "zdx": 500.0, "ptx": 500.0, "zycc": "普通类", "fsx": 500.0}, {"remarks": "", "schcode": "", "sex": "", "campus": "", "nf": "2019", "klmc": "理工", "ssmc": "湖南", "zylx": "普通类", "zymc": "机械类", "maxScore": 553.0, "minScore": 551.0, "avgScore": 552.0, "avgOrder": 24901, "minOrder": 25380, "maxOrder": 24431, "kl": "", "ssdm": "43", "rs": 4, "zdx": 500.0, "ptx": 500.0, "zycc": "普通类", "fsx": 500.0}, {"remarks": "", "schcode": "", "sex": "", "campus": "", "nf": "2019", "klmc": "理工", "ssmc": "湖南", "zylx": "普通类", "zymc": "计算机科学与技术", "maxScore": 555.0, "minScore": 555.0, "avgScore": 555.0, "avgOrder": 23476, "minOrder": 23476, "maxOrder": 23476, "kl": "", "ssdm": "43", "rs": 1, "zdx": 500.0, "ptx": 500.0, "zycc": "普通类", "fsx": 500.0}, {"remarks": "", "schcode": "", "sex": "", "campus": "", "nf": "2019", "klmc": "理工", "ssmc": "湖南", "zylx": "普通类", "zymc": "金融学类", "maxScore": 556.0, "minScore": 553.0, "avgScore": 554.3, "avgOrder": 23966, "minOrder": 24431, "maxOrder": 23029, "kl": "", "ssdm": "43", "rs": 3, "zdx": 500.0, "ptx": 500.0, "zycc": "普通类", "fsx": 500.0}, {"remarks": "", "schcode": "", "sex": "", "campus": "", "nf": "2019", "klmc": "理工", "ssmc": "湖南", "zylx": "普通类", "zymc": "生物科学类", "maxScore": 552.0, "minScore": 551.0, "avgScore": 551.5, "avgOrder": 24901, "minOrder": 25380, "maxOrder": 24901, "kl": "", "ssdm": "43", "rs": 2, "zdx": 500.0, "ptx": 500.0, "zycc": "普通类", "fsx": 500.0}, {"remarks": "", "schcode": "", "sex": "", "campus": "", "nf": "2019", "klmc": "理工", "ssmc": "湖南", "zylx": "普通类", "zymc": "土木工程", "maxScore": 554.0, "minScore": 553.0, "avgScore": 553.5, "avgOrder": 23966, "minOrder": 24431, "maxOrder": 23966, "kl": "", "ssdm": "43", "rs": 2, "zdx": 500.0, "ptx": 500.0, "zycc": "普通类", "fsx": 500.0}, {"remarks": "", "schcode": "", "sex": "", "campus": "", "nf": "2019", "klmc": "理工", "ssmc": "湖南", "zylx": "普通类", "zymc": "工程管理", "maxScore": 550.0, "minScore": 550.0, "avgScore": 550.0, "avgOrder": 25889, "minOrder": 25889, "maxOrder": 25889, "kl": "", "ssdm": "43", "rs": 2, "zdx": 500.0, "ptx": 500.0, "zycc": "普通类", "fsx": 500.0}], "withYsl": false}, "jessionid": "be6fea6da6d947ea968a0aa03c8d00d3"}