{"state": 1, "msg": "操作成功", "data": {"zsSsgradeList": [{"remarks": "", "schcode": "", "sex": "", "campus": "", "nf": "2020", "klmc": "理工", "ssmc": "安徽", "zylx": "普通类", "kl": "5", "ssdm": "34", "rs": 58, "zdx": 515.0, "ptx": 515.0, "minScore": 587.0, "minOrder": 29180, "avgScore": 590.3, "avgOrder": 27439, "maxScore": 607.0, "maxOrder": 18666, "zycc": "普通类", "fsx": 515.0}], "sszygradeList": [{"remarks": "", "schcode": "", "sex": "", "campus": "", "nf": "2020", "klmc": "理工", "ssmc": "安徽", "zylx": "普通类", "zymc": "植物保护", "maxScore": 589.0, "minScore": 588.0, "avgScore": 588.3, "avgOrder": 28602, "minOrder": 28602, "maxOrder": 28005, "kl": "", "ssdm": "34", "rs": 3, "zdx": 515.0, "ptx": 515.0, "zycc": "普通类", "fsx": 515.0}, {"remarks": "", "schcode": "", "sex": "", "campus": "", "nf": "2020", "klmc": "理工", "ssmc": "安徽", "zylx": "普通类", "zymc": "植物科学与技术", "maxScore": 588.0, "minScore": 588.0, "avgScore": 588.0, "avgOrder": 28602, "minOrder": 28602, "maxOrder": 28602, "kl": "", "ssdm": "34", "rs": 2, "zdx": 515.0, "ptx": 515.0, "zycc": "普通类", "fsx": 515.0}, {"remarks": "", "schcode": "", "sex": "", "campus": "", "nf": "2020", "klmc": "理工", "ssmc": "安徽", "zylx": "普通类", "zymc": "种子科学与工程", "maxScore": 590.0, "minScore": 590.0, "avgScore": 590.0, "avgOrder": 27439, "minOrder": 27439, "maxOrder": 27439, "kl": "", "ssdm": "34", "rs": 3, "zdx": 515.0, "ptx": 515.0, "zycc": "普通类", "fsx": 515.0}, {"remarks": "", "schcode": "", "sex": "", "campus": "", "nf": "2020", "klmc": "理工", "ssmc": "安徽", "zylx": "普通类", "zymc": "风景园林", "maxScore": 591.0, "minScore": 591.0, "avgScore": 591.0, "avgOrder": 26869, "minOrder": 26869, "maxOrder": 26869, "kl": "", "ssdm": "34", "rs": 2, "zdx": 515.0, "ptx": 515.0, "zycc": "普通类", "fsx": 515.0}, {"remarks": "", "schcode": "", "sex": "", "campus": "", "nf": "2020", "klmc": "理工", "ssmc": "安徽", "zylx": "普通类", "zymc": "园艺", "maxScore": 589.0, "minScore": 589.0, "avgScore": 589.0, "avgOrder": 28005, "minOrder": 28005, "maxOrder": 28005, "kl": "", "ssdm": "34", "rs": 2, "zdx": 515.0, "ptx": 515.0, "zycc": "普通类", "fsx": 515.0}, {"remarks": "", "schcode": "", "sex": "", "campus": "", "nf": "2020", "klmc": "理工", "ssmc": "安徽", "zylx": "普通类", "zymc": "园林", "maxScore": 591.0, "minScore": 590.0, "avgScore": 590.3, "avgOrder": 27439, "minOrder": 27439, "maxOrder": 26869, "kl": "", "ssdm": "34", "rs": 3, "zdx": 515.0, "ptx": 515.0, "zycc": "普通类", "fsx": 515.0}, {"remarks": "", "schcode": "", "sex": "", "campus": "", "nf": "2020", "klmc": "理工", "ssmc": "安徽", "zylx": "普通类", "zymc": "应用气象学", "maxScore": 592.0, "minScore": 590.0, "avgScore": 591.0, "avgOrder": 26869, "minOrder": 27439, "maxOrder": 26316, "kl": "", "ssdm": "34", "rs": 2, "zdx": 515.0, "ptx": 515.0, "zycc": "普通类", "fsx": 515.0}, {"remarks": "", "schcode": "", "sex": "", "campus": "", "nf": "2020", "klmc": "理工", "ssmc": "安徽", "zylx": "普通类", "zymc": "生态学", "maxScore": 589.0, "minScore": 588.0, "avgScore": 588.5, "avgOrder": 28602, "minOrder": 28602, "maxOrder": 28005, "kl": "", "ssdm": "34", "rs": 2, "zdx": 515.0, "ptx": 515.0, "zycc": "普通类", "fsx": 515.0}, {"remarks": "", "schcode": "", "sex": "", "campus": "", "nf": "2020", "klmc": "理工", "ssmc": "安徽", "zylx": "普通类", "zymc": "环境科学与工程类", "maxScore": 606.0, "minScore": 606.0, "avgScore": 606.0, "avgOrder": 19121, "minOrder": 19121, "maxOrder": 19121, "kl": "", "ssdm": "34", "rs": 1, "zdx": 515.0, "ptx": 515.0, "zycc": "普通类", "fsx": 515.0}, {"remarks": "", "schcode": "", "sex": "", "campus": "", "nf": "2020", "klmc": "理工", "ssmc": "安徽", "zylx": "普通类", "zymc": "自然保护与环境生态类", "maxScore": 590.0, "minScore": 588.0, "avgScore": 589.0, "avgOrder": 28005, "minOrder": 28602, "maxOrder": 27439, "kl": "", "ssdm": "34", "rs": 2, "zdx": 515.0, "ptx": 515.0, "zycc": "普通类", "fsx": 515.0}, {"remarks": "", "schcode": "", "sex": "", "campus": "", "nf": "2020", "klmc": "理工", "ssmc": "安徽", "zylx": "普通类", "zymc": "水产养殖学", "maxScore": 589.0, "minScore": 588.0, "avgScore": 588.5, "avgOrder": 28602, "minOrder": 28602, "maxOrder": 28005, "kl": "", "ssdm": "34", "rs": 2, "zdx": 515.0, "ptx": 515.0, "zycc": "普通类", "fsx": 515.0}, {"remarks": "", "schcode": "", "sex": "", "campus": "", "nf": "2020", "klmc": "理工", "ssmc": "安徽", "zylx": "普通类", "zymc": "动物药学", "maxScore": 589.0, "minScore": 589.0, "avgScore": 589.0, "avgOrder": 28005, "minOrder": 28005, "maxOrder": 28005, "kl": "", "ssdm": "34", "rs": 2, "zdx": 515.0, "ptx": 515.0, "zycc": "普通类", "fsx": 515.0}, {"remarks": "", "schcode": "", "sex": "", "campus": "", "nf": "2020", "klmc": "理工", "ssmc": "安徽", "zylx": "普通类", "zymc": "机械类", "maxScore": 591.0, "minScore": 591.0, "avgScore": 591.0, "avgOrder": 26869, "minOrder": 26869, "maxOrder": 26869, "kl": "", "ssdm": "34", "rs": 5, "zdx": 515.0, "ptx": 515.0, "zycc": "普通类", "fsx": 515.0}, {"remarks": "", "schcode": "", "sex": "", "campus": "", "nf": "2020", "klmc": "理工", "ssmc": "安徽", "zylx": "普通类", "zymc": "能源动力类", "maxScore": 590.0, "minScore": 590.0, "avgScore": 590.0, "avgOrder": 27439, "minOrder": 27439, "maxOrder": 27439, "kl": "", "ssdm": "34", "rs": 2, "zdx": 515.0, "ptx": 515.0, "zycc": "普通类", "fsx": 515.0}, {"remarks": "", "schcode": "", "sex": "", "campus": "", "nf": "2020", "klmc": "理工", "ssmc": "安徽", "zylx": "普通类", "zymc": "电气工程及其自动化", "maxScore": 592.0, "minScore": 591.0, "avgScore": 591.5, "avgOrder": 26316, "minOrder": 26869, "maxOrder": 26316, "kl": "", "ssdm": "34", "rs": 2, "zdx": 515.0, "ptx": 515.0, "zycc": "普通类", "fsx": 515.0}, {"remarks": "", "schcode": "", "sex": "", "campus": "", "nf": "2020", "klmc": "理工", "ssmc": "安徽", "zylx": "普通类", "zymc": "物联网工程", "maxScore": 607.0, "minScore": 593.0, "avgScore": 600.0, "avgOrder": 22036, "minOrder": 25790, "maxOrder": 18666, "kl": "", "ssdm": "34", "rs": 2, "zdx": 515.0, "ptx": 515.0, "zycc": "普通类", "fsx": 515.0}, {"remarks": "", "schcode": "", "sex": "", "campus": "", "nf": "2020", "klmc": "理工", "ssmc": "安徽", "zylx": "普通类", "zymc": "金融学类", "maxScore": 600.0, "minScore": 592.0, "avgScore": 594.7, "avgOrder": 24697, "minOrder": 26316, "maxOrder": 22036, "kl": "", "ssdm": "34", "rs": 3, "zdx": 515.0, "ptx": 515.0, "zycc": "普通类", "fsx": 515.0}, {"remarks": "", "schcode": "", "sex": "", "campus": "", "nf": "2020", "klmc": "理工", "ssmc": "安徽", "zylx": "普通类", "zymc": "食品科学与工程类", "maxScore": 592.0, "minScore": 591.0, "avgScore": 591.5, "avgOrder": 26316, "minOrder": 26869, "maxOrder": 26316, "kl": "", "ssdm": "34", "rs": 2, "zdx": 515.0, "ptx": 515.0, "zycc": "普通类", "fsx": 515.0}, {"remarks": "", "schcode": "", "sex": "", "campus": "", "nf": "2020", "klmc": "理工", "ssmc": "安徽", "zylx": "普通类", "zymc": "人文地理与城乡规划", "maxScore": 588.0, "minScore": 588.0, "avgScore": 588.0, "avgOrder": 28602, "minOrder": 28602, "maxOrder": 28602, "kl": "", "ssdm": "34", "rs": 2, "zdx": 515.0, "ptx": 515.0, "zycc": "普通类", "fsx": 515.0}, {"remarks": "", "schcode": "", "sex": "", "campus": "", "nf": "2020", "klmc": "理工", "ssmc": "安徽", "zylx": "普通类", "zymc": "土地整治工程", "maxScore": 589.0, "minScore": 589.0, "avgScore": 589.0, "avgOrder": 28005, "minOrder": 28005, "maxOrder": 28005, "kl": "", "ssdm": "34", "rs": 2, "zdx": 515.0, "ptx": 515.0, "zycc": "普通类", "fsx": 515.0}, {"remarks": "", "schcode": "", "sex": "", "campus": "", "nf": "2020", "klmc": "理工", "ssmc": "安徽", "zylx": "普通类", "zymc": "水利类", "maxScore": 591.0, "minScore": 590.0, "avgScore": 590.5, "avgOrder": 27439, "minOrder": 27439, "maxOrder": 26869, "kl": "", "ssdm": "34", "rs": 2, "zdx": 515.0, "ptx": 515.0, "zycc": "普通类", "fsx": 515.0}, {"remarks": "", "schcode": "", "sex": "", "campus": "", "nf": "2020", "klmc": "理工", "ssmc": "安徽", "zylx": "普通类", "zymc": "土木工程", "maxScore": 590.0, "minScore": 590.0, "avgScore": 590.0, "avgOrder": 27439, "minOrder": 27439, "maxOrder": 27439, "kl": "", "ssdm": "34", "rs": 2, "zdx": 515.0, "ptx": 515.0, "zycc": "普通类", "fsx": 515.0}, {"remarks": "", "schcode": "", "sex": "", "campus": "", "nf": "2020", "klmc": "理工", "ssmc": "安徽", "zylx": "普通类", "zymc": "统计学类", "maxScore": 593.0, "minScore": 592.0, "avgScore": 592.5, "avgOrder": 26316, "minOrder": 26316, "maxOrder": 25790, "kl": "", "ssdm": "34", "rs": 2, "zdx": 515.0, "ptx": 515.0, "zycc": "普通类", "fsx": 515.0}, {"remarks": "", "schcode": "", "sex": "", "campus": "", "nf": "2020", "klmc": "理工", "ssmc": "安徽", "zylx": "普通类", "zymc": "应用化学", "maxScore": 591.0, "minScore": 590.0, "avgScore": 590.5, "avgOrder": 27439, "minOrder": 27439, "maxOrder": 26869, "kl": "", "ssdm": "34", "rs": 2, "zdx": 515.0, "ptx": 515.0, "zycc": "普通类", "fsx": 515.0}, {"remarks": "", "schcode": "", "sex": "", "campus": "", "nf": "2020", "klmc": "理工", "ssmc": "安徽", "zylx": "普通类", "zymc": "化学生物学", "maxScore": 589.0, "minScore": 589.0, "avgScore": 589.0, "avgOrder": 28005, "minOrder": 28005, "maxOrder": 28005, "kl": "", "ssdm": "34", "rs": 2, "zdx": 515.0, "ptx": 515.0, "zycc": "普通类", "fsx": 515.0}], "withYsl": false}, "jessionid": "be6fea6da6d947ea968a0aa03c8d00d3"}