{"state": 1, "msg": "操作成功", "data": {"zsSsgradeList": [{"remarks": "", "schcode": "", "sex": "", "campus": "", "nf": "2020", "klmc": "理工", "ssmc": "新疆", "zylx": "阿勒泰定向", "kl": "5", "ssdm": "65", "rs": 3, "zdx": 431.0, "ptx": 431.0, "minScore": 444.0, "avgScore": 450.0, "maxScore": 461.0, "zycc": "阿勒泰定向", "fsx": 431.0}], "sszygradeList": [{"remarks": "", "schcode": "", "sex": "", "campus": "", "nf": "2020", "klmc": "理工", "ssmc": "新疆", "zylx": "阿勒泰定向", "zymc": "风景园林", "maxScore": 444.0, "minScore": 444.0, "avgScore": 444.0, "kl": "", "ssdm": "65", "rs": 1, "zdx": 431.0, "ptx": 431.0, "zycc": "阿勒泰定向", "fsx": 431.0}, {"remarks": "", "schcode": "", "sex": "", "campus": "", "nf": "2020", "klmc": "理工", "ssmc": "新疆", "zylx": "阿勒泰定向", "zymc": "环境科学与工程类", "maxScore": 461.0, "minScore": 461.0, "avgScore": 461.0, "kl": "", "ssdm": "65", "rs": 1, "zdx": 431.0, "ptx": 431.0, "zycc": "阿勒泰定向", "fsx": 431.0}, {"remarks": "", "schcode": "", "sex": "", "campus": "", "nf": "2020", "klmc": "理工", "ssmc": "新疆", "zylx": "阿勒泰定向", "zymc": "食品科学与工程类", "maxScore": 445.0, "minScore": 445.0, "avgScore": 445.0, "kl": "", "ssdm": "65", "rs": 1, "zdx": 431.0, "ptx": 431.0, "zycc": "阿勒泰定向", "fsx": 431.0}], "withYsl": false}, "jessionid": "be6fea6da6d947ea968a0aa03c8d00d3"}