{"state": 1, "msg": "操作成功", "data": {"zsSsgradeList": [{"remarks": "", "schcode": "", "sex": "", "campus": "", "nf": "2018", "klmc": "综合改革", "ssmc": "上海", "zylx": "普通类", "kl": "Z", "ssdm": "31", "rs": 5, "zdx": 401.0, "ptx": 401.0, "minScore": 473.0, "minOrder": 20939, "avgScore": 477.8, "avgOrder": 20283, "maxScore": 486.0, "maxOrder": 18369, "zycc": "普通类", "fsx": 401.0}], "sszygradeList": [{"remarks": "", "schcode": "", "sex": "", "campus": "", "nf": "2018", "klmc": "综合改革", "ssmc": "上海", "zylx": "普通类", "zymc": "金融学类", "maxScore": 486.0, "minScore": 486.0, "avgScore": 486.0, "avgOrder": 18369, "minOrder": 18369, "maxOrder": 18369, "kl": "", "ssdm": "31", "rs": 1, "zdx": 401.0, "ptx": 401.0, "zycc": "普通类", "fsx": 401.0}, {"remarks": "", "schcode": "", "sex": "", "campus": "", "nf": "2018", "klmc": "综合改革", "ssmc": "上海", "zylx": "普通类", "zymc": "工商管理类", "maxScore": 478.0, "minScore": 478.0, "avgScore": 478.0, "avgOrder": 20283, "minOrder": 20283, "maxOrder": 20283, "kl": "", "ssdm": "31", "rs": 1, "zdx": 401.0, "ptx": 401.0, "zycc": "普通类", "fsx": 401.0}, {"remarks": "", "schcode": "", "sex": "", "campus": "", "nf": "2018", "klmc": "综合改革", "ssmc": "上海", "zylx": "普通类", "zymc": "食品科学与工程类", "maxScore": 478.0, "minScore": 474.0, "avgScore": 476.0, "avgOrder": 20739, "minOrder": 20939, "maxOrder": 20283, "kl": "", "ssdm": "31", "rs": 2, "zdx": 401.0, "ptx": 401.0, "zycc": "普通类", "fsx": 401.0}, {"remarks": "", "schcode": "", "sex": "", "campus": "", "nf": "2018", "klmc": "综合改革", "ssmc": "上海", "zylx": "普通类", "zymc": "土木工程", "maxScore": 473.0, "minScore": 473.0, "avgScore": 473.0, "avgOrder": 20939, "minOrder": 20939, "maxOrder": 20939, "kl": "", "ssdm": "31", "rs": 1, "zdx": 401.0, "ptx": 401.0, "zycc": "普通类", "fsx": 401.0}], "withYsl": false}, "jessionid": "be6fea6da6d947ea968a0aa03c8d00d3"}