{"state": 1, "msg": "操作成功", "data": {"zsSsgradeList": [{"remarks": "", "schcode": "", "sex": "", "campus": "", "nf": "2018", "klmc": "理工", "ssmc": "黑龙江", "zylx": "中俄合作办学", "kl": "5", "ssdm": "23", "rs": 106, "zdx": 472.0, "ptx": 472.0, "minScore": 487.0, "minOrder": 30396, "avgScore": 501.4, "avgOrder": 26671, "maxScore": 528.0, "maxOrder": 19808, "zycc": "中俄合作办学", "fsx": 472.0}], "sszygradeList": [{"remarks": "", "schcode": "", "sex": "", "campus": "", "nf": "2018", "klmc": "理工", "ssmc": "黑龙江", "zylx": "中俄合作办学", "zymc": "金融学（中俄合作办学）", "maxScore": 528.0, "minScore": 502.0, "avgScore": 511.7, "avgOrder": 23799, "minOrder": 26393, "maxOrder": 19808, "kl": "", "ssdm": "23", "rs": 35, "zdx": 472.0, "ptx": 472.0, "zycc": "中俄合作办学", "fsx": 472.0}, {"remarks": "", "schcode": "", "sex": "", "campus": "", "nf": "2018", "klmc": "理工", "ssmc": "黑龙江", "zylx": "中俄合作办学", "zymc": "国际经济与贸易（中俄合作办学）", "maxScore": 519.0, "minScore": 489.0, "avgScore": 498.6, "avgOrder": 27175, "minOrder": 29839, "maxOrder": 22015, "kl": "", "ssdm": "23", "rs": 36, "zdx": 472.0, "ptx": 472.0, "zycc": "中俄合作办学", "fsx": 472.0}, {"remarks": "", "schcode": "", "sex": "", "campus": "", "nf": "2018", "klmc": "理工", "ssmc": "黑龙江", "zylx": "中俄合作办学", "zymc": "工商管理（中俄合作办学）", "maxScore": 550.0, "minScore": 487.0, "avgScore": 495.6, "avgOrder": 27950, "minOrder": 30396, "maxOrder": 14809, "kl": "", "ssdm": "23", "rs": 36, "zdx": 472.0, "ptx": 472.0, "zycc": "中俄合作办学", "fsx": 472.0}], "withYsl": false}, "jessionid": "be6fea6da6d947ea968a0aa03c8d00d3"}