{"state": 1, "msg": "操作成功", "data": {"zsSsgradeList": [], "sszygradeList": [{"remarks": "", "schcode": "", "sex": "", "campus": "", "nf": "2019", "klmc": "文史", "ssmc": "新疆", "zylx": "阿勒泰定向", "zymc": "法学类", "maxScore": 512.0, "minScore": 512.0, "avgScore": 512.0, "kl": "", "ssdm": "65", "rs": 1, "zdx": 510.0, "ptx": 510.0, "zycc": "阿勒泰定向", "fsx": 510.0}, {"remarks": "", "schcode": "", "sex": "", "campus": "", "nf": "2019", "klmc": "文史", "ssmc": "新疆", "zylx": "阿勒泰定向", "zymc": "汉语国际教育", "maxScore": 496.0, "minScore": 496.0, "avgScore": 496.0, "kl": "", "ssdm": "65", "rs": 1, "zdx": 510.0, "ptx": 510.0, "zycc": "阿勒泰定向", "fsx": 510.0}], "withYsl": false}, "jessionid": "be6fea6da6d947ea968a0aa03c8d00d3"}