{"state": 1, "msg": "操作成功", "data": {"zsSsgradeList": [{"remarks": "", "schcode": "", "sex": "", "campus": "", "nf": "2017", "klmc": "理工", "ssmc": "湖南", "zylx": "普通类", "kl": "5", "ssdm": "43", "rs": 22, "zdx": 505.0, "ptx": 505.0, "minScore": 529.0, "minOrder": 27069, "avgScore": 534.3, "avgOrder": 24845, "maxScore": 548.0, "maxOrder": 19305, "zycc": "普通类", "fsx": 505.0}], "sszygradeList": [{"remarks": "", "schcode": "", "sex": "", "campus": "", "nf": "2017", "klmc": "理工", "ssmc": "湖南", "zylx": "普通类", "zymc": "风景园林", "maxScore": 537.0, "minScore": 530.0, "avgScore": 533.5, "avgOrder": 24845, "minOrder": 26600, "maxOrder": 23591, "kl": "", "ssdm": "43", "rs": 2, "zdx": 505.0, "ptx": 505.0, "zycc": "普通类", "fsx": 505.0}, {"remarks": "", "schcode": "", "sex": "", "campus": "", "nf": "2017", "klmc": "理工", "ssmc": "湖南", "zylx": "普通类", "zymc": "植物生产类（Ⅱ）", "maxScore": 545.0, "minScore": 530.0, "avgScore": 537.5, "avgOrder": 23176, "minOrder": 26600, "maxOrder": 20449, "kl": "", "ssdm": "43", "rs": 2, "zdx": 505.0, "ptx": 505.0, "zycc": "普通类", "fsx": 505.0}, {"remarks": "", "schcode": "", "sex": "", "campus": "", "nf": "2017", "klmc": "理工", "ssmc": "湖南", "zylx": "普通类", "zymc": "环境科学与工程类", "maxScore": 535.0, "minScore": 531.0, "avgScore": 533.0, "avgOrder": 25268, "minOrder": 26197, "maxOrder": 24426, "kl": "", "ssdm": "43", "rs": 2, "zdx": 505.0, "ptx": 505.0, "zycc": "普通类", "fsx": 505.0}, {"remarks": "", "schcode": "", "sex": "", "campus": "", "nf": "2017", "klmc": "理工", "ssmc": "湖南", "zylx": "普通类", "zymc": "自然保护与环境生态类（农学）", "maxScore": 530.0, "minScore": 530.0, "avgScore": 530.0, "avgOrder": 26600, "minOrder": 26600, "maxOrder": 26600, "kl": "", "ssdm": "43", "rs": 2, "zdx": 505.0, "ptx": 505.0, "zycc": "普通类", "fsx": 505.0}, {"remarks": "", "schcode": "", "sex": "", "campus": "", "nf": "2017", "klmc": "理工", "ssmc": "湖南", "zylx": "普通类", "zymc": "动物医学", "maxScore": 530.0, "minScore": 529.0, "avgScore": 529.5, "avgOrder": 26600, "minOrder": 27069, "maxOrder": 26600, "kl": "", "ssdm": "43", "rs": 2, "zdx": 505.0, "ptx": 505.0, "zycc": "普通类", "fsx": 505.0}, {"remarks": "", "schcode": "", "sex": "", "campus": "", "nf": "2017", "klmc": "理工", "ssmc": "湖南", "zylx": "普通类", "zymc": "动物药学", "maxScore": 555.0, "minScore": 530.0, "avgScore": 542.5, "avgOrder": 21198, "minOrder": 26600, "maxOrder": 16755, "kl": "", "ssdm": "43", "rs": 2, "zdx": 505.0, "ptx": 505.0, "zycc": "普通类", "fsx": 505.0}, {"remarks": "", "schcode": "", "sex": "", "campus": "", "nf": "2017", "klmc": "理工", "ssmc": "湖南", "zylx": "普通类", "zymc": "机械类（工学Ⅰ）", "maxScore": 535.0, "minScore": 531.0, "avgScore": 532.7, "avgOrder": 25268, "minOrder": 26197, "maxOrder": 24426, "kl": "", "ssdm": "43", "rs": 3, "zdx": 505.0, "ptx": 505.0, "zycc": "普通类", "fsx": 505.0}, {"remarks": "", "schcode": "", "sex": "", "campus": "", "nf": "2017", "klmc": "理工", "ssmc": "湖南", "zylx": "普通类", "zymc": "金融学类（经济学）", "maxScore": 548.0, "minScore": 535.0, "avgScore": 541.5, "avgOrder": 21611, "minOrder": 24426, "maxOrder": 19305, "kl": "", "ssdm": "43", "rs": 2, "zdx": 505.0, "ptx": 505.0, "zycc": "普通类", "fsx": 505.0}, {"remarks": "", "schcode": "", "sex": "", "campus": "", "nf": "2017", "klmc": "理工", "ssmc": "湖南", "zylx": "普通类", "zymc": "生物科学类", "maxScore": 541.0, "minScore": 531.0, "avgScore": 536.0, "avgOrder": 24016, "minOrder": 26197, "maxOrder": 21992, "kl": "", "ssdm": "43", "rs": 2, "zdx": 505.0, "ptx": 505.0, "zycc": "普通类", "fsx": 505.0}, {"remarks": "", "schcode": "", "sex": "", "campus": "", "nf": "2017", "klmc": "理工", "ssmc": "湖南", "zylx": "普通类", "zymc": "土木工程", "maxScore": 543.0, "minScore": 537.0, "avgScore": 540.0, "avgOrder": 22412, "minOrder": 23591, "maxOrder": 21198, "kl": "", "ssdm": "43", "rs": 2, "zdx": 505.0, "ptx": 505.0, "zycc": "普通类", "fsx": 505.0}, {"remarks": "", "schcode": "", "sex": "", "campus": "", "nf": "2017", "klmc": "理工", "ssmc": "湖南", "zylx": "普通类", "zymc": "工程管理", "maxScore": 534.0, "minScore": 531.0, "avgScore": 532.5, "avgOrder": 25268, "minOrder": 26197, "maxOrder": 24845, "kl": "", "ssdm": "43", "rs": 2, "zdx": 505.0, "ptx": 505.0, "zycc": "普通类", "fsx": 505.0}], "withYsl": false}, "jessionid": "be6fea6da6d947ea968a0aa03c8d00d3"}