{"state": 1, "msg": "操作成功", "data": {"zsSsgradeList": [{"remarks": "", "schcode": "", "sex": "", "campus": "", "nf": "2019", "klmc": "理工", "ssmc": "海南", "zylx": "普通类", "kl": "5", "ssdm": "46", "rs": 11, "zdx": 539.0, "ptx": 539.0, "minScore": 611.0, "minOrder": 8552, "avgScore": 622.0, "avgOrder": 7412, "maxScore": 629.0, "maxOrder": 6718, "zycc": "普通类", "fsx": 539.0}], "sszygradeList": [{"remarks": "", "schcode": "", "sex": "", "campus": "", "nf": "2019", "klmc": "理工", "ssmc": "海南", "zylx": "普通类", "zymc": "风景园林", "maxScore": 620.0, "minScore": 616.0, "avgScore": 618.3, "avgOrder": 7818, "minOrder": 8032, "maxOrder": 7621, "kl": "", "ssdm": "46", "rs": 3, "zdx": 539.0, "ptx": 539.0, "zycc": "普通类", "fsx": 539.0}, {"remarks": "", "schcode": "", "sex": "", "campus": "", "nf": "2019", "klmc": "理工", "ssmc": "海南", "zylx": "普通类", "zymc": "能源动力类", "maxScore": 617.0, "minScore": 611.0, "avgScore": 614.0, "avgOrder": 8223, "minOrder": 8552, "maxOrder": 7922, "kl": "", "ssdm": "46", "rs": 2, "zdx": 539.0, "ptx": 539.0, "zycc": "普通类", "fsx": 539.0}, {"remarks": "", "schcode": "", "sex": "", "campus": "", "nf": "2019", "klmc": "理工", "ssmc": "海南", "zylx": "普通类", "zymc": "计算机科学与技术", "maxScore": 629.0, "minScore": 624.0, "avgScore": 626.5, "avgOrder": 6898, "minOrder": 7216, "maxOrder": 6718, "kl": "", "ssdm": "46", "rs": 2, "zdx": 539.0, "ptx": 539.0, "zycc": "普通类", "fsx": 539.0}, {"remarks": "", "schcode": "", "sex": "", "campus": "", "nf": "2019", "klmc": "理工", "ssmc": "海南", "zylx": "普通类", "zymc": "金融学类", "maxScore": 629.0, "minScore": 628.0, "avgScore": 628.5, "avgOrder": 6718, "minOrder": 6804, "maxOrder": 6718, "kl": "", "ssdm": "46", "rs": 2, "zdx": 539.0, "ptx": 539.0, "zycc": "普通类", "fsx": 539.0}, {"remarks": "", "schcode": "", "sex": "", "campus": "", "nf": "2019", "klmc": "理工", "ssmc": "海南", "zylx": "普通类", "zymc": "食品科学与工程类", "maxScore": 626.0, "minScore": 623.0, "avgScore": 624.5, "avgOrder": 7100, "minOrder": 7296, "maxOrder": 7011, "kl": "", "ssdm": "46", "rs": 2, "zdx": 539.0, "ptx": 539.0, "zycc": "普通类", "fsx": 539.0}], "withYsl": false}, "jessionid": "be6fea6da6d947ea968a0aa03c8d00d3"}