{"state": 1, "msg": "操作成功", "data": {"zsSsgradeList": [{"remarks": "", "schcode": "", "sex": "", "campus": "", "nf": "2017", "klmc": "文史", "ssmc": "宁夏", "zylx": "普通类", "kl": "1", "ssdm": "64", "rs": 2, "zdx": 519.0, "ptx": 519.0, "minScore": 537.0, "minOrder": 1499, "avgScore": 539.5, "avgOrder": 1375, "maxScore": 542.0, "maxOrder": 1296, "zycc": "普通类", "fsx": 519.0}], "sszygradeList": [{"remarks": "", "schcode": "", "sex": "", "campus": "", "nf": "2017", "klmc": "文史", "ssmc": "宁夏", "zylx": "普通类", "zymc": "农林经济管理", "maxScore": 542.0, "minScore": 537.0, "avgScore": 539.5, "avgOrder": 1375, "minOrder": 1499, "maxOrder": 1296, "kl": "", "ssdm": "64", "rs": 2, "zdx": 519.0, "ptx": 519.0, "zycc": "普通类", "fsx": 519.0}], "withYsl": false}, "jessionid": "be6fea6da6d947ea968a0aa03c8d00d3"}