{"state": 1, "msg": "操作成功", "data": {"zsSsgradeList": [{"remarks": "", "schcode": "", "sex": "", "campus": "", "nf": "2018", "klmc": "综合改革", "ssmc": "浙江", "zylx": "普通类", "kl": "Z", "ssdm": "33", "rs": 25, "zdx": 490.0, "ptx": 490.0, "minScore": 602.0, "minOrder": 39082, "avgScore": 607.9, "avgOrder": 33571, "maxScore": 617.0, "maxOrder": 26006, "zycc": "普通类", "fsx": 490.0}], "sszygradeList": [{"remarks": "", "schcode": "", "sex": "", "campus": "", "nf": "2018", "klmc": "综合改革", "ssmc": "浙江", "zylx": "普通类", "zymc": "机械类", "maxScore": 607.0, "minScore": 605.0, "avgScore": 605.7, "avgOrder": 35389, "minOrder": 36288, "maxOrder": 34501, "kl": "", "ssdm": "33", "rs": 3, "zdx": 490.0, "ptx": 490.0, "zycc": "普通类", "fsx": 490.0}, {"remarks": "", "schcode": "", "sex": "", "campus": "", "nf": "2018", "klmc": "综合改革", "ssmc": "浙江", "zylx": "普通类", "zymc": "电气工程及其自动化", "maxScore": 617.0, "minScore": 611.0, "avgScore": 613.2, "avgOrder": 29307, "minOrder": 30952, "maxOrder": 26006, "kl": "", "ssdm": "33", "rs": 4, "zdx": 490.0, "ptx": 490.0, "zycc": "普通类", "fsx": 490.0}, {"remarks": "", "schcode": "", "sex": "", "campus": "", "nf": "2018", "klmc": "综合改革", "ssmc": "浙江", "zylx": "普通类", "zymc": "计算机类", "maxScore": 610.0, "minScore": 609.0, "avgScore": 609.2, "avgOrder": 32684, "minOrder": 32684, "maxOrder": 31833, "kl": "", "ssdm": "33", "rs": 4, "zdx": 490.0, "ptx": 490.0, "zycc": "普通类", "fsx": 490.0}, {"remarks": "", "schcode": "", "sex": "", "campus": "", "nf": "2018", "klmc": "综合改革", "ssmc": "浙江", "zylx": "普通类", "zymc": "农业电气化", "maxScore": 604.0, "minScore": 602.0, "avgScore": 603.0, "avgOrder": 38124, "minOrder": 39082, "maxOrder": 37198, "kl": "", "ssdm": "33", "rs": 2, "zdx": 490.0, "ptx": 490.0, "zycc": "普通类", "fsx": 490.0}, {"remarks": "", "schcode": "", "sex": "", "campus": "", "nf": "2018", "klmc": "综合改革", "ssmc": "浙江", "zylx": "普通类", "zymc": "金融学类", "maxScore": 615.0, "minScore": 606.0, "avgScore": 608.8, "avgOrder": 32684, "minOrder": 35389, "maxOrder": 27648, "kl": "", "ssdm": "33", "rs": 4, "zdx": 490.0, "ptx": 490.0, "zycc": "普通类", "fsx": 490.0}, {"remarks": "", "schcode": "", "sex": "", "campus": "", "nf": "2018", "klmc": "综合改革", "ssmc": "浙江", "zylx": "普通类", "zymc": "工商管理类", "maxScore": 608.0, "minScore": 605.0, "avgScore": 606.2, "avgOrder": 35389, "minOrder": 36288, "maxOrder": 33571, "kl": "", "ssdm": "33", "rs": 4, "zdx": 490.0, "ptx": 490.0, "zycc": "普通类", "fsx": 490.0}, {"remarks": "", "schcode": "", "sex": "", "campus": "", "nf": "2018", "klmc": "综合改革", "ssmc": "浙江", "zylx": "普通类", "zymc": "食品科学与工程类", "maxScore": 611.0, "minScore": 604.0, "avgScore": 606.2, "avgOrder": 35389, "minOrder": 37198, "maxOrder": 30952, "kl": "", "ssdm": "33", "rs": 4, "zdx": 490.0, "ptx": 490.0, "zycc": "普通类", "fsx": 490.0}], "withYsl": false}, "jessionid": "be6fea6da6d947ea968a0aa03c8d00d3"}