{"state": 1, "msg": "操作成功", "data": {"zsSsgradeList": [{"remarks": "", "schcode": "", "sex": "", "campus": "", "nf": "2017", "klmc": "艺术(理)", "ssmc": "辽宁", "zylx": "艺术批", "kl": "7", "ssdm": "21", "zycc": "艺术批"}], "sszygradeList": [{"remarks": "文化课成绩；控制线：理科228分，电编150分", "schcode": "", "sex": "", "campus": "", "nf": "2017", "klmc": "艺术(理)", "ssmc": "辽宁", "zylx": "艺术批", "zymc": "广播电视编导", "maxScore": 465.0, "minScore": 451.0, "avgScore": 456.0, "kl": "", "ssdm": "21", "rs": 3, "zycc": "艺术批"}], "withYsl": false}, "jessionid": "be6fea6da6d947ea968a0aa03c8d00d3"}