{"state": 1, "msg": "操作成功", "data": {"zsSsgradeList": [{"remarks": "", "schcode": "", "sex": "", "campus": "", "nf": "2017", "klmc": "理工", "ssmc": "山东", "zylx": "普通类", "kl": "5", "ssdm": "37", "rs": 178, "zdx": 433.0, "ptx": 433.0, "minScore": 568.0, "minOrder": 37529, "avgScore": 573.5, "avgOrder": 32975, "maxScore": 601.0, "maxOrder": 16581, "zycc": "普通类", "fsx": 433.0}], "sszygradeList": [{"remarks": "", "schcode": "", "sex": "", "campus": "", "nf": "2017", "klmc": "理工", "ssmc": "山东", "zylx": "普通类", "zymc": "植物生产类（Ⅰ）", "maxScore": 580.0, "minScore": 568.0, "avgScore": 571.8, "avgOrder": 34490, "minOrder": 37529, "maxOrder": 28746, "kl": "", "ssdm": "37", "rs": 12, "zdx": 433.0, "ptx": 433.0, "zycc": "普通类", "fsx": 433.0}, {"remarks": "", "schcode": "", "sex": "", "campus": "", "nf": "2017", "klmc": "理工", "ssmc": "山东", "zylx": "普通类", "zymc": "农学（本硕博班）", "maxScore": 575.0, "minScore": 575.0, "avgScore": 575.0, "avgOrder": 32236, "minOrder": 32236, "maxOrder": 32236, "kl": "", "ssdm": "37", "rs": 2, "zdx": 433.0, "ptx": 433.0, "zycc": "普通类", "fsx": 433.0}, {"remarks": "", "schcode": "", "sex": "", "campus": "", "nf": "2017", "klmc": "理工", "ssmc": "山东", "zylx": "普通类", "zymc": "风景园林", "maxScore": 578.0, "minScore": 573.0, "avgScore": 575.0, "avgOrder": 32236, "minOrder": 33759, "maxOrder": 30127, "kl": "", "ssdm": "37", "rs": 4, "zdx": 433.0, "ptx": 433.0, "zycc": "普通类", "fsx": 433.0}, {"remarks": "", "schcode": "", "sex": "", "campus": "", "nf": "2017", "klmc": "理工", "ssmc": "山东", "zylx": "普通类", "zymc": "植物生产类（Ⅱ）", "maxScore": 570.0, "minScore": 569.0, "avgScore": 569.2, "avgOrder": 36740, "minOrder": 36740, "maxOrder": 36011, "kl": "", "ssdm": "37", "rs": 6, "zdx": 433.0, "ptx": 433.0, "zycc": "普通类", "fsx": 433.0}, {"remarks": "", "schcode": "", "sex": "", "campus": "", "nf": "2017", "klmc": "理工", "ssmc": "山东", "zylx": "普通类", "zymc": "园艺（本硕博班）", "maxScore": 578.0, "minScore": 573.0, "avgScore": 575.5, "avgOrder": 31510, "minOrder": 33759, "maxOrder": 30127, "kl": "", "ssdm": "37", "rs": 2, "zdx": 433.0, "ptx": 433.0, "zycc": "普通类", "fsx": 433.0}, {"remarks": "", "schcode": "", "sex": "", "campus": "", "nf": "2017", "klmc": "理工", "ssmc": "山东", "zylx": "普通类", "zymc": "园林", "maxScore": 582.0, "minScore": 570.0, "avgScore": 575.3, "avgOrder": 32236, "minOrder": 36011, "maxOrder": 27399, "kl": "", "ssdm": "37", "rs": 6, "zdx": 433.0, "ptx": 433.0, "zycc": "普通类", "fsx": 433.0}, {"remarks": "", "schcode": "", "sex": "", "campus": "", "nf": "2017", "klmc": "理工", "ssmc": "山东", "zylx": "普通类", "zymc": "应用气象学", "maxScore": 569.0, "minScore": 568.0, "avgScore": 568.5, "avgOrder": 36740, "minOrder": 37529, "maxOrder": 36740, "kl": "", "ssdm": "37", "rs": 2, "zdx": 433.0, "ptx": 433.0, "zycc": "普通类", "fsx": 433.0}, {"remarks": "", "schcode": "", "sex": "", "campus": "", "nf": "2017", "klmc": "理工", "ssmc": "山东", "zylx": "普通类", "zymc": "生态学", "maxScore": 569.0, "minScore": 568.0, "avgScore": 568.7, "avgOrder": 36740, "minOrder": 37529, "maxOrder": 36740, "kl": "", "ssdm": "37", "rs": 3, "zdx": 433.0, "ptx": 433.0, "zycc": "普通类", "fsx": 433.0}, {"remarks": "", "schcode": "", "sex": "", "campus": "", "nf": "2017", "klmc": "理工", "ssmc": "山东", "zylx": "普通类", "zymc": "环境科学与工程类", "maxScore": 574.0, "minScore": 570.0, "avgScore": 571.2, "avgOrder": 35258, "minOrder": 36011, "maxOrder": 32975, "kl": "", "ssdm": "37", "rs": 8, "zdx": 433.0, "ptx": 433.0, "zycc": "普通类", "fsx": 433.0}, {"remarks": "", "schcode": "", "sex": "", "campus": "", "nf": "2017", "klmc": "理工", "ssmc": "山东", "zylx": "普通类", "zymc": "自然保护与环境生态类（农学）", "maxScore": 568.0, "minScore": 568.0, "avgScore": 568.0, "avgOrder": 37529, "minOrder": 37529, "maxOrder": 37529, "kl": "", "ssdm": "37", "rs": 6, "zdx": 433.0, "ptx": 433.0, "zycc": "普通类", "fsx": 433.0}, {"remarks": "", "schcode": "", "sex": "", "campus": "", "nf": "2017", "klmc": "理工", "ssmc": "山东", "zylx": "普通类", "zymc": "动物科学（本硕博班）", "maxScore": 578.0, "minScore": 577.0, "avgScore": 577.5, "avgOrder": 30127, "minOrder": 30841, "maxOrder": 30127, "kl": "", "ssdm": "37", "rs": 2, "zdx": 433.0, "ptx": 433.0, "zycc": "普通类", "fsx": 433.0}, {"remarks": "", "schcode": "", "sex": "", "campus": "", "nf": "2017", "klmc": "理工", "ssmc": "山东", "zylx": "普通类", "zymc": "水产养殖学", "maxScore": 569.0, "minScore": 568.0, "avgScore": 568.3, "avgOrder": 37529, "minOrder": 37529, "maxOrder": 36740, "kl": "", "ssdm": "37", "rs": 3, "zdx": 433.0, "ptx": 433.0, "zycc": "普通类", "fsx": 433.0}, {"remarks": "", "schcode": "", "sex": "", "campus": "", "nf": "2017", "klmc": "理工", "ssmc": "山东", "zylx": "普通类", "zymc": "草业科学", "maxScore": 574.0, "minScore": 568.0, "avgScore": 571.0, "avgOrder": 35258, "minOrder": 37529, "maxOrder": 32975, "kl": "", "ssdm": "37", "rs": 2, "zdx": 433.0, "ptx": 433.0, "zycc": "普通类", "fsx": 433.0}, {"remarks": "", "schcode": "", "sex": "", "campus": "", "nf": "2017", "klmc": "理工", "ssmc": "山东", "zylx": "普通类", "zymc": "动物医学", "maxScore": 573.0, "minScore": 571.0, "avgScore": 572.4, "avgOrder": 34490, "minOrder": 35258, "maxOrder": 33759, "kl": "", "ssdm": "37", "rs": 5, "zdx": 433.0, "ptx": 433.0, "zycc": "普通类", "fsx": 433.0}, {"remarks": "", "schcode": "", "sex": "", "campus": "", "nf": "2017", "klmc": "理工", "ssmc": "山东", "zylx": "普通类", "zymc": "动物药学", "maxScore": 571.0, "minScore": 568.0, "avgScore": 569.5, "avgOrder": 36011, "minOrder": 37529, "maxOrder": 35258, "kl": "", "ssdm": "37", "rs": 2, "zdx": 433.0, "ptx": 433.0, "zycc": "普通类", "fsx": 433.0}, {"remarks": "", "schcode": "", "sex": "", "campus": "", "nf": "2017", "klmc": "理工", "ssmc": "山东", "zylx": "普通类", "zymc": "机械类（工学Ⅰ）", "maxScore": 584.0, "minScore": 574.0, "avgScore": 577.3, "avgOrder": 30841, "minOrder": 32975, "maxOrder": 26143, "kl": "", "ssdm": "37", "rs": 10, "zdx": 433.0, "ptx": 433.0, "zycc": "普通类", "fsx": 433.0}, {"remarks": "", "schcode": "", "sex": "", "campus": "", "nf": "2017", "klmc": "理工", "ssmc": "山东", "zylx": "普通类", "zymc": "农业机械化及其自动化（本硕博班）", "maxScore": 576.0, "minScore": 576.0, "avgScore": 576.0, "avgOrder": 31510, "minOrder": 31510, "maxOrder": 31510, "kl": "", "ssdm": "37", "rs": 1, "zdx": 433.0, "ptx": 433.0, "zycc": "普通类", "fsx": 433.0}, {"remarks": "", "schcode": "", "sex": "", "campus": "", "nf": "2017", "klmc": "理工", "ssmc": "山东", "zylx": "普通类", "zymc": "能源动力类（工学Ⅱ）", "maxScore": 586.0, "minScore": 574.0, "avgScore": 580.0, "avgOrder": 28746, "minOrder": 32975, "maxOrder": 24937, "kl": "", "ssdm": "37", "rs": 2, "zdx": 433.0, "ptx": 433.0, "zycc": "普通类", "fsx": 433.0}, {"remarks": "", "schcode": "", "sex": "", "campus": "", "nf": "2017", "klmc": "理工", "ssmc": "山东", "zylx": "普通类", "zymc": "工业工程类（管理学Ⅰ）", "maxScore": 574.0, "minScore": 572.0, "avgScore": 573.0, "avgOrder": 33759, "minOrder": 34490, "maxOrder": 32975, "kl": "", "ssdm": "37", "rs": 2, "zdx": 433.0, "ptx": 433.0, "zycc": "普通类", "fsx": 433.0}, {"remarks": "", "schcode": "", "sex": "", "campus": "", "nf": "2017", "klmc": "理工", "ssmc": "山东", "zylx": "普通类", "zymc": "电气类（工学Ⅲ）", "maxScore": 580.0, "minScore": 577.0, "avgScore": 578.5, "avgOrder": 29444, "minOrder": 30841, "maxOrder": 28746, "kl": "", "ssdm": "37", "rs": 4, "zdx": 433.0, "ptx": 433.0, "zycc": "普通类", "fsx": 433.0}, {"remarks": "", "schcode": "", "sex": "", "campus": "", "nf": "2017", "klmc": "理工", "ssmc": "山东", "zylx": "普通类", "zymc": "计算机类", "maxScore": 583.0, "minScore": 578.0, "avgScore": 579.7, "avgOrder": 28746, "minOrder": 30127, "maxOrder": 26799, "kl": "", "ssdm": "37", "rs": 3, "zdx": 433.0, "ptx": 433.0, "zycc": "普通类", "fsx": 433.0}, {"remarks": "", "schcode": "", "sex": "", "campus": "", "nf": "2017", "klmc": "理工", "ssmc": "山东", "zylx": "普通类", "zymc": "金融学类（经济学）", "maxScore": 591.0, "minScore": 574.0, "avgScore": 579.1, "avgOrder": 29444, "minOrder": 32975, "maxOrder": 21936, "kl": "", "ssdm": "37", "rs": 12, "zdx": 433.0, "ptx": 433.0, "zycc": "普通类", "fsx": 433.0}, {"remarks": "", "schcode": "", "sex": "", "campus": "", "nf": "2017", "klmc": "理工", "ssmc": "山东", "zylx": "普通类", "zymc": "农林经济管理（本硕博班）", "maxScore": 575.0, "minScore": 573.0, "avgScore": 574.0, "avgOrder": 32975, "minOrder": 33759, "maxOrder": 32236, "kl": "", "ssdm": "37", "rs": 2, "zdx": 433.0, "ptx": 433.0, "zycc": "普通类", "fsx": 433.0}, {"remarks": "", "schcode": "", "sex": "", "campus": "", "nf": "2017", "klmc": "理工", "ssmc": "山东", "zylx": "普通类", "zymc": "生物科学类", "maxScore": 575.0, "minScore": 572.0, "avgScore": 573.1, "avgOrder": 33759, "minOrder": 34490, "maxOrder": 32236, "kl": "", "ssdm": "37", "rs": 10, "zdx": 433.0, "ptx": 433.0, "zycc": "普通类", "fsx": 433.0}, {"remarks": "", "schcode": "", "sex": "", "campus": "", "nf": "2017", "klmc": "理工", "ssmc": "山东", "zylx": "普通类", "zymc": "生物科学（理科实验班）", "maxScore": 582.0, "minScore": 576.0, "avgScore": 579.0, "avgOrder": 29444, "minOrder": 31510, "maxOrder": 27399, "kl": "", "ssdm": "37", "rs": 2, "zdx": 433.0, "ptx": 433.0, "zycc": "普通类", "fsx": 433.0}, {"remarks": "", "schcode": "", "sex": "", "campus": "", "nf": "2017", "klmc": "理工", "ssmc": "山东", "zylx": "普通类", "zymc": "生物工程类（工学Ⅳ）", "maxScore": 591.0, "minScore": 569.0, "avgScore": 571.7, "avgOrder": 34490, "minOrder": 36740, "maxOrder": 21936, "kl": "", "ssdm": "37", "rs": 14, "zdx": 433.0, "ptx": 433.0, "zycc": "普通类", "fsx": 433.0}, {"remarks": "", "schcode": "", "sex": "", "campus": "", "nf": "2017", "klmc": "理工", "ssmc": "山东", "zylx": "普通类", "zymc": "食品科学与工程类", "maxScore": 601.0, "minScore": 570.0, "avgScore": 576.5, "avgOrder": 30841, "minOrder": 36011, "maxOrder": 16581, "kl": "", "ssdm": "37", "rs": 13, "zdx": 433.0, "ptx": 433.0, "zycc": "普通类", "fsx": 433.0}, {"remarks": "", "schcode": "", "sex": "", "campus": "", "nf": "2017", "klmc": "理工", "ssmc": "山东", "zylx": "普通类", "zymc": "食品科学与工程（本硕博班）", "maxScore": 589.0, "minScore": 581.0, "avgScore": 585.0, "avgOrder": 25539, "minOrder": 28061, "maxOrder": 23125, "kl": "", "ssdm": "37", "rs": 2, "zdx": 433.0, "ptx": 433.0, "zycc": "普通类", "fsx": 433.0}, {"remarks": "", "schcode": "", "sex": "", "campus": "", "nf": "2017", "klmc": "理工", "ssmc": "山东", "zylx": "普通类", "zymc": "人文地理与城乡规划", "maxScore": 569.0, "minScore": 568.0, "avgScore": 568.5, "avgOrder": 36740, "minOrder": 37529, "maxOrder": 36740, "kl": "", "ssdm": "37", "rs": 4, "zdx": 433.0, "ptx": 433.0, "zycc": "普通类", "fsx": 433.0}, {"remarks": "", "schcode": "", "sex": "", "campus": "", "nf": "2017", "klmc": "理工", "ssmc": "山东", "zylx": "普通类", "zymc": "土地资源管理", "maxScore": 573.0, "minScore": 568.0, "avgScore": 570.3, "avgOrder": 36011, "minOrder": 37529, "maxOrder": 33759, "kl": "", "ssdm": "37", "rs": 3, "zdx": 433.0, "ptx": 433.0, "zycc": "普通类", "fsx": 433.0}, {"remarks": "", "schcode": "", "sex": "", "campus": "", "nf": "2017", "klmc": "理工", "ssmc": "山东", "zylx": "普通类", "zymc": "水利类（工学Ⅴ）", "maxScore": 582.0, "minScore": 572.0, "avgScore": 574.2, "avgOrder": 32975, "minOrder": 34490, "maxOrder": 27399, "kl": "", "ssdm": "37", "rs": 6, "zdx": 433.0, "ptx": 433.0, "zycc": "普通类", "fsx": 433.0}, {"remarks": "", "schcode": "", "sex": "", "campus": "", "nf": "2017", "klmc": "理工", "ssmc": "山东", "zylx": "普通类", "zymc": "土木工程", "maxScore": 575.0, "minScore": 572.0, "avgScore": 573.3, "avgOrder": 33759, "minOrder": 34490, "maxOrder": 32236, "kl": "", "ssdm": "37", "rs": 3, "zdx": 433.0, "ptx": 433.0, "zycc": "普通类", "fsx": 433.0}, {"remarks": "", "schcode": "", "sex": "", "campus": "", "nf": "2017", "klmc": "理工", "ssmc": "山东", "zylx": "普通类", "zymc": "工程管理", "maxScore": 572.0, "minScore": 569.0, "avgScore": 570.5, "avgOrder": 35258, "minOrder": 36740, "maxOrder": 34490, "kl": "", "ssdm": "37", "rs": 6, "zdx": 433.0, "ptx": 433.0, "zycc": "普通类", "fsx": 433.0}, {"remarks": "", "schcode": "", "sex": "", "campus": "", "nf": "2017", "klmc": "理工", "ssmc": "山东", "zylx": "普通类", "zymc": "统计学类（理学）", "maxScore": 576.0, "minScore": 571.0, "avgScore": 573.0, "avgOrder": 33759, "minOrder": 35258, "maxOrder": 31510, "kl": "", "ssdm": "37", "rs": 6, "zdx": 433.0, "ptx": 433.0, "zycc": "普通类", "fsx": 433.0}, {"remarks": "", "schcode": "", "sex": "", "campus": "", "nf": "2017", "klmc": "理工", "ssmc": "山东", "zylx": "普通类", "zymc": "俄语", "maxScore": 571.0, "minScore": 568.0, "avgScore": 569.0, "avgOrder": 36740, "minOrder": 37529, "maxOrder": 35258, "kl": "", "ssdm": "37", "rs": 5, "zdx": 433.0, "ptx": 433.0, "zycc": "普通类", "fsx": 433.0}, {"remarks": "", "schcode": "", "sex": "", "campus": "", "nf": "2017", "klmc": "理工", "ssmc": "山东", "zylx": "普通类", "zymc": "应用化学", "maxScore": 573.0, "minScore": 571.0, "avgScore": 572.0, "avgOrder": 34490, "minOrder": 35258, "maxOrder": 33759, "kl": "", "ssdm": "37", "rs": 2, "zdx": 433.0, "ptx": 433.0, "zycc": "普通类", "fsx": 433.0}, {"remarks": "", "schcode": "", "sex": "", "campus": "", "nf": "2017", "klmc": "理工", "ssmc": "山东", "zylx": "普通类", "zymc": "化学生物学", "maxScore": 571.0, "minScore": 570.0, "avgScore": 570.5, "avgOrder": 35258, "minOrder": 36011, "maxOrder": 35258, "kl": "", "ssdm": "37", "rs": 2, "zdx": 433.0, "ptx": 433.0, "zycc": "普通类", "fsx": 433.0}], "withYsl": false}, "jessionid": "be6fea6da6d947ea968a0aa03c8d00d3"}