{"state": 1, "msg": "操作成功", "data": {"zsSsgradeList": [{"remarks": "", "schcode": "", "sex": "", "campus": "", "nf": "2020", "klmc": "综合改革", "ssmc": "山东", "zylx": "普通类", "kl": "Z", "ssdm": "37", "rs": 182, "zdx": 449.0, "ptx": 449.0, "minScore": 582.0, "minOrder": 42513, "avgScore": 592.0, "avgOrder": 33299, "maxScore": 604.0, "maxOrder": 24354, "zycc": "普通类", "fsx": 449.0}], "sszygradeList": [{"remarks": "", "schcode": "", "sex": "", "campus": "", "nf": "2020", "klmc": "综合改革", "ssmc": "山东", "zylx": "普通类", "zymc": "农学", "maxScore": 600.0, "minScore": 590.0, "avgScore": 593.0, "avgOrder": 32537, "minOrder": 34996, "maxOrder": 27082, "kl": "", "ssdm": "37", "rs": 6, "zdx": 449.0, "ptx": 449.0, "zycc": "普通类", "fsx": 449.0}, {"remarks": "", "schcode": "", "sex": "", "campus": "", "nf": "2020", "klmc": "综合改革", "ssmc": "山东", "zylx": "普通类", "zymc": "农学（本硕博班）", "maxScore": 598.0, "minScore": 596.0, "avgScore": 597.0, "avgOrder": 29302, "minOrder": 30135, "maxOrder": 28550, "kl": "", "ssdm": "37", "rs": 2, "zdx": 449.0, "ptx": 449.0, "zycc": "普通类", "fsx": 449.0}, {"remarks": "", "schcode": "", "sex": "", "campus": "", "nf": "2020", "klmc": "综合改革", "ssmc": "山东", "zylx": "普通类", "zymc": "植物保护", "maxScore": 593.0, "minScore": 585.0, "avgScore": 589.2, "avgOrder": 35860, "minOrder": 39575, "maxOrder": 32537, "kl": "", "ssdm": "37", "rs": 5, "zdx": 449.0, "ptx": 449.0, "zycc": "普通类", "fsx": 449.0}, {"remarks": "", "schcode": "", "sex": "", "campus": "", "nf": "2020", "klmc": "综合改革", "ssmc": "山东", "zylx": "普通类", "zymc": "植物科学与技术", "maxScore": 590.0, "minScore": 585.0, "avgScore": 587.5, "avgOrder": 36740, "minOrder": 39575, "maxOrder": 34996, "kl": "", "ssdm": "37", "rs": 4, "zdx": 449.0, "ptx": 449.0, "zycc": "普通类", "fsx": 449.0}, {"remarks": "", "schcode": "", "sex": "", "campus": "", "nf": "2020", "klmc": "综合改革", "ssmc": "山东", "zylx": "普通类", "zymc": "种子科学与工程", "maxScore": 590.0, "minScore": 585.0, "avgScore": 588.0, "avgOrder": 36740, "minOrder": 39575, "maxOrder": 34996, "kl": "", "ssdm": "37", "rs": 4, "zdx": 449.0, "ptx": 449.0, "zycc": "普通类", "fsx": 449.0}, {"remarks": "", "schcode": "", "sex": "", "campus": "", "nf": "2020", "klmc": "综合改革", "ssmc": "山东", "zylx": "普通类", "zymc": "风景园林", "maxScore": 597.0, "minScore": 590.0, "avgScore": 592.8, "avgOrder": 32537, "minOrder": 34996, "maxOrder": 29302, "kl": "", "ssdm": "37", "rs": 5, "zdx": 449.0, "ptx": 449.0, "zycc": "普通类", "fsx": 449.0}, {"remarks": "", "schcode": "", "sex": "", "campus": "", "nf": "2020", "klmc": "综合改革", "ssmc": "山东", "zylx": "普通类", "zymc": "园艺", "maxScore": 589.0, "minScore": 583.0, "avgScore": 586.2, "avgOrder": 38627, "minOrder": 41499, "maxOrder": 35860, "kl": "", "ssdm": "37", "rs": 4, "zdx": 449.0, "ptx": 449.0, "zycc": "普通类", "fsx": 449.0}, {"remarks": "", "schcode": "", "sex": "", "campus": "", "nf": "2020", "klmc": "综合改革", "ssmc": "山东", "zylx": "普通类", "zymc": "园艺（本硕博班）", "maxScore": 592.0, "minScore": 591.0, "avgScore": 591.5, "avgOrder": 33299, "minOrder": 34142, "maxOrder": 33299, "kl": "", "ssdm": "37", "rs": 2, "zdx": 449.0, "ptx": 449.0, "zycc": "普通类", "fsx": 449.0}, {"remarks": "", "schcode": "", "sex": "", "campus": "", "nf": "2020", "klmc": "综合改革", "ssmc": "山东", "zylx": "普通类", "zymc": "设施农业科学与工程", "maxScore": 585.0, "minScore": 582.0, "avgScore": 583.2, "avgOrder": 41499, "minOrder": 42513, "maxOrder": 39575, "kl": "", "ssdm": "37", "rs": 4, "zdx": 449.0, "ptx": 449.0, "zycc": "普通类", "fsx": 449.0}, {"remarks": "", "schcode": "", "sex": "", "campus": "", "nf": "2020", "klmc": "综合改革", "ssmc": "山东", "zylx": "普通类", "zymc": "生态学", "maxScore": 590.0, "minScore": 586.0, "avgScore": 587.0, "avgOrder": 37677, "minOrder": 38627, "maxOrder": 34996, "kl": "", "ssdm": "37", "rs": 4, "zdx": 449.0, "ptx": 449.0, "zycc": "普通类", "fsx": 449.0}, {"remarks": "", "schcode": "", "sex": "", "campus": "", "nf": "2020", "klmc": "综合改革", "ssmc": "山东", "zylx": "普通类", "zymc": "环境科学与工程类", "maxScore": 592.0, "minScore": 588.0, "avgScore": 589.4, "avgOrder": 35860, "minOrder": 36740, "maxOrder": 33299, "kl": "", "ssdm": "37", "rs": 5, "zdx": 449.0, "ptx": 449.0, "zycc": "普通类", "fsx": 449.0}, {"remarks": "", "schcode": "", "sex": "", "campus": "", "nf": "2020", "klmc": "综合改革", "ssmc": "山东", "zylx": "普通类", "zymc": "自然保护与环境生态类", "maxScore": 588.0, "minScore": 582.0, "avgScore": 584.7, "avgOrder": 39575, "minOrder": 42513, "maxOrder": 36740, "kl": "", "ssdm": "37", "rs": 6, "zdx": 449.0, "ptx": 449.0, "zycc": "普通类", "fsx": 449.0}, {"remarks": "", "schcode": "", "sex": "", "campus": "", "nf": "2020", "klmc": "综合改革", "ssmc": "山东", "zylx": "普通类", "zymc": "动物科学", "maxScore": 590.0, "minScore": 585.0, "avgScore": 587.8, "avgOrder": 36740, "minOrder": 39575, "maxOrder": 34996, "kl": "", "ssdm": "37", "rs": 4, "zdx": 449.0, "ptx": 449.0, "zycc": "普通类", "fsx": 449.0}, {"remarks": "", "schcode": "", "sex": "", "campus": "", "nf": "2020", "klmc": "综合改革", "ssmc": "山东", "zylx": "普通类", "zymc": "动物医学", "maxScore": 591.0, "minScore": 589.0, "avgScore": 589.4, "avgOrder": 35860, "minOrder": 35860, "maxOrder": 34142, "kl": "", "ssdm": "37", "rs": 5, "zdx": 449.0, "ptx": 449.0, "zycc": "普通类", "fsx": 449.0}, {"remarks": "", "schcode": "", "sex": "", "campus": "", "nf": "2020", "klmc": "综合改革", "ssmc": "山东", "zylx": "普通类", "zymc": "机械类", "maxScore": 593.0, "minScore": 589.0, "avgScore": 590.4, "avgOrder": 34996, "minOrder": 35860, "maxOrder": 32537, "kl": "", "ssdm": "37", "rs": 9, "zdx": 449.0, "ptx": 449.0, "zycc": "普通类", "fsx": 449.0}, {"remarks": "", "schcode": "", "sex": "", "campus": "", "nf": "2020", "klmc": "综合改革", "ssmc": "山东", "zylx": "普通类", "zymc": "农业机械化及其自动化（本硕博班）", "maxScore": 597.0, "minScore": 597.0, "avgScore": 597.0, "avgOrder": 29302, "minOrder": 29302, "maxOrder": 29302, "kl": "", "ssdm": "37", "rs": 2, "zdx": 449.0, "ptx": 449.0, "zycc": "普通类", "fsx": 449.0}, {"remarks": "", "schcode": "", "sex": "", "campus": "", "nf": "2020", "klmc": "综合改革", "ssmc": "山东", "zylx": "普通类", "zymc": "能源动力类", "maxScore": 592.0, "minScore": 590.0, "avgScore": 590.5, "avgOrder": 34996, "minOrder": 34996, "maxOrder": 33299, "kl": "", "ssdm": "37", "rs": 4, "zdx": 449.0, "ptx": 449.0, "zycc": "普通类", "fsx": 449.0}, {"remarks": "", "schcode": "", "sex": "", "campus": "", "nf": "2020", "klmc": "综合改革", "ssmc": "山东", "zylx": "普通类", "zymc": "电气工程及其自动化", "maxScore": 599.0, "minScore": 595.0, "avgScore": 596.2, "avgOrder": 30135, "minOrder": 30926, "maxOrder": 27808, "kl": "", "ssdm": "37", "rs": 4, "zdx": 449.0, "ptx": 449.0, "zycc": "普通类", "fsx": 449.0}, {"remarks": "", "schcode": "", "sex": "", "campus": "", "nf": "2020", "klmc": "综合改革", "ssmc": "山东", "zylx": "普通类", "zymc": "计算机科学与技术", "maxScore": 596.0, "minScore": 596.0, "avgScore": 596.0, "avgOrder": 30135, "minOrder": 30135, "maxOrder": 30135, "kl": "", "ssdm": "37", "rs": 5, "zdx": 449.0, "ptx": 449.0, "zycc": "普通类", "fsx": 449.0}, {"remarks": "", "schcode": "", "sex": "", "campus": "", "nf": "2020", "klmc": "综合改革", "ssmc": "山东", "zylx": "普通类", "zymc": "软件工程", "maxScore": 596.0, "minScore": 595.0, "avgScore": 595.2, "avgOrder": 30926, "minOrder": 30926, "maxOrder": 30135, "kl": "", "ssdm": "37", "rs": 4, "zdx": 449.0, "ptx": 449.0, "zycc": "普通类", "fsx": 449.0}, {"remarks": "", "schcode": "", "sex": "", "campus": "", "nf": "2020", "klmc": "综合改革", "ssmc": "山东", "zylx": "普通类", "zymc": "农业电气化", "maxScore": 594.0, "minScore": 587.0, "avgScore": 590.0, "avgOrder": 34996, "minOrder": 37677, "maxOrder": 31720, "kl": "", "ssdm": "37", "rs": 3, "zdx": 449.0, "ptx": 449.0, "zycc": "普通类", "fsx": 449.0}, {"remarks": "", "schcode": "", "sex": "", "campus": "", "nf": "2020", "klmc": "综合改革", "ssmc": "山东", "zylx": "普通类", "zymc": "金融学类", "maxScore": 603.0, "minScore": 594.0, "avgScore": 597.0, "avgOrder": 29302, "minOrder": 31720, "maxOrder": 24984, "kl": "", "ssdm": "37", "rs": 9, "zdx": 449.0, "ptx": 449.0, "zycc": "普通类", "fsx": 449.0}, {"remarks": "", "schcode": "", "sex": "", "campus": "", "nf": "2020", "klmc": "综合改革", "ssmc": "山东", "zylx": "普通类", "zymc": "工商管理类", "maxScore": 600.0, "minScore": 593.0, "avgScore": 595.5, "avgOrder": 30135, "minOrder": 32537, "maxOrder": 27082, "kl": "", "ssdm": "37", "rs": 11, "zdx": 449.0, "ptx": 449.0, "zycc": "普通类", "fsx": 449.0}, {"remarks": "", "schcode": "", "sex": "", "campus": "", "nf": "2020", "klmc": "综合改革", "ssmc": "山东", "zylx": "普通类", "zymc": "农林经济管理（本硕博班）", "maxScore": 602.0, "minScore": 601.0, "avgScore": 601.5, "avgOrder": 25673, "minOrder": 26371, "maxOrder": 25673, "kl": "", "ssdm": "37", "rs": 2, "zdx": 449.0, "ptx": 449.0, "zycc": "普通类", "fsx": 449.0}, {"remarks": "", "schcode": "", "sex": "", "campus": "", "nf": "2020", "klmc": "综合改革", "ssmc": "山东", "zylx": "普通类", "zymc": "生物科学类", "maxScore": 598.0, "minScore": 591.0, "avgScore": 593.0, "avgOrder": 32537, "minOrder": 34142, "maxOrder": 28550, "kl": "", "ssdm": "37", "rs": 9, "zdx": 449.0, "ptx": 449.0, "zycc": "普通类", "fsx": 449.0}, {"remarks": "", "schcode": "", "sex": "", "campus": "", "nf": "2020", "klmc": "综合改革", "ssmc": "山东", "zylx": "普通类", "zymc": "生物科学（本硕博班）", "maxScore": 603.0, "minScore": 602.0, "avgScore": 602.5, "avgOrder": 25673, "minOrder": 25673, "maxOrder": 24984, "kl": "", "ssdm": "37", "rs": 2, "zdx": 449.0, "ptx": 449.0, "zycc": "普通类", "fsx": 449.0}, {"remarks": "", "schcode": "", "sex": "", "campus": "", "nf": "2020", "klmc": "综合改革", "ssmc": "山东", "zylx": "普通类", "zymc": "生物工程类", "maxScore": 594.0, "minScore": 586.0, "avgScore": 589.4, "avgOrder": 35860, "minOrder": 38627, "maxOrder": 31720, "kl": "", "ssdm": "37", "rs": 10, "zdx": 449.0, "ptx": 449.0, "zycc": "普通类", "fsx": 449.0}, {"remarks": "", "schcode": "", "sex": "", "campus": "", "nf": "2020", "klmc": "综合改革", "ssmc": "山东", "zylx": "普通类", "zymc": "食品科学与工程类", "maxScore": 594.0, "minScore": 590.0, "avgScore": 591.9, "avgOrder": 33299, "minOrder": 34996, "maxOrder": 31720, "kl": "", "ssdm": "37", "rs": 10, "zdx": 449.0, "ptx": 449.0, "zycc": "普通类", "fsx": 449.0}, {"remarks": "", "schcode": "", "sex": "", "campus": "", "nf": "2020", "klmc": "综合改革", "ssmc": "山东", "zylx": "普通类", "zymc": "食品科学与工程（本硕博班）", "maxScore": 596.0, "minScore": 595.0, "avgScore": 595.5, "avgOrder": 30135, "minOrder": 30926, "maxOrder": 30135, "kl": "", "ssdm": "37", "rs": 2, "zdx": 449.0, "ptx": 449.0, "zycc": "普通类", "fsx": 449.0}, {"remarks": "", "schcode": "", "sex": "", "campus": "", "nf": "2020", "klmc": "综合改革", "ssmc": "山东", "zylx": "普通类", "zymc": "法学类", "maxScore": 603.0, "minScore": 599.0, "avgScore": 601.0, "avgOrder": 26371, "minOrder": 27808, "maxOrder": 24984, "kl": "", "ssdm": "37", "rs": 4, "zdx": 449.0, "ptx": 449.0, "zycc": "普通类", "fsx": 449.0}, {"remarks": "", "schcode": "", "sex": "", "campus": "", "nf": "2020", "klmc": "综合改革", "ssmc": "山东", "zylx": "普通类", "zymc": "土地资源管理", "maxScore": 604.0, "minScore": 588.0, "avgScore": 594.2, "avgOrder": 31720, "minOrder": 36740, "maxOrder": 24354, "kl": "", "ssdm": "37", "rs": 5, "zdx": 449.0, "ptx": 449.0, "zycc": "普通类", "fsx": 449.0}, {"remarks": "", "schcode": "", "sex": "", "campus": "", "nf": "2020", "klmc": "综合改革", "ssmc": "山东", "zylx": "普通类", "zymc": "水利类", "maxScore": 590.0, "minScore": 587.0, "avgScore": 588.5, "avgOrder": 36740, "minOrder": 37677, "maxOrder": 34996, "kl": "", "ssdm": "37", "rs": 6, "zdx": 449.0, "ptx": 449.0, "zycc": "普通类", "fsx": 449.0}, {"remarks": "", "schcode": "", "sex": "", "campus": "", "nf": "2020", "klmc": "综合改革", "ssmc": "山东", "zylx": "普通类", "zymc": "英语", "maxScore": 599.0, "minScore": 597.0, "avgScore": 598.0, "avgOrder": 28550, "minOrder": 29302, "maxOrder": 27808, "kl": "", "ssdm": "37", "rs": 4, "zdx": 449.0, "ptx": 449.0, "zycc": "普通类", "fsx": 449.0}, {"remarks": "", "schcode": "", "sex": "", "campus": "", "nf": "2020", "klmc": "综合改革", "ssmc": "山东", "zylx": "普通类", "zymc": "俄语", "maxScore": 593.0, "minScore": 590.0, "avgScore": 591.2, "avgOrder": 34142, "minOrder": 34996, "maxOrder": 32537, "kl": "", "ssdm": "37", "rs": 4, "zdx": 449.0, "ptx": 449.0, "zycc": "普通类", "fsx": 449.0}, {"remarks": "", "schcode": "", "sex": "", "campus": "", "nf": "2020", "klmc": "综合改革", "ssmc": "山东", "zylx": "普通类", "zymc": "应用化学", "maxScore": 595.0, "minScore": 590.0, "avgScore": 593.2, "avgOrder": 32537, "minOrder": 34996, "maxOrder": 30926, "kl": "", "ssdm": "37", "rs": 4, "zdx": 449.0, "ptx": 449.0, "zycc": "普通类", "fsx": 449.0}, {"remarks": "", "schcode": "", "sex": "", "campus": "", "nf": "2020", "klmc": "综合改革", "ssmc": "山东", "zylx": "普通类", "zymc": "化学生物学", "maxScore": 590.0, "minScore": 585.0, "avgScore": 587.0, "avgOrder": 37677, "minOrder": 39575, "maxOrder": 34996, "kl": "", "ssdm": "37", "rs": 4, "zdx": 449.0, "ptx": 449.0, "zycc": "普通类", "fsx": 449.0}, {"remarks": "", "schcode": "", "sex": "", "campus": "", "nf": "2020", "klmc": "综合改革", "ssmc": "山东", "zylx": "普通类", "zymc": "汉语国际教育", "maxScore": 598.0, "minScore": 591.0, "avgScore": 594.8, "avgOrder": 30926, "minOrder": 34142, "maxOrder": 28550, "kl": "", "ssdm": "37", "rs": 5, "zdx": 449.0, "ptx": 449.0, "zycc": "普通类", "fsx": 449.0}], "withYsl": false}, "jessionid": "be6fea6da6d947ea968a0aa03c8d00d3"}