{"state": 1, "msg": "操作成功", "data": {"zsSsgradeList": [{"remarks": "", "schcode": "", "sex": "", "campus": "", "nf": "2018", "klmc": "文史", "ssmc": "海南", "zylx": "普通类", "kl": "1", "ssdm": "46", "rs": 4, "zdx": 579.0, "ptx": 579.0, "minScore": 661.0, "minOrder": 2319, "avgScore": 671.5, "avgOrder": 1923, "maxScore": 678.0, "maxOrder": 1722, "zycc": "普通类", "fsx": 579.0}], "sszygradeList": [{"remarks": "", "schcode": "", "sex": "", "campus": "", "nf": "2018", "klmc": "文史", "ssmc": "海南", "zylx": "普通类", "zymc": "工商管理类", "maxScore": 676.0, "minScore": 671.0, "avgScore": 673.5, "avgOrder": 1863, "minOrder": 1961, "maxOrder": 1780, "kl": "", "ssdm": "46", "rs": 2, "zdx": 579.0, "ptx": 579.0, "zycc": "普通类", "fsx": 579.0}, {"remarks": "", "schcode": "", "sex": "", "campus": "", "nf": "2018", "klmc": "文史", "ssmc": "海南", "zylx": "普通类", "zymc": "农林经济管理", "maxScore": 678.0, "minScore": 661.0, "avgScore": 669.5, "avgOrder": 2002, "minOrder": 2319, "maxOrder": 1722, "kl": "", "ssdm": "46", "rs": 2, "zdx": 579.0, "ptx": 579.0, "zycc": "普通类", "fsx": 579.0}], "withYsl": false}, "jessionid": "be6fea6da6d947ea968a0aa03c8d00d3"}