{"state": 1, "msg": "操作成功", "data": {"zsSsgradeList": [{"remarks": "", "schcode": "", "sex": "", "campus": "", "nf": "2019", "klmc": "艺术(不分文理)", "ssmc": "湖南", "zylx": "艺术批", "kl": "A", "ssdm": "43", "zycc": "艺术批"}], "sszygradeList": [{"remarks": "专业成绩；控制线：文科339、理科291，专业课150；小项最低分：打击乐262，中阮258，古筝263", "schcode": "", "sex": "", "campus": "", "nf": "2019", "klmc": "艺术(不分文理)", "ssmc": "湖南", "zylx": "艺术批", "zymc": "音乐表演（器乐）", "maxScore": 267.0, "minScore": 258.0, "avgScore": 262.6, "kl": "", "ssdm": "43", "rs": 7, "zycc": "艺术批"}, {"remarks": "专业成绩；控制线：文科339、理科291，专业课150", "schcode": "", "sex": "", "campus": "", "nf": "2019", "klmc": "艺术(不分文理)", "ssmc": "湖南", "zylx": "艺术批", "zymc": "音乐表演（声乐）", "maxScore": 271.0, "minScore": 263.0, "avgScore": 266.17, "kl": "", "ssdm": "43", "rs": 6, "zycc": "艺术批"}], "withYsl": false}, "jessionid": "be6fea6da6d947ea968a0aa03c8d00d3"}