{"state": 1, "msg": "操作成功", "data": {"zsSsgradeList": [{"remarks": "", "schcode": "", "sex": "", "campus": "", "nf": "2020", "klmc": "文史", "ssmc": "内蒙古", "zylx": "普通类", "kl": "1", "ssdm": "15", "rs": 15, "zdx": 520.0, "ptx": 520.0, "minScore": 577.0, "minOrder": 2155, "avgScore": 583.3, "avgOrder": 1814, "maxScore": 591.0, "maxOrder": 1423, "zycc": "普通类", "fsx": 520.0}], "sszygradeList": [{"remarks": "", "schcode": "", "sex": "", "campus": "", "nf": "2020", "klmc": "文史", "ssmc": "内蒙古", "zylx": "普通类", "zymc": "金融学类", "maxScore": 591.0, "minScore": 582.0, "avgScore": 585.4, "avgOrder": 1702, "minOrder": 1857, "maxOrder": 1423, "kl": "", "ssdm": "15", "rs": 7, "zdx": 520.0, "ptx": 520.0, "zycc": "普通类", "fsx": 520.0}, {"remarks": "", "schcode": "", "sex": "", "campus": "", "nf": "2020", "klmc": "文史", "ssmc": "内蒙古", "zylx": "普通类", "zymc": "法学类", "maxScore": 587.0, "minScore": 583.0, "avgScore": 585.0, "avgOrder": 1702, "minOrder": 1814, "maxOrder": 1606, "kl": "", "ssdm": "15", "rs": 2, "zdx": 520.0, "ptx": 520.0, "zycc": "普通类", "fsx": 520.0}, {"remarks": "", "schcode": "", "sex": "", "campus": "", "nf": "2020", "klmc": "文史", "ssmc": "内蒙古", "zylx": "普通类", "zymc": "英语", "maxScore": 587.0, "minScore": 577.0, "avgScore": 580.7, "avgOrder": 1911, "minOrder": 2155, "maxOrder": 1606, "kl": "", "ssdm": "15", "rs": 3, "zdx": 520.0, "ptx": 520.0, "zycc": "普通类", "fsx": 520.0}, {"remarks": "", "schcode": "", "sex": "", "campus": "", "nf": "2020", "klmc": "文史", "ssmc": "内蒙古", "zylx": "普通类", "zymc": "汉语国际教育", "maxScore": 582.0, "minScore": 578.0, "avgScore": 580.0, "avgOrder": 1963, "minOrder": 2095, "maxOrder": 1857, "kl": "", "ssdm": "15", "rs": 3, "zdx": 520.0, "ptx": 520.0, "zycc": "普通类", "fsx": 520.0}], "withYsl": false}, "jessionid": "be6fea6da6d947ea968a0aa03c8d00d3"}