{"state": 1, "msg": "操作成功", "data": {"zsSsgradeList": [{"remarks": "", "schcode": "", "sex": "", "campus": "", "nf": "2019", "klmc": "综合改革", "ssmc": "浙江", "zylx": "普通类", "kl": "Z", "ssdm": "33", "rs": 25, "zdx": 496.0, "ptx": 496.0, "minScore": 610.0, "minOrder": 38242, "avgScore": 615.6, "avgOrder": 32914, "maxScore": 626.0, "maxOrder": 24699, "zycc": "普通类", "fsx": 496.0}], "sszygradeList": [{"remarks": "", "schcode": "", "sex": "", "campus": "", "nf": "2019", "klmc": "综合改革", "ssmc": "浙江", "zylx": "普通类", "zymc": "电气工程及其自动化", "maxScore": 626.0, "minScore": 615.0, "avgScore": 618.2, "avgOrder": 31163, "minOrder": 33835, "maxOrder": 24699, "kl": "", "ssdm": "33", "rs": 6, "zdx": 496.0, "ptx": 496.0, "zycc": "普通类", "fsx": 496.0}, {"remarks": "", "schcode": "", "sex": "", "campus": "", "nf": "2019", "klmc": "综合改革", "ssmc": "浙江", "zylx": "普通类", "zymc": "金融学类", "maxScore": 615.0, "minScore": 613.0, "avgScore": 614.2, "avgOrder": 34679, "minOrder": 35539, "maxOrder": 33835, "kl": "", "ssdm": "33", "rs": 5, "zdx": 496.0, "ptx": 496.0, "zycc": "普通类", "fsx": 496.0}, {"remarks": "", "schcode": "", "sex": "", "campus": "", "nf": "2019", "klmc": "综合改革", "ssmc": "浙江", "zylx": "普通类", "zymc": "工商管理类", "maxScore": 618.0, "minScore": 613.0, "avgScore": 614.6, "avgOrder": 33835, "minOrder": 35539, "maxOrder": 31163, "kl": "", "ssdm": "33", "rs": 5, "zdx": 496.0, "ptx": 496.0, "zycc": "普通类", "fsx": 496.0}, {"remarks": "", "schcode": "", "sex": "", "campus": "", "nf": "2019", "klmc": "综合改革", "ssmc": "浙江", "zylx": "普通类", "zymc": "食品科学与工程类", "maxScore": 619.0, "minScore": 610.0, "avgScore": 614.4, "avgOrder": 34679, "minOrder": 38242, "maxOrder": 30324, "kl": "", "ssdm": "33", "rs": 5, "zdx": 496.0, "ptx": 496.0, "zycc": "普通类", "fsx": 496.0}, {"remarks": "", "schcode": "", "sex": "", "campus": "", "nf": "2019", "klmc": "综合改革", "ssmc": "浙江", "zylx": "普通类", "zymc": "统计学类", "maxScore": 620.0, "minScore": 613.0, "avgScore": 616.2, "avgOrder": 32914, "minOrder": 35539, "maxOrder": 29447, "kl": "", "ssdm": "33", "rs": 4, "zdx": 496.0, "ptx": 496.0, "zycc": "普通类", "fsx": 496.0}], "withYsl": false}, "jessionid": "be6fea6da6d947ea968a0aa03c8d00d3"}