{"state": 1, "msg": "操作成功", "data": {"zsSsgradeList": [{"remarks": "", "schcode": "", "sex": "", "campus": "", "nf": "2017", "klmc": "理工", "ssmc": "吉林", "zylx": "普通类", "kl": "5", "ssdm": "22", "rs": 40, "zdx": 507.0, "ptx": 507.0, "minScore": 507.0, "minOrder": 16012, "avgScore": 518.8, "avgOrder": 13843, "maxScore": 541.0, "maxOrder": 10388, "zycc": "普通类", "fsx": 507.0}], "sszygradeList": [{"remarks": "", "schcode": "", "sex": "", "campus": "", "nf": "2017", "klmc": "理工", "ssmc": "吉林", "zylx": "普通类", "zymc": "植物生产类（Ⅰ）", "maxScore": 531.0, "minScore": 507.0, "avgScore": 512.3, "avgOrder": 15120, "minOrder": 16012, "maxOrder": 11893, "kl": "", "ssdm": "22", "rs": 6, "zdx": 507.0, "ptx": 507.0, "zycc": "普通类", "fsx": 507.0}, {"remarks": "", "schcode": "", "sex": "", "campus": "", "nf": "2017", "klmc": "理工", "ssmc": "吉林", "zylx": "普通类", "zymc": "风景园林", "maxScore": 530.0, "minScore": 527.0, "avgScore": 528.5, "avgOrder": 12184, "minOrder": 12519, "maxOrder": 12040, "kl": "", "ssdm": "22", "rs": 2, "zdx": 507.0, "ptx": 507.0, "zycc": "普通类", "fsx": 507.0}, {"remarks": "", "schcode": "", "sex": "", "campus": "", "nf": "2017", "klmc": "理工", "ssmc": "吉林", "zylx": "普通类", "zymc": "植物生产类（Ⅱ）", "maxScore": 524.0, "minScore": 513.0, "avgScore": 518.5, "avgOrder": 13843, "minOrder": 14914, "maxOrder": 13010, "kl": "", "ssdm": "22", "rs": 2, "zdx": 507.0, "ptx": 507.0, "zycc": "普通类", "fsx": 507.0}, {"remarks": "", "schcode": "", "sex": "", "campus": "", "nf": "2017", "klmc": "理工", "ssmc": "吉林", "zylx": "普通类", "zymc": "应用气象学", "maxScore": 521.0, "minScore": 518.0, "avgScore": 519.5, "avgOrder": 13657, "minOrder": 14019, "maxOrder": 13482, "kl": "", "ssdm": "22", "rs": 2, "zdx": 507.0, "ptx": 507.0, "zycc": "普通类", "fsx": 507.0}, {"remarks": "", "schcode": "", "sex": "", "campus": "", "nf": "2017", "klmc": "理工", "ssmc": "吉林", "zylx": "普通类", "zymc": "环境科学与工程类", "maxScore": 527.0, "minScore": 525.0, "avgScore": 526.0, "avgOrder": 12670, "minOrder": 12830, "maxOrder": 12519, "kl": "", "ssdm": "22", "rs": 2, "zdx": 507.0, "ptx": 507.0, "zycc": "普通类", "fsx": 507.0}, {"remarks": "", "schcode": "", "sex": "", "campus": "", "nf": "2017", "klmc": "理工", "ssmc": "吉林", "zylx": "普通类", "zymc": "动物科学", "maxScore": 516.0, "minScore": 507.0, "avgScore": 511.7, "avgOrder": 15120, "minOrder": 16012, "maxOrder": 14349, "kl": "", "ssdm": "22", "rs": 3, "zdx": 507.0, "ptx": 507.0, "zycc": "普通类", "fsx": 507.0}, {"remarks": "", "schcode": "", "sex": "", "campus": "", "nf": "2017", "klmc": "理工", "ssmc": "吉林", "zylx": "普通类", "zymc": "机械类（工学Ⅰ）", "maxScore": 541.0, "minScore": 521.0, "avgScore": 531.0, "avgOrder": 11893, "minOrder": 13482, "maxOrder": 10388, "kl": "", "ssdm": "22", "rs": 2, "zdx": 507.0, "ptx": 507.0, "zycc": "普通类", "fsx": 507.0}, {"remarks": "", "schcode": "", "sex": "", "campus": "", "nf": "2017", "klmc": "理工", "ssmc": "吉林", "zylx": "普通类", "zymc": "工业工程类（管理学Ⅰ）", "maxScore": 525.0, "minScore": 521.0, "avgScore": 523.0, "avgOrder": 13168, "minOrder": 13482, "maxOrder": 12830, "kl": "", "ssdm": "22", "rs": 2, "zdx": 507.0, "ptx": 507.0, "zycc": "普通类", "fsx": 507.0}, {"remarks": "", "schcode": "", "sex": "", "campus": "", "nf": "2017", "klmc": "理工", "ssmc": "吉林", "zylx": "普通类", "zymc": "金融学类（经济学）", "maxScore": 532.0, "minScore": 513.0, "avgScore": 524.6, "avgOrder": 12830, "minOrder": 14914, "maxOrder": 11733, "kl": "", "ssdm": "22", "rs": 5, "zdx": 507.0, "ptx": 507.0, "zycc": "普通类", "fsx": 507.0}, {"remarks": "", "schcode": "", "sex": "", "campus": "", "nf": "2017", "klmc": "理工", "ssmc": "吉林", "zylx": "普通类", "zymc": "生物科学类", "maxScore": 512.0, "minScore": 507.0, "avgScore": 510.3, "avgOrder": 15475, "minOrder": 16012, "maxOrder": 15120, "kl": "", "ssdm": "22", "rs": 3, "zdx": 507.0, "ptx": 507.0, "zycc": "普通类", "fsx": 507.0}, {"remarks": "", "schcode": "", "sex": "", "campus": "", "nf": "2017", "klmc": "理工", "ssmc": "吉林", "zylx": "普通类", "zymc": "食品科学与工程类", "maxScore": 525.0, "minScore": 520.0, "avgScore": 522.5, "avgOrder": 13168, "minOrder": 13657, "maxOrder": 12830, "kl": "", "ssdm": "22", "rs": 2, "zdx": 507.0, "ptx": 507.0, "zycc": "普通类", "fsx": 507.0}, {"remarks": "", "schcode": "", "sex": "", "campus": "", "nf": "2017", "klmc": "理工", "ssmc": "吉林", "zylx": "普通类", "zymc": "水利类（工学Ⅴ）", "maxScore": 522.0, "minScore": 507.0, "avgScore": 514.0, "avgOrder": 14740, "minOrder": 16012, "maxOrder": 13307, "kl": "", "ssdm": "22", "rs": 4, "zdx": 507.0, "ptx": 507.0, "zycc": "普通类", "fsx": 507.0}, {"remarks": "", "schcode": "", "sex": "", "campus": "", "nf": "2017", "klmc": "理工", "ssmc": "吉林", "zylx": "普通类", "zymc": "土木工程", "maxScore": 519.0, "minScore": 518.0, "avgScore": 518.5, "avgOrder": 13843, "minOrder": 14019, "maxOrder": 13843, "kl": "", "ssdm": "22", "rs": 2, "zdx": 507.0, "ptx": 507.0, "zycc": "普通类", "fsx": 507.0}, {"remarks": "", "schcode": "", "sex": "", "campus": "", "nf": "2017", "klmc": "理工", "ssmc": "吉林", "zylx": "普通类", "zymc": "工程管理", "maxScore": 528.0, "minScore": 510.0, "avgScore": 519.0, "avgOrder": 13843, "minOrder": 15475, "maxOrder": 12354, "kl": "", "ssdm": "22", "rs": 2, "zdx": 507.0, "ptx": 507.0, "zycc": "普通类", "fsx": 507.0}, {"remarks": "", "schcode": "", "sex": "", "campus": "", "nf": "2017", "klmc": "理工", "ssmc": "吉林", "zylx": "普通类", "zymc": "俄语", "maxScore": 522.0, "minScore": 507.0, "avgScore": 511.5, "avgOrder": 15120, "minOrder": 16012, "maxOrder": 13307, "kl": "", "ssdm": "22", "rs": 4, "zdx": 507.0, "ptx": 507.0, "zycc": "普通类", "fsx": 507.0}], "withYsl": false}, "jessionid": "be6fea6da6d947ea968a0aa03c8d00d3"}