{"state": 1, "msg": "操作成功", "data": {"zsSsgradeList": [{"remarks": "", "schcode": "", "sex": "", "campus": "", "nf": "2018", "klmc": "艺术(不分文理)", "ssmc": "河北", "zylx": "艺术批", "kl": "A", "ssdm": "13", "zycc": "艺术批"}], "sszygradeList": [{"remarks": "专业成绩；控制线：文化课266分，器乐（联考）115分。小项最低分：笛子154.7，二胡141.3，钢琴141.4，琵琶148.6，唢呐168.9，打击乐155.9，扬琴148.9", "schcode": "", "sex": "", "campus": "", "nf": "2018", "klmc": "艺术(不分文理)", "ssmc": "河北", "zylx": "艺术批", "zymc": "音乐表演（器乐）", "maxScore": 168.9, "minScore": 141.3, "avgScore": 156.76, "kl": "", "ssdm": "13", "rs": 18, "zycc": "艺术批"}, {"remarks": "专业成绩；控制线：文化课266分，声乐130分", "schcode": "", "sex": "", "campus": "", "nf": "2018", "klmc": "艺术(不分文理)", "ssmc": "河北", "zylx": "艺术批", "zymc": "音乐表演（声乐）", "maxScore": 174.9, "minScore": 165.9, "avgScore": 169.28, "kl": "", "ssdm": "13", "rs": 11, "zycc": "艺术批"}, {"remarks": "文化课成绩；控制线：文化课266分，美术（联考）180分", "schcode": "", "sex": "", "campus": "", "nf": "2018", "klmc": "艺术(不分文理)", "ssmc": "河北", "zylx": "艺术批", "zymc": "视觉传达设计", "maxScore": 511.0, "minScore": 459.0, "avgScore": 474.07, "kl": "", "ssdm": "13", "rs": 15, "zycc": "艺术批"}, {"remarks": "文化课成绩；控制线：文化课266分，美术（联考）180分", "schcode": "", "sex": "", "campus": "", "nf": "2018", "klmc": "艺术(不分文理)", "ssmc": "河北", "zylx": "艺术批", "zymc": "环境设计", "maxScore": 511.0, "minScore": 467.0, "avgScore": 485.1, "kl": "", "ssdm": "13", "rs": 10, "zycc": "艺术批"}], "withYsl": false}, "jessionid": "be6fea6da6d947ea968a0aa03c8d00d3"}