{"state": 1, "msg": "操作成功", "data": {"zsSsgradeList": [{"remarks": "", "schcode": "", "sex": "", "campus": "", "nf": "2017", "klmc": "理工", "ssmc": "海南", "zylx": "普通类", "kl": "5", "ssdm": "46", "rs": 11, "zdx": 539.0, "ptx": 539.0, "minScore": 554.0, "minOrder": 15411, "avgScore": 603.6, "avgOrder": 9087, "maxScore": 624.0, "maxOrder": 7012, "zycc": "普通类", "fsx": 539.0}], "sszygradeList": [{"remarks": "", "schcode": "", "sex": "", "campus": "", "nf": "2017", "klmc": "理工", "ssmc": "海南", "zylx": "普通类", "zymc": "风景园林", "maxScore": 620.0, "minScore": 602.0, "avgScore": 613.0, "avgOrder": 8123, "minOrder": 9308, "maxOrder": 7392, "kl": "", "ssdm": "46", "rs": 3, "zdx": 539.0, "ptx": 539.0, "zycc": "普通类", "fsx": 539.0}, {"remarks": "", "schcode": "", "sex": "", "campus": "", "nf": "2017", "klmc": "理工", "ssmc": "海南", "zylx": "普通类", "zymc": "能源动力类（工学Ⅱ）", "maxScore": 592.0, "minScore": 582.0, "avgScore": 587.0, "avgOrder": 11100, "minOrder": 11744, "maxOrder": 10496, "kl": "", "ssdm": "46", "rs": 2, "zdx": 539.0, "ptx": 539.0, "zycc": "普通类", "fsx": 539.0}, {"remarks": "", "schcode": "", "sex": "", "campus": "", "nf": "2017", "klmc": "理工", "ssmc": "海南", "zylx": "普通类", "zymc": "计算机类", "maxScore": 603.0, "minScore": 554.0, "avgScore": 578.5, "avgOrder": 12104, "minOrder": 15411, "maxOrder": 9200, "kl": "", "ssdm": "46", "rs": 2, "zdx": 539.0, "ptx": 539.0, "zycc": "普通类", "fsx": 539.0}, {"remarks": "", "schcode": "", "sex": "", "campus": "", "nf": "2017", "klmc": "理工", "ssmc": "海南", "zylx": "普通类", "zymc": "金融学类（经济学）", "maxScore": 624.0, "minScore": 621.0, "avgScore": 622.5, "avgOrder": 7103, "minOrder": 7296, "maxOrder": 7012, "kl": "", "ssdm": "46", "rs": 2, "zdx": 539.0, "ptx": 539.0, "zycc": "普通类", "fsx": 539.0}, {"remarks": "", "schcode": "", "sex": "", "campus": "", "nf": "2017", "klmc": "理工", "ssmc": "海南", "zylx": "普通类", "zymc": "食品科学与工程类", "maxScore": 623.0, "minScore": 602.0, "avgScore": 612.5, "avgOrder": 8123, "minOrder": 9308, "maxOrder": 7103, "kl": "", "ssdm": "46", "rs": 2, "zdx": 539.0, "ptx": 539.0, "zycc": "普通类", "fsx": 539.0}], "withYsl": false}, "jessionid": "be6fea6da6d947ea968a0aa03c8d00d3"}