{"state": 1, "msg": "操作成功", "data": {"zsSsgradeList": [{"remarks": "", "schcode": "", "sex": "", "campus": "", "nf": "2019", "klmc": "艺术(理)", "ssmc": "黑龙江", "zylx": "艺术批", "kl": "7", "ssdm": "23", "zycc": "艺术批"}], "sszygradeList": [{"remarks": "文化课成绩；控制线：理科236分，电编228分", "schcode": "", "sex": "", "campus": "", "nf": "2019", "klmc": "艺术(理)", "ssmc": "黑龙江", "zylx": "艺术批", "zymc": "广播电视编导", "maxScore": 496.0, "minScore": 466.0, "avgScore": 481.3, "kl": "", "ssdm": "23", "rs": 3, "zycc": "艺术批"}, {"remarks": "综合分", "schcode": "", "sex": "", "campus": "", "nf": "2019", "klmc": "艺术(理)", "ssmc": "黑龙江", "zylx": "艺术批", "zymc": "视觉传达设计", "maxScore": 536.0, "minScore": 525.0, "avgScore": 530.5, "kl": "", "ssdm": "23", "zydm": "", "rs": 2, "zycc": "艺术批"}, {"remarks": "综合分", "schcode": "", "sex": "", "campus": "", "nf": "2019", "klmc": "艺术(理)", "ssmc": "黑龙江", "zylx": "艺术批", "zymc": "环境设计", "maxScore": 528.0, "minScore": 517.0, "avgScore": 522.5, "kl": "", "ssdm": "23", "zydm": "", "rs": 2, "zycc": "艺术批"}], "withYsl": false}, "jessionid": "be6fea6da6d947ea968a0aa03c8d00d3"}