{"state": 1, "msg": "操作成功", "data": {"zsSsgradeList": [{"remarks": "", "schcode": "", "sex": "", "campus": "", "nf": "2018", "klmc": "文史", "ssmc": "安徽", "zylx": "普通类", "kl": "1", "ssdm": "34", "rs": 8, "zdx": 550.0, "ptx": 550.0, "minScore": 589.0, "minOrder": 5999, "avgScore": 590.0, "avgOrder": 5801, "maxScore": 591.0, "maxOrder": 5590, "zycc": "普通类", "fsx": 550.0}], "sszygradeList": [{"remarks": "", "schcode": "", "sex": "", "campus": "", "nf": "2018", "klmc": "文史", "ssmc": "安徽", "zylx": "普通类", "zymc": "工商管理类", "maxScore": 591.0, "minScore": 589.0, "avgScore": 590.0, "avgOrder": 5801, "minOrder": 5999, "maxOrder": 5590, "kl": "", "ssdm": "34", "rs": 4, "zdx": 550.0, "ptx": 550.0, "zycc": "普通类", "fsx": 550.0}, {"remarks": "", "schcode": "", "sex": "", "campus": "", "nf": "2018", "klmc": "文史", "ssmc": "安徽", "zylx": "普通类", "zymc": "农林经济管理", "maxScore": 591.0, "minScore": 589.0, "avgScore": 590.0, "avgOrder": 5801, "minOrder": 5999, "maxOrder": 5590, "kl": "", "ssdm": "34", "rs": 2, "zdx": 550.0, "ptx": 550.0, "zycc": "普通类", "fsx": 550.0}, {"remarks": "", "schcode": "", "sex": "", "campus": "", "nf": "2018", "klmc": "文史", "ssmc": "安徽", "zylx": "普通类", "zymc": "法学类", "maxScore": 591.0, "minScore": 589.0, "avgScore": 590.0, "avgOrder": 5801, "minOrder": 5999, "maxOrder": 5590, "kl": "", "ssdm": "34", "rs": 2, "zdx": 550.0, "ptx": 550.0, "zycc": "普通类", "fsx": 550.0}], "withYsl": false}, "jessionid": "be6fea6da6d947ea968a0aa03c8d00d3"}