{"state": 1, "msg": "操作成功", "data": {"zsSsgradeList": [{"remarks": "", "schcode": "", "sex": "", "campus": "", "nf": "2017", "klmc": "理工", "ssmc": "云南", "zylx": "国家专项", "kl": "5", "ssdm": "53", "rs": 7, "zdx": 500.0, "ptx": 500.0, "minScore": 507.0, "minOrder": 28492, "avgScore": 512.0, "avgOrder": 26279, "maxScore": 521.0, "maxOrder": 22011, "zycc": "国家专项", "fsx": 500.0}], "sszygradeList": [{"remarks": "", "schcode": "", "sex": "", "campus": "", "nf": "2017", "klmc": "理工", "ssmc": "云南", "zylx": "国家专项", "zymc": "机械类（工学Ⅰ）", "maxScore": 532.0, "minScore": 511.0, "avgScore": 521.5, "avgOrder": 22011, "minOrder": 26279, "maxOrder": 18246, "kl": "", "ssdm": "53", "rs": 2, "zdx": 500.0, "ptx": 500.0, "zycc": "国家专项", "fsx": 500.0}, {"remarks": "", "schcode": "", "sex": "", "campus": "", "nf": "2017", "klmc": "理工", "ssmc": "云南", "zylx": "国家专项", "zymc": "金融学类（经济学）", "maxScore": 511.0, "minScore": 507.0, "avgScore": 509.0, "avgOrder": 28492, "minOrder": 28492, "maxOrder": 26279, "kl": "", "ssdm": "53", "rs": 2, "zdx": 500.0, "ptx": 500.0, "zycc": "国家专项", "fsx": 500.0}, {"remarks": "", "schcode": "", "sex": "", "campus": "", "nf": "2017", "klmc": "理工", "ssmc": "云南", "zylx": "国家专项", "zymc": "食品科学与工程类", "maxScore": 512.0, "minScore": 512.0, "avgScore": 512.0, "avgOrder": 26279, "minOrder": 26279, "maxOrder": 26279, "kl": "", "ssdm": "53", "rs": 1, "zdx": 500.0, "ptx": 500.0, "zycc": "国家专项", "fsx": 500.0}, {"remarks": "", "schcode": "", "sex": "", "campus": "", "nf": "2017", "klmc": "理工", "ssmc": "云南", "zylx": "国家专项", "zymc": "水利类（工学Ⅴ）", "maxScore": 521.0, "minScore": 509.0, "avgScore": 515.0, "avgOrder": 24120, "minOrder": 28492, "maxOrder": 22011, "kl": "", "ssdm": "53", "rs": 2, "zdx": 500.0, "ptx": 500.0, "zycc": "国家专项", "fsx": 500.0}, {"remarks": "", "schcode": "", "sex": "", "campus": "", "nf": "2017", "klmc": "理工", "ssmc": "云南", "zylx": "国家专项", "zymc": "工程管理", "maxScore": 513.0, "minScore": 513.0, "avgScore": 513.0, "avgOrder": 26279, "minOrder": 26279, "maxOrder": 26279, "kl": "", "ssdm": "53", "rs": 1, "zdx": 500.0, "ptx": 500.0, "zycc": "国家专项", "fsx": 500.0}], "withYsl": false}, "jessionid": "be6fea6da6d947ea968a0aa03c8d00d3"}