{"state": 1, "msg": "操作成功", "data": {"zsSsgradeList": [{"remarks": "", "schcode": "", "sex": "", "campus": "", "nf": "2020", "klmc": "理工", "ssmc": "辽宁", "zylx": "普通类", "kl": "5", "ssdm": "21", "rs": 114, "zdx": 359.0, "ptx": 359.0, "minScore": 558.0, "minOrder": 20966, "avgScore": 564.3, "avgOrder": 19136, "maxScore": 586.0, "maxOrder": 13131, "zycc": "普通类", "fsx": 359.0}], "sszygradeList": [{"remarks": "", "schcode": "", "sex": "", "campus": "", "nf": "2020", "klmc": "理工", "ssmc": "辽宁", "zylx": "普通类", "zymc": "农学", "maxScore": 572.0, "minScore": 563.0, "avgScore": 566.2, "avgOrder": 18494, "minOrder": 19419, "maxOrder": 16836, "kl": "", "ssdm": "21", "rs": 4, "zdx": 359.0, "ptx": 359.0, "zycc": "普通类", "fsx": 359.0}, {"remarks": "", "schcode": "", "sex": "", "campus": "", "nf": "2020", "klmc": "理工", "ssmc": "辽宁", "zylx": "普通类", "zymc": "农学（本硕博班）", "maxScore": 578.0, "minScore": 573.0, "avgScore": 575.5, "avgOrder": 15743, "minOrder": 16558, "maxOrder": 15266, "kl": "", "ssdm": "21", "rs": 2, "zdx": 359.0, "ptx": 359.0, "zycc": "普通类", "fsx": 359.0}, {"remarks": "", "schcode": "", "sex": "", "campus": "", "nf": "2020", "klmc": "理工", "ssmc": "辽宁", "zylx": "普通类", "zymc": "植物保护", "maxScore": 560.0, "minScore": 559.0, "avgScore": 559.3, "avgOrder": 20651, "minOrder": 20651, "maxOrder": 20327, "kl": "", "ssdm": "21", "rs": 3, "zdx": 359.0, "ptx": 359.0, "zycc": "普通类", "fsx": 359.0}, {"remarks": "", "schcode": "", "sex": "", "campus": "", "nf": "2020", "klmc": "理工", "ssmc": "辽宁", "zylx": "普通类", "zymc": "植物科学与技术", "maxScore": 560.0, "minScore": 559.0, "avgScore": 559.5, "avgOrder": 20327, "minOrder": 20651, "maxOrder": 20327, "kl": "", "ssdm": "21", "rs": 2, "zdx": 359.0, "ptx": 359.0, "zycc": "普通类", "fsx": 359.0}, {"remarks": "", "schcode": "", "sex": "", "campus": "", "nf": "2020", "klmc": "理工", "ssmc": "辽宁", "zylx": "普通类", "zymc": "种子科学与工程", "maxScore": 565.0, "minScore": 559.0, "avgScore": 561.3, "avgOrder": 20037, "minOrder": 20651, "maxOrder": 18807, "kl": "", "ssdm": "21", "rs": 3, "zdx": 359.0, "ptx": 359.0, "zycc": "普通类", "fsx": 359.0}, {"remarks": "", "schcode": "", "sex": "", "campus": "", "nf": "2020", "klmc": "理工", "ssmc": "辽宁", "zylx": "普通类", "zymc": "风景园林", "maxScore": 563.0, "minScore": 561.0, "avgScore": 562.3, "avgOrder": 19702, "minOrder": 20037, "maxOrder": 19419, "kl": "", "ssdm": "21", "rs": 3, "zdx": 359.0, "ptx": 359.0, "zycc": "普通类", "fsx": 359.0}, {"remarks": "", "schcode": "", "sex": "", "campus": "", "nf": "2020", "klmc": "理工", "ssmc": "辽宁", "zylx": "普通类", "zymc": "园艺", "maxScore": 565.0, "minScore": 561.0, "avgScore": 563.0, "avgOrder": 19419, "minOrder": 20037, "maxOrder": 18807, "kl": "", "ssdm": "21", "rs": 2, "zdx": 359.0, "ptx": 359.0, "zycc": "普通类", "fsx": 359.0}, {"remarks": "", "schcode": "", "sex": "", "campus": "", "nf": "2020", "klmc": "理工", "ssmc": "辽宁", "zylx": "普通类", "zymc": "设施农业科学与工程", "maxScore": 565.0, "minScore": 564.0, "avgScore": 564.5, "avgOrder": 19136, "minOrder": 19136, "maxOrder": 18807, "kl": "", "ssdm": "21", "rs": 2, "zdx": 359.0, "ptx": 359.0, "zycc": "普通类", "fsx": 359.0}, {"remarks": "", "schcode": "", "sex": "", "campus": "", "nf": "2020", "klmc": "理工", "ssmc": "辽宁", "zylx": "普通类", "zymc": "应用气象学", "maxScore": 567.0, "minScore": 562.0, "avgScore": 563.7, "avgOrder": 19136, "minOrder": 19702, "maxOrder": 18205, "kl": "", "ssdm": "21", "rs": 3, "zdx": 359.0, "ptx": 359.0, "zycc": "普通类", "fsx": 359.0}, {"remarks": "", "schcode": "", "sex": "", "campus": "", "nf": "2020", "klmc": "理工", "ssmc": "辽宁", "zylx": "普通类", "zymc": "生态学", "maxScore": 562.0, "minScore": 560.0, "avgScore": 561.0, "avgOrder": 20037, "minOrder": 20327, "maxOrder": 19702, "kl": "", "ssdm": "21", "rs": 2, "zdx": 359.0, "ptx": 359.0, "zycc": "普通类", "fsx": 359.0}, {"remarks": "", "schcode": "", "sex": "", "campus": "", "nf": "2020", "klmc": "理工", "ssmc": "辽宁", "zylx": "普通类", "zymc": "环境科学与工程类", "maxScore": 562.0, "minScore": 560.0, "avgScore": 561.0, "avgOrder": 20037, "minOrder": 20327, "maxOrder": 19702, "kl": "", "ssdm": "21", "rs": 4, "zdx": 359.0, "ptx": 359.0, "zycc": "普通类", "fsx": 359.0}, {"remarks": "", "schcode": "", "sex": "", "campus": "", "nf": "2020", "klmc": "理工", "ssmc": "辽宁", "zylx": "普通类", "zymc": "自然保护与环境生态类", "maxScore": 561.0, "minScore": 560.0, "avgScore": 560.5, "avgOrder": 20327, "minOrder": 20327, "maxOrder": 20037, "kl": "", "ssdm": "21", "rs": 4, "zdx": 359.0, "ptx": 359.0, "zycc": "普通类", "fsx": 359.0}, {"remarks": "", "schcode": "", "sex": "", "campus": "", "nf": "2020", "klmc": "理工", "ssmc": "辽宁", "zylx": "普通类", "zymc": "动物科学", "maxScore": 563.0, "minScore": 559.0, "avgScore": 560.7, "avgOrder": 20037, "minOrder": 20651, "maxOrder": 19419, "kl": "", "ssdm": "21", "rs": 3, "zdx": 359.0, "ptx": 359.0, "zycc": "普通类", "fsx": 359.0}, {"remarks": "", "schcode": "", "sex": "", "campus": "", "nf": "2020", "klmc": "理工", "ssmc": "辽宁", "zylx": "普通类", "zymc": "动物科学（本硕博班）", "maxScore": 568.0, "minScore": 566.0, "avgScore": 567.0, "avgOrder": 18205, "minOrder": 18494, "maxOrder": 17929, "kl": "", "ssdm": "21", "rs": 2, "zdx": 359.0, "ptx": 359.0, "zycc": "普通类", "fsx": 359.0}, {"remarks": "", "schcode": "", "sex": "", "campus": "", "nf": "2020", "klmc": "理工", "ssmc": "辽宁", "zylx": "普通类", "zymc": "水产养殖学", "maxScore": 560.0, "minScore": 558.0, "avgScore": 559.0, "avgOrder": 20651, "minOrder": 20966, "maxOrder": 20327, "kl": "", "ssdm": "21", "rs": 3, "zdx": 359.0, "ptx": 359.0, "zycc": "普通类", "fsx": 359.0}, {"remarks": "", "schcode": "", "sex": "", "campus": "", "nf": "2020", "klmc": "理工", "ssmc": "辽宁", "zylx": "普通类", "zymc": "草业科学", "maxScore": 559.0, "minScore": 559.0, "avgScore": 559.0, "avgOrder": 20651, "minOrder": 20651, "maxOrder": 20651, "kl": "", "ssdm": "21", "rs": 2, "zdx": 359.0, "ptx": 359.0, "zycc": "普通类", "fsx": 359.0}, {"remarks": "", "schcode": "", "sex": "", "campus": "", "nf": "2020", "klmc": "理工", "ssmc": "辽宁", "zylx": "普通类", "zymc": "动物医学", "maxScore": 577.0, "minScore": 568.0, "avgScore": 571.7, "avgOrder": 16836, "minOrder": 17929, "maxOrder": 15509, "kl": "", "ssdm": "21", "rs": 3, "zdx": 359.0, "ptx": 359.0, "zycc": "普通类", "fsx": 359.0}, {"remarks": "", "schcode": "", "sex": "", "campus": "", "nf": "2020", "klmc": "理工", "ssmc": "辽宁", "zylx": "普通类", "zymc": "机械类", "maxScore": 572.0, "minScore": 565.0, "avgScore": 566.6, "avgOrder": 18205, "minOrder": 18807, "maxOrder": 16836, "kl": "", "ssdm": "21", "rs": 7, "zdx": 359.0, "ptx": 359.0, "zycc": "普通类", "fsx": 359.0}, {"remarks": "", "schcode": "", "sex": "", "campus": "", "nf": "2020", "klmc": "理工", "ssmc": "辽宁", "zylx": "普通类", "zymc": "农业机械化及其自动化（本硕博班）", "maxScore": 586.0, "minScore": 582.0, "avgScore": 584.0, "avgOrder": 13610, "minOrder": 14167, "maxOrder": 13131, "kl": "", "ssdm": "21", "rs": 2, "zdx": 359.0, "ptx": 359.0, "zycc": "普通类", "fsx": 359.0}, {"remarks": "", "schcode": "", "sex": "", "campus": "", "nf": "2020", "klmc": "理工", "ssmc": "辽宁", "zylx": "普通类", "zymc": "能源动力类", "maxScore": 570.0, "minScore": 564.0, "avgScore": 567.0, "avgOrder": 18205, "minOrder": 19136, "maxOrder": 17349, "kl": "", "ssdm": "21", "rs": 2, "zdx": 359.0, "ptx": 359.0, "zycc": "普通类", "fsx": 359.0}, {"remarks": "", "schcode": "", "sex": "", "campus": "", "nf": "2020", "klmc": "理工", "ssmc": "辽宁", "zylx": "普通类", "zymc": "电气工程及其自动化", "maxScore": 576.0, "minScore": 568.0, "avgScore": 571.0, "avgOrder": 17103, "minOrder": 17929, "maxOrder": 15743, "kl": "", "ssdm": "21", "rs": 3, "zdx": 359.0, "ptx": 359.0, "zycc": "普通类", "fsx": 359.0}, {"remarks": "", "schcode": "", "sex": "", "campus": "", "nf": "2020", "klmc": "理工", "ssmc": "辽宁", "zylx": "普通类", "zymc": "计算机科学与技术", "maxScore": 574.0, "minScore": 573.0, "avgScore": 573.5, "avgOrder": 16288, "minOrder": 16558, "maxOrder": 16288, "kl": "", "ssdm": "21", "rs": 2, "zdx": 359.0, "ptx": 359.0, "zycc": "普通类", "fsx": 359.0}, {"remarks": "", "schcode": "", "sex": "", "campus": "", "nf": "2020", "klmc": "理工", "ssmc": "辽宁", "zylx": "普通类", "zymc": "软件工程", "maxScore": 570.0, "minScore": 568.0, "avgScore": 569.0, "avgOrder": 17659, "minOrder": 17929, "maxOrder": 17349, "kl": "", "ssdm": "21", "rs": 2, "zdx": 359.0, "ptx": 359.0, "zycc": "普通类", "fsx": 359.0}, {"remarks": "", "schcode": "", "sex": "", "campus": "", "nf": "2020", "klmc": "理工", "ssmc": "辽宁", "zylx": "普通类", "zymc": "物联网工程", "maxScore": 567.0, "minScore": 566.0, "avgScore": 566.3, "avgOrder": 18494, "minOrder": 18494, "maxOrder": 18205, "kl": "", "ssdm": "21", "rs": 3, "zdx": 359.0, "ptx": 359.0, "zycc": "普通类", "fsx": 359.0}, {"remarks": "", "schcode": "", "sex": "", "campus": "", "nf": "2020", "klmc": "理工", "ssmc": "辽宁", "zylx": "普通类", "zymc": "农业电气化", "maxScore": 561.0, "minScore": 561.0, "avgScore": 561.0, "avgOrder": 20037, "minOrder": 20037, "maxOrder": 20037, "kl": "", "ssdm": "21", "rs": 2, "zdx": 359.0, "ptx": 359.0, "zycc": "普通类", "fsx": 359.0}, {"remarks": "", "schcode": "", "sex": "", "campus": "", "nf": "2020", "klmc": "理工", "ssmc": "辽宁", "zylx": "普通类", "zymc": "金融学类", "maxScore": 569.0, "minScore": 565.0, "avgScore": 566.4, "avgOrder": 18494, "minOrder": 18807, "maxOrder": 17659, "kl": "", "ssdm": "21", "rs": 8, "zdx": 359.0, "ptx": 359.0, "zycc": "普通类", "fsx": 359.0}, {"remarks": "", "schcode": "", "sex": "", "campus": "", "nf": "2020", "klmc": "理工", "ssmc": "辽宁", "zylx": "普通类", "zymc": "生物科学类", "maxScore": 561.0, "minScore": 559.0, "avgScore": 560.0, "avgOrder": 20327, "minOrder": 20651, "maxOrder": 20037, "kl": "", "ssdm": "21", "rs": 3, "zdx": 359.0, "ptx": 359.0, "zycc": "普通类", "fsx": 359.0}, {"remarks": "", "schcode": "", "sex": "", "campus": "", "nf": "2020", "klmc": "理工", "ssmc": "辽宁", "zylx": "普通类", "zymc": "生物工程类", "maxScore": 566.0, "minScore": 559.0, "avgScore": 562.0, "avgOrder": 19702, "minOrder": 20651, "maxOrder": 18494, "kl": "", "ssdm": "21", "rs": 3, "zdx": 359.0, "ptx": 359.0, "zycc": "普通类", "fsx": 359.0}, {"remarks": "", "schcode": "", "sex": "", "campus": "", "nf": "2020", "klmc": "理工", "ssmc": "辽宁", "zylx": "普通类", "zymc": "食品科学与工程类", "maxScore": 569.0, "minScore": 561.0, "avgScore": 563.7, "avgOrder": 19136, "minOrder": 20037, "maxOrder": 17659, "kl": "", "ssdm": "21", "rs": 7, "zdx": 359.0, "ptx": 359.0, "zycc": "普通类", "fsx": 359.0}, {"remarks": "", "schcode": "", "sex": "", "campus": "", "nf": "2020", "klmc": "理工", "ssmc": "辽宁", "zylx": "普通类", "zymc": "人文地理与城乡规划", "maxScore": 559.0, "minScore": 559.0, "avgScore": 559.0, "avgOrder": 20651, "minOrder": 20651, "maxOrder": 20651, "kl": "", "ssdm": "21", "rs": 2, "zdx": 359.0, "ptx": 359.0, "zycc": "普通类", "fsx": 359.0}, {"remarks": "", "schcode": "", "sex": "", "campus": "", "nf": "2020", "klmc": "理工", "ssmc": "辽宁", "zylx": "普通类", "zymc": "土地整治工程", "maxScore": 563.0, "minScore": 563.0, "avgScore": 563.0, "avgOrder": 19419, "minOrder": 19419, "maxOrder": 19419, "kl": "", "ssdm": "21", "rs": 1, "zdx": 359.0, "ptx": 359.0, "zycc": "普通类", "fsx": 359.0}, {"remarks": "", "schcode": "", "sex": "", "campus": "", "nf": "2020", "klmc": "理工", "ssmc": "辽宁", "zylx": "普通类", "zymc": "土地资源管理", "maxScore": 562.0, "minScore": 560.0, "avgScore": 561.0, "avgOrder": 20037, "minOrder": 20327, "maxOrder": 19702, "kl": "", "ssdm": "21", "rs": 2, "zdx": 359.0, "ptx": 359.0, "zycc": "普通类", "fsx": 359.0}, {"remarks": "", "schcode": "", "sex": "", "campus": "", "nf": "2020", "klmc": "理工", "ssmc": "辽宁", "zylx": "普通类", "zymc": "水利类", "maxScore": 570.0, "minScore": 561.0, "avgScore": 563.2, "avgOrder": 19419, "minOrder": 20037, "maxOrder": 17349, "kl": "", "ssdm": "21", "rs": 4, "zdx": 359.0, "ptx": 359.0, "zycc": "普通类", "fsx": 359.0}, {"remarks": "", "schcode": "", "sex": "", "campus": "", "nf": "2020", "klmc": "理工", "ssmc": "辽宁", "zylx": "普通类", "zymc": "土木工程", "maxScore": 564.0, "minScore": 563.0, "avgScore": 563.5, "avgOrder": 19136, "minOrder": 19419, "maxOrder": 19136, "kl": "", "ssdm": "21", "rs": 2, "zdx": 359.0, "ptx": 359.0, "zycc": "普通类", "fsx": 359.0}, {"remarks": "", "schcode": "", "sex": "", "campus": "", "nf": "2020", "klmc": "理工", "ssmc": "辽宁", "zylx": "普通类", "zymc": "工程管理", "maxScore": 564.0, "minScore": 561.0, "avgScore": 562.7, "avgOrder": 19419, "minOrder": 20037, "maxOrder": 19136, "kl": "", "ssdm": "21", "rs": 3, "zdx": 359.0, "ptx": 359.0, "zycc": "普通类", "fsx": 359.0}, {"remarks": "", "schcode": "", "sex": "", "campus": "", "nf": "2020", "klmc": "理工", "ssmc": "辽宁", "zylx": "普通类", "zymc": "统计学类", "maxScore": 569.0, "minScore": 566.0, "avgScore": 567.0, "avgOrder": 18205, "minOrder": 18494, "maxOrder": 17659, "kl": "", "ssdm": "21", "rs": 3, "zdx": 359.0, "ptx": 359.0, "zycc": "普通类", "fsx": 359.0}, {"remarks": "", "schcode": "", "sex": "", "campus": "", "nf": "2020", "klmc": "理工", "ssmc": "辽宁", "zylx": "普通类", "zymc": "俄语", "maxScore": 562.0, "minScore": 559.0, "avgScore": 560.0, "avgOrder": 20327, "minOrder": 20651, "maxOrder": 19702, "kl": "", "ssdm": "21", "rs": 3, "zdx": 359.0, "ptx": 359.0, "zycc": "普通类", "fsx": 359.0}, {"remarks": "", "schcode": "", "sex": "", "campus": "", "nf": "2020", "klmc": "理工", "ssmc": "辽宁", "zylx": "普通类", "zymc": "化学生物学", "maxScore": 565.0, "minScore": 559.0, "avgScore": 561.3, "avgOrder": 20037, "minOrder": 20651, "maxOrder": 18807, "kl": "", "ssdm": "21", "rs": 3, "zdx": 359.0, "ptx": 359.0, "zycc": "普通类", "fsx": 359.0}], "withYsl": false}, "jessionid": "be6fea6da6d947ea968a0aa03c8d00d3"}