{"state": 1, "msg": "操作成功", "data": {"zsSsgradeList": [{"remarks": "", "schcode": "", "sex": "", "campus": "", "nf": "2017", "klmc": "文史", "ssmc": "陕西", "zylx": "普通类", "kl": "1", "ssdm": "61", "rs": 8, "zdx": 509.0, "ptx": 509.0, "minScore": 528.0, "avgScore": 535.0, "maxScore": 544.0, "zycc": "普通类", "fsx": 509.0}], "sszygradeList": [{"remarks": "", "schcode": "", "sex": "", "campus": "", "nf": "2017", "klmc": "文史", "ssmc": "陕西", "zylx": "普通类", "zymc": "工商管理类（管理学Ⅱ）", "maxScore": 544.0, "minScore": 528.0, "avgScore": 533.7, "kl": "", "ssdm": "61", "rs": 6, "zdx": 509.0, "ptx": 509.0, "zycc": "普通类", "fsx": 509.0}, {"remarks": "", "schcode": "", "sex": "", "campus": "", "nf": "2017", "klmc": "文史", "ssmc": "陕西", "zylx": "普通类", "zymc": "农林经济管理", "maxScore": 541.0, "minScore": 537.0, "avgScore": 539.0, "kl": "", "ssdm": "61", "rs": 2, "zdx": 509.0, "ptx": 509.0, "zycc": "普通类", "fsx": 509.0}], "withYsl": false}, "jessionid": "be6fea6da6d947ea968a0aa03c8d00d3"}