{"state": 1, "msg": "操作成功", "data": {"zsSsgradeList": [{"remarks": "", "schcode": "", "sex": "", "campus": "", "nf": "2019", "klmc": "文史", "ssmc": "天津", "zylx": "普通类", "kl": "1", "ssdm": "12", "rs": 6, "zdx": 428.0, "ptx": 428.0, "minScore": 543.0, "minOrder": 2603, "avgScore": 545.7, "avgOrder": 2454, "maxScore": 547.0, "maxOrder": 2407, "zycc": "普通类", "fsx": 428.0}], "sszygradeList": [{"remarks": "", "schcode": "", "sex": "", "campus": "", "nf": "2019", "klmc": "文史", "ssmc": "天津", "zylx": "普通类", "zymc": "工商管理类", "maxScore": 547.0, "minScore": 543.0, "avgScore": 545.5, "avgOrder": 2454, "minOrder": 2603, "maxOrder": 2407, "kl": "", "ssdm": "12", "rs": 4, "zdx": 428.0, "ptx": 428.0, "zycc": "普通类", "fsx": 428.0}, {"remarks": "", "schcode": "", "sex": "", "campus": "", "nf": "2019", "klmc": "文史", "ssmc": "天津", "zylx": "普通类", "zymc": "法学类", "maxScore": 547.0, "minScore": 545.0, "avgScore": 546.0, "avgOrder": 2454, "minOrder": 2506, "maxOrder": 2407, "kl": "", "ssdm": "12", "rs": 2, "zdx": 428.0, "ptx": 428.0, "zycc": "普通类", "fsx": 428.0}], "withYsl": false}, "jessionid": "be6fea6da6d947ea968a0aa03c8d00d3"}