{"state": 1, "msg": "操作成功", "data": {"zsSsgradeList": [{"remarks": "", "schcode": "", "sex": "", "campus": "", "nf": "2018", "klmc": "文史", "ssmc": "福建", "zylx": "普通类", "kl": "1", "ssdm": "35", "rs": 4, "zdx": 551.0, "ptx": 551.0, "minScore": 578.0, "minOrder": 3918, "avgScore": 579.0, "avgOrder": 3778, "maxScore": 580.0, "maxOrder": 3683, "zycc": "普通类", "fsx": 551.0}], "sszygradeList": [{"remarks": "", "schcode": "", "sex": "", "campus": "", "nf": "2018", "klmc": "文史", "ssmc": "福建", "zylx": "普通类", "zymc": "工商管理类", "maxScore": 580.0, "minScore": 578.0, "avgScore": 579.0, "avgOrder": 3778, "minOrder": 3918, "maxOrder": 3683, "kl": "", "ssdm": "35", "rs": 2, "zdx": 551.0, "ptx": 551.0, "zycc": "普通类", "fsx": 551.0}, {"remarks": "", "schcode": "", "sex": "", "campus": "", "nf": "2018", "klmc": "文史", "ssmc": "福建", "zylx": "普通类", "zymc": "法学类", "maxScore": 580.0, "minScore": 578.0, "avgScore": 579.0, "avgOrder": 3778, "minOrder": 3918, "maxOrder": 3683, "kl": "", "ssdm": "35", "rs": 2, "zdx": 551.0, "ptx": 551.0, "zycc": "普通类", "fsx": 551.0}], "withYsl": false}, "jessionid": "be6fea6da6d947ea968a0aa03c8d00d3"}