{"state": 1, "msg": "操作成功", "data": {"zsSsgradeList": [{"remarks": "", "schcode": "", "sex": "", "campus": "", "nf": "2018", "klmc": "文史", "ssmc": "河北", "zylx": "普通类", "kl": "1", "ssdm": "13", "rs": 8, "zdx": 559.0, "ptx": 559.0, "minScore": 622.0, "minOrder": 3762, "avgScore": 624.4, "avgOrder": 3505, "maxScore": 629.0, "maxOrder": 2922, "zycc": "普通类", "fsx": 559.0}], "sszygradeList": [{"remarks": "", "schcode": "", "sex": "", "campus": "", "nf": "2018", "klmc": "文史", "ssmc": "河北", "zylx": "普通类", "zymc": "工商管理类", "maxScore": 629.0, "minScore": 623.0, "avgScore": 624.8, "avgOrder": 3391, "minOrder": 3630, "maxOrder": 2922, "kl": "", "ssdm": "13", "rs": 5, "zdx": 559.0, "ptx": 559.0, "zycc": "普通类", "fsx": 559.0}, {"remarks": "", "schcode": "", "sex": "", "campus": "", "nf": "2018", "klmc": "文史", "ssmc": "河北", "zylx": "普通类", "zymc": "法学类", "maxScore": 627.0, "minScore": 622.0, "avgScore": 623.7, "avgOrder": 3505, "minOrder": 3762, "maxOrder": 3135, "kl": "", "ssdm": "13", "rs": 3, "zdx": 559.0, "ptx": 559.0, "zycc": "普通类", "fsx": 559.0}], "withYsl": false}, "jessionid": "be6fea6da6d947ea968a0aa03c8d00d3"}