{"state": 1, "msg": "操作成功", "data": {"zsSsgradeList": [{"remarks": "", "schcode": "", "sex": "", "campus": "", "nf": "2019", "klmc": "理工", "ssmc": "新疆", "zylx": "普通类", "kl": "5", "ssdm": "65", "rs": 2, "zdx": 450.0, "ptx": 450.0, "minScore": 500.0, "avgScore": 500.5, "maxScore": 501.0, "zycc": "普通类", "fsx": 450.0}], "sszygradeList": [{"remarks": "", "schcode": "", "sex": "", "campus": "", "nf": "2019", "klmc": "理工", "ssmc": "新疆", "zylx": "普通类", "zymc": "金融学类", "maxScore": 501.0, "minScore": 500.0, "avgScore": 500.5, "kl": "", "ssdm": "65", "rs": 2, "zdx": 450.0, "ptx": 450.0, "zycc": "普通类", "fsx": 450.0}], "withYsl": false}, "jessionid": "be6fea6da6d947ea968a0aa03c8d00d3"}