{"state": 1, "msg": "操作成功", "data": {"zsSsgradeList": [{"remarks": "", "schcode": "", "sex": "", "campus": "", "nf": "2019", "klmc": "理工", "ssmc": "湖南", "zylx": "国家专项", "kl": "5", "ssdm": "43", "rs": 9, "zdx": 500.0, "ptx": 500.0, "minScore": 547.0, "minOrder": 27461, "avgScore": 553.8, "avgOrder": 23966, "maxScore": 561.0, "maxOrder": 20772, "zycc": "国家专项", "fsx": 500.0}], "sszygradeList": [{"remarks": "", "schcode": "", "sex": "", "campus": "", "nf": "2019", "klmc": "理工", "ssmc": "湖南", "zylx": "国家专项", "zymc": "园林", "maxScore": 558.0, "minScore": 547.0, "avgScore": 552.5, "avgOrder": 24431, "minOrder": 27461, "maxOrder": 22131, "kl": "", "ssdm": "43", "rs": 2, "zdx": 500.0, "ptx": 500.0, "zycc": "国家专项", "fsx": 500.0}, {"remarks": "", "schcode": "", "sex": "", "campus": "", "nf": "2019", "klmc": "理工", "ssmc": "湖南", "zylx": "国家专项", "zymc": "工业工程类", "maxScore": 559.0, "minScore": 548.0, "avgScore": 553.5, "avgOrder": 23966, "minOrder": 26953, "maxOrder": 21689, "kl": "", "ssdm": "43", "rs": 2, "zdx": 500.0, "ptx": 500.0, "zycc": "国家专项", "fsx": 500.0}, {"remarks": "", "schcode": "", "sex": "", "campus": "", "nf": "2019", "klmc": "理工", "ssmc": "湖南", "zylx": "国家专项", "zymc": "计算机科学与技术", "maxScore": 558.0, "minScore": 553.0, "avgScore": 555.5, "avgOrder": 23029, "minOrder": 24431, "maxOrder": 22131, "kl": "", "ssdm": "43", "rs": 2, "zdx": 500.0, "ptx": 500.0, "zycc": "国家专项", "fsx": 500.0}, {"remarks": "", "schcode": "", "sex": "", "campus": "", "nf": "2019", "klmc": "理工", "ssmc": "湖南", "zylx": "国家专项", "zymc": "金融学类", "maxScore": 561.0, "minScore": 561.0, "avgScore": 561.0, "avgOrder": 20772, "minOrder": 20772, "maxOrder": 20772, "kl": "", "ssdm": "43", "rs": 1, "zdx": 500.0, "ptx": 500.0, "zycc": "国家专项", "fsx": 500.0}, {"remarks": "", "schcode": "", "sex": "", "campus": "", "nf": "2019", "klmc": "理工", "ssmc": "湖南", "zylx": "国家专项", "zymc": "食品科学与工程类", "maxScore": 551.0, "minScore": 549.0, "avgScore": 550.0, "avgOrder": 25889, "minOrder": 26433, "maxOrder": 25380, "kl": "", "ssdm": "43", "rs": 2, "zdx": 500.0, "ptx": 500.0, "zycc": "国家专项", "fsx": 500.0}], "withYsl": false}, "jessionid": "be6fea6da6d947ea968a0aa03c8d00d3"}