{"state": 1, "msg": "操作成功", "data": {"zsSsgradeList": [{"remarks": "详见分专业录取情况", "schcode": "", "sex": "", "campus": "", "nf": "2020", "klmc": "综合改革", "ssmc": "山东", "zylx": "艺术批", "kl": "Z", "ssdm": "37", "rs": 25, "zycc": "艺术批"}], "sszygradeList": [{"remarks": "文化课成绩（艺术本科提前批）", "schcode": "", "sex": "", "campus": "", "nf": "2020", "klmc": "综合改革", "ssmc": "山东", "zylx": "艺术批", "zymc": "广播电视编导", "maxScore": 566.0, "minScore": 503.0, "avgScore": 519.4, "kl": "", "ssdm": "37", "rs": 14, "zycc": "艺术批"}, {"remarks": "综合分（艺术类本科批统考）", "schcode": "", "sex": "", "campus": "", "nf": "2020", "klmc": "综合改革", "ssmc": "山东", "zylx": "艺术批", "zymc": "视觉传达设计", "maxScore": 589.0, "minScore": 573.0, "avgScore": 578.1, "kl": "", "ssdm": "37", "rs": 15, "zycc": "艺术批"}, {"remarks": "综合分（艺术类本科批统考）", "schcode": "", "sex": "", "campus": "", "nf": "2020", "klmc": "综合改革", "ssmc": "山东", "zylx": "艺术批", "zymc": "环境设计", "maxScore": 590.0, "minScore": 572.0, "avgScore": 577.4, "kl": "", "ssdm": "37", "rs": 10, "zycc": "艺术批"}], "withYsl": false}, "jessionid": "be6fea6da6d947ea968a0aa03c8d00d3"}