{"state": 1, "msg": "操作成功", "data": {"zsSsgradeList": [{"remarks": "", "schcode": "", "sex": "", "campus": "", "nf": "2020", "klmc": "文史", "ssmc": "宁夏", "zylx": "普通类", "kl": "1", "ssdm": "64", "rs": 4, "zdx": 523.0, "ptx": 523.0, "minScore": 548.0, "minOrder": 1853, "avgScore": 551.0, "avgOrder": 1730, "maxScore": 556.0, "maxOrder": 1541, "zycc": "普通类", "fsx": 523.0}], "sszygradeList": [{"remarks": "", "schcode": "", "sex": "", "campus": "", "nf": "2020", "klmc": "文史", "ssmc": "宁夏", "zylx": "普通类", "zymc": "工商管理类", "maxScore": 549.0, "minScore": 548.0, "avgScore": 548.5, "avgOrder": 1853, "minOrder": 1853, "maxOrder": 1814, "kl": "", "ssdm": "64", "rs": 2, "zdx": 523.0, "ptx": 523.0, "zycc": "普通类", "fsx": 523.0}, {"remarks": "", "schcode": "", "sex": "", "campus": "", "nf": "2020", "klmc": "文史", "ssmc": "宁夏", "zylx": "普通类", "zymc": "农林经济管理", "maxScore": 556.0, "minScore": 551.0, "avgScore": 553.5, "avgOrder": 1608, "minOrder": 1730, "maxOrder": 1541, "kl": "", "ssdm": "64", "rs": 2, "zdx": 523.0, "ptx": 523.0, "zycc": "普通类", "fsx": 523.0}], "withYsl": false}, "jessionid": "be6fea6da6d947ea968a0aa03c8d00d3"}