{"state": 1, "msg": "操作成功", "data": {"zsSsgradeList": [{"remarks": "", "schcode": "", "sex": "", "campus": "", "nf": "2017", "klmc": "艺术(不分文理)", "ssmc": "黑龙江", "zylx": "艺术批", "kl": "A", "ssdm": "23", "zycc": "艺术批"}], "sszygradeList": [{"remarks": "专业成绩；控制线：理科212，文科239，器乐111", "schcode": "", "sex": "", "campus": "", "nf": "2017", "klmc": "艺术(不分文理)", "ssmc": "黑龙江", "zylx": "艺术批", "zymc": "音乐表演（器乐）", "maxScore": 154.0, "minScore": 147.0, "avgScore": 151.25, "kl": "", "ssdm": "23", "rs": 4, "zycc": "艺术批"}, {"remarks": "专业成绩；控制线：理科212，文科239，声乐111", "schcode": "", "sex": "", "campus": "", "nf": "2017", "klmc": "艺术(不分文理)", "ssmc": "黑龙江", "zylx": "艺术批", "zymc": "音乐表演（声乐）", "maxScore": 135.0, "minScore": 128.0, "avgScore": 131.5, "kl": "", "ssdm": "23", "rs": 2, "zycc": "艺术批"}], "withYsl": false}, "jessionid": "be6fea6da6d947ea968a0aa03c8d00d3"}