{"state": 1, "msg": "操作成功", "data": {"zsSsgradeList": [{"remarks": "", "schcode": "", "sex": "", "campus": "", "nf": "2018", "klmc": "理工", "ssmc": "吉林", "zylx": "普通类", "kl": "5", "ssdm": "22", "rs": 42, "zdx": 533.0, "ptx": 533.0, "minScore": 546.0, "minOrder": 14276, "avgScore": 552.5, "avgOrder": 13116, "maxScore": 567.0, "maxOrder": 10803, "zycc": "普通类", "fsx": 533.0}], "sszygradeList": [{"remarks": "", "schcode": "", "sex": "", "campus": "", "nf": "2018", "klmc": "理工", "ssmc": "吉林", "zylx": "普通类", "zymc": "农学", "maxScore": 553.0, "minScore": 549.0, "avgScore": 551.8, "avgOrder": 13276, "minOrder": 13781, "maxOrder": 13116, "kl": "", "ssdm": "22", "rs": 4, "zdx": 533.0, "ptx": 533.0, "zycc": "普通类", "fsx": 533.0}, {"remarks": "", "schcode": "", "sex": "", "campus": "", "nf": "2018", "klmc": "理工", "ssmc": "吉林", "zylx": "普通类", "zymc": "植物保护", "maxScore": 553.0, "minScore": 551.0, "avgScore": 552.0, "avgOrder": 13276, "minOrder": 13434, "maxOrder": 13116, "kl": "", "ssdm": "22", "rs": 2, "zdx": 533.0, "ptx": 533.0, "zycc": "普通类", "fsx": 533.0}, {"remarks": "", "schcode": "", "sex": "", "campus": "", "nf": "2018", "klmc": "理工", "ssmc": "吉林", "zylx": "普通类", "zymc": "风景园林", "maxScore": 562.0, "minScore": 553.0, "avgScore": 557.5, "avgOrder": 12257, "minOrder": 13116, "maxOrder": 11636, "kl": "", "ssdm": "22", "rs": 2, "zdx": 533.0, "ptx": 533.0, "zycc": "普通类", "fsx": 533.0}, {"remarks": "", "schcode": "", "sex": "", "campus": "", "nf": "2018", "klmc": "理工", "ssmc": "吉林", "zylx": "普通类", "zymc": "园艺", "maxScore": 554.0, "minScore": 547.0, "avgScore": 550.5, "avgOrder": 13434, "minOrder": 14117, "maxOrder": 12917, "kl": "", "ssdm": "22", "rs": 2, "zdx": 533.0, "ptx": 533.0, "zycc": "普通类", "fsx": 533.0}, {"remarks": "", "schcode": "", "sex": "", "campus": "", "nf": "2018", "klmc": "理工", "ssmc": "吉林", "zylx": "普通类", "zymc": "应用气象学", "maxScore": 567.0, "minScore": 553.0, "avgScore": 560.0, "avgOrder": 11969, "minOrder": 13116, "maxOrder": 10803, "kl": "", "ssdm": "22", "rs": 2, "zdx": 533.0, "ptx": 533.0, "zycc": "普通类", "fsx": 533.0}, {"remarks": "", "schcode": "", "sex": "", "campus": "", "nf": "2018", "klmc": "理工", "ssmc": "吉林", "zylx": "普通类", "zymc": "环境科学与工程类", "maxScore": 550.0, "minScore": 547.0, "avgScore": 548.5, "avgOrder": 13781, "minOrder": 14117, "maxOrder": 13606, "kl": "", "ssdm": "22", "rs": 2, "zdx": 533.0, "ptx": 533.0, "zycc": "普通类", "fsx": 533.0}, {"remarks": "", "schcode": "", "sex": "", "campus": "", "nf": "2018", "klmc": "理工", "ssmc": "吉林", "zylx": "普通类", "zymc": "动物科学", "maxScore": 551.0, "minScore": 550.0, "avgScore": 550.3, "avgOrder": 13606, "minOrder": 13606, "maxOrder": 13434, "kl": "", "ssdm": "22", "rs": 3, "zdx": 533.0, "ptx": 533.0, "zycc": "普通类", "fsx": 533.0}, {"remarks": "", "schcode": "", "sex": "", "campus": "", "nf": "2018", "klmc": "理工", "ssmc": "吉林", "zylx": "普通类", "zymc": "机械类", "maxScore": 553.0, "minScore": 549.0, "avgScore": 551.0, "avgOrder": 13434, "minOrder": 13781, "maxOrder": 13116, "kl": "", "ssdm": "22", "rs": 2, "zdx": 533.0, "ptx": 533.0, "zycc": "普通类", "fsx": 533.0}, {"remarks": "", "schcode": "", "sex": "", "campus": "", "nf": "2018", "klmc": "理工", "ssmc": "吉林", "zylx": "普通类", "zymc": "工业工程类", "maxScore": 548.0, "minScore": 546.0, "avgScore": 547.0, "avgOrder": 14117, "minOrder": 14276, "maxOrder": 13936, "kl": "", "ssdm": "22", "rs": 2, "zdx": 533.0, "ptx": 533.0, "zycc": "普通类", "fsx": 533.0}, {"remarks": "", "schcode": "", "sex": "", "campus": "", "nf": "2018", "klmc": "理工", "ssmc": "吉林", "zylx": "普通类", "zymc": "金融学类", "maxScore": 566.0, "minScore": 553.0, "avgScore": 558.2, "avgOrder": 12257, "minOrder": 13116, "maxOrder": 10973, "kl": "", "ssdm": "22", "rs": 5, "zdx": 533.0, "ptx": 533.0, "zycc": "普通类", "fsx": 533.0}, {"remarks": "", "schcode": "", "sex": "", "campus": "", "nf": "2018", "klmc": "理工", "ssmc": "吉林", "zylx": "普通类", "zymc": "生物科学类", "maxScore": 555.0, "minScore": 552.0, "avgScore": 554.0, "avgOrder": 12917, "minOrder": 13276, "maxOrder": 12734, "kl": "", "ssdm": "22", "rs": 3, "zdx": 533.0, "ptx": 533.0, "zycc": "普通类", "fsx": 533.0}, {"remarks": "", "schcode": "", "sex": "", "campus": "", "nf": "2018", "klmc": "理工", "ssmc": "吉林", "zylx": "普通类", "zymc": "食品科学与工程类", "maxScore": 562.0, "minScore": 557.0, "avgScore": 559.5, "avgOrder": 11969, "minOrder": 12415, "maxOrder": 11636, "kl": "", "ssdm": "22", "rs": 2, "zdx": 533.0, "ptx": 533.0, "zycc": "普通类", "fsx": 533.0}, {"remarks": "", "schcode": "", "sex": "", "campus": "", "nf": "2018", "klmc": "理工", "ssmc": "吉林", "zylx": "普通类", "zymc": "水利类", "maxScore": 553.0, "minScore": 548.0, "avgScore": 550.2, "avgOrder": 13606, "minOrder": 13936, "maxOrder": 13116, "kl": "", "ssdm": "22", "rs": 4, "zdx": 533.0, "ptx": 533.0, "zycc": "普通类", "fsx": 533.0}, {"remarks": "", "schcode": "", "sex": "", "campus": "", "nf": "2018", "klmc": "理工", "ssmc": "吉林", "zylx": "普通类", "zymc": "土木工程", "maxScore": 553.0, "minScore": 551.0, "avgScore": 552.0, "avgOrder": 13276, "minOrder": 13434, "maxOrder": 13116, "kl": "", "ssdm": "22", "rs": 2, "zdx": 533.0, "ptx": 533.0, "zycc": "普通类", "fsx": 533.0}, {"remarks": "", "schcode": "", "sex": "", "campus": "", "nf": "2018", "klmc": "理工", "ssmc": "吉林", "zylx": "普通类", "zymc": "工程管理", "maxScore": 575.0, "minScore": 552.0, "avgScore": 563.5, "avgOrder": 11314, "minOrder": 13276, "maxOrder": 9547, "kl": "", "ssdm": "22", "rs": 2, "zdx": 533.0, "ptx": 533.0, "zycc": "普通类", "fsx": 533.0}, {"remarks": "", "schcode": "", "sex": "", "campus": "", "nf": "2018", "klmc": "理工", "ssmc": "吉林", "zylx": "普通类", "zymc": "俄语", "maxScore": 547.0, "minScore": 546.0, "avgScore": 546.5, "avgOrder": 14117, "minOrder": 14276, "maxOrder": 14117, "kl": "", "ssdm": "22", "rs": 4, "zdx": 533.0, "ptx": 533.0, "zycc": "普通类", "fsx": 533.0}], "withYsl": false}, "jessionid": "be6fea6da6d947ea968a0aa03c8d00d3"}