{"state": 1, "msg": "操作成功", "data": {"zsSsgradeList": [{"remarks": "", "schcode": "", "sex": "", "campus": "", "nf": "2020", "klmc": "理工", "ssmc": "广西", "zylx": "普通类", "kl": "5", "ssdm": "45", "rs": 83, "zdx": 496.0, "ptx": 496.0, "minScore": 531.0, "minOrder": 26716, "avgScore": 539.2, "avgOrder": 23619, "maxScore": 555.0, "maxOrder": 18126, "zycc": "普通类", "fsx": 496.0}], "sszygradeList": [{"remarks": "", "schcode": "", "sex": "", "campus": "", "nf": "2020", "klmc": "理工", "ssmc": "广西", "zylx": "普通类", "zymc": "园艺", "maxScore": 545.0, "minScore": 533.0, "avgScore": 538.8, "avgOrder": 23619, "minOrder": 25912, "maxOrder": 21494, "kl": "", "ssdm": "45", "rs": 4, "zdx": 496.0, "ptx": 496.0, "zycc": "普通类", "fsx": 496.0}, {"remarks": "", "schcode": "", "sex": "", "campus": "", "nf": "2020", "klmc": "理工", "ssmc": "广西", "zylx": "普通类", "zymc": "设施农业科学与工程", "maxScore": 515.0, "minScore": 515.0, "avgScore": 515.0, "avgOrder": 33237, "minOrder": 33237, "maxOrder": 33237, "kl": "", "ssdm": "45", "rs": 1, "zdx": 496.0, "ptx": 496.0, "zycc": "普通类", "fsx": 496.0}, {"remarks": "", "schcode": "", "sex": "", "campus": "", "nf": "2020", "klmc": "理工", "ssmc": "广西", "zylx": "普通类", "zymc": "园林", "maxScore": 544.0, "minScore": 532.0, "avgScore": 538.0, "avgOrder": 23985, "minOrder": 26313, "maxOrder": 21825, "kl": "", "ssdm": "45", "rs": 4, "zdx": 496.0, "ptx": 496.0, "zycc": "普通类", "fsx": 496.0}, {"remarks": "", "schcode": "", "sex": "", "campus": "", "nf": "2020", "klmc": "理工", "ssmc": "广西", "zylx": "普通类", "zymc": "应用气象学", "maxScore": 536.0, "minScore": 531.0, "avgScore": 533.5, "avgOrder": 25517, "minOrder": 26716, "maxOrder": 24785, "kl": "", "ssdm": "45", "rs": 2, "zdx": 496.0, "ptx": 496.0, "zycc": "普通类", "fsx": 496.0}, {"remarks": "", "schcode": "", "sex": "", "campus": "", "nf": "2020", "klmc": "理工", "ssmc": "广西", "zylx": "普通类", "zymc": "环境科学与工程类", "maxScore": 539.0, "minScore": 532.0, "avgScore": 535.5, "avgOrder": 24785, "minOrder": 26313, "maxOrder": 23619, "kl": "", "ssdm": "45", "rs": 4, "zdx": 496.0, "ptx": 496.0, "zycc": "普通类", "fsx": 496.0}, {"remarks": "", "schcode": "", "sex": "", "campus": "", "nf": "2020", "klmc": "理工", "ssmc": "广西", "zylx": "普通类", "zymc": "动物医学", "maxScore": 542.0, "minScore": 535.0, "avgScore": 539.0, "avgOrder": 23619, "minOrder": 25152, "maxOrder": 22533, "kl": "", "ssdm": "45", "rs": 4, "zdx": 496.0, "ptx": 496.0, "zycc": "普通类", "fsx": 496.0}, {"remarks": "", "schcode": "", "sex": "", "campus": "", "nf": "2020", "klmc": "理工", "ssmc": "广西", "zylx": "普通类", "zymc": "机械类", "maxScore": 544.0, "minScore": 531.0, "avgScore": 538.6, "avgOrder": 23619, "minOrder": 26716, "maxOrder": 21825, "kl": "", "ssdm": "45", "rs": 5, "zdx": 496.0, "ptx": 496.0, "zycc": "普通类", "fsx": 496.0}, {"remarks": "", "schcode": "", "sex": "", "campus": "", "nf": "2020", "klmc": "理工", "ssmc": "广西", "zylx": "普通类", "zymc": "能源动力类", "maxScore": 537.0, "minScore": 533.0, "avgScore": 534.5, "avgOrder": 25517, "minOrder": 25912, "maxOrder": 24399, "kl": "", "ssdm": "45", "rs": 4, "zdx": 496.0, "ptx": 496.0, "zycc": "普通类", "fsx": 496.0}, {"remarks": "", "schcode": "", "sex": "", "campus": "", "nf": "2020", "klmc": "理工", "ssmc": "广西", "zylx": "普通类", "zymc": "工业工程类", "maxScore": 526.0, "minScore": 511.0, "avgScore": 517.2, "avgOrder": 32419, "minOrder": 34963, "maxOrder": 28655, "kl": "", "ssdm": "45", "rs": 5, "zdx": 496.0, "ptx": 496.0, "zycc": "普通类", "fsx": 496.0}, {"remarks": "", "schcode": "", "sex": "", "campus": "", "nf": "2020", "klmc": "理工", "ssmc": "广西", "zylx": "普通类", "zymc": "电气工程及其自动化", "maxScore": 542.0, "minScore": 540.0, "avgScore": 541.2, "avgOrder": 22884, "minOrder": 23242, "maxOrder": 22533, "kl": "", "ssdm": "45", "rs": 4, "zdx": 496.0, "ptx": 496.0, "zycc": "普通类", "fsx": 496.0}, {"remarks": "", "schcode": "", "sex": "", "campus": "", "nf": "2020", "klmc": "理工", "ssmc": "广西", "zylx": "普通类", "zymc": "计算机科学与技术", "maxScore": 546.0, "minScore": 544.0, "avgScore": 545.0, "avgOrder": 21494, "minOrder": 21825, "maxOrder": 21166, "kl": "", "ssdm": "45", "rs": 3, "zdx": 496.0, "ptx": 496.0, "zycc": "普通类", "fsx": 496.0}, {"remarks": "", "schcode": "", "sex": "", "campus": "", "nf": "2020", "klmc": "理工", "ssmc": "广西", "zylx": "普通类", "zymc": "软件工程", "maxScore": 555.0, "minScore": 544.0, "avgScore": 549.5, "avgOrder": 19811, "minOrder": 21825, "maxOrder": 18126, "kl": "", "ssdm": "45", "rs": 2, "zdx": 496.0, "ptx": 496.0, "zycc": "普通类", "fsx": 496.0}, {"remarks": "", "schcode": "", "sex": "", "campus": "", "nf": "2020", "klmc": "理工", "ssmc": "广西", "zylx": "普通类", "zymc": "物联网工程", "maxScore": 542.0, "minScore": 542.0, "avgScore": 542.0, "avgOrder": 22533, "minOrder": 22533, "maxOrder": 22533, "kl": "", "ssdm": "45", "rs": 2, "zdx": 496.0, "ptx": 496.0, "zycc": "普通类", "fsx": 496.0}, {"remarks": "", "schcode": "", "sex": "", "campus": "", "nf": "2020", "klmc": "理工", "ssmc": "广西", "zylx": "普通类", "zymc": "农业电气化", "maxScore": 548.0, "minScore": 535.0, "avgScore": 541.5, "avgOrder": 22533, "minOrder": 25152, "maxOrder": 20491, "kl": "", "ssdm": "45", "rs": 2, "zdx": 496.0, "ptx": 496.0, "zycc": "普通类", "fsx": 496.0}, {"remarks": "", "schcode": "", "sex": "", "campus": "", "nf": "2020", "klmc": "理工", "ssmc": "广西", "zylx": "普通类", "zymc": "金融学类", "maxScore": 551.0, "minScore": 537.0, "avgScore": 544.6, "avgOrder": 21494, "minOrder": 24399, "maxOrder": 19441, "kl": "", "ssdm": "45", "rs": 8, "zdx": 496.0, "ptx": 496.0, "zycc": "普通类", "fsx": 496.0}, {"remarks": "", "schcode": "", "sex": "", "campus": "", "nf": "2020", "klmc": "理工", "ssmc": "广西", "zylx": "普通类", "zymc": "生物科学类", "maxScore": 541.0, "minScore": 532.0, "avgScore": 534.8, "avgOrder": 25152, "minOrder": 26313, "maxOrder": 22884, "kl": "", "ssdm": "45", "rs": 5, "zdx": 496.0, "ptx": 496.0, "zycc": "普通类", "fsx": 496.0}, {"remarks": "", "schcode": "", "sex": "", "campus": "", "nf": "2020", "klmc": "理工", "ssmc": "广西", "zylx": "普通类", "zymc": "生物工程类", "maxScore": 539.0, "minScore": 534.0, "avgScore": 535.8, "avgOrder": 24785, "minOrder": 25517, "maxOrder": 23619, "kl": "", "ssdm": "45", "rs": 5, "zdx": 496.0, "ptx": 496.0, "zycc": "普通类", "fsx": 496.0}, {"remarks": "", "schcode": "", "sex": "", "campus": "", "nf": "2020", "klmc": "理工", "ssmc": "广西", "zylx": "普通类", "zymc": "食品科学与工程类", "maxScore": 543.0, "minScore": 531.0, "avgScore": 537.2, "avgOrder": 24399, "minOrder": 26716, "maxOrder": 22168, "kl": "", "ssdm": "45", "rs": 6, "zdx": 496.0, "ptx": 496.0, "zycc": "普通类", "fsx": 496.0}, {"remarks": "", "schcode": "", "sex": "", "campus": "", "nf": "2020", "klmc": "理工", "ssmc": "广西", "zylx": "普通类", "zymc": "土地整治工程", "maxScore": 533.0, "minScore": 531.0, "avgScore": 532.0, "avgOrder": 26313, "minOrder": 26716, "maxOrder": 25912, "kl": "", "ssdm": "45", "rs": 2, "zdx": 496.0, "ptx": 496.0, "zycc": "普通类", "fsx": 496.0}, {"remarks": "", "schcode": "", "sex": "", "campus": "", "nf": "2020", "klmc": "理工", "ssmc": "广西", "zylx": "普通类", "zymc": "水利类", "maxScore": 548.0, "minScore": 533.0, "avgScore": 543.3, "avgOrder": 22168, "minOrder": 25912, "maxOrder": 20491, "kl": "", "ssdm": "45", "rs": 6, "zdx": 496.0, "ptx": 496.0, "zycc": "普通类", "fsx": 496.0}, {"remarks": "", "schcode": "", "sex": "", "campus": "", "nf": "2020", "klmc": "理工", "ssmc": "广西", "zylx": "普通类", "zymc": "土木工程", "maxScore": 541.0, "minScore": 535.0, "avgScore": 538.5, "avgOrder": 23985, "minOrder": 25152, "maxOrder": 22884, "kl": "", "ssdm": "45", "rs": 4, "zdx": 496.0, "ptx": 496.0, "zycc": "普通类", "fsx": 496.0}, {"remarks": "", "schcode": "", "sex": "", "campus": "", "nf": "2020", "klmc": "理工", "ssmc": "广西", "zylx": "普通类", "zymc": "工程管理", "maxScore": 543.0, "minScore": 533.0, "avgScore": 537.2, "avgOrder": 24399, "minOrder": 25912, "maxOrder": 22168, "kl": "", "ssdm": "45", "rs": 4, "zdx": 496.0, "ptx": 496.0, "zycc": "普通类", "fsx": 496.0}], "withYsl": false}, "jessionid": "be6fea6da6d947ea968a0aa03c8d00d3"}