{"state": 1, "msg": "操作成功", "data": {"zsSsgradeList": [{"remarks": "", "schcode": "", "sex": "", "campus": "", "nf": "2018", "klmc": "理工", "ssmc": "辽宁", "zylx": "普通类", "kl": "5", "ssdm": "21", "rs": 106, "zdx": 368.0, "ptx": 368.0, "minScore": 550.0, "minOrder": 27144, "avgScore": 569.3, "avgOrder": 20904, "maxScore": 588.0, "maxOrder": 15186, "zycc": "普通类", "fsx": 368.0}], "sszygradeList": [{"remarks": "", "schcode": "", "sex": "", "campus": "", "nf": "2018", "klmc": "理工", "ssmc": "辽宁", "zylx": "普通类", "zymc": "农学", "maxScore": 585.0, "minScore": 568.0, "avgScore": 574.0, "avgOrder": 19324, "minOrder": 21221, "maxOrder": 16064, "kl": "", "ssdm": "21", "rs": 4, "zdx": 368.0, "ptx": 368.0, "zycc": "普通类", "fsx": 368.0}, {"remarks": "", "schcode": "", "sex": "", "campus": "", "nf": "2018", "klmc": "理工", "ssmc": "辽宁", "zylx": "普通类", "zymc": "农学（本硕博班）", "maxScore": 584.0, "minScore": 580.0, "avgScore": 582.0, "avgOrder": 16957, "minOrder": 17554, "maxOrder": 16380, "kl": "", "ssdm": "21", "rs": 2, "zdx": 368.0, "ptx": 368.0, "zycc": "普通类", "fsx": 368.0}, {"remarks": "", "schcode": "", "sex": "", "campus": "", "nf": "2018", "klmc": "理工", "ssmc": "辽宁", "zylx": "普通类", "zymc": "植物保护", "maxScore": 569.0, "minScore": 563.0, "avgScore": 565.7, "avgOrder": 21874, "minOrder": 22871, "maxOrder": 20904, "kl": "", "ssdm": "21", "rs": 3, "zdx": 368.0, "ptx": 368.0, "zycc": "普通类", "fsx": 368.0}, {"remarks": "", "schcode": "", "sex": "", "campus": "", "nf": "2018", "klmc": "理工", "ssmc": "辽宁", "zylx": "普通类", "zymc": "植物科学与技术", "maxScore": 565.0, "minScore": 565.0, "avgScore": 565.0, "avgOrder": 22224, "minOrder": 22224, "maxOrder": 22224, "kl": "", "ssdm": "21", "rs": 2, "zdx": 368.0, "ptx": 368.0, "zycc": "普通类", "fsx": 368.0}, {"remarks": "", "schcode": "", "sex": "", "campus": "", "nf": "2018", "klmc": "理工", "ssmc": "辽宁", "zylx": "普通类", "zymc": "种子科学与工程", "maxScore": 578.0, "minScore": 564.0, "avgScore": 572.0, "avgOrder": 19966, "minOrder": 22543, "maxOrder": 18155, "kl": "", "ssdm": "21", "rs": 3, "zdx": 368.0, "ptx": 368.0, "zycc": "普通类", "fsx": 368.0}, {"remarks": "", "schcode": "", "sex": "", "campus": "", "nf": "2018", "klmc": "理工", "ssmc": "辽宁", "zylx": "普通类", "zymc": "风景园林", "maxScore": 568.0, "minScore": 567.0, "avgScore": 567.7, "avgOrder": 21221, "minOrder": 21534, "maxOrder": 21221, "kl": "", "ssdm": "21", "rs": 3, "zdx": 368.0, "ptx": 368.0, "zycc": "普通类", "fsx": 368.0}, {"remarks": "", "schcode": "", "sex": "", "campus": "", "nf": "2018", "klmc": "理工", "ssmc": "辽宁", "zylx": "普通类", "zymc": "园艺", "maxScore": 566.0, "minScore": 566.0, "avgScore": 566.0, "avgOrder": 21874, "minOrder": 21874, "maxOrder": 21874, "kl": "", "ssdm": "21", "rs": 1, "zdx": 368.0, "ptx": 368.0, "zycc": "普通类", "fsx": 368.0}, {"remarks": "", "schcode": "", "sex": "", "campus": "", "nf": "2018", "klmc": "理工", "ssmc": "辽宁", "zylx": "普通类", "zymc": "设施农业科学与工程", "maxScore": 570.0, "minScore": 564.0, "avgScore": 567.0, "avgOrder": 21534, "minOrder": 22543, "maxOrder": 20588, "kl": "", "ssdm": "21", "rs": 2, "zdx": 368.0, "ptx": 368.0, "zycc": "普通类", "fsx": 368.0}, {"remarks": "", "schcode": "", "sex": "", "campus": "", "nf": "2018", "klmc": "理工", "ssmc": "辽宁", "zylx": "普通类", "zymc": "应用气象学", "maxScore": 575.0, "minScore": 572.0, "avgScore": 573.5, "avgOrder": 19324, "minOrder": 19966, "maxOrder": 19022, "kl": "", "ssdm": "21", "rs": 2, "zdx": 368.0, "ptx": 368.0, "zycc": "普通类", "fsx": 368.0}, {"remarks": "", "schcode": "", "sex": "", "campus": "", "nf": "2018", "klmc": "理工", "ssmc": "辽宁", "zylx": "普通类", "zymc": "生态学", "maxScore": 567.0, "minScore": 564.0, "avgScore": 565.5, "avgOrder": 21874, "minOrder": 22543, "maxOrder": 21534, "kl": "", "ssdm": "21", "rs": 2, "zdx": 368.0, "ptx": 368.0, "zycc": "普通类", "fsx": 368.0}, {"remarks": "", "schcode": "", "sex": "", "campus": "", "nf": "2018", "klmc": "理工", "ssmc": "辽宁", "zylx": "普通类", "zymc": "环境科学与工程类", "maxScore": 573.0, "minScore": 564.0, "avgScore": 567.5, "avgOrder": 21221, "minOrder": 22543, "maxOrder": 19631, "kl": "", "ssdm": "21", "rs": 4, "zdx": 368.0, "ptx": 368.0, "zycc": "普通类", "fsx": 368.0}, {"remarks": "", "schcode": "", "sex": "", "campus": "", "nf": "2018", "klmc": "理工", "ssmc": "辽宁", "zylx": "普通类", "zymc": "自然保护与环境生态类", "maxScore": 566.0, "minScore": 564.0, "avgScore": 564.8, "avgOrder": 22224, "minOrder": 22543, "maxOrder": 21874, "kl": "", "ssdm": "21", "rs": 4, "zdx": 368.0, "ptx": 368.0, "zycc": "普通类", "fsx": 368.0}, {"remarks": "", "schcode": "", "sex": "", "campus": "", "nf": "2018", "klmc": "理工", "ssmc": "辽宁", "zylx": "普通类", "zymc": "动物科学", "maxScore": 564.0, "minScore": 563.0, "avgScore": 563.8, "avgOrder": 22543, "minOrder": 22871, "maxOrder": 22543, "kl": "", "ssdm": "21", "rs": 4, "zdx": 368.0, "ptx": 368.0, "zycc": "普通类", "fsx": 368.0}, {"remarks": "", "schcode": "", "sex": "", "campus": "", "nf": "2018", "klmc": "理工", "ssmc": "辽宁", "zylx": "普通类", "zymc": "水产养殖学", "maxScore": 568.0, "minScore": 550.0, "avgScore": 561.2, "avgOrder": 23486, "minOrder": 27144, "maxOrder": 21221, "kl": "", "ssdm": "21", "rs": 4, "zdx": 368.0, "ptx": 368.0, "zycc": "普通类", "fsx": 368.0}, {"remarks": "", "schcode": "", "sex": "", "campus": "", "nf": "2018", "klmc": "理工", "ssmc": "辽宁", "zylx": "普通类", "zymc": "草业科学", "maxScore": 567.0, "minScore": 563.0, "avgScore": 565.0, "avgOrder": 22224, "minOrder": 22871, "maxOrder": 21534, "kl": "", "ssdm": "21", "rs": 2, "zdx": 368.0, "ptx": 368.0, "zycc": "普通类", "fsx": 368.0}, {"remarks": "", "schcode": "", "sex": "", "campus": "", "nf": "2018", "klmc": "理工", "ssmc": "辽宁", "zylx": "普通类", "zymc": "动物医学", "maxScore": 574.0, "minScore": 571.0, "avgScore": 572.7, "avgOrder": 19631, "minOrder": 20288, "maxOrder": 19324, "kl": "", "ssdm": "21", "rs": 3, "zdx": 368.0, "ptx": 368.0, "zycc": "普通类", "fsx": 368.0}, {"remarks": "", "schcode": "", "sex": "", "campus": "", "nf": "2018", "klmc": "理工", "ssmc": "辽宁", "zylx": "普通类", "zymc": "机械类", "maxScore": 576.0, "minScore": 566.0, "avgScore": 570.0, "avgOrder": 20588, "minOrder": 21874, "maxOrder": 18737, "kl": "", "ssdm": "21", "rs": 7, "zdx": 368.0, "ptx": 368.0, "zycc": "普通类", "fsx": 368.0}, {"remarks": "", "schcode": "", "sex": "", "campus": "", "nf": "2018", "klmc": "理工", "ssmc": "辽宁", "zylx": "普通类", "zymc": "农业机械化及其自动化（本硕博班）", "maxScore": 579.0, "minScore": 578.0, "avgScore": 578.5, "avgOrder": 17843, "minOrder": 18155, "maxOrder": 17843, "kl": "", "ssdm": "21", "rs": 2, "zdx": 368.0, "ptx": 368.0, "zycc": "普通类", "fsx": 368.0}, {"remarks": "", "schcode": "", "sex": "", "campus": "", "nf": "2018", "klmc": "理工", "ssmc": "辽宁", "zylx": "普通类", "zymc": "能源动力类", "maxScore": 569.0, "minScore": 568.0, "avgScore": 568.5, "avgOrder": 20904, "minOrder": 21221, "maxOrder": 20904, "kl": "", "ssdm": "21", "rs": 2, "zdx": 368.0, "ptx": 368.0, "zycc": "普通类", "fsx": 368.0}, {"remarks": "", "schcode": "", "sex": "", "campus": "", "nf": "2018", "klmc": "理工", "ssmc": "辽宁", "zylx": "普通类", "zymc": "电气工程及其自动化", "maxScore": 580.0, "minScore": 575.0, "avgScore": 577.0, "avgOrder": 18459, "minOrder": 19022, "maxOrder": 17554, "kl": "", "ssdm": "21", "rs": 3, "zdx": 368.0, "ptx": 368.0, "zycc": "普通类", "fsx": 368.0}, {"remarks": "", "schcode": "", "sex": "", "campus": "", "nf": "2018", "klmc": "理工", "ssmc": "辽宁", "zylx": "普通类", "zymc": "计算机类", "maxScore": 577.0, "minScore": 570.0, "avgScore": 574.0, "avgOrder": 19324, "minOrder": 20588, "maxOrder": 18459, "kl": "", "ssdm": "21", "rs": 3, "zdx": 368.0, "ptx": 368.0, "zycc": "普通类", "fsx": 368.0}, {"remarks": "", "schcode": "", "sex": "", "campus": "", "nf": "2018", "klmc": "理工", "ssmc": "辽宁", "zylx": "普通类", "zymc": "农业电气化", "maxScore": 574.0, "minScore": 574.0, "avgScore": 574.0, "avgOrder": 19324, "minOrder": 19324, "maxOrder": 19324, "kl": "", "ssdm": "21", "rs": 1, "zdx": 368.0, "ptx": 368.0, "zycc": "普通类", "fsx": 368.0}, {"remarks": "", "schcode": "", "sex": "", "campus": "", "nf": "2018", "klmc": "理工", "ssmc": "辽宁", "zylx": "普通类", "zymc": "金融学类", "maxScore": 588.0, "minScore": 566.0, "avgScore": 571.8, "avgOrder": 19966, "minOrder": 21874, "maxOrder": 15186, "kl": "", "ssdm": "21", "rs": 8, "zdx": 368.0, "ptx": 368.0, "zycc": "普通类", "fsx": 368.0}, {"remarks": "", "schcode": "", "sex": "", "campus": "", "nf": "2018", "klmc": "理工", "ssmc": "辽宁", "zylx": "普通类", "zymc": "生物科学类", "maxScore": 578.0, "minScore": 571.0, "avgScore": 573.7, "avgOrder": 19324, "minOrder": 20288, "maxOrder": 18155, "kl": "", "ssdm": "21", "rs": 3, "zdx": 368.0, "ptx": 368.0, "zycc": "普通类", "fsx": 368.0}, {"remarks": "", "schcode": "", "sex": "", "campus": "", "nf": "2018", "klmc": "理工", "ssmc": "辽宁", "zylx": "普通类", "zymc": "生物工程类", "maxScore": 566.0, "minScore": 565.0, "avgScore": 565.3, "avgOrder": 22224, "minOrder": 22224, "maxOrder": 21874, "kl": "", "ssdm": "21", "rs": 3, "zdx": 368.0, "ptx": 368.0, "zycc": "普通类", "fsx": 368.0}, {"remarks": "", "schcode": "", "sex": "", "campus": "", "nf": "2018", "klmc": "理工", "ssmc": "辽宁", "zylx": "普通类", "zymc": "食品科学与工程类", "maxScore": 577.0, "minScore": 565.0, "avgScore": 570.8, "avgOrder": 20288, "minOrder": 22224, "maxOrder": 18459, "kl": "", "ssdm": "21", "rs": 8, "zdx": 368.0, "ptx": 368.0, "zycc": "普通类", "fsx": 368.0}, {"remarks": "", "schcode": "", "sex": "", "campus": "", "nf": "2018", "klmc": "理工", "ssmc": "辽宁", "zylx": "普通类", "zymc": "人文地理与城乡规划", "maxScore": 570.0, "minScore": 564.0, "avgScore": 567.0, "avgOrder": 21534, "minOrder": 22543, "maxOrder": 20588, "kl": "", "ssdm": "21", "rs": 2, "zdx": 368.0, "ptx": 368.0, "zycc": "普通类", "fsx": 368.0}, {"remarks": "", "schcode": "", "sex": "", "campus": "", "nf": "2018", "klmc": "理工", "ssmc": "辽宁", "zylx": "普通类", "zymc": "土地资源管理", "maxScore": 566.0, "minScore": 564.0, "avgScore": 565.0, "avgOrder": 22224, "minOrder": 22543, "maxOrder": 21874, "kl": "", "ssdm": "21", "rs": 2, "zdx": 368.0, "ptx": 368.0, "zycc": "普通类", "fsx": 368.0}, {"remarks": "", "schcode": "", "sex": "", "campus": "", "nf": "2018", "klmc": "理工", "ssmc": "辽宁", "zylx": "普通类", "zymc": "水利类", "maxScore": 573.0, "minScore": 565.0, "avgScore": 567.5, "avgOrder": 21221, "minOrder": 22224, "maxOrder": 19631, "kl": "", "ssdm": "21", "rs": 4, "zdx": 368.0, "ptx": 368.0, "zycc": "普通类", "fsx": 368.0}, {"remarks": "", "schcode": "", "sex": "", "campus": "", "nf": "2018", "klmc": "理工", "ssmc": "辽宁", "zylx": "普通类", "zymc": "土木工程", "maxScore": 566.0, "minScore": 566.0, "avgScore": 566.0, "avgOrder": 21874, "minOrder": 21874, "maxOrder": 21874, "kl": "", "ssdm": "21", "rs": 2, "zdx": 368.0, "ptx": 368.0, "zycc": "普通类", "fsx": 368.0}, {"remarks": "", "schcode": "", "sex": "", "campus": "", "nf": "2018", "klmc": "理工", "ssmc": "辽宁", "zylx": "普通类", "zymc": "工程管理", "maxScore": 578.0, "minScore": 565.0, "avgScore": 569.7, "avgOrder": 20588, "minOrder": 22224, "maxOrder": 18155, "kl": "", "ssdm": "21", "rs": 3, "zdx": 368.0, "ptx": 368.0, "zycc": "普通类", "fsx": 368.0}, {"remarks": "", "schcode": "", "sex": "", "campus": "", "nf": "2018", "klmc": "理工", "ssmc": "辽宁", "zylx": "普通类", "zymc": "统计学类", "maxScore": 583.0, "minScore": 564.0, "avgScore": 571.0, "avgOrder": 20288, "minOrder": 22543, "maxOrder": 16662, "kl": "", "ssdm": "21", "rs": 3, "zdx": 368.0, "ptx": 368.0, "zycc": "普通类", "fsx": 368.0}, {"remarks": "", "schcode": "", "sex": "", "campus": "", "nf": "2018", "klmc": "理工", "ssmc": "辽宁", "zylx": "普通类", "zymc": "俄语", "maxScore": 566.0, "minScore": 564.0, "avgScore": 565.3, "avgOrder": 22224, "minOrder": 22543, "maxOrder": 21874, "kl": "", "ssdm": "21", "rs": 3, "zdx": 368.0, "ptx": 368.0, "zycc": "普通类", "fsx": 368.0}, {"remarks": "", "schcode": "", "sex": "", "campus": "", "nf": "2018", "klmc": "理工", "ssmc": "辽宁", "zylx": "普通类", "zymc": "化学生物学", "maxScore": 566.0, "minScore": 565.0, "avgScore": 565.5, "avgOrder": 21874, "minOrder": 22224, "maxOrder": 21874, "kl": "", "ssdm": "21", "rs": 2, "zdx": 368.0, "ptx": 368.0, "zycc": "普通类", "fsx": 368.0}], "withYsl": false}, "jessionid": "be6fea6da6d947ea968a0aa03c8d00d3"}