{"state": 1, "msg": "操作成功", "data": {"zsSsgradeList": [{"remarks": "", "schcode": "", "sex": "", "campus": "", "nf": "2018", "klmc": "文史", "ssmc": "天津", "zylx": "普通类", "kl": "1", "ssdm": "12", "rs": 6, "zdx": 436.0, "ptx": 436.0, "minScore": 565.0, "minOrder": 2762, "avgScore": 568.3, "avgOrder": 2594, "maxScore": 572.0, "maxOrder": 2402, "zycc": "普通类", "fsx": 436.0}], "sszygradeList": [{"remarks": "", "schcode": "", "sex": "", "campus": "", "nf": "2018", "klmc": "文史", "ssmc": "天津", "zylx": "普通类", "zymc": "工商管理类", "maxScore": 572.0, "minScore": 565.0, "avgScore": 568.2, "avgOrder": 2594, "minOrder": 2762, "maxOrder": 2402, "kl": "", "ssdm": "12", "rs": 4, "zdx": 436.0, "ptx": 436.0, "zycc": "普通类", "fsx": 436.0}, {"remarks": "", "schcode": "", "sex": "", "campus": "", "nf": "2018", "klmc": "文史", "ssmc": "天津", "zylx": "普通类", "zymc": "法学类", "maxScore": 572.0, "minScore": 565.0, "avgScore": 568.5, "avgOrder": 2545, "minOrder": 2762, "maxOrder": 2402, "kl": "", "ssdm": "12", "rs": 2, "zdx": 436.0, "ptx": 436.0, "zycc": "普通类", "fsx": 436.0}], "withYsl": false}, "jessionid": "be6fea6da6d947ea968a0aa03c8d00d3"}