{"state": 1, "msg": "操作成功", "data": {"zsSsgradeList": [{"remarks": "", "schcode": "", "sex": "", "campus": "", "nf": "2018", "klmc": "理工", "ssmc": "吉林", "zylx": "蒙授", "kl": "5", "ssdm": "22", "rs": 9, "minScore": 385.0, "minOrder": 45073, "avgScore": 435.0, "avgOrder": 39170, "maxScore": 489.0, "maxOrder": 26022, "zycc": "蒙授"}], "sszygradeList": [{"remarks": "", "schcode": "", "sex": "", "campus": "", "nf": "2018", "klmc": "理工", "ssmc": "吉林", "zylx": "蒙授", "zymc": "动物医学", "maxScore": 419.0, "minScore": 394.0, "avgScore": 408.0, "kl": "", "ssdm": "22", "rs": 3, "zycc": "蒙授"}, {"remarks": "", "schcode": "", "sex": "", "campus": "", "nf": "2018", "klmc": "理工", "ssmc": "吉林", "zylx": "蒙授", "zymc": "工商管理类", "maxScore": 489.0, "minScore": 385.0, "avgScore": 446.3, "kl": "", "ssdm": "22", "rs": 3, "zycc": "蒙授"}, {"remarks": "", "schcode": "", "sex": "", "campus": "", "nf": "2018", "klmc": "理工", "ssmc": "吉林", "zylx": "蒙授", "zymc": "人文地理与城乡规划", "maxScore": 475.0, "minScore": 426.0, "avgScore": 450.7, "kl": "", "ssdm": "22", "rs": 3, "zycc": "蒙授"}], "withYsl": false}, "jessionid": "be6fea6da6d947ea968a0aa03c8d00d3"}