{"state": 1, "msg": "操作成功", "data": {"zsSsgradeList": [{"remarks": "", "schcode": "", "sex": "", "campus": "", "nf": "2019", "klmc": "理工", "ssmc": "河北", "zylx": "普通类", "kl": "5", "ssdm": "13", "rs": 93, "zdx": 502.0, "ptx": 502.0, "minScore": 575.0, "minOrder": 29802, "avgScore": 579.4, "avgOrder": 27412, "maxScore": 590.0, "maxOrder": 21374, "zycc": "普通类", "fsx": 502.0}], "sszygradeList": [{"remarks": "", "schcode": "", "sex": "", "campus": "", "nf": "2019", "klmc": "理工", "ssmc": "河北", "zylx": "普通类", "zymc": "农学", "maxScore": 580.0, "minScore": 579.0, "avgScore": 579.3, "avgOrder": 27412, "minOrder": 27412, "maxOrder": 26824, "kl": "", "ssdm": "13", "rs": 3, "zdx": 502.0, "ptx": 502.0, "zycc": "普通类", "fsx": 502.0}, {"remarks": "", "schcode": "", "sex": "", "campus": "", "nf": "2019", "klmc": "理工", "ssmc": "河北", "zylx": "普通类", "zymc": "农学（本硕博班）", "maxScore": 586.0, "minScore": 580.0, "avgScore": 583.0, "avgOrder": 25132, "minOrder": 26824, "maxOrder": 23534, "kl": "", "ssdm": "13", "rs": 2, "zdx": 502.0, "ptx": 502.0, "zycc": "普通类", "fsx": 502.0}, {"remarks": "", "schcode": "", "sex": "", "campus": "", "nf": "2019", "klmc": "理工", "ssmc": "河北", "zylx": "普通类", "zymc": "植物保护", "maxScore": 581.0, "minScore": 577.0, "avgScore": 579.0, "avgOrder": 27412, "minOrder": 28644, "maxOrder": 26258, "kl": "", "ssdm": "13", "rs": 2, "zdx": 502.0, "ptx": 502.0, "zycc": "普通类", "fsx": 502.0}, {"remarks": "", "schcode": "", "sex": "", "campus": "", "nf": "2019", "klmc": "理工", "ssmc": "河北", "zylx": "普通类", "zymc": "植物科学与技术", "maxScore": 586.0, "minScore": 578.0, "avgScore": 582.0, "avgOrder": 25703, "minOrder": 28045, "maxOrder": 23534, "kl": "", "ssdm": "13", "rs": 2, "zdx": 502.0, "ptx": 502.0, "zycc": "普通类", "fsx": 502.0}, {"remarks": "", "schcode": "", "sex": "", "campus": "", "nf": "2019", "klmc": "理工", "ssmc": "河北", "zylx": "普通类", "zymc": "种子科学与工程", "maxScore": 578.0, "minScore": 577.0, "avgScore": 577.5, "avgOrder": 28045, "minOrder": 28644, "maxOrder": 28045, "kl": "", "ssdm": "13", "rs": 2, "zdx": 502.0, "ptx": 502.0, "zycc": "普通类", "fsx": 502.0}, {"remarks": "", "schcode": "", "sex": "", "campus": "", "nf": "2019", "klmc": "理工", "ssmc": "河北", "zylx": "普通类", "zymc": "园艺", "maxScore": 578.0, "minScore": 576.0, "avgScore": 577.0, "avgOrder": 28644, "minOrder": 29219, "maxOrder": 28045, "kl": "", "ssdm": "13", "rs": 3, "zdx": 502.0, "ptx": 502.0, "zycc": "普通类", "fsx": 502.0}, {"remarks": "", "schcode": "", "sex": "", "campus": "", "nf": "2019", "klmc": "理工", "ssmc": "河北", "zylx": "普通类", "zymc": "园艺（本硕博班）", "maxScore": 586.0, "minScore": 581.0, "avgScore": 583.5, "avgOrder": 24582, "minOrder": 26258, "maxOrder": 23534, "kl": "", "ssdm": "13", "rs": 2, "zdx": 502.0, "ptx": 502.0, "zycc": "普通类", "fsx": 502.0}, {"remarks": "", "schcode": "", "sex": "", "campus": "", "nf": "2019", "klmc": "理工", "ssmc": "河北", "zylx": "普通类", "zymc": "设施农业科学与工程", "maxScore": 577.0, "minScore": 577.0, "avgScore": 577.0, "avgOrder": 28644, "minOrder": 28644, "maxOrder": 28644, "kl": "", "ssdm": "13", "rs": 2, "zdx": 502.0, "ptx": 502.0, "zycc": "普通类", "fsx": 502.0}, {"remarks": "", "schcode": "", "sex": "", "campus": "", "nf": "2019", "klmc": "理工", "ssmc": "河北", "zylx": "普通类", "zymc": "园林", "maxScore": 580.0, "minScore": 576.0, "avgScore": 578.0, "avgOrder": 28045, "minOrder": 29219, "maxOrder": 26824, "kl": "", "ssdm": "13", "rs": 3, "zdx": 502.0, "ptx": 502.0, "zycc": "普通类", "fsx": 502.0}, {"remarks": "", "schcode": "", "sex": "", "campus": "", "nf": "2019", "klmc": "理工", "ssmc": "河北", "zylx": "普通类", "zymc": "应用气象学", "maxScore": 588.0, "minScore": 578.0, "avgScore": 583.0, "avgOrder": 25132, "minOrder": 28045, "maxOrder": 22432, "kl": "", "ssdm": "13", "rs": 2, "zdx": 502.0, "ptx": 502.0, "zycc": "普通类", "fsx": 502.0}, {"remarks": "", "schcode": "", "sex": "", "campus": "", "nf": "2019", "klmc": "理工", "ssmc": "河北", "zylx": "普通类", "zymc": "生态学", "maxScore": 578.0, "minScore": 577.0, "avgScore": 577.5, "avgOrder": 28045, "minOrder": 28644, "maxOrder": 28045, "kl": "", "ssdm": "13", "rs": 2, "zdx": 502.0, "ptx": 502.0, "zycc": "普通类", "fsx": 502.0}, {"remarks": "", "schcode": "", "sex": "", "campus": "", "nf": "2019", "klmc": "理工", "ssmc": "河北", "zylx": "普通类", "zymc": "自然保护与环境生态类", "maxScore": 576.0, "minScore": 575.0, "avgScore": 575.5, "avgOrder": 29219, "minOrder": 29802, "maxOrder": 29219, "kl": "", "ssdm": "13", "rs": 2, "zdx": 502.0, "ptx": 502.0, "zycc": "普通类", "fsx": 502.0}, {"remarks": "", "schcode": "", "sex": "", "campus": "", "nf": "2019", "klmc": "理工", "ssmc": "河北", "zylx": "普通类", "zymc": "农业资源与环境（本硕博班）", "maxScore": 580.0, "minScore": 578.0, "avgScore": 579.0, "avgOrder": 27412, "minOrder": 28045, "maxOrder": 26824, "kl": "", "ssdm": "13", "rs": 2, "zdx": 502.0, "ptx": 502.0, "zycc": "普通类", "fsx": 502.0}, {"remarks": "", "schcode": "", "sex": "", "campus": "", "nf": "2019", "klmc": "理工", "ssmc": "河北", "zylx": "普通类", "zymc": "动物科学", "maxScore": 580.0, "minScore": 576.0, "avgScore": 577.3, "avgOrder": 28644, "minOrder": 29219, "maxOrder": 26824, "kl": "", "ssdm": "13", "rs": 3, "zdx": 502.0, "ptx": 502.0, "zycc": "普通类", "fsx": 502.0}, {"remarks": "", "schcode": "", "sex": "", "campus": "", "nf": "2019", "klmc": "理工", "ssmc": "河北", "zylx": "普通类", "zymc": "动物医学（本硕博班）", "maxScore": 581.0, "minScore": 581.0, "avgScore": 581.0, "avgOrder": 26258, "minOrder": 26258, "maxOrder": 26258, "kl": "", "ssdm": "13", "rs": 2, "zdx": 502.0, "ptx": 502.0, "zycc": "普通类", "fsx": 502.0}, {"remarks": "", "schcode": "", "sex": "", "campus": "", "nf": "2019", "klmc": "理工", "ssmc": "河北", "zylx": "普通类", "zymc": "动物药学", "maxScore": 577.0, "minScore": 575.0, "avgScore": 576.0, "avgOrder": 29219, "minOrder": 29802, "maxOrder": 28644, "kl": "", "ssdm": "13", "rs": 2, "zdx": 502.0, "ptx": 502.0, "zycc": "普通类", "fsx": 502.0}, {"remarks": "", "schcode": "", "sex": "", "campus": "", "nf": "2019", "klmc": "理工", "ssmc": "河北", "zylx": "普通类", "zymc": "机械类", "maxScore": 590.0, "minScore": 579.0, "avgScore": 581.3, "avgOrder": 26258, "minOrder": 27412, "maxOrder": 21374, "kl": "", "ssdm": "13", "rs": 6, "zdx": 502.0, "ptx": 502.0, "zycc": "普通类", "fsx": 502.0}, {"remarks": "", "schcode": "", "sex": "", "campus": "", "nf": "2019", "klmc": "理工", "ssmc": "河北", "zylx": "普通类", "zymc": "农业机械化及其自动化（本硕博班）", "maxScore": 589.0, "minScore": 583.0, "avgScore": 586.0, "avgOrder": 23534, "minOrder": 25132, "maxOrder": 21878, "kl": "", "ssdm": "13", "rs": 2, "zdx": 502.0, "ptx": 502.0, "zycc": "普通类", "fsx": 502.0}, {"remarks": "", "schcode": "", "sex": "", "campus": "", "nf": "2019", "klmc": "理工", "ssmc": "河北", "zylx": "普通类", "zymc": "工业工程类", "maxScore": 579.0, "minScore": 578.0, "avgScore": 578.3, "avgOrder": 28045, "minOrder": 28045, "maxOrder": 27412, "kl": "", "ssdm": "13", "rs": 3, "zdx": 502.0, "ptx": 502.0, "zycc": "普通类", "fsx": 502.0}, {"remarks": "", "schcode": "", "sex": "", "campus": "", "nf": "2019", "klmc": "理工", "ssmc": "河北", "zylx": "普通类", "zymc": "电气工程及其自动化", "maxScore": 586.0, "minScore": 581.0, "avgScore": 583.0, "avgOrder": 25132, "minOrder": 26258, "maxOrder": 23534, "kl": "", "ssdm": "13", "rs": 3, "zdx": 502.0, "ptx": 502.0, "zycc": "普通类", "fsx": 502.0}, {"remarks": "", "schcode": "", "sex": "", "campus": "", "nf": "2019", "klmc": "理工", "ssmc": "河北", "zylx": "普通类", "zymc": "计算机科学与技术", "maxScore": 583.0, "minScore": 581.0, "avgScore": 582.5, "avgOrder": 25132, "minOrder": 26258, "maxOrder": 25132, "kl": "", "ssdm": "13", "rs": 4, "zdx": 502.0, "ptx": 502.0, "zycc": "普通类", "fsx": 502.0}, {"remarks": "", "schcode": "", "sex": "", "campus": "", "nf": "2019", "klmc": "理工", "ssmc": "河北", "zylx": "普通类", "zymc": "农业电气化", "maxScore": 579.0, "minScore": 578.0, "avgScore": 578.5, "avgOrder": 27412, "minOrder": 28045, "maxOrder": 27412, "kl": "", "ssdm": "13", "rs": 2, "zdx": 502.0, "ptx": 502.0, "zycc": "普通类", "fsx": 502.0}, {"remarks": "", "schcode": "", "sex": "", "campus": "", "nf": "2019", "klmc": "理工", "ssmc": "河北", "zylx": "普通类", "zymc": "金融学类", "maxScore": 587.0, "minScore": 579.0, "avgScore": 581.5, "avgOrder": 25703, "minOrder": 27412, "maxOrder": 22969, "kl": "", "ssdm": "13", "rs": 4, "zdx": 502.0, "ptx": 502.0, "zycc": "普通类", "fsx": 502.0}, {"remarks": "", "schcode": "", "sex": "", "campus": "", "nf": "2019", "klmc": "理工", "ssmc": "河北", "zylx": "普通类", "zymc": "农林经济管理（本硕博班）", "maxScore": 584.0, "minScore": 582.0, "avgScore": 583.0, "avgOrder": 25132, "minOrder": 25703, "maxOrder": 24582, "kl": "", "ssdm": "13", "rs": 2, "zdx": 502.0, "ptx": 502.0, "zycc": "普通类", "fsx": 502.0}, {"remarks": "", "schcode": "", "sex": "", "campus": "", "nf": "2019", "klmc": "理工", "ssmc": "河北", "zylx": "普通类", "zymc": "生物科学类", "maxScore": 580.0, "minScore": 577.0, "avgScore": 578.0, "avgOrder": 28045, "minOrder": 28644, "maxOrder": 26824, "kl": "", "ssdm": "13", "rs": 4, "zdx": 502.0, "ptx": 502.0, "zycc": "普通类", "fsx": 502.0}, {"remarks": "", "schcode": "", "sex": "", "campus": "", "nf": "2019", "klmc": "理工", "ssmc": "河北", "zylx": "普通类", "zymc": "生物工程类", "maxScore": 580.0, "minScore": 578.0, "avgScore": 578.8, "avgOrder": 27412, "minOrder": 28045, "maxOrder": 26824, "kl": "", "ssdm": "13", "rs": 4, "zdx": 502.0, "ptx": 502.0, "zycc": "普通类", "fsx": 502.0}, {"remarks": "", "schcode": "", "sex": "", "campus": "", "nf": "2019", "klmc": "理工", "ssmc": "河北", "zylx": "普通类", "zymc": "食品科学与工程类", "maxScore": 582.0, "minScore": 578.0, "avgScore": 579.8, "avgOrder": 26824, "minOrder": 28045, "maxOrder": 25703, "kl": "", "ssdm": "13", "rs": 4, "zdx": 502.0, "ptx": 502.0, "zycc": "普通类", "fsx": 502.0}, {"remarks": "", "schcode": "", "sex": "", "campus": "", "nf": "2019", "klmc": "理工", "ssmc": "河北", "zylx": "普通类", "zymc": "人文地理与城乡规划", "maxScore": 579.0, "minScore": 578.0, "avgScore": 578.5, "avgOrder": 27412, "minOrder": 28045, "maxOrder": 27412, "kl": "", "ssdm": "13", "rs": 2, "zdx": 502.0, "ptx": 502.0, "zycc": "普通类", "fsx": 502.0}, {"remarks": "", "schcode": "", "sex": "", "campus": "", "nf": "2019", "klmc": "理工", "ssmc": "河北", "zylx": "普通类", "zymc": "土地整治工程", "maxScore": 576.0, "minScore": 576.0, "avgScore": 576.0, "avgOrder": 29219, "minOrder": 29219, "maxOrder": 29219, "kl": "", "ssdm": "13", "rs": 2, "zdx": 502.0, "ptx": 502.0, "zycc": "普通类", "fsx": 502.0}, {"remarks": "", "schcode": "", "sex": "", "campus": "", "nf": "2019", "klmc": "理工", "ssmc": "河北", "zylx": "普通类", "zymc": "水利类", "maxScore": 578.0, "minScore": 576.0, "avgScore": 577.0, "avgOrder": 28644, "minOrder": 29219, "maxOrder": 28045, "kl": "", "ssdm": "13", "rs": 3, "zdx": 502.0, "ptx": 502.0, "zycc": "普通类", "fsx": 502.0}, {"remarks": "", "schcode": "", "sex": "", "campus": "", "nf": "2019", "klmc": "理工", "ssmc": "河北", "zylx": "普通类", "zymc": "土木工程", "maxScore": 581.0, "minScore": 578.0, "avgScore": 579.3, "avgOrder": 27412, "minOrder": 28045, "maxOrder": 26258, "kl": "", "ssdm": "13", "rs": 3, "zdx": 502.0, "ptx": 502.0, "zycc": "普通类", "fsx": 502.0}, {"remarks": "", "schcode": "", "sex": "", "campus": "", "nf": "2019", "klmc": "理工", "ssmc": "河北", "zylx": "普通类", "zymc": "工程管理", "maxScore": 578.0, "minScore": 578.0, "avgScore": 578.0, "avgOrder": 28045, "minOrder": 28045, "maxOrder": 28045, "kl": "", "ssdm": "13", "rs": 3, "zdx": 502.0, "ptx": 502.0, "zycc": "普通类", "fsx": 502.0}, {"remarks": "", "schcode": "", "sex": "", "campus": "", "nf": "2019", "klmc": "理工", "ssmc": "河北", "zylx": "普通类", "zymc": "应用化学", "maxScore": 578.0, "minScore": 577.0, "avgScore": 577.7, "avgOrder": 28045, "minOrder": 28644, "maxOrder": 28045, "kl": "", "ssdm": "13", "rs": 3, "zdx": 502.0, "ptx": 502.0, "zycc": "普通类", "fsx": 502.0}, {"remarks": "", "schcode": "", "sex": "", "campus": "", "nf": "2019", "klmc": "理工", "ssmc": "河北", "zylx": "普通类", "zymc": "化学生物学", "maxScore": 577.0, "minScore": 575.0, "avgScore": 576.0, "avgOrder": 29219, "minOrder": 29802, "maxOrder": 28644, "kl": "", "ssdm": "13", "rs": 3, "zdx": 502.0, "ptx": 502.0, "zycc": "普通类", "fsx": 502.0}], "withYsl": false}, "jessionid": "be6fea6da6d947ea968a0aa03c8d00d3"}