{"state": 1, "msg": "操作成功", "data": {"zsSsgradeList": [{"remarks": "", "schcode": "", "sex": "", "campus": "", "nf": "2020", "klmc": "综合改革", "ssmc": "海南", "zylx": "普通类", "kl": "Z", "ssdm": "46", "rs": 15, "zdx": 463.0, "ptx": 463.0, "minScore": 592.0, "minOrder": 10563, "avgScore": 603.4, "avgOrder": 8973, "maxScore": 638.0, "maxOrder": 4967, "zycc": "普通类", "fsx": 463.0}], "sszygradeList": [{"remarks": "", "schcode": "", "sex": "", "campus": "", "nf": "2020", "klmc": "综合改革", "ssmc": "海南", "zylx": "普通类", "zymc": "风景园林", "maxScore": 599.0, "minScore": 592.0, "avgScore": 595.0, "avgOrder": 10104, "minOrder": 10563, "maxOrder": 9539, "kl": "", "ssdm": "46", "rs": 3, "zdx": 463.0, "ptx": 463.0, "zycc": "普通类", "fsx": 463.0}, {"remarks": "", "schcode": "", "sex": "", "campus": "", "nf": "2020", "klmc": "综合改革", "ssmc": "海南", "zylx": "普通类", "zymc": "金融学类", "maxScore": 606.0, "minScore": 598.0, "avgScore": 601.0, "avgOrder": 9257, "minOrder": 9680, "maxOrder": 8565, "kl": "", "ssdm": "46", "rs": 4, "zdx": 463.0, "ptx": 463.0, "zycc": "普通类", "fsx": 463.0}, {"remarks": "", "schcode": "", "sex": "", "campus": "", "nf": "2020", "klmc": "综合改革", "ssmc": "海南", "zylx": "普通类", "zymc": "工商管理类", "maxScore": 619.0, "minScore": 601.0, "avgScore": 606.8, "avgOrder": 8408, "minOrder": 9257, "maxOrder": 6926, "kl": "", "ssdm": "46", "rs": 4, "zdx": 463.0, "ptx": 463.0, "zycc": "普通类", "fsx": 463.0}, {"remarks": "", "schcode": "", "sex": "", "campus": "", "nf": "2020", "klmc": "综合改革", "ssmc": "海南", "zylx": "普通类", "zymc": "食品科学与工程类", "maxScore": 638.0, "minScore": 597.0, "avgScore": 608.8, "avgOrder": 8159, "minOrder": 9815, "maxOrder": 4967, "kl": "", "ssdm": "46", "rs": 4, "zdx": 463.0, "ptx": 463.0, "zycc": "普通类", "fsx": 463.0}], "withYsl": false}, "jessionid": "be6fea6da6d947ea968a0aa03c8d00d3"}