{"state": 1, "msg": "操作成功", "data": {"zsSsgradeList": [{"remarks": "", "schcode": "", "sex": "", "campus": "", "nf": "2019", "klmc": "理工", "ssmc": "内蒙古", "zylx": "普通类", "kl": "5", "ssdm": "15", "rs": 108, "zdx": 477.0, "ptx": 477.0, "minScore": 503.0, "minOrder": 19977, "avgScore": 549.3, "avgOrder": 10707, "maxScore": 577.0, "maxOrder": 6293, "zycc": "普通类", "fsx": 477.0}], "sszygradeList": [{"remarks": "", "schcode": "", "sex": "", "campus": "", "nf": "2019", "klmc": "理工", "ssmc": "内蒙古", "zylx": "普通类", "zymc": "农学", "maxScore": 565.0, "minScore": 539.0, "avgScore": 547.2, "avgOrder": 11068, "minOrder": 12550, "maxOrder": 8032, "kl": "", "ssdm": "15", "rs": 5, "zdx": 477.0, "ptx": 477.0, "zycc": "普通类", "fsx": 477.0}, {"remarks": "", "schcode": "", "sex": "", "campus": "", "nf": "2019", "klmc": "理工", "ssmc": "内蒙古", "zylx": "普通类", "zymc": "植物保护", "maxScore": 537.0, "minScore": 531.0, "avgScore": 534.8, "avgOrder": 13279, "minOrder": 14036, "maxOrder": 12925, "kl": "", "ssdm": "15", "rs": 4, "zdx": 477.0, "ptx": 477.0, "zycc": "普通类", "fsx": 477.0}, {"remarks": "", "schcode": "", "sex": "", "campus": "", "nf": "2019", "klmc": "理工", "ssmc": "内蒙古", "zylx": "普通类", "zymc": "植物科学与技术", "maxScore": 533.0, "minScore": 532.0, "avgScore": 532.5, "avgOrder": 13654, "minOrder": 13851, "maxOrder": 13654, "kl": "", "ssdm": "15", "rs": 2, "zdx": 477.0, "ptx": 477.0, "zycc": "普通类", "fsx": 477.0}, {"remarks": "", "schcode": "", "sex": "", "campus": "", "nf": "2019", "klmc": "理工", "ssmc": "内蒙古", "zylx": "普通类", "zymc": "种子科学与工程", "maxScore": 550.0, "minScore": 534.0, "avgScore": 543.3, "avgOrder": 11794, "minOrder": 13471, "maxOrder": 10523, "kl": "", "ssdm": "15", "rs": 3, "zdx": 477.0, "ptx": 477.0, "zycc": "普通类", "fsx": 477.0}, {"remarks": "", "schcode": "", "sex": "", "campus": "", "nf": "2019", "klmc": "理工", "ssmc": "内蒙古", "zylx": "普通类", "zymc": "风景园林", "maxScore": 561.0, "minScore": 539.0, "avgScore": 551.5, "avgOrder": 10165, "minOrder": 12550, "maxOrder": 8640, "kl": "", "ssdm": "15", "rs": 4, "zdx": 477.0, "ptx": 477.0, "zycc": "普通类", "fsx": 477.0}, {"remarks": "", "schcode": "", "sex": "", "campus": "", "nf": "2019", "klmc": "理工", "ssmc": "内蒙古", "zylx": "普通类", "zymc": "园艺", "maxScore": 543.0, "minScore": 541.0, "avgScore": 542.0, "avgOrder": 12007, "minOrder": 12175, "maxOrder": 11794, "kl": "", "ssdm": "15", "rs": 3, "zdx": 477.0, "ptx": 477.0, "zycc": "普通类", "fsx": 477.0}, {"remarks": "", "schcode": "", "sex": "", "campus": "", "nf": "2019", "klmc": "理工", "ssmc": "内蒙古", "zylx": "普通类", "zymc": "应用气象学", "maxScore": 577.0, "minScore": 544.0, "avgScore": 560.5, "avgOrder": 8640, "minOrder": 11600, "maxOrder": 6293, "kl": "", "ssdm": "15", "rs": 2, "zdx": 477.0, "ptx": 477.0, "zycc": "普通类", "fsx": 477.0}, {"remarks": "", "schcode": "", "sex": "", "campus": "", "nf": "2019", "klmc": "理工", "ssmc": "内蒙古", "zylx": "普通类", "zymc": "生态学", "maxScore": 542.0, "minScore": 537.0, "avgScore": 539.3, "avgOrder": 12550, "minOrder": 12925, "maxOrder": 12007, "kl": "", "ssdm": "15", "rs": 3, "zdx": 477.0, "ptx": 477.0, "zycc": "普通类", "fsx": 477.0}, {"remarks": "", "schcode": "", "sex": "", "campus": "", "nf": "2019", "klmc": "理工", "ssmc": "内蒙古", "zylx": "普通类", "zymc": "环境科学与工程类", "maxScore": 553.0, "minScore": 519.0, "avgScore": 536.0, "avgOrder": 13100, "minOrder": 16541, "maxOrder": 10006, "kl": "", "ssdm": "15", "rs": 2, "zdx": 477.0, "ptx": 477.0, "zycc": "普通类", "fsx": 477.0}, {"remarks": "", "schcode": "", "sex": "", "campus": "", "nf": "2019", "klmc": "理工", "ssmc": "内蒙古", "zylx": "普通类", "zymc": "自然保护与环境生态类", "maxScore": 542.0, "minScore": 536.0, "avgScore": 538.8, "avgOrder": 12550, "minOrder": 13100, "maxOrder": 12007, "kl": "", "ssdm": "15", "rs": 4, "zdx": 477.0, "ptx": 477.0, "zycc": "普通类", "fsx": 477.0}, {"remarks": "", "schcode": "", "sex": "", "campus": "", "nf": "2019", "klmc": "理工", "ssmc": "内蒙古", "zylx": "普通类", "zymc": "动物科学", "maxScore": 564.0, "minScore": 537.0, "avgScore": 554.0, "avgOrder": 9819, "minOrder": 12925, "maxOrder": 8185, "kl": "", "ssdm": "15", "rs": 3, "zdx": 477.0, "ptx": 477.0, "zycc": "普通类", "fsx": 477.0}, {"remarks": "", "schcode": "", "sex": "", "campus": "", "nf": "2019", "klmc": "理工", "ssmc": "内蒙古", "zylx": "普通类", "zymc": "水产养殖学", "maxScore": 555.0, "minScore": 538.0, "avgScore": 546.5, "avgOrder": 11068, "minOrder": 12731, "maxOrder": 9646, "kl": "", "ssdm": "15", "rs": 2, "zdx": 477.0, "ptx": 477.0, "zycc": "普通类", "fsx": 477.0}, {"remarks": "", "schcode": "", "sex": "", "campus": "", "nf": "2019", "klmc": "理工", "ssmc": "内蒙古", "zylx": "普通类", "zymc": "草业科学", "maxScore": 540.0, "minScore": 532.0, "avgScore": 535.7, "avgOrder": 13100, "minOrder": 13851, "maxOrder": 12348, "kl": "", "ssdm": "15", "rs": 3, "zdx": 477.0, "ptx": 477.0, "zycc": "普通类", "fsx": 477.0}, {"remarks": "", "schcode": "", "sex": "", "campus": "", "nf": "2019", "klmc": "理工", "ssmc": "内蒙古", "zylx": "普通类", "zymc": "动物医学（本硕博班）", "maxScore": 577.0, "minScore": 575.0, "avgScore": 576.0, "avgOrder": 6430, "minOrder": 6550, "maxOrder": 6293, "kl": "", "ssdm": "15", "rs": 2, "zdx": 477.0, "ptx": 477.0, "zycc": "普通类", "fsx": 477.0}, {"remarks": "", "schcode": "", "sex": "", "campus": "", "nf": "2019", "klmc": "理工", "ssmc": "内蒙古", "zylx": "普通类", "zymc": "动物药学", "maxScore": 551.0, "minScore": 503.0, "avgScore": 527.0, "avgOrder": 14895, "minOrder": 19977, "maxOrder": 10334, "kl": "", "ssdm": "15", "rs": 2, "zdx": 477.0, "ptx": 477.0, "zycc": "普通类", "fsx": 477.0}, {"remarks": "", "schcode": "", "sex": "", "campus": "", "nf": "2019", "klmc": "理工", "ssmc": "内蒙古", "zylx": "普通类", "zymc": "机械类", "maxScore": 555.0, "minScore": 545.0, "avgScore": 550.2, "avgOrder": 10523, "minOrder": 11432, "maxOrder": 9646, "kl": "", "ssdm": "15", "rs": 8, "zdx": 477.0, "ptx": 477.0, "zycc": "普通类", "fsx": 477.0}, {"remarks": "", "schcode": "", "sex": "", "campus": "", "nf": "2019", "klmc": "理工", "ssmc": "内蒙古", "zylx": "普通类", "zymc": "能源动力类", "maxScore": 555.0, "minScore": 538.0, "avgScore": 546.5, "avgOrder": 11068, "minOrder": 12731, "maxOrder": 9646, "kl": "", "ssdm": "15", "rs": 2, "zdx": 477.0, "ptx": 477.0, "zycc": "普通类", "fsx": 477.0}, {"remarks": "", "schcode": "", "sex": "", "campus": "", "nf": "2019", "klmc": "理工", "ssmc": "内蒙古", "zylx": "普通类", "zymc": "电气工程及其自动化", "maxScore": 562.0, "minScore": 555.0, "avgScore": 558.7, "avgOrder": 8954, "minOrder": 9646, "maxOrder": 8500, "kl": "", "ssdm": "15", "rs": 3, "zdx": 477.0, "ptx": 477.0, "zycc": "普通类", "fsx": 477.0}, {"remarks": "", "schcode": "", "sex": "", "campus": "", "nf": "2019", "klmc": "理工", "ssmc": "内蒙古", "zylx": "普通类", "zymc": "计算机科学与技术", "maxScore": 570.0, "minScore": 548.0, "avgScore": 559.0, "avgOrder": 8954, "minOrder": 10882, "maxOrder": 7256, "kl": "", "ssdm": "15", "rs": 2, "zdx": 477.0, "ptx": 477.0, "zycc": "普通类", "fsx": 477.0}, {"remarks": "", "schcode": "", "sex": "", "campus": "", "nf": "2019", "klmc": "理工", "ssmc": "内蒙古", "zylx": "普通类", "zymc": "软件工程", "maxScore": 570.0, "minScore": 560.0, "avgScore": 565.0, "avgOrder": 8032, "minOrder": 8802, "maxOrder": 7256, "kl": "", "ssdm": "15", "rs": 2, "zdx": 477.0, "ptx": 477.0, "zycc": "普通类", "fsx": 477.0}, {"remarks": "", "schcode": "", "sex": "", "campus": "", "nf": "2019", "klmc": "理工", "ssmc": "内蒙古", "zylx": "普通类", "zymc": "农业电气化", "maxScore": 540.0, "minScore": 540.0, "avgScore": 540.0, "avgOrder": 12348, "minOrder": 12348, "maxOrder": 12348, "kl": "", "ssdm": "15", "rs": 1, "zdx": 477.0, "ptx": 477.0, "zycc": "普通类", "fsx": 477.0}, {"remarks": "", "schcode": "", "sex": "", "campus": "", "nf": "2019", "klmc": "理工", "ssmc": "内蒙古", "zylx": "普通类", "zymc": "工商管理类", "maxScore": 570.0, "minScore": 552.0, "avgScore": 559.1, "avgOrder": 8954, "minOrder": 10165, "maxOrder": 7256, "kl": "", "ssdm": "15", "rs": 8, "zdx": 477.0, "ptx": 477.0, "zycc": "普通类", "fsx": 477.0}, {"remarks": "", "schcode": "", "sex": "", "campus": "", "nf": "2019", "klmc": "理工", "ssmc": "内蒙古", "zylx": "普通类", "zymc": "农林经济管理（本硕博班）", "maxScore": 575.0, "minScore": 574.0, "avgScore": 574.5, "avgOrder": 6550, "minOrder": 6687, "maxOrder": 6550, "kl": "", "ssdm": "15", "rs": 2, "zdx": 477.0, "ptx": 477.0, "zycc": "普通类", "fsx": 477.0}, {"remarks": "", "schcode": "", "sex": "", "campus": "", "nf": "2019", "klmc": "理工", "ssmc": "内蒙古", "zylx": "普通类", "zymc": "生物科学类", "maxScore": 558.0, "minScore": 543.0, "avgScore": 550.5, "avgOrder": 10334, "minOrder": 11794, "maxOrder": 9146, "kl": "", "ssdm": "15", "rs": 2, "zdx": 477.0, "ptx": 477.0, "zycc": "普通类", "fsx": 477.0}, {"remarks": "", "schcode": "", "sex": "", "campus": "", "nf": "2019", "klmc": "理工", "ssmc": "内蒙古", "zylx": "普通类", "zymc": "生物科学（本硕博班）", "maxScore": 570.0, "minScore": 570.0, "avgScore": 570.0, "avgOrder": 7256, "minOrder": 7256, "maxOrder": 7256, "kl": "", "ssdm": "15", "rs": 3, "zdx": 477.0, "ptx": 477.0, "zycc": "普通类", "fsx": 477.0}, {"remarks": "", "schcode": "", "sex": "", "campus": "", "nf": "2019", "klmc": "理工", "ssmc": "内蒙古", "zylx": "普通类", "zymc": "生物工程类", "maxScore": 566.0, "minScore": 543.0, "avgScore": 552.0, "avgOrder": 10165, "minOrder": 11794, "maxOrder": 7872, "kl": "", "ssdm": "15", "rs": 3, "zdx": 477.0, "ptx": 477.0, "zycc": "普通类", "fsx": 477.0}, {"remarks": "", "schcode": "", "sex": "", "campus": "", "nf": "2019", "klmc": "理工", "ssmc": "内蒙古", "zylx": "普通类", "zymc": "食品科学与工程（本硕博班）", "maxScore": 573.0, "minScore": 567.0, "avgScore": 570.0, "avgOrder": 7256, "minOrder": 7711, "maxOrder": 6845, "kl": "", "ssdm": "15", "rs": 2, "zdx": 477.0, "ptx": 477.0, "zycc": "普通类", "fsx": 477.0}, {"remarks": "", "schcode": "", "sex": "", "campus": "", "nf": "2019", "klmc": "理工", "ssmc": "内蒙古", "zylx": "普通类", "zymc": "人文地理与城乡规划", "maxScore": 535.0, "minScore": 534.0, "avgScore": 534.5, "avgOrder": 13279, "minOrder": 13471, "maxOrder": 13279, "kl": "", "ssdm": "15", "rs": 2, "zdx": 477.0, "ptx": 477.0, "zycc": "普通类", "fsx": 477.0}, {"remarks": "", "schcode": "", "sex": "", "campus": "", "nf": "2019", "klmc": "理工", "ssmc": "内蒙古", "zylx": "普通类", "zymc": "土地整治工程", "maxScore": 576.0, "minScore": 534.0, "avgScore": 555.0, "avgOrder": 9646, "minOrder": 13471, "maxOrder": 6430, "kl": "", "ssdm": "15", "rs": 2, "zdx": 477.0, "ptx": 477.0, "zycc": "普通类", "fsx": 477.0}, {"remarks": "", "schcode": "", "sex": "", "campus": "", "nf": "2019", "klmc": "理工", "ssmc": "内蒙古", "zylx": "普通类", "zymc": "土地资源管理", "maxScore": 551.0, "minScore": 541.0, "avgScore": 546.0, "avgOrder": 11250, "minOrder": 12175, "maxOrder": 10334, "kl": "", "ssdm": "15", "rs": 2, "zdx": 477.0, "ptx": 477.0, "zycc": "普通类", "fsx": 477.0}, {"remarks": "", "schcode": "", "sex": "", "campus": "", "nf": "2019", "klmc": "理工", "ssmc": "内蒙古", "zylx": "普通类", "zymc": "水利类", "maxScore": 552.0, "minScore": 541.0, "avgScore": 545.2, "avgOrder": 11432, "minOrder": 12175, "maxOrder": 10165, "kl": "", "ssdm": "15", "rs": 4, "zdx": 477.0, "ptx": 477.0, "zycc": "普通类", "fsx": 477.0}, {"remarks": "", "schcode": "", "sex": "", "campus": "", "nf": "2019", "klmc": "理工", "ssmc": "内蒙古", "zylx": "普通类", "zymc": "土木工程", "maxScore": 545.0, "minScore": 535.0, "avgScore": 539.7, "avgOrder": 12348, "minOrder": 13279, "maxOrder": 11432, "kl": "", "ssdm": "15", "rs": 3, "zdx": 477.0, "ptx": 477.0, "zycc": "普通类", "fsx": 477.0}, {"remarks": "", "schcode": "", "sex": "", "campus": "", "nf": "2019", "klmc": "理工", "ssmc": "内蒙古", "zylx": "普通类", "zymc": "工程管理", "maxScore": 545.0, "minScore": 542.0, "avgScore": 543.5, "avgOrder": 11600, "minOrder": 12007, "maxOrder": 11432, "kl": "", "ssdm": "15", "rs": 2, "zdx": 477.0, "ptx": 477.0, "zycc": "普通类", "fsx": 477.0}, {"remarks": "", "schcode": "", "sex": "", "campus": "", "nf": "2019", "klmc": "理工", "ssmc": "内蒙古", "zylx": "普通类", "zymc": "统计学类", "maxScore": 567.0, "minScore": 547.0, "avgScore": 555.2, "avgOrder": 9646, "minOrder": 11068, "maxOrder": 7711, "kl": "", "ssdm": "15", "rs": 4, "zdx": 477.0, "ptx": 477.0, "zycc": "普通类", "fsx": 477.0}, {"remarks": "", "schcode": "", "sex": "", "campus": "", "nf": "2019", "klmc": "理工", "ssmc": "内蒙古", "zylx": "普通类", "zymc": "俄语", "maxScore": 551.0, "minScore": 545.0, "avgScore": 548.7, "avgOrder": 10707, "minOrder": 11432, "maxOrder": 10334, "kl": "", "ssdm": "15", "rs": 3, "zdx": 477.0, "ptx": 477.0, "zycc": "普通类", "fsx": 477.0}, {"remarks": "", "schcode": "", "sex": "", "campus": "", "nf": "2019", "klmc": "理工", "ssmc": "内蒙古", "zylx": "普通类", "zymc": "应用化学", "maxScore": 542.0, "minScore": 540.0, "avgScore": 541.0, "avgOrder": 12175, "minOrder": 12348, "maxOrder": 12007, "kl": "", "ssdm": "15", "rs": 2, "zdx": 477.0, "ptx": 477.0, "zycc": "普通类", "fsx": 477.0}, {"remarks": "", "schcode": "", "sex": "", "campus": "", "nf": "2019", "klmc": "理工", "ssmc": "内蒙古", "zylx": "普通类", "zymc": "化学生物学", "maxScore": 551.0, "minScore": 544.0, "avgScore": 548.7, "avgOrder": 10707, "minOrder": 11600, "maxOrder": 10334, "kl": "", "ssdm": "15", "rs": 3, "zdx": 477.0, "ptx": 477.0, "zycc": "普通类", "fsx": 477.0}], "withYsl": false}, "jessionid": "be6fea6da6d947ea968a0aa03c8d00d3"}