{"state": 1, "msg": "操作成功", "data": {"zsSsgradeList": [{"remarks": "", "schcode": "", "sex": "", "campus": "", "nf": "2018", "klmc": "理工", "ssmc": "江苏", "zylx": "普通类", "kl": "5", "ssdm": "32", "rs": 16, "zdx": 336.0, "ptx": 336.0, "minScore": 349.0, "minOrder": 41496, "avgScore": 350.9, "avgOrder": 38010, "maxScore": 356.0, "maxOrder": 30046, "zycc": "普通类", "fsx": 336.0}], "sszygradeList": [{"remarks": "", "schcode": "", "sex": "", "campus": "", "nf": "2018", "klmc": "理工", "ssmc": "江苏", "zylx": "普通类", "zymc": "风景园林", "maxScore": 351.0, "minScore": 349.0, "avgScore": 350.0, "avgOrder": 39755, "minOrder": 41496, "maxOrder": 38010, "kl": "", "ssdm": "32", "rs": 2, "zdx": 336.0, "ptx": 336.0, "zycc": "普通类", "fsx": 336.0}, {"remarks": "", "schcode": "", "sex": "", "campus": "", "nf": "2018", "klmc": "理工", "ssmc": "江苏", "zylx": "普通类", "zymc": "园林", "maxScore": 352.0, "minScore": 349.0, "avgScore": 350.5, "avgOrder": 38010, "minOrder": 41496, "maxOrder": 36378, "kl": "", "ssdm": "32", "rs": 2, "zdx": 336.0, "ptx": 336.0, "zycc": "普通类", "fsx": 336.0}, {"remarks": "", "schcode": "", "sex": "", "campus": "", "nf": "2018", "klmc": "理工", "ssmc": "江苏", "zylx": "普通类", "zymc": "计算机类", "maxScore": 352.0, "minScore": 351.0, "avgScore": 351.5, "avgOrder": 36378, "minOrder": 38010, "maxOrder": 36378, "kl": "", "ssdm": "32", "rs": 2, "zdx": 336.0, "ptx": 336.0, "zycc": "普通类", "fsx": 336.0}, {"remarks": "", "schcode": "", "sex": "", "campus": "", "nf": "2018", "klmc": "理工", "ssmc": "江苏", "zylx": "普通类", "zymc": "食品科学与工程类", "maxScore": 353.0, "minScore": 351.0, "avgScore": 352.0, "avgOrder": 36378, "minOrder": 38010, "maxOrder": 34711, "kl": "", "ssdm": "32", "rs": 2, "zdx": 336.0, "ptx": 336.0, "zycc": "普通类", "fsx": 336.0}, {"remarks": "", "schcode": "", "sex": "", "campus": "", "nf": "2018", "klmc": "理工", "ssmc": "江苏", "zylx": "普通类", "zymc": "土地资源管理", "maxScore": 356.0, "minScore": 349.0, "avgScore": 352.5, "avgOrder": 34711, "minOrder": 41496, "maxOrder": 30046, "kl": "", "ssdm": "32", "rs": 2, "zdx": 336.0, "ptx": 336.0, "zycc": "普通类", "fsx": 336.0}, {"remarks": "", "schcode": "", "sex": "", "campus": "", "nf": "2018", "klmc": "理工", "ssmc": "江苏", "zylx": "普通类", "zymc": "土木工程", "maxScore": 350.0, "minScore": 350.0, "avgScore": 350.0, "avgOrder": 39755, "minOrder": 39755, "maxOrder": 39755, "kl": "", "ssdm": "32", "rs": 2, "zdx": 336.0, "ptx": 336.0, "zycc": "普通类", "fsx": 336.0}, {"remarks": "", "schcode": "", "sex": "", "campus": "", "nf": "2018", "klmc": "理工", "ssmc": "江苏", "zylx": "普通类", "zymc": "工程管理", "maxScore": 350.0, "minScore": 349.0, "avgScore": 349.5, "avgOrder": 39755, "minOrder": 41496, "maxOrder": 39755, "kl": "", "ssdm": "32", "rs": 2, "zdx": 336.0, "ptx": 336.0, "zycc": "普通类", "fsx": 336.0}, {"remarks": "", "schcode": "", "sex": "", "campus": "", "nf": "2018", "klmc": "理工", "ssmc": "江苏", "zylx": "普通类", "zymc": "化学生物学", "maxScore": 352.0, "minScore": 351.0, "avgScore": 351.5, "avgOrder": 36378, "minOrder": 38010, "maxOrder": 36378, "kl": "", "ssdm": "32", "rs": 2, "zdx": 336.0, "ptx": 336.0, "zycc": "普通类", "fsx": 336.0}], "withYsl": false}, "jessionid": "be6fea6da6d947ea968a0aa03c8d00d3"}