{"state": 1, "msg": "操作成功", "data": {"zsSsgradeList": [{"remarks": "", "schcode": "", "sex": "", "campus": "", "nf": "2020", "klmc": "综合改革", "ssmc": "山东", "zylx": "中美121项目", "kl": "Z", "ssdm": "37", "rs": 12, "zdx": 449.0, "ptx": 449.0, "minScore": 561.0, "minOrder": 66482, "avgScore": 575.8, "avgOrder": 48716, "maxScore": 590.0, "maxOrder": 34996, "zycc": "中美121项目", "fsx": 449.0}], "sszygradeList": [{"remarks": "", "schcode": "", "sex": "", "campus": "", "nf": "2020", "klmc": "综合改革", "ssmc": "山东", "zylx": "中美121项目", "zymc": "生物科学（中美121双学位项目）", "maxScore": 584.0, "minScore": 569.0, "avgScore": 575.3, "avgOrder": 49769, "minOrder": 56503, "maxOrder": 40517, "kl": "", "ssdm": "37", "rs": 3, "zdx": 449.0, "ptx": 449.0, "zycc": "中美121项目", "fsx": 449.0}, {"remarks": "", "schcode": "", "sex": "", "campus": "", "nf": "2020", "klmc": "综合改革", "ssmc": "山东", "zylx": "中美121项目", "zymc": "食品科学与工程（中美121双学位项目）", "maxScore": 586.0, "minScore": 561.0, "avgScore": 577.3, "avgOrder": 47662, "minOrder": 66482, "maxOrder": 38627, "kl": "", "ssdm": "37", "rs": 3, "zdx": 449.0, "ptx": 449.0, "zycc": "中美121项目", "fsx": 449.0}, {"remarks": "", "schcode": "", "sex": "", "campus": "", "nf": "2020", "klmc": "综合改革", "ssmc": "山东", "zylx": "中美121项目", "zymc": "动物科学（中美121双学位项目）", "maxScore": 590.0, "minScore": 566.0, "avgScore": 576.0, "avgOrder": 48716, "minOrder": 60041, "maxOrder": 34996, "kl": "", "ssdm": "37", "rs": 3, "zdx": 449.0, "ptx": 449.0, "zycc": "中美121项目", "fsx": 449.0}, {"remarks": "", "schcode": "", "sex": "", "campus": "", "nf": "2020", "klmc": "综合改革", "ssmc": "山东", "zylx": "中美121项目", "zymc": "工商管理（中美121双学位项目）", "maxScore": 579.0, "minScore": 572.0, "avgScore": 574.7, "avgOrder": 49769, "minOrder": 53098, "maxOrder": 45603, "kl": "", "ssdm": "37", "rs": 3, "zdx": 449.0, "ptx": 449.0, "zycc": "中美121项目", "fsx": 449.0}], "withYsl": false}, "jessionid": "be6fea6da6d947ea968a0aa03c8d00d3"}