{"state": 1, "msg": "操作成功", "data": {"zsSsgradeList": [{"remarks": "", "schcode": "", "sex": "", "campus": "", "nf": "2018", "klmc": "文史", "ssmc": "辽宁", "zylx": "普通类", "kl": "1", "ssdm": "21", "rs": 25, "zdx": 461.0, "ptx": 461.0, "minScore": 569.0, "minOrder": 4482, "avgScore": 572.4, "avgOrder": 4124, "maxScore": 584.0, "maxOrder": 2748, "zycc": "普通类", "fsx": 461.0}], "sszygradeList": [{"remarks": "", "schcode": "", "sex": "", "campus": "", "nf": "2018", "klmc": "文史", "ssmc": "辽宁", "zylx": "普通类", "zymc": "金融学类", "maxScore": 573.0, "minScore": 570.0, "avgScore": 571.5, "avgOrder": 4124, "minOrder": 4368, "maxOrder": 3997, "kl": "", "ssdm": "21", "rs": 2, "zdx": 461.0, "ptx": 461.0, "zycc": "普通类", "fsx": 461.0}, {"remarks": "", "schcode": "", "sex": "", "campus": "", "nf": "2018", "klmc": "文史", "ssmc": "辽宁", "zylx": "普通类", "zymc": "工商管理类", "maxScore": 584.0, "minScore": 570.0, "avgScore": 573.0, "avgOrder": 3997, "minOrder": 4368, "maxOrder": 2748, "kl": "", "ssdm": "21", "rs": 12, "zdx": 461.0, "ptx": 461.0, "zycc": "普通类", "fsx": 461.0}, {"remarks": "", "schcode": "", "sex": "", "campus": "", "nf": "2018", "klmc": "文史", "ssmc": "辽宁", "zylx": "普通类", "zymc": "农林经济管理", "maxScore": 580.0, "minScore": 571.0, "avgScore": 575.5, "avgOrder": 3630, "minOrder": 4222, "maxOrder": 3178, "kl": "", "ssdm": "21", "rs": 2, "zdx": 461.0, "ptx": 461.0, "zycc": "普通类", "fsx": 461.0}, {"remarks": "", "schcode": "", "sex": "", "campus": "", "nf": "2018", "klmc": "文史", "ssmc": "辽宁", "zylx": "普通类", "zymc": "法学类", "maxScore": 574.0, "minScore": 570.0, "avgScore": 572.2, "avgOrder": 4124, "minOrder": 4368, "maxOrder": 3865, "kl": "", "ssdm": "21", "rs": 4, "zdx": 461.0, "ptx": 461.0, "zycc": "普通类", "fsx": 461.0}, {"remarks": "", "schcode": "", "sex": "", "campus": "", "nf": "2018", "klmc": "文史", "ssmc": "辽宁", "zylx": "普通类", "zymc": "行政管理", "maxScore": 576.0, "minScore": 569.0, "avgScore": 572.5, "avgOrder": 3997, "minOrder": 4482, "maxOrder": 3630, "kl": "", "ssdm": "21", "rs": 2, "zdx": 461.0, "ptx": 461.0, "zycc": "普通类", "fsx": 461.0}, {"remarks": "", "schcode": "", "sex": "", "campus": "", "nf": "2018", "klmc": "文史", "ssmc": "辽宁", "zylx": "普通类", "zymc": "英语", "maxScore": 569.0, "minScore": 569.0, "avgScore": 569.0, "avgOrder": 4482, "minOrder": 4482, "maxOrder": 4482, "kl": "", "ssdm": "21", "rs": 3, "zdx": 461.0, "ptx": 461.0, "zycc": "普通类", "fsx": 461.0}], "withYsl": false}, "jessionid": "be6fea6da6d947ea968a0aa03c8d00d3"}