{"state": 1, "msg": "操作成功", "data": {"zsSsgradeList": [{"remarks": "", "schcode": "", "sex": "", "campus": "", "nf": "2019", "klmc": "理工", "ssmc": "内蒙古", "zylx": "蒙授", "kl": "5", "ssdm": "15", "rs": 4, "minScore": 501.0, "minOrder": 20394, "avgScore": 509.2, "avgOrder": 18682, "maxScore": 525.0, "maxOrder": 15303, "zycc": "蒙授"}], "sszygradeList": [{"remarks": "", "schcode": "", "sex": "", "campus": "", "nf": "2019", "klmc": "理工", "ssmc": "内蒙古", "zylx": "蒙授", "zymc": "园林", "maxScore": 525.0, "minScore": 501.0, "avgScore": 513.0, "kl": "", "ssdm": "15", "rs": 2, "zycc": "蒙授"}, {"remarks": "", "schcode": "", "sex": "", "campus": "", "nf": "2019", "klmc": "理工", "ssmc": "内蒙古", "zylx": "蒙授", "zymc": "食品科学与工程类", "maxScore": 508.0, "minScore": 503.0, "avgScore": 505.5, "kl": "", "ssdm": "15", "rs": 2, "zycc": "蒙授"}], "withYsl": false}, "jessionid": "be6fea6da6d947ea968a0aa03c8d00d3"}