{"state": 1, "msg": "操作成功", "data": {"zsSsgradeList": [{"remarks": "", "schcode": "", "sex": "", "campus": "", "nf": "2017", "klmc": "理工", "ssmc": "青海", "zylx": "国家专项", "kl": "5", "ssdm": "63", "rs": 3, "zdx": 371.0, "ptx": 371.0, "minScore": 395.0, "minOrder": 7353, "avgScore": 417.0, "avgOrder": 5429, "maxScore": 445.0, "maxOrder": 3576, "zycc": "国家专项", "fsx": 371.0}], "sszygradeList": [{"remarks": "", "schcode": "", "sex": "", "campus": "", "nf": "2017", "klmc": "理工", "ssmc": "青海", "zylx": "国家专项", "zymc": "电气类（工学Ⅲ）", "maxScore": 411.0, "minScore": 395.0, "avgScore": 403.0, "avgOrder": 6600, "minOrder": 7353, "maxOrder": 5923, "kl": "", "ssdm": "63", "rs": 2, "zdx": 391.0, "ptx": 391.0, "zycc": "国家专项", "fsx": 391.0}, {"remarks": "", "schcode": "", "sex": "", "campus": "", "nf": "2017", "klmc": "理工", "ssmc": "青海", "zylx": "国家专项", "zymc": "金融学类（经济学）", "maxScore": 445.0, "minScore": 445.0, "avgScore": 445.0, "avgOrder": 3576, "minOrder": 3576, "maxOrder": 3576, "kl": "", "ssdm": "63", "rs": 1, "zdx": 391.0, "ptx": 391.0, "zycc": "国家专项", "fsx": 391.0}], "withYsl": false}, "jessionid": "be6fea6da6d947ea968a0aa03c8d00d3"}