{"state": 1, "msg": "操作成功", "data": {"zsSsgradeList": [{"remarks": "", "schcode": "", "sex": "", "campus": "", "nf": "2017", "klmc": "艺术(理)", "ssmc": "湖南", "zylx": "艺术批", "kl": "7", "ssdm": "43", "rs": 8, "minScore": 315.0, "avgScore": 346.6, "maxScore": 401.0, "zycc": "艺术批"}], "sszygradeList": [{"remarks": "文化课成绩；控制线：理科275分，术科180分", "schcode": "", "sex": "", "campus": "", "nf": "2017", "klmc": "艺术(理)", "ssmc": "湖南", "zylx": "艺术批", "zymc": "视觉传达设计", "maxScore": 374.0, "minScore": 315.0, "avgScore": 338.0, "kl": "", "ssdm": "43", "rs": 5, "zycc": "艺术批"}, {"remarks": "文化课成绩；控制线：理科275分，术科180分", "schcode": "", "sex": "", "campus": "", "nf": "2017", "klmc": "艺术(理)", "ssmc": "湖南", "zylx": "艺术批", "zymc": "环境设计", "maxScore": 401.0, "minScore": 330.0, "avgScore": 361.0, "kl": "", "ssdm": "43", "rs": 3, "zycc": "艺术批"}], "withYsl": false}, "jessionid": "be6fea6da6d947ea968a0aa03c8d00d3"}