{"state": 1, "msg": "操作成功", "data": {"zsSsgradeList": [{"remarks": "", "schcode": "", "sex": "", "campus": "", "nf": "2018", "klmc": "理工", "ssmc": "黑龙江", "zylx": "地方专项", "kl": "5", "ssdm": "23", "rs": 77, "zdx": 472.0, "ptx": 472.0, "minScore": 472.0, "minOrder": 34588, "avgScore": 489.7, "avgOrder": 29573, "maxScore": 540.0, "maxOrder": 17009, "zycc": "地方专项", "fsx": 472.0}], "sszygradeList": [{"remarks": "", "schcode": "", "sex": "", "campus": "", "nf": "2018", "klmc": "理工", "ssmc": "黑龙江", "zylx": "地方专项", "zymc": "农学", "maxScore": 497.0, "minScore": 479.0, "avgScore": 485.3, "avgOrder": 30940, "minOrder": 32628, "maxOrder": 27687, "kl": "", "ssdm": "23", "rs": 3, "zdx": 472.0, "ptx": 472.0, "zycc": "地方专项", "fsx": 472.0}, {"remarks": "", "schcode": "", "sex": "", "campus": "", "nf": "2018", "klmc": "理工", "ssmc": "黑龙江", "zylx": "地方专项", "zymc": "风景园林", "maxScore": 485.0, "minScore": 483.0, "avgScore": 484.0, "avgOrder": 31247, "minOrder": 31494, "maxOrder": 30940, "kl": "", "ssdm": "23", "rs": 2, "zdx": 472.0, "ptx": 472.0, "zycc": "地方专项", "fsx": 472.0}, {"remarks": "", "schcode": "", "sex": "", "campus": "", "nf": "2018", "klmc": "理工", "ssmc": "黑龙江", "zylx": "地方专项", "zymc": "园艺", "maxScore": 505.0, "minScore": 472.0, "avgScore": 483.0, "avgOrder": 31494, "minOrder": 34588, "maxOrder": 25550, "kl": "", "ssdm": "23", "rs": 3, "zdx": 472.0, "ptx": 472.0, "zycc": "地方专项", "fsx": 472.0}, {"remarks": "", "schcode": "", "sex": "", "campus": "", "nf": "2018", "klmc": "理工", "ssmc": "黑龙江", "zylx": "地方专项", "zymc": "园林", "maxScore": 488.0, "minScore": 478.0, "avgScore": 483.0, "avgOrder": 31494, "minOrder": 32907, "maxOrder": 30099, "kl": "", "ssdm": "23", "rs": 2, "zdx": 472.0, "ptx": 472.0, "zycc": "地方专项", "fsx": 472.0}, {"remarks": "", "schcode": "", "sex": "", "campus": "", "nf": "2018", "klmc": "理工", "ssmc": "黑龙江", "zylx": "地方专项", "zymc": "应用气象学", "maxScore": 474.0, "minScore": 471.0, "avgScore": 472.5, "avgOrder": 34304, "minOrder": 34877, "maxOrder": 34039, "kl": "", "ssdm": "23", "rs": 2, "zdx": 472.0, "ptx": 472.0, "zycc": "地方专项", "fsx": 472.0}, {"remarks": "", "schcode": "", "sex": "", "campus": "", "nf": "2018", "klmc": "理工", "ssmc": "黑龙江", "zylx": "地方专项", "zymc": "环境科学与工程类", "maxScore": 494.0, "minScore": 481.0, "avgScore": 485.7, "avgOrder": 30658, "minOrder": 32067, "maxOrder": 28466, "kl": "", "ssdm": "23", "rs": 3, "zdx": 472.0, "ptx": 472.0, "zycc": "地方专项", "fsx": 472.0}, {"remarks": "", "schcode": "", "sex": "", "campus": "", "nf": "2018", "klmc": "理工", "ssmc": "黑龙江", "zylx": "地方专项", "zymc": "自然保护与环境生态类", "maxScore": 494.0, "minScore": 471.0, "avgScore": 478.7, "avgOrder": 32628, "minOrder": 34877, "maxOrder": 28466, "kl": "", "ssdm": "23", "rs": 3, "zdx": 472.0, "ptx": 472.0, "zycc": "地方专项", "fsx": 472.0}, {"remarks": "", "schcode": "", "sex": "", "campus": "", "nf": "2018", "klmc": "理工", "ssmc": "黑龙江", "zylx": "地方专项", "zymc": "动物科学", "maxScore": 481.0, "minScore": 470.0, "avgScore": 476.7, "avgOrder": 33206, "minOrder": 35195, "maxOrder": 32067, "kl": "", "ssdm": "23", "rs": 3, "zdx": 472.0, "ptx": 472.0, "zycc": "地方专项", "fsx": 472.0}, {"remarks": "", "schcode": "", "sex": "", "campus": "", "nf": "2018", "klmc": "理工", "ssmc": "黑龙江", "zylx": "地方专项", "zymc": "动物医学", "maxScore": 504.0, "minScore": 477.0, "avgScore": 487.3, "avgOrder": 30396, "minOrder": 33206, "maxOrder": 25848, "kl": "", "ssdm": "23", "rs": 3, "zdx": 472.0, "ptx": 472.0, "zycc": "地方专项", "fsx": 472.0}, {"remarks": "", "schcode": "", "sex": "", "campus": "", "nf": "2018", "klmc": "理工", "ssmc": "黑龙江", "zylx": "地方专项", "zymc": "机械类", "maxScore": 517.0, "minScore": 478.0, "avgScore": 492.7, "avgOrder": 28771, "minOrder": 32907, "maxOrder": 22508, "kl": "", "ssdm": "23", "rs": 6, "zdx": 472.0, "ptx": 472.0, "zycc": "地方专项", "fsx": 472.0}, {"remarks": "", "schcode": "", "sex": "", "campus": "", "nf": "2018", "klmc": "理工", "ssmc": "黑龙江", "zylx": "地方专项", "zymc": "能源动力类", "maxScore": 506.0, "minScore": 476.0, "avgScore": 487.3, "avgOrder": 30396, "minOrder": 33475, "maxOrder": 25303, "kl": "", "ssdm": "23", "rs": 3, "zdx": 472.0, "ptx": 472.0, "zycc": "地方专项", "fsx": 472.0}, {"remarks": "", "schcode": "", "sex": "", "campus": "", "nf": "2018", "klmc": "理工", "ssmc": "黑龙江", "zylx": "地方专项", "zymc": "工业工程类", "maxScore": 482.0, "minScore": 472.0, "avgScore": 476.3, "avgOrder": 33475, "minOrder": 34588, "maxOrder": 31757, "kl": "", "ssdm": "23", "rs": 3, "zdx": 472.0, "ptx": 472.0, "zycc": "地方专项", "fsx": 472.0}, {"remarks": "", "schcode": "", "sex": "", "campus": "", "nf": "2018", "klmc": "理工", "ssmc": "黑龙江", "zylx": "地方专项", "zymc": "电气工程及其自动化", "maxScore": 499.0, "minScore": 488.0, "avgScore": 493.3, "avgOrder": 28771, "minOrder": 30099, "maxOrder": 27175, "kl": "", "ssdm": "23", "rs": 3, "zdx": 472.0, "ptx": 472.0, "zycc": "地方专项", "fsx": 472.0}, {"remarks": "", "schcode": "", "sex": "", "campus": "", "nf": "2018", "klmc": "理工", "ssmc": "黑龙江", "zylx": "地方专项", "zymc": "计算机类", "maxScore": 512.0, "minScore": 497.0, "avgScore": 504.7, "avgOrder": 25550, "minOrder": 27687, "maxOrder": 23799, "kl": "", "ssdm": "23", "rs": 3, "zdx": 472.0, "ptx": 472.0, "zycc": "地方专项", "fsx": 472.0}, {"remarks": "", "schcode": "", "sex": "", "campus": "", "nf": "2018", "klmc": "理工", "ssmc": "黑龙江", "zylx": "地方专项", "zymc": "金融学类", "maxScore": 540.0, "minScore": 508.0, "avgScore": 518.3, "avgOrder": 22274, "minOrder": 24817, "maxOrder": 17009, "kl": "", "ssdm": "23", "rs": 6, "zdx": 472.0, "ptx": 472.0, "zycc": "地方专项", "fsx": 472.0}, {"remarks": "", "schcode": "", "sex": "", "campus": "", "nf": "2018", "klmc": "理工", "ssmc": "黑龙江", "zylx": "地方专项", "zymc": "工商管理类", "maxScore": 506.0, "minScore": 488.0, "avgScore": 495.4, "avgOrder": 28224, "minOrder": 30099, "maxOrder": 25303, "kl": "", "ssdm": "23", "rs": 8, "zdx": 472.0, "ptx": 472.0, "zycc": "地方专项", "fsx": 472.0}, {"remarks": "", "schcode": "", "sex": "", "campus": "", "nf": "2018", "klmc": "理工", "ssmc": "黑龙江", "zylx": "地方专项", "zymc": "生物科学类", "maxScore": 477.0, "minScore": 473.0, "avgScore": 475.0, "avgOrder": 33766, "minOrder": 34304, "maxOrder": 33206, "kl": "", "ssdm": "23", "rs": 3, "zdx": 472.0, "ptx": 472.0, "zycc": "地方专项", "fsx": 472.0}, {"remarks": "", "schcode": "", "sex": "", "campus": "", "nf": "2018", "klmc": "理工", "ssmc": "黑龙江", "zylx": "地方专项", "zymc": "生物工程类", "maxScore": 490.0, "minScore": 480.0, "avgScore": 483.7, "avgOrder": 31247, "minOrder": 32338, "maxOrder": 29573, "kl": "", "ssdm": "23", "rs": 3, "zdx": 472.0, "ptx": 472.0, "zycc": "地方专项", "fsx": 472.0}, {"remarks": "", "schcode": "", "sex": "", "campus": "", "nf": "2018", "klmc": "理工", "ssmc": "黑龙江", "zylx": "地方专项", "zymc": "食品科学与工程类", "maxScore": 512.0, "minScore": 481.0, "avgScore": 493.6, "avgOrder": 28466, "minOrder": 32067, "maxOrder": 23799, "kl": "", "ssdm": "23", "rs": 7, "zdx": 472.0, "ptx": 472.0, "zycc": "地方专项", "fsx": 472.0}, {"remarks": "", "schcode": "", "sex": "", "campus": "", "nf": "2018", "klmc": "理工", "ssmc": "黑龙江", "zylx": "地方专项", "zymc": "人文地理与城乡规划", "maxScore": 474.0, "minScore": 473.0, "avgScore": 473.5, "avgOrder": 34039, "minOrder": 34304, "maxOrder": 34039, "kl": "", "ssdm": "23", "rs": 2, "zdx": 472.0, "ptx": 472.0, "zycc": "地方专项", "fsx": 472.0}, {"remarks": "", "schcode": "", "sex": "", "campus": "", "nf": "2018", "klmc": "理工", "ssmc": "黑龙江", "zylx": "地方专项", "zymc": "土地资源管理", "maxScore": 529.0, "minScore": 475.0, "avgScore": 502.0, "avgOrder": 26393, "minOrder": 33766, "maxOrder": 19566, "kl": "", "ssdm": "23", "rs": 2, "zdx": 472.0, "ptx": 472.0, "zycc": "地方专项", "fsx": 472.0}, {"remarks": "", "schcode": "", "sex": "", "campus": "", "nf": "2018", "klmc": "理工", "ssmc": "黑龙江", "zylx": "地方专项", "zymc": "水利类", "maxScore": 497.0, "minScore": 478.0, "avgScore": 482.8, "avgOrder": 31494, "minOrder": 32907, "maxOrder": 27687, "kl": "", "ssdm": "23", "rs": 6, "zdx": 472.0, "ptx": 472.0, "zycc": "地方专项", "fsx": 472.0}, {"remarks": "", "schcode": "", "sex": "", "campus": "", "nf": "2018", "klmc": "理工", "ssmc": "黑龙江", "zylx": "地方专项", "zymc": "土木工程", "maxScore": 483.0, "minScore": 475.0, "avgScore": 478.3, "avgOrder": 32907, "minOrder": 33766, "maxOrder": 31494, "kl": "", "ssdm": "23", "rs": 3, "zdx": 472.0, "ptx": 472.0, "zycc": "地方专项", "fsx": 472.0}, {"remarks": "", "schcode": "", "sex": "", "campus": "", "nf": "2018", "klmc": "理工", "ssmc": "黑龙江", "zylx": "地方专项", "zymc": "工程管理", "maxScore": 478.0, "minScore": 475.0, "avgScore": 476.7, "avgOrder": 33206, "minOrder": 33766, "maxOrder": 32907, "kl": "", "ssdm": "23", "rs": 3, "zdx": 472.0, "ptx": 472.0, "zycc": "地方专项", "fsx": 472.0}, {"remarks": "", "schcode": "", "sex": "", "campus": "", "nf": "2018", "klmc": "理工", "ssmc": "黑龙江", "zylx": "地方专项", "zymc": "统计学类", "maxScore": 498.0, "minScore": 490.0, "avgScore": 494.7, "avgOrder": 28224, "minOrder": 29573, "maxOrder": 27438, "kl": "", "ssdm": "23", "rs": 3, "zdx": 472.0, "ptx": 472.0, "zycc": "地方专项", "fsx": 472.0}], "withYsl": false}, "jessionid": "be6fea6da6d947ea968a0aa03c8d00d3"}