{"state": 1, "msg": "操作成功", "data": {"zsSsgradeList": [{"remarks": "", "schcode": "", "sex": "", "campus": "", "nf": "2017", "klmc": "理工", "ssmc": "河南", "zylx": "国家专项", "kl": "5", "ssdm": "41", "rs": 22, "zdx": 484.0, "ptx": 484.0, "minScore": 522.0, "minOrder": 48911, "avgScore": 529.5, "avgOrder": 43306, "maxScore": 552.0, "maxOrder": 27258, "zycc": "国家专项", "fsx": 484.0}], "sszygradeList": [{"remarks": "", "schcode": "", "sex": "", "campus": "", "nf": "2017", "klmc": "理工", "ssmc": "河南", "zylx": "国家专项", "zymc": "植物生产类（Ⅰ）", "maxScore": 529.0, "minScore": 526.0, "avgScore": 527.5, "avgOrder": 44062, "minOrder": 45681, "maxOrder": 43306, "kl": "", "ssdm": "41", "rs": 2, "zdx": 484.0, "ptx": 484.0, "zycc": "国家专项", "fsx": 484.0}, {"remarks": "", "schcode": "", "sex": "", "campus": "", "nf": "2017", "klmc": "理工", "ssmc": "河南", "zylx": "国家专项", "zymc": "植物生产类（Ⅱ）", "maxScore": 527.0, "minScore": 522.0, "avgScore": 524.5, "avgOrder": 46474, "minOrder": 48911, "maxOrder": 44856, "kl": "", "ssdm": "41", "rs": 2, "zdx": 484.0, "ptx": 484.0, "zycc": "国家专项", "fsx": 484.0}, {"remarks": "", "schcode": "", "sex": "", "campus": "", "nf": "2017", "klmc": "理工", "ssmc": "河南", "zylx": "国家专项", "zymc": "环境科学与工程类", "maxScore": 545.0, "minScore": 528.0, "avgScore": 536.5, "avgOrder": 37276, "minOrder": 44062, "maxOrder": 31818, "kl": "", "ssdm": "41", "rs": 2, "zdx": 484.0, "ptx": 484.0, "zycc": "国家专项", "fsx": 484.0}, {"remarks": "", "schcode": "", "sex": "", "campus": "", "nf": "2017", "klmc": "理工", "ssmc": "河南", "zylx": "国家专项", "zymc": "机械类（工学Ⅰ）", "maxScore": 529.0, "minScore": 529.0, "avgScore": 529.0, "avgOrder": 43306, "minOrder": 43306, "maxOrder": 43306, "kl": "", "ssdm": "41", "rs": 2, "zdx": 484.0, "ptx": 484.0, "zycc": "国家专项", "fsx": 484.0}, {"remarks": "", "schcode": "", "sex": "", "campus": "", "nf": "2017", "klmc": "理工", "ssmc": "河南", "zylx": "国家专项", "zymc": "电气类（工学Ⅲ）", "maxScore": 535.0, "minScore": 530.0, "avgScore": 532.5, "avgOrder": 40222, "minOrder": 42570, "maxOrder": 38770, "kl": "", "ssdm": "41", "rs": 2, "zdx": 484.0, "ptx": 484.0, "zycc": "国家专项", "fsx": 484.0}, {"remarks": "", "schcode": "", "sex": "", "campus": "", "nf": "2017", "klmc": "理工", "ssmc": "河南", "zylx": "国家专项", "zymc": "金融学类（经济学）", "maxScore": 552.0, "minScore": 532.0, "avgScore": 542.0, "avgOrder": 33844, "minOrder": 41026, "maxOrder": 27258, "kl": "", "ssdm": "41", "rs": 2, "zdx": 484.0, "ptx": 484.0, "zycc": "国家专项", "fsx": 484.0}, {"remarks": "", "schcode": "", "sex": "", "campus": "", "nf": "2017", "klmc": "理工", "ssmc": "河南", "zylx": "国家专项", "zymc": "生物科学类", "maxScore": 529.0, "minScore": 522.0, "avgScore": 525.5, "avgOrder": 45681, "minOrder": 48911, "maxOrder": 43306, "kl": "", "ssdm": "41", "rs": 2, "zdx": 484.0, "ptx": 484.0, "zycc": "国家专项", "fsx": 484.0}, {"remarks": "", "schcode": "", "sex": "", "campus": "", "nf": "2017", "klmc": "理工", "ssmc": "河南", "zylx": "国家专项", "zymc": "生物工程类（工学Ⅳ）", "maxScore": 529.0, "minScore": 526.0, "avgScore": 527.5, "avgOrder": 44062, "minOrder": 45681, "maxOrder": 43306, "kl": "", "ssdm": "41", "rs": 2, "zdx": 484.0, "ptx": 484.0, "zycc": "国家专项", "fsx": 484.0}, {"remarks": "", "schcode": "", "sex": "", "campus": "", "nf": "2017", "klmc": "理工", "ssmc": "河南", "zylx": "国家专项", "zymc": "食品科学与工程类", "maxScore": 528.0, "minScore": 523.0, "avgScore": 525.5, "avgOrder": 45681, "minOrder": 48116, "maxOrder": 44062, "kl": "", "ssdm": "41", "rs": 2, "zdx": 484.0, "ptx": 484.0, "zycc": "国家专项", "fsx": 484.0}, {"remarks": "", "schcode": "", "sex": "", "campus": "", "nf": "2017", "klmc": "理工", "ssmc": "河南", "zylx": "国家专项", "zymc": "水利类（工学Ⅴ）", "maxScore": 526.0, "minScore": 526.0, "avgScore": 526.0, "avgOrder": 45681, "minOrder": 45681, "maxOrder": 45681, "kl": "", "ssdm": "41", "rs": 2, "zdx": 484.0, "ptx": 484.0, "zycc": "国家专项", "fsx": 484.0}, {"remarks": "", "schcode": "", "sex": "", "campus": "", "nf": "2017", "klmc": "理工", "ssmc": "河南", "zylx": "国家专项", "zymc": "统计学类（理学）", "maxScore": 533.0, "minScore": 522.0, "avgScore": 527.5, "avgOrder": 44062, "minOrder": 48911, "maxOrder": 40222, "kl": "", "ssdm": "41", "rs": 2, "zdx": 484.0, "ptx": 484.0, "zycc": "国家专项", "fsx": 484.0}], "withYsl": false}, "jessionid": "be6fea6da6d947ea968a0aa03c8d00d3"}