{"state": 1, "msg": "操作成功", "data": {"zsSsgradeList": [{"remarks": "", "schcode": "", "sex": "", "campus": "", "nf": "2018", "klmc": "文史", "ssmc": "云南", "zylx": "普通类", "kl": "1", "ssdm": "53", "rs": 9, "zdx": 575.0, "ptx": 575.0, "minScore": 591.0, "minOrder": 5807, "avgScore": 594.6, "avgOrder": 5051, "maxScore": 599.0, "maxOrder": 4428, "zycc": "普通类", "fsx": 575.0}], "sszygradeList": [{"remarks": "", "schcode": "", "sex": "", "campus": "", "nf": "2018", "klmc": "文史", "ssmc": "云南", "zylx": "普通类", "zymc": "工商管理类", "maxScore": 599.0, "minScore": 591.0, "avgScore": 595.5, "avgOrder": 4889, "minOrder": 5807, "maxOrder": 4428, "kl": "", "ssdm": "53", "rs": 4, "zdx": 575.0, "ptx": 575.0, "zycc": "普通类", "fsx": 575.0}, {"remarks": "", "schcode": "", "sex": "", "campus": "", "nf": "2018", "klmc": "文史", "ssmc": "云南", "zylx": "普通类", "zymc": "农林经济管理", "maxScore": 594.0, "minScore": 594.0, "avgScore": 594.0, "avgOrder": 5263, "minOrder": 5263, "maxOrder": 5263, "kl": "", "ssdm": "53", "rs": 2, "zdx": 575.0, "ptx": 575.0, "zycc": "普通类", "fsx": 575.0}, {"remarks": "", "schcode": "", "sex": "", "campus": "", "nf": "2018", "klmc": "文史", "ssmc": "云南", "zylx": "普通类", "zymc": "法学类", "maxScore": 595.0, "minScore": 593.0, "avgScore": 593.7, "avgOrder": 5263, "minOrder": 5448, "maxOrder": 5051, "kl": "", "ssdm": "53", "rs": 3, "zdx": 575.0, "ptx": 575.0, "zycc": "普通类", "fsx": 575.0}], "withYsl": false}, "jessionid": "be6fea6da6d947ea968a0aa03c8d00d3"}