{"state": 1, "msg": "操作成功", "data": {"zsSsgradeList": [{"remarks": "", "schcode": "", "sex": "", "campus": "", "nf": "2020", "klmc": "文史", "ssmc": "云南", "zylx": "普通类", "kl": "1", "ssdm": "53", "rs": 9, "zdx": 555.0, "ptx": 555.0, "minScore": 580.0, "minOrder": 5502, "avgScore": 582.4, "avgOrder": 5205, "maxScore": 585.0, "maxOrder": 4769, "zycc": "普通类", "fsx": 555.0}], "sszygradeList": [{"remarks": "", "schcode": "", "sex": "", "campus": "", "nf": "2020", "klmc": "文史", "ssmc": "云南", "zylx": "普通类", "zymc": "工商管理类", "maxScore": 585.0, "minScore": 581.0, "avgScore": 583.0, "avgOrder": 5070, "minOrder": 5354, "maxOrder": 4769, "kl": "", "ssdm": "53", "rs": 4, "zdx": 555.0, "ptx": 555.0, "zycc": "普通类", "fsx": 555.0}, {"remarks": "", "schcode": "", "sex": "", "campus": "", "nf": "2020", "klmc": "文史", "ssmc": "云南", "zylx": "普通类", "zymc": "农林经济管理", "maxScore": 580.0, "minScore": 580.0, "avgScore": 580.0, "avgOrder": 5502, "minOrder": 5502, "maxOrder": 5502, "kl": "", "ssdm": "53", "rs": 2, "zdx": 555.0, "ptx": 555.0, "zycc": "普通类", "fsx": 555.0}, {"remarks": "", "schcode": "", "sex": "", "campus": "", "nf": "2020", "klmc": "文史", "ssmc": "云南", "zylx": "普通类", "zymc": "法学类", "maxScore": 585.0, "minScore": 582.0, "avgScore": 583.3, "avgOrder": 5070, "minOrder": 5205, "maxOrder": 4769, "kl": "", "ssdm": "53", "rs": 3, "zdx": 555.0, "ptx": 555.0, "zycc": "普通类", "fsx": 555.0}], "withYsl": false}, "jessionid": "be6fea6da6d947ea968a0aa03c8d00d3"}