{"state": 1, "msg": "操作成功", "data": {"zsSsgradeList": [{"remarks": "", "schcode": "", "sex": "", "campus": "", "nf": "2019", "klmc": "理工", "ssmc": "北京", "zylx": "普通类", "kl": "5", "ssdm": "11", "rs": 8, "zdx": 423.0, "ptx": 423.0, "minScore": 557.0, "minOrder": 13380, "avgScore": 560.9, "avgOrder": 12857, "maxScore": 566.0, "maxOrder": 12246, "zycc": "普通类", "fsx": 423.0}], "sszygradeList": [{"remarks": "", "schcode": "", "sex": "", "campus": "", "nf": "2019", "klmc": "理工", "ssmc": "北京", "zylx": "普通类", "zymc": "风景园林", "maxScore": 559.0, "minScore": 557.0, "avgScore": 558.0, "avgOrder": 13244, "minOrder": 13380, "maxOrder": 13108, "kl": "", "ssdm": "11", "rs": 2, "zdx": 423.0, "ptx": 423.0, "zycc": "普通类", "fsx": 423.0}, {"remarks": "", "schcode": "", "sex": "", "campus": "", "nf": "2019", "klmc": "理工", "ssmc": "北京", "zylx": "普通类", "zymc": "金融学类", "maxScore": 560.0, "minScore": 558.0, "avgScore": 559.0, "avgOrder": 13108, "minOrder": 13244, "maxOrder": 12985, "kl": "", "ssdm": "11", "rs": 2, "zdx": 423.0, "ptx": 423.0, "zycc": "普通类", "fsx": 423.0}, {"remarks": "", "schcode": "", "sex": "", "campus": "", "nf": "2019", "klmc": "理工", "ssmc": "北京", "zylx": "普通类", "zymc": "食品科学与工程类", "maxScore": 566.0, "minScore": 565.0, "avgScore": 565.5, "avgOrder": 12246, "minOrder": 12389, "maxOrder": 12246, "kl": "", "ssdm": "11", "rs": 2, "zdx": 423.0, "ptx": 423.0, "zycc": "普通类", "fsx": 423.0}, {"remarks": "", "schcode": "", "sex": "", "campus": "", "nf": "2019", "klmc": "理工", "ssmc": "北京", "zylx": "普通类", "zymc": "水利类", "maxScore": 562.0, "minScore": 560.0, "avgScore": 561.0, "avgOrder": 12857, "minOrder": 12985, "maxOrder": 12749, "kl": "", "ssdm": "11", "rs": 2, "zdx": 423.0, "ptx": 423.0, "zycc": "普通类", "fsx": 423.0}], "withYsl": false}, "jessionid": "be6fea6da6d947ea968a0aa03c8d00d3"}