{"state": 1, "msg": "操作成功", "data": {"zsSsgradeList": [{"remarks": "", "schcode": "", "sex": "", "campus": "", "nf": "2019", "klmc": "文史", "ssmc": "河南", "zylx": "普通类", "kl": "1", "ssdm": "41", "rs": 25, "zdx": 536.0, "ptx": 536.0, "minScore": 571.0, "minOrder": 7330, "avgScore": 573.1, "avgOrder": 6809, "maxScore": 577.0, "maxOrder": 5801, "zycc": "普通类", "fsx": 536.0}], "sszygradeList": [{"remarks": "", "schcode": "", "sex": "", "campus": "", "nf": "2019", "klmc": "文史", "ssmc": "河南", "zylx": "普通类", "zymc": "工商管理类", "maxScore": 577.0, "minScore": 571.0, "avgScore": 573.4, "avgOrder": 6809, "minOrder": 7330, "maxOrder": 5801, "kl": "", "ssdm": "41", "rs": 10, "zdx": 536.0, "ptx": 536.0, "zycc": "普通类", "fsx": 536.0}, {"remarks": "", "schcode": "", "sex": "", "campus": "", "nf": "2019", "klmc": "文史", "ssmc": "河南", "zylx": "普通类", "zymc": "法学类", "maxScore": 574.0, "minScore": 572.0, "avgScore": 572.5, "avgOrder": 6809, "minOrder": 7095, "maxOrder": 6530, "kl": "", "ssdm": "41", "rs": 4, "zdx": 536.0, "ptx": 536.0, "zycc": "普通类", "fsx": 536.0}, {"remarks": "", "schcode": "", "sex": "", "campus": "", "nf": "2019", "klmc": "文史", "ssmc": "河南", "zylx": "普通类", "zymc": "行政管理", "maxScore": 577.0, "minScore": 571.0, "avgScore": 573.8, "avgOrder": 6530, "minOrder": 7330, "maxOrder": 5801, "kl": "", "ssdm": "41", "rs": 4, "zdx": 536.0, "ptx": 536.0, "zycc": "普通类", "fsx": 536.0}, {"remarks": "", "schcode": "", "sex": "", "campus": "", "nf": "2019", "klmc": "文史", "ssmc": "河南", "zylx": "普通类", "zymc": "英语", "maxScore": 572.0, "minScore": 571.0, "avgScore": 571.7, "avgOrder": 7095, "minOrder": 7330, "maxOrder": 7095, "kl": "", "ssdm": "41", "rs": 3, "zdx": 536.0, "ptx": 536.0, "zycc": "普通类", "fsx": 536.0}, {"remarks": "", "schcode": "", "sex": "", "campus": "", "nf": "2019", "klmc": "文史", "ssmc": "河南", "zylx": "普通类", "zymc": "汉语国际教育", "maxScore": 575.0, "minScore": 571.0, "avgScore": 573.2, "avgOrder": 6809, "minOrder": 7330, "maxOrder": 6265, "kl": "", "ssdm": "41", "rs": 4, "zdx": 536.0, "ptx": 536.0, "zycc": "普通类", "fsx": 536.0}], "withYsl": false}, "jessionid": "be6fea6da6d947ea968a0aa03c8d00d3"}