{"state": 1, "msg": "操作成功", "data": {"zsSsgradeList": [{"remarks": "", "schcode": "", "sex": "", "campus": "", "nf": "2017", "klmc": "理工", "ssmc": "天津", "zylx": "普通类", "kl": "5", "ssdm": "12", "rs": 14, "zdx": 521.0, "ptx": 521.0, "minScore": 536.0, "minOrder": 10965, "avgScore": 541.5, "avgOrder": 10260, "maxScore": 555.0, "maxOrder": 8668, "zycc": "普通类", "fsx": 521.0}], "sszygradeList": [{"remarks": "", "schcode": "", "sex": "", "campus": "", "nf": "2017", "klmc": "理工", "ssmc": "天津", "zylx": "普通类", "zymc": "植物生产类（Ⅰ）", "maxScore": 538.0, "minScore": 536.0, "avgScore": 537.0, "avgOrder": 10837, "minOrder": 10965, "maxOrder": 10739, "kl": "", "ssdm": "12", "rs": 2, "zdx": 521.0, "ptx": 521.0, "zycc": "普通类", "fsx": 521.0}, {"remarks": "", "schcode": "", "sex": "", "campus": "", "nf": "2017", "klmc": "理工", "ssmc": "天津", "zylx": "普通类", "zymc": "机械类（工学Ⅰ）", "maxScore": 538.0, "minScore": 536.0, "avgScore": 536.7, "avgOrder": 10837, "minOrder": 10965, "maxOrder": 10739, "kl": "", "ssdm": "12", "rs": 3, "zdx": 521.0, "ptx": 521.0, "zycc": "普通类", "fsx": 521.0}, {"remarks": "", "schcode": "", "sex": "", "campus": "", "nf": "2017", "klmc": "理工", "ssmc": "天津", "zylx": "普通类", "zymc": "金融学类（经济学）", "maxScore": 555.0, "minScore": 543.0, "avgScore": 548.8, "avgOrder": 9390, "minOrder": 10148, "maxOrder": 8668, "kl": "", "ssdm": "12", "rs": 4, "zdx": 521.0, "ptx": 521.0, "zycc": "普通类", "fsx": 521.0}, {"remarks": "", "schcode": "", "sex": "", "campus": "", "nf": "2017", "klmc": "理工", "ssmc": "天津", "zylx": "普通类", "zymc": "食品科学与工程类", "maxScore": 546.0, "minScore": 539.0, "avgScore": 541.7, "avgOrder": 10260, "minOrder": 10611, "maxOrder": 9780, "kl": "", "ssdm": "12", "rs": 3, "zdx": 521.0, "ptx": 521.0, "zycc": "普通类", "fsx": 521.0}, {"remarks": "", "schcode": "", "sex": "", "campus": "", "nf": "2017", "klmc": "理工", "ssmc": "天津", "zylx": "普通类", "zymc": "土木工程", "maxScore": 540.0, "minScore": 537.0, "avgScore": 538.5, "avgOrder": 10611, "minOrder": 10837, "maxOrder": 10495, "kl": "", "ssdm": "12", "rs": 2, "zdx": 521.0, "ptx": 521.0, "zycc": "普通类", "fsx": 521.0}], "withYsl": false}, "jessionid": "be6fea6da6d947ea968a0aa03c8d00d3"}