{"state": 1, "msg": "操作成功", "data": {"zsSsgradeList": [{"remarks": "", "schcode": "", "sex": "", "campus": "", "nf": "2019", "klmc": "文史", "ssmc": "贵州", "zylx": "普通类", "kl": "1", "ssdm": "52", "rs": 30, "zdx": 542.0, "ptx": 542.0, "minScore": 560.0, "minOrder": 6444, "avgScore": 563.4, "avgOrder": 5986, "maxScore": 574.0, "maxOrder": 4463, "zycc": "普通类", "fsx": 542.0}], "sszygradeList": [{"remarks": "", "schcode": "", "sex": "", "campus": "", "nf": "2019", "klmc": "文史", "ssmc": "贵州", "zylx": "普通类", "zymc": "工商管理类", "maxScore": 574.0, "minScore": 560.0, "avgScore": 562.1, "avgOrder": 6128, "minOrder": 6444, "maxOrder": 4463, "kl": "", "ssdm": "52", "rs": 14, "zdx": 542.0, "ptx": 542.0, "zycc": "普通类", "fsx": 542.0}, {"remarks": "", "schcode": "", "sex": "", "campus": "", "nf": "2019", "klmc": "文史", "ssmc": "贵州", "zylx": "普通类", "zymc": "法学类", "maxScore": 567.0, "minScore": 562.0, "avgScore": 563.7, "avgOrder": 5848, "minOrder": 6128, "maxOrder": 5400, "kl": "", "ssdm": "52", "rs": 6, "zdx": 542.0, "ptx": 542.0, "zycc": "普通类", "fsx": 542.0}, {"remarks": "", "schcode": "", "sex": "", "campus": "", "nf": "2019", "klmc": "文史", "ssmc": "贵州", "zylx": "普通类", "zymc": "行政管理", "maxScore": 574.0, "minScore": 561.0, "avgScore": 567.8, "avgOrder": 5256, "minOrder": 6288, "maxOrder": 4463, "kl": "", "ssdm": "52", "rs": 4, "zdx": 542.0, "ptx": 542.0, "zycc": "普通类", "fsx": 542.0}, {"remarks": "", "schcode": "", "sex": "", "campus": "", "nf": "2019", "klmc": "文史", "ssmc": "贵州", "zylx": "普通类", "zymc": "英语", "maxScore": 566.0, "minScore": 564.0, "avgScore": 565.0, "avgOrder": 5693, "minOrder": 5848, "maxOrder": 5540, "kl": "", "ssdm": "52", "rs": 3, "zdx": 542.0, "ptx": 542.0, "zycc": "普通类", "fsx": 542.0}, {"remarks": "", "schcode": "", "sex": "", "campus": "", "nf": "2019", "klmc": "文史", "ssmc": "贵州", "zylx": "普通类", "zymc": "汉语国际教育", "maxScore": 563.0, "minScore": 561.0, "avgScore": 562.0, "avgOrder": 6128, "minOrder": 6288, "maxOrder": 5986, "kl": "", "ssdm": "52", "rs": 3, "zdx": 542.0, "ptx": 542.0, "zycc": "普通类", "fsx": 542.0}], "withYsl": false}, "jessionid": "be6fea6da6d947ea968a0aa03c8d00d3"}