{"state": 1, "msg": "操作成功", "data": {"zsSsgradeList": [{"remarks": "", "schcode": "", "sex": "", "campus": "", "nf": "2020", "klmc": "文史", "ssmc": "新疆", "zylx": "阿勒泰定向", "kl": "1", "ssdm": "65", "rs": 2, "zdx": 482.0, "ptx": 482.0, "minScore": 488.0, "avgScore": 490.5, "maxScore": 493.0, "zycc": "阿勒泰定向", "fsx": 482.0}], "sszygradeList": [{"remarks": "", "schcode": "", "sex": "", "campus": "", "nf": "2020", "klmc": "文史", "ssmc": "新疆", "zylx": "阿勒泰定向", "zymc": "法学类", "maxScore": 488.0, "minScore": 488.0, "avgScore": 488.0, "kl": "", "ssdm": "65", "rs": 1, "zdx": 482.0, "ptx": 482.0, "zycc": "阿勒泰定向", "fsx": 482.0}, {"remarks": "", "schcode": "", "sex": "", "campus": "", "nf": "2020", "klmc": "文史", "ssmc": "新疆", "zylx": "阿勒泰定向", "zymc": "汉语国际教育", "maxScore": 493.0, "minScore": 493.0, "avgScore": 493.0, "kl": "", "ssdm": "65", "rs": 1, "zdx": 482.0, "ptx": 482.0, "zycc": "阿勒泰定向", "fsx": 482.0}], "withYsl": false}, "jessionid": "be6fea6da6d947ea968a0aa03c8d00d3"}