{"state": 1, "msg": "操作成功", "data": {"zsSsgradeList": [{"remarks": "", "schcode": "", "sex": "", "campus": "", "nf": "2018", "klmc": "文史", "ssmc": "广西", "zylx": "普通类", "kl": "1", "ssdm": "45", "rs": 24, "zdx": 547.0, "ptx": 547.0, "minScore": 556.0, "minOrder": 6161, "avgScore": 561.9, "avgOrder": 5263, "maxScore": 573.0, "maxOrder": 3836, "zycc": "普通类", "fsx": 547.0}], "sszygradeList": [{"remarks": "", "schcode": "", "sex": "", "campus": "", "nf": "2018", "klmc": "文史", "ssmc": "广西", "zylx": "普通类", "zymc": "工商管理类", "maxScore": 573.0, "minScore": 556.0, "avgScore": 562.1, "avgOrder": 5263, "minOrder": 6161, "maxOrder": 3836, "kl": "", "ssdm": "45", "rs": 12, "zdx": 547.0, "ptx": 547.0, "zycc": "普通类", "fsx": 547.0}, {"remarks": "", "schcode": "", "sex": "", "campus": "", "nf": "2018", "klmc": "文史", "ssmc": "广西", "zylx": "普通类", "zymc": "农林经济管理", "maxScore": 565.0, "minScore": 561.0, "avgScore": 563.0, "avgOrder": 5125, "minOrder": 5411, "maxOrder": 4848, "kl": "", "ssdm": "45", "rs": 2, "zdx": 547.0, "ptx": 547.0, "zycc": "普通类", "fsx": 547.0}, {"remarks": "", "schcode": "", "sex": "", "campus": "", "nf": "2018", "klmc": "文史", "ssmc": "广西", "zylx": "普通类", "zymc": "法学类", "maxScore": 563.0, "minScore": 557.0, "avgScore": 560.2, "avgOrder": 5565, "minOrder": 6003, "maxOrder": 5125, "kl": "", "ssdm": "45", "rs": 4, "zdx": 547.0, "ptx": 547.0, "zycc": "普通类", "fsx": 547.0}, {"remarks": "", "schcode": "", "sex": "", "campus": "", "nf": "2018", "klmc": "文史", "ssmc": "广西", "zylx": "普通类", "zymc": "行政管理", "maxScore": 561.0, "minScore": 558.0, "avgScore": 559.2, "avgOrder": 5713, "minOrder": 5851, "maxOrder": 5411, "kl": "", "ssdm": "45", "rs": 4, "zdx": 547.0, "ptx": 547.0, "zycc": "普通类", "fsx": 547.0}, {"remarks": "", "schcode": "", "sex": "", "campus": "", "nf": "2018", "klmc": "文史", "ssmc": "广西", "zylx": "普通类", "zymc": "英语", "maxScore": 569.0, "minScore": 567.0, "avgScore": 568.0, "avgOrder": 4467, "minOrder": 4579, "maxOrder": 4349, "kl": "", "ssdm": "45", "rs": 2, "zdx": 547.0, "ptx": 547.0, "zycc": "普通类", "fsx": 547.0}], "withYsl": false}, "jessionid": "be6fea6da6d947ea968a0aa03c8d00d3"}