{"state": 1, "msg": "操作成功", "data": {"zsSsgradeList": [{"remarks": "", "schcode": "", "sex": "", "campus": "", "nf": "2020", "klmc": "文史", "ssmc": "甘肃", "zylx": "国家专项", "kl": "1", "ssdm": "62", "rs": 2, "zdx": 520.0, "ptx": 520.0, "minScore": 564.0, "minOrder": 2425, "avgScore": 564.5, "avgOrder": 2425, "maxScore": 565.0, "maxOrder": 2359, "zycc": "国家专项", "fsx": 520.0}], "sszygradeList": [{"remarks": "", "schcode": "", "sex": "", "campus": "", "nf": "2020", "klmc": "文史", "ssmc": "甘肃", "zylx": "国家专项", "zymc": "工商管理类", "maxScore": 565.0, "minScore": 564.0, "avgScore": 564.5, "avgOrder": 2425, "minOrder": 2425, "maxOrder": 2359, "kl": "", "ssdm": "62", "rs": 2, "zdx": 520.0, "ptx": 520.0, "zycc": "国家专项", "fsx": 520.0}], "withYsl": false}, "jessionid": "be6fea6da6d947ea968a0aa03c8d00d3"}