{"state": 1, "msg": "操作成功", "data": {"zsSsgradeList": [{"remarks": "", "schcode": "", "sex": "", "campus": "", "nf": "2017", "klmc": "理工", "ssmc": "青海", "zylx": "普通类", "kl": "5", "ssdm": "63", "rs": 5, "zdx": 391.0, "ptx": 391.0, "minScore": 397.0, "minOrder": 7166, "avgScore": 407.8, "avgOrder": 6170, "maxScore": 431.0, "maxOrder": 4430, "zycc": "普通类", "fsx": 391.0}], "sszygradeList": [{"remarks": "", "schcode": "", "sex": "", "campus": "", "nf": "2017", "klmc": "理工", "ssmc": "青海", "zylx": "普通类", "zymc": "植物生产类（Ⅰ）", "maxScore": 433.0, "minScore": 402.0, "avgScore": 417.5, "avgOrder": 5345, "minOrder": 6684, "maxOrder": 4301, "kl": "", "ssdm": "63", "rs": 2, "zdx": 391.0, "ptx": 391.0, "zycc": "普通类", "fsx": 391.0}, {"remarks": "", "schcode": "", "sex": "", "campus": "", "nf": "2017", "klmc": "理工", "ssmc": "青海", "zylx": "普通类", "zymc": "工业工程类（管理学Ⅰ）", "maxScore": 470.0, "minScore": 442.0, "avgScore": 456.0, "avgOrder": 3019, "minOrder": 3770, "maxOrder": 2428, "kl": "", "ssdm": "63", "rs": 2, "zdx": 391.0, "ptx": 391.0, "zycc": "普通类", "fsx": 391.0}, {"remarks": "", "schcode": "", "sex": "", "campus": "", "nf": "2017", "klmc": "理工", "ssmc": "青海", "zylx": "普通类", "zymc": "金融学类（经济学）", "maxScore": 399.0, "minScore": 397.0, "avgScore": 398.0, "avgOrder": 7059, "minOrder": 7166, "maxOrder": 6964, "kl": "", "ssdm": "63", "rs": 2, "zdx": 391.0, "ptx": 391.0, "zycc": "普通类", "fsx": 391.0}, {"remarks": "", "schcode": "", "sex": "", "campus": "", "nf": "2017", "klmc": "理工", "ssmc": "青海", "zylx": "普通类", "zymc": "食品科学与工程类", "maxScore": 431.0, "minScore": 410.0, "avgScore": 420.5, "avgOrder": 5122, "minOrder": 6012, "maxOrder": 4430, "kl": "", "ssdm": "63", "rs": 2, "zdx": 391.0, "ptx": 391.0, "zycc": "普通类", "fsx": 391.0}], "withYsl": false}, "jessionid": "be6fea6da6d947ea968a0aa03c8d00d3"}