{"state": 1, "msg": "操作成功", "data": {"zsSsgradeList": [{"remarks": "", "schcode": "", "sex": "", "campus": "", "nf": "2018", "klmc": "理工", "ssmc": "重庆", "zylx": "国家专项", "kl": "5", "ssdm": "50", "rs": 5, "zdx": 524.0, "ptx": 524.0, "minScore": 548.0, "minOrder": 28029, "avgScore": 552.4, "avgOrder": 26498, "maxScore": 560.0, "maxOrder": 23472, "zycc": "国家专项", "fsx": 524.0}], "sszygradeList": [{"remarks": "", "schcode": "", "sex": "", "campus": "", "nf": "2018", "klmc": "理工", "ssmc": "重庆", "zylx": "国家专项", "zymc": "动物科学", "maxScore": 548.0, "minScore": 548.0, "avgScore": 548.0, "avgOrder": 28029, "minOrder": 28029, "maxOrder": 28029, "kl": "", "ssdm": "50", "rs": 1, "zdx": 524.0, "ptx": 524.0, "zycc": "国家专项", "fsx": 524.0}, {"remarks": "", "schcode": "", "sex": "", "campus": "", "nf": "2018", "klmc": "理工", "ssmc": "重庆", "zylx": "国家专项", "zymc": "金融学类", "maxScore": 560.0, "minScore": 551.0, "avgScore": 555.5, "avgOrder": 24946, "minOrder": 26902, "maxOrder": 23472, "kl": "", "ssdm": "50", "rs": 2, "zdx": 524.0, "ptx": 524.0, "zycc": "国家专项", "fsx": 524.0}, {"remarks": "", "schcode": "", "sex": "", "campus": "", "nf": "2018", "klmc": "理工", "ssmc": "重庆", "zylx": "国家专项", "zymc": "水利类", "maxScore": 554.0, "minScore": 549.0, "avgScore": 551.5, "avgOrder": 26498, "minOrder": 27655, "maxOrder": 25726, "kl": "", "ssdm": "50", "rs": 2, "zdx": 524.0, "ptx": 524.0, "zycc": "国家专项", "fsx": 524.0}], "withYsl": false}, "jessionid": "be6fea6da6d947ea968a0aa03c8d00d3"}