{"state": 1, "msg": "操作成功", "data": {"zsSsgradeList": [{"remarks": "", "schcode": "", "sex": "", "campus": "", "nf": "2018", "klmc": "理工", "ssmc": "黑龙江", "zylx": "国家专项", "kl": "5", "ssdm": "23", "rs": 16, "zdx": 472.0, "ptx": 472.0, "minScore": 527.0, "minOrder": 20057, "avgScore": 535.6, "avgOrder": 17918, "maxScore": 551.0, "maxOrder": 14626, "zycc": "国家专项", "fsx": 472.0}], "sszygradeList": [{"remarks": "", "schcode": "", "sex": "", "campus": "", "nf": "2018", "klmc": "理工", "ssmc": "黑龙江", "zylx": "国家专项", "zymc": "农学", "maxScore": 536.0, "minScore": 534.0, "avgScore": 535.0, "avgOrder": 18133, "minOrder": 18381, "maxOrder": 17918, "kl": "", "ssdm": "23", "rs": 2, "zdx": 472.0, "ptx": 472.0, "zycc": "国家专项", "fsx": 472.0}, {"remarks": "", "schcode": "", "sex": "", "campus": "", "nf": "2018", "klmc": "理工", "ssmc": "黑龙江", "zylx": "国家专项", "zymc": "动物科学", "maxScore": 536.0, "minScore": 528.0, "avgScore": 532.0, "avgOrder": 18871, "minOrder": 19808, "maxOrder": 17918, "kl": "", "ssdm": "23", "rs": 2, "zdx": 472.0, "ptx": 472.0, "zycc": "国家专项", "fsx": 472.0}, {"remarks": "", "schcode": "", "sex": "", "campus": "", "nf": "2018", "klmc": "理工", "ssmc": "黑龙江", "zylx": "国家专项", "zymc": "机械类", "maxScore": 537.0, "minScore": 535.0, "avgScore": 536.0, "avgOrder": 17918, "minOrder": 18133, "maxOrder": 17702, "kl": "", "ssdm": "23", "rs": 2, "zdx": 472.0, "ptx": 472.0, "zycc": "国家专项", "fsx": 472.0}, {"remarks": "", "schcode": "", "sex": "", "campus": "", "nf": "2018", "klmc": "理工", "ssmc": "黑龙江", "zylx": "国家专项", "zymc": "计算机类", "maxScore": 538.0, "minScore": 537.0, "avgScore": 537.5, "avgOrder": 17451, "minOrder": 17702, "maxOrder": 17451, "kl": "", "ssdm": "23", "rs": 2, "zdx": 472.0, "ptx": 472.0, "zycc": "国家专项", "fsx": 472.0}, {"remarks": "", "schcode": "", "sex": "", "campus": "", "nf": "2018", "klmc": "理工", "ssmc": "黑龙江", "zylx": "国家专项", "zymc": "金融学类", "maxScore": 551.0, "minScore": 539.0, "avgScore": 545.0, "avgOrder": 15913, "minOrder": 17232, "maxOrder": 14626, "kl": "", "ssdm": "23", "rs": 2, "zdx": 472.0, "ptx": 472.0, "zycc": "国家专项", "fsx": 472.0}, {"remarks": "", "schcode": "", "sex": "", "campus": "", "nf": "2018", "klmc": "理工", "ssmc": "黑龙江", "zylx": "国家专项", "zymc": "生物科学类", "maxScore": 535.0, "minScore": 535.0, "avgScore": 535.0, "avgOrder": 18133, "minOrder": 18133, "maxOrder": 18133, "kl": "", "ssdm": "23", "rs": 2, "zdx": 472.0, "ptx": 472.0, "zycc": "国家专项", "fsx": 472.0}, {"remarks": "", "schcode": "", "sex": "", "campus": "", "nf": "2018", "klmc": "理工", "ssmc": "黑龙江", "zylx": "国家专项", "zymc": "食品科学与工程类", "maxScore": 529.0, "minScore": 527.0, "avgScore": 528.0, "avgOrder": 19808, "minOrder": 20057, "maxOrder": 19566, "kl": "", "ssdm": "23", "rs": 2, "zdx": 472.0, "ptx": 472.0, "zycc": "国家专项", "fsx": 472.0}, {"remarks": "", "schcode": "", "sex": "", "campus": "", "nf": "2018", "klmc": "理工", "ssmc": "黑龙江", "zylx": "国家专项", "zymc": "水利类", "maxScore": 543.0, "minScore": 529.0, "avgScore": 536.0, "avgOrder": 17918, "minOrder": 19566, "maxOrder": 16350, "kl": "", "ssdm": "23", "rs": 2, "zdx": 472.0, "ptx": 472.0, "zycc": "国家专项", "fsx": 472.0}], "withYsl": false}, "jessionid": "be6fea6da6d947ea968a0aa03c8d00d3"}