{"state": 1, "msg": "操作成功", "data": {"zsSsgradeList": [{"remarks": "", "schcode": "", "sex": "", "campus": "", "nf": "2017", "klmc": "文史", "ssmc": "广西", "zylx": "普通类", "kl": "1", "ssdm": "45", "rs": 15, "zdx": 535.0, "ptx": 535.0, "minScore": 538.0, "minOrder": 6666, "avgScore": 543.3, "avgOrder": 5957, "maxScore": 550.0, "maxOrder": 4995, "zycc": "普通类", "fsx": 535.0}], "sszygradeList": [{"remarks": "", "schcode": "", "sex": "", "campus": "", "nf": "2017", "klmc": "文史", "ssmc": "广西", "zylx": "普通类", "zymc": "工商管理类（管理学Ⅱ）", "maxScore": 550.0, "minScore": 541.0, "avgScore": 545.8, "avgOrder": 5537, "minOrder": 6241, "maxOrder": 4995, "kl": "", "ssdm": "45", "rs": 6, "zdx": 535.0, "ptx": 535.0, "zycc": "普通类", "fsx": 535.0}, {"remarks": "", "schcode": "", "sex": "", "campus": "", "nf": "2017", "klmc": "文史", "ssmc": "广西", "zylx": "普通类", "zymc": "农林经济管理", "maxScore": 546.0, "minScore": 546.0, "avgScore": 546.0, "avgOrder": 5537, "minOrder": 5537, "maxOrder": 5537, "kl": "", "ssdm": "45", "rs": 2, "zdx": 535.0, "ptx": 535.0, "zycc": "普通类", "fsx": 535.0}, {"remarks": "", "schcode": "", "sex": "", "campus": "", "nf": "2017", "klmc": "文史", "ssmc": "广西", "zylx": "普通类", "zymc": "法学类（法学）", "maxScore": 543.0, "minScore": 541.0, "avgScore": 542.0, "avgOrder": 6098, "minOrder": 6241, "maxOrder": 5957, "kl": "", "ssdm": "45", "rs": 2, "zdx": 535.0, "ptx": 535.0, "zycc": "普通类", "fsx": 535.0}, {"remarks": "", "schcode": "", "sex": "", "campus": "", "nf": "2017", "klmc": "文史", "ssmc": "广西", "zylx": "普通类", "zymc": "行政管理", "maxScore": 540.0, "minScore": 539.0, "avgScore": 539.5, "avgOrder": 6385, "minOrder": 6528, "maxOrder": 6385, "kl": "", "ssdm": "45", "rs": 2, "zdx": 535.0, "ptx": 535.0, "zycc": "普通类", "fsx": 535.0}, {"remarks": "", "schcode": "", "sex": "", "campus": "", "nf": "2017", "klmc": "文史", "ssmc": "广西", "zylx": "普通类", "zymc": "英语", "maxScore": 543.0, "minScore": 538.0, "avgScore": 539.7, "avgOrder": 6385, "minOrder": 6666, "maxOrder": 5957, "kl": "", "ssdm": "45", "rs": 3, "zdx": 535.0, "ptx": 535.0, "zycc": "普通类", "fsx": 535.0}], "withYsl": false}, "jessionid": "be6fea6da6d947ea968a0aa03c8d00d3"}