{"state": 1, "msg": "操作成功", "data": {"zsSsgradeList": [{"remarks": "", "schcode": "", "sex": "", "campus": "", "nf": "2018", "klmc": "艺术(文)", "ssmc": "陕西", "zylx": "艺术批", "kl": "3", "ssdm": "61", "rs": 7, "minScore": 420.0, "avgScore": 440.1, "maxScore": 493.0, "zycc": "艺术批"}], "sszygradeList": [{"remarks": "文化课成绩；控制线：文化课304分，专业课71分", "schcode": "", "sex": "", "campus": "", "nf": "2018", "klmc": "艺术(文)", "ssmc": "陕西", "zylx": "艺术批", "zymc": "广播电视编导", "maxScore": 493.0, "minScore": 420.0, "avgScore": 440.1, "kl": "", "ssdm": "61", "rs": 7, "zycc": "艺术批"}], "withYsl": false}, "jessionid": "be6fea6da6d947ea968a0aa03c8d00d3"}