{"state": 1, "msg": "操作成功", "data": {"zsSsgradeList": [{"remarks": "", "schcode": "", "sex": "", "campus": "", "nf": "2018", "klmc": "文史", "ssmc": "河南", "zylx": "国家专项", "kl": "1", "ssdm": "41", "rs": 4, "zdx": 547.0, "ptx": 547.0, "minScore": 583.0, "minOrder": 8825, "avgScore": 587.2, "avgOrder": 7823, "maxScore": 593.0, "maxOrder": 6485, "zycc": "国家专项", "fsx": 547.0}], "sszygradeList": [{"remarks": "", "schcode": "", "sex": "", "campus": "", "nf": "2018", "klmc": "文史", "ssmc": "河南", "zylx": "国家专项", "zymc": "工商管理类", "maxScore": 593.0, "minScore": 586.0, "avgScore": 589.5, "avgOrder": 7122, "minOrder": 8067, "maxOrder": 6485, "kl": "", "ssdm": "41", "rs": 2, "zdx": 547.0, "ptx": 547.0, "zycc": "国家专项", "fsx": 547.0}, {"remarks": "", "schcode": "", "sex": "", "campus": "", "nf": "2018", "klmc": "文史", "ssmc": "河南", "zylx": "国家专项", "zymc": "法学类", "maxScore": 587.0, "minScore": 583.0, "avgScore": 585.0, "avgOrder": 8346, "minOrder": 8825, "maxOrder": 7823, "kl": "", "ssdm": "41", "rs": 2, "zdx": 547.0, "ptx": 547.0, "zycc": "国家专项", "fsx": 547.0}], "withYsl": false}, "jessionid": "be6fea6da6d947ea968a0aa03c8d00d3"}