{"state": 1, "msg": "操作成功", "data": {"zsSsgradeList": [{"remarks": "", "schcode": "", "sex": "", "campus": "", "nf": "2019", "klmc": "理工", "ssmc": "广西", "zylx": "普通类", "kl": "5", "ssdm": "45", "rs": 85, "zdx": 509.0, "ptx": 509.0, "minScore": 533.0, "minOrder": 27236, "avgScore": 539.7, "avgOrder": 24539, "maxScore": 566.0, "maxOrder": 15712, "zycc": "普通类", "fsx": 509.0}], "sszygradeList": [{"remarks": "", "schcode": "", "sex": "", "campus": "", "nf": "2019", "klmc": "理工", "ssmc": "广西", "zylx": "普通类", "zymc": "园艺", "maxScore": 545.0, "minScore": 537.0, "avgScore": 542.5, "avgOrder": 23376, "minOrder": 25680, "maxOrder": 22655, "kl": "", "ssdm": "45", "rs": 4, "zdx": 509.0, "ptx": 509.0, "zycc": "普通类", "fsx": 509.0}, {"remarks": "", "schcode": "", "sex": "", "campus": "", "nf": "2019", "klmc": "理工", "ssmc": "广西", "zylx": "普通类", "zymc": "设施农业科学与工程", "maxScore": 534.0, "minScore": 528.0, "avgScore": 531.0, "avgOrder": 28016, "minOrder": 29198, "maxOrder": 26817, "kl": "", "ssdm": "45", "rs": 4, "zdx": 509.0, "ptx": 509.0, "zycc": "普通类", "fsx": 509.0}, {"remarks": "", "schcode": "", "sex": "", "campus": "", "nf": "2019", "klmc": "理工", "ssmc": "广西", "zylx": "普通类", "zymc": "园林", "maxScore": 543.0, "minScore": 533.0, "avgScore": 537.8, "avgOrder": 25315, "minOrder": 27236, "maxOrder": 23376, "kl": "", "ssdm": "45", "rs": 4, "zdx": 509.0, "ptx": 509.0, "zycc": "普通类", "fsx": 509.0}, {"remarks": "", "schcode": "", "sex": "", "campus": "", "nf": "2019", "klmc": "理工", "ssmc": "广西", "zylx": "普通类", "zymc": "应用气象学", "maxScore": 541.0, "minScore": 534.0, "avgScore": 537.5, "avgOrder": 25315, "minOrder": 26817, "maxOrder": 24164, "kl": "", "ssdm": "45", "rs": 2, "zdx": 509.0, "ptx": 509.0, "zycc": "普通类", "fsx": 509.0}, {"remarks": "", "schcode": "", "sex": "", "campus": "", "nf": "2019", "klmc": "理工", "ssmc": "广西", "zylx": "普通类", "zymc": "环境科学与工程类", "maxScore": 543.0, "minScore": 534.0, "avgScore": 539.8, "avgOrder": 24539, "minOrder": 26817, "maxOrder": 23376, "kl": "", "ssdm": "45", "rs": 4, "zdx": 509.0, "ptx": 509.0, "zycc": "普通类", "fsx": 509.0}, {"remarks": "", "schcode": "", "sex": "", "campus": "", "nf": "2019", "klmc": "理工", "ssmc": "广西", "zylx": "普通类", "zymc": "动物医学", "maxScore": 540.0, "minScore": 534.0, "avgScore": 538.0, "avgOrder": 25315, "minOrder": 26817, "maxOrder": 24539, "kl": "", "ssdm": "45", "rs": 4, "zdx": 509.0, "ptx": 509.0, "zycc": "普通类", "fsx": 509.0}, {"remarks": "", "schcode": "", "sex": "", "campus": "", "nf": "2019", "klmc": "理工", "ssmc": "广西", "zylx": "普通类", "zymc": "机械类", "maxScore": 552.0, "minScore": 540.0, "avgScore": 543.6, "avgOrder": 23001, "minOrder": 24539, "maxOrder": 20252, "kl": "", "ssdm": "45", "rs": 5, "zdx": 509.0, "ptx": 509.0, "zycc": "普通类", "fsx": 509.0}, {"remarks": "", "schcode": "", "sex": "", "campus": "", "nf": "2019", "klmc": "理工", "ssmc": "广西", "zylx": "普通类", "zymc": "能源动力类", "maxScore": 539.0, "minScore": 536.0, "avgScore": 537.2, "avgOrder": 25680, "minOrder": 26040, "maxOrder": 24924, "kl": "", "ssdm": "45", "rs": 4, "zdx": 509.0, "ptx": 509.0, "zycc": "普通类", "fsx": 509.0}, {"remarks": "", "schcode": "", "sex": "", "campus": "", "nf": "2019", "klmc": "理工", "ssmc": "广西", "zylx": "普通类", "zymc": "工业工程类", "maxScore": 542.0, "minScore": 534.0, "avgScore": 537.8, "avgOrder": 25315, "minOrder": 26817, "maxOrder": 23769, "kl": "", "ssdm": "45", "rs": 5, "zdx": 509.0, "ptx": 509.0, "zycc": "普通类", "fsx": 509.0}, {"remarks": "", "schcode": "", "sex": "", "campus": "", "nf": "2019", "klmc": "理工", "ssmc": "广西", "zylx": "普通类", "zymc": "电气工程及其自动化", "maxScore": 548.0, "minScore": 541.0, "avgScore": 544.0, "avgOrder": 23001, "minOrder": 24164, "maxOrder": 21569, "kl": "", "ssdm": "45", "rs": 4, "zdx": 509.0, "ptx": 509.0, "zycc": "普通类", "fsx": 509.0}, {"remarks": "", "schcode": "", "sex": "", "campus": "", "nf": "2019", "klmc": "理工", "ssmc": "广西", "zylx": "普通类", "zymc": "计算机科学与技术", "maxScore": 545.0, "minScore": 544.0, "avgScore": 544.5, "avgOrder": 22655, "minOrder": 23001, "maxOrder": 22655, "kl": "", "ssdm": "45", "rs": 2, "zdx": 509.0, "ptx": 509.0, "zycc": "普通类", "fsx": 509.0}, {"remarks": "", "schcode": "", "sex": "", "campus": "", "nf": "2019", "klmc": "理工", "ssmc": "广西", "zylx": "普通类", "zymc": "软件工程", "maxScore": 551.0, "minScore": 546.0, "avgScore": 548.5, "avgOrder": 21257, "minOrder": 22304, "maxOrder": 20585, "kl": "", "ssdm": "45", "rs": 2, "zdx": 509.0, "ptx": 509.0, "zycc": "普通类", "fsx": 509.0}, {"remarks": "", "schcode": "", "sex": "", "campus": "", "nf": "2019", "klmc": "理工", "ssmc": "广西", "zylx": "普通类", "zymc": "物联网工程", "maxScore": 553.0, "minScore": 550.0, "avgScore": 551.5, "avgOrder": 20252, "minOrder": 20914, "maxOrder": 19934, "kl": "", "ssdm": "45", "rs": 2, "zdx": 509.0, "ptx": 509.0, "zycc": "普通类", "fsx": 509.0}, {"remarks": "", "schcode": "", "sex": "", "campus": "", "nf": "2019", "klmc": "理工", "ssmc": "广西", "zylx": "普通类", "zymc": "农业电气化", "maxScore": 538.0, "minScore": 536.0, "avgScore": 537.0, "avgOrder": 25680, "minOrder": 26040, "maxOrder": 25315, "kl": "", "ssdm": "45", "rs": 2, "zdx": 509.0, "ptx": 509.0, "zycc": "普通类", "fsx": 509.0}, {"remarks": "", "schcode": "", "sex": "", "campus": "", "nf": "2019", "klmc": "理工", "ssmc": "广西", "zylx": "普通类", "zymc": "金融学类", "maxScore": 554.0, "minScore": 536.0, "avgScore": 541.4, "avgOrder": 24164, "minOrder": 26040, "maxOrder": 19557, "kl": "", "ssdm": "45", "rs": 8, "zdx": 509.0, "ptx": 509.0, "zycc": "普通类", "fsx": 509.0}, {"remarks": "", "schcode": "", "sex": "", "campus": "", "nf": "2019", "klmc": "理工", "ssmc": "广西", "zylx": "普通类", "zymc": "生物科学类", "maxScore": 566.0, "minScore": 537.0, "avgScore": 545.8, "avgOrder": 22304, "minOrder": 25680, "maxOrder": 15712, "kl": "", "ssdm": "45", "rs": 4, "zdx": 509.0, "ptx": 509.0, "zycc": "普通类", "fsx": 509.0}, {"remarks": "", "schcode": "", "sex": "", "campus": "", "nf": "2019", "klmc": "理工", "ssmc": "广西", "zylx": "普通类", "zymc": "生物工程类", "maxScore": 538.0, "minScore": 534.0, "avgScore": 536.0, "avgOrder": 26040, "minOrder": 26817, "maxOrder": 25315, "kl": "", "ssdm": "45", "rs": 4, "zdx": 509.0, "ptx": 509.0, "zycc": "普通类", "fsx": 509.0}, {"remarks": "", "schcode": "", "sex": "", "campus": "", "nf": "2019", "klmc": "理工", "ssmc": "广西", "zylx": "普通类", "zymc": "食品科学与工程类", "maxScore": 549.0, "minScore": 535.0, "avgScore": 541.3, "avgOrder": 24164, "minOrder": 26441, "maxOrder": 21257, "kl": "", "ssdm": "45", "rs": 6, "zdx": 509.0, "ptx": 509.0, "zycc": "普通类", "fsx": 509.0}, {"remarks": "", "schcode": "", "sex": "", "campus": "", "nf": "2019", "klmc": "理工", "ssmc": "广西", "zylx": "普通类", "zymc": "土地整治工程", "maxScore": 533.0, "minScore": 533.0, "avgScore": 533.0, "avgOrder": 27236, "minOrder": 27236, "maxOrder": 27236, "kl": "", "ssdm": "45", "rs": 2, "zdx": 509.0, "ptx": 509.0, "zycc": "普通类", "fsx": 509.0}, {"remarks": "", "schcode": "", "sex": "", "campus": "", "nf": "2019", "klmc": "理工", "ssmc": "广西", "zylx": "普通类", "zymc": "水利类", "maxScore": 544.0, "minScore": 533.0, "avgScore": 536.3, "avgOrder": 26040, "minOrder": 27236, "maxOrder": 23001, "kl": "", "ssdm": "45", "rs": 6, "zdx": 509.0, "ptx": 509.0, "zycc": "普通类", "fsx": 509.0}, {"remarks": "", "schcode": "", "sex": "", "campus": "", "nf": "2019", "klmc": "理工", "ssmc": "广西", "zylx": "普通类", "zymc": "土木工程", "maxScore": 538.0, "minScore": 535.0, "avgScore": 536.5, "avgOrder": 25680, "minOrder": 26441, "maxOrder": 25315, "kl": "", "ssdm": "45", "rs": 4, "zdx": 509.0, "ptx": 509.0, "zycc": "普通类", "fsx": 509.0}, {"remarks": "", "schcode": "", "sex": "", "campus": "", "nf": "2019", "klmc": "理工", "ssmc": "广西", "zylx": "普通类", "zymc": "工程管理", "maxScore": 544.0, "minScore": 534.0, "avgScore": 536.8, "avgOrder": 25680, "minOrder": 26817, "maxOrder": 23001, "kl": "", "ssdm": "45", "rs": 4, "zdx": 509.0, "ptx": 509.0, "zycc": "普通类", "fsx": 509.0}, {"remarks": "", "schcode": "", "sex": "", "campus": "", "nf": "2019", "klmc": "理工", "ssmc": "广西", "zylx": "普通类", "zymc": "化学生物学", "maxScore": 535.0, "minScore": 533.0, "avgScore": 533.7, "avgOrder": 26817, "minOrder": 27236, "maxOrder": 26441, "kl": "", "ssdm": "45", "rs": 3, "zdx": 509.0, "ptx": 509.0, "zycc": "普通类", "fsx": 509.0}], "withYsl": false}, "jessionid": "be6fea6da6d947ea968a0aa03c8d00d3"}