{"state": 1, "msg": "操作成功", "data": {"zsSsgradeList": [{"remarks": "", "schcode": "", "sex": "", "campus": "", "nf": "2017", "klmc": "理工", "ssmc": "黑龙江", "zylx": "普通类", "kl": "5", "ssdm": "23", "rs": 2993, "zdx": 455.0, "ptx": 455.0, "minScore": 488.0, "minOrder": 23499, "avgScore": 512.7, "avgOrder": 17728, "maxScore": 574.0, "maxOrder": 6708, "zycc": "普通类", "fsx": 455.0}], "sszygradeList": [{"remarks": "", "schcode": "", "sex": "", "campus": "", "nf": "2017", "klmc": "理工", "ssmc": "黑龙江", "zylx": "普通类", "zymc": "植物生产类（Ⅰ）", "maxScore": 536.0, "minScore": 488.0, "avgScore": 498.5, "avgOrder": 20781, "minOrder": 23499, "maxOrder": 12910, "kl": "", "ssdm": "23", "rs": 374, "zdx": 455.0, "ptx": 455.0, "zycc": "普通类", "fsx": 455.0}, {"remarks": "", "schcode": "", "sex": "", "campus": "", "nf": "2017", "klmc": "理工", "ssmc": "黑龙江", "zylx": "普通类", "zymc": "农学（本硕博班）", "maxScore": 565.0, "minScore": 531.0, "avgScore": 536.3, "avgOrder": 12910, "minOrder": 13870, "maxOrder": 7984, "kl": "", "ssdm": "23", "rs": 15, "zdx": 455.0, "ptx": 455.0, "zycc": "普通类", "fsx": 455.0}, {"remarks": "", "schcode": "", "sex": "", "campus": "", "nf": "2017", "klmc": "理工", "ssmc": "黑龙江", "zylx": "普通类", "zymc": "风景园林", "maxScore": 533.0, "minScore": 510.0, "avgScore": 516.2, "avgOrder": 17089, "minOrder": 18370, "maxOrder": 13483, "kl": "", "ssdm": "23", "rs": 40, "zdx": 455.0, "ptx": 455.0, "zycc": "普通类", "fsx": 455.0}, {"remarks": "", "schcode": "", "sex": "", "campus": "", "nf": "2017", "klmc": "理工", "ssmc": "黑龙江", "zylx": "普通类", "zymc": "植物生产类（Ⅱ）", "maxScore": 516.0, "minScore": 489.0, "avgScore": 494.7, "avgOrder": 21783, "minOrder": 23244, "maxOrder": 17089, "kl": "", "ssdm": "23", "rs": 128, "zdx": 455.0, "ptx": 455.0, "zycc": "普通类", "fsx": 455.0}, {"remarks": "", "schcode": "", "sex": "", "campus": "", "nf": "2017", "klmc": "理工", "ssmc": "黑龙江", "zylx": "普通类", "zymc": "园艺（本硕博班）", "maxScore": 535.0, "minScore": 529.0, "avgScore": 531.5, "avgOrder": 13675, "minOrder": 14258, "maxOrder": 13080, "kl": "", "ssdm": "23", "rs": 10, "zdx": 455.0, "ptx": 455.0, "zycc": "普通类", "fsx": 455.0}, {"remarks": "", "schcode": "", "sex": "", "campus": "", "nf": "2017", "klmc": "理工", "ssmc": "黑龙江", "zylx": "普通类", "zymc": "园林", "maxScore": 528.0, "minScore": 503.0, "avgScore": 508.4, "avgOrder": 18779, "minOrder": 19859, "maxOrder": 14470, "kl": "", "ssdm": "23", "rs": 41, "zdx": 455.0, "ptx": 455.0, "zycc": "普通类", "fsx": 455.0}, {"remarks": "", "schcode": "", "sex": "", "campus": "", "nf": "2017", "klmc": "理工", "ssmc": "黑龙江", "zylx": "普通类", "zymc": "应用气象学", "maxScore": 538.0, "minScore": 508.0, "avgScore": 516.5, "avgOrder": 17089, "minOrder": 18779, "maxOrder": 12519, "kl": "", "ssdm": "23", "rs": 33, "zdx": 455.0, "ptx": 455.0, "zycc": "普通类", "fsx": 455.0}, {"remarks": "", "schcode": "", "sex": "", "campus": "", "nf": "2017", "klmc": "理工", "ssmc": "黑龙江", "zylx": "普通类", "zymc": "生态学", "maxScore": 518.0, "minScore": 495.0, "avgScore": 498.9, "avgOrder": 20781, "minOrder": 21783, "maxOrder": 16672, "kl": "", "ssdm": "23", "rs": 39, "zdx": 455.0, "ptx": 455.0, "zycc": "普通类", "fsx": 455.0}, {"remarks": "", "schcode": "", "sex": "", "campus": "", "nf": "2017", "klmc": "理工", "ssmc": "黑龙江", "zylx": "普通类", "zymc": "环境科学与工程类", "maxScore": 533.0, "minScore": 506.0, "avgScore": 513.0, "avgOrder": 17728, "minOrder": 19186, "maxOrder": 13483, "kl": "", "ssdm": "23", "rs": 62, "zdx": 455.0, "ptx": 455.0, "zycc": "普通类", "fsx": 455.0}, {"remarks": "", "schcode": "", "sex": "", "campus": "", "nf": "2017", "klmc": "理工", "ssmc": "黑龙江", "zylx": "普通类", "zymc": "自然保护与环境生态类（农学）", "maxScore": 524.0, "minScore": 484.0, "avgScore": 495.5, "avgOrder": 21505, "minOrder": 24510, "maxOrder": 15334, "kl": "", "ssdm": "23", "rs": 99, "zdx": 455.0, "ptx": 455.0, "zycc": "普通类", "fsx": 455.0}, {"remarks": "", "schcode": "", "sex": "", "campus": "", "nf": "2017", "klmc": "理工", "ssmc": "黑龙江", "zylx": "普通类", "zymc": "动物科学", "maxScore": 520.0, "minScore": 490.0, "avgScore": 499.8, "avgOrder": 20554, "minOrder": 22998, "maxOrder": 16225, "kl": "", "ssdm": "23", "rs": 95, "zdx": 455.0, "ptx": 455.0, "zycc": "普通类", "fsx": 455.0}, {"remarks": "", "schcode": "", "sex": "", "campus": "", "nf": "2017", "klmc": "理工", "ssmc": "黑龙江", "zylx": "普通类", "zymc": "动物科学（本硕博班）", "maxScore": 539.0, "minScore": 526.0, "avgScore": 530.1, "avgOrder": 14080, "minOrder": 14897, "maxOrder": 12326, "kl": "", "ssdm": "23", "rs": 16, "zdx": 455.0, "ptx": 455.0, "zycc": "普通类", "fsx": 455.0}, {"remarks": "", "schcode": "", "sex": "", "campus": "", "nf": "2017", "klmc": "理工", "ssmc": "黑龙江", "zylx": "普通类", "zymc": "水产养殖学", "maxScore": 505.0, "minScore": 484.0, "avgScore": 491.0, "avgOrder": 22747, "minOrder": 24510, "maxOrder": 19381, "kl": "", "ssdm": "23", "rs": 43, "zdx": 455.0, "ptx": 455.0, "zycc": "普通类", "fsx": 455.0}, {"remarks": "", "schcode": "", "sex": "", "campus": "", "nf": "2017", "klmc": "理工", "ssmc": "黑龙江", "zylx": "普通类", "zymc": "草业科学", "maxScore": 504.0, "minScore": 490.0, "avgScore": 496.7, "avgOrder": 21251, "minOrder": 22998, "maxOrder": 19629, "kl": "", "ssdm": "23", "rs": 18, "zdx": 455.0, "ptx": 455.0, "zycc": "普通类", "fsx": 455.0}, {"remarks": "", "schcode": "", "sex": "", "campus": "", "nf": "2017", "klmc": "理工", "ssmc": "黑龙江", "zylx": "普通类", "zymc": "动物医学", "maxScore": 538.0, "minScore": 506.0, "avgScore": 515.6, "avgOrder": 17089, "minOrder": 19186, "maxOrder": 12519, "kl": "", "ssdm": "23", "rs": 106, "zdx": 455.0, "ptx": 455.0, "zycc": "普通类", "fsx": 455.0}, {"remarks": "", "schcode": "", "sex": "", "campus": "", "nf": "2017", "klmc": "理工", "ssmc": "黑龙江", "zylx": "普通类", "zymc": "动物医学（本硕博班）", "maxScore": 565.0, "minScore": 539.0, "avgScore": 545.3, "avgOrder": 11263, "minOrder": 12326, "maxOrder": 7984, "kl": "", "ssdm": "23", "rs": 15, "zdx": 455.0, "ptx": 455.0, "zycc": "普通类", "fsx": 455.0}, {"remarks": "", "schcode": "", "sex": "", "campus": "", "nf": "2017", "klmc": "理工", "ssmc": "黑龙江", "zylx": "普通类", "zymc": "动物药学", "maxScore": 520.0, "minScore": 498.0, "avgScore": 503.1, "avgOrder": 19859, "minOrder": 21019, "maxOrder": 16225, "kl": "", "ssdm": "23", "rs": 34, "zdx": 455.0, "ptx": 455.0, "zycc": "普通类", "fsx": 455.0}, {"remarks": "", "schcode": "", "sex": "", "campus": "", "nf": "2017", "klmc": "理工", "ssmc": "黑龙江", "zylx": "普通类", "zymc": "机械类（工学Ⅰ）", "maxScore": 547.0, "minScore": 513.0, "avgScore": 520.4, "avgOrder": 16225, "minOrder": 17728, "maxOrder": 10883, "kl": "", "ssdm": "23", "rs": 189, "zdx": 455.0, "ptx": 455.0, "zycc": "普通类", "fsx": 455.0}, {"remarks": "", "schcode": "", "sex": "", "campus": "", "nf": "2017", "klmc": "理工", "ssmc": "黑龙江", "zylx": "普通类", "zymc": "农业机械化及其自动化（本硕博班）", "maxScore": 568.0, "minScore": 534.0, "avgScore": 539.5, "avgOrder": 12129, "minOrder": 13289, "maxOrder": 7536, "kl": "", "ssdm": "23", "rs": 15, "zdx": 455.0, "ptx": 455.0, "zycc": "普通类", "fsx": 455.0}, {"remarks": "", "schcode": "", "sex": "", "campus": "", "nf": "2017", "klmc": "理工", "ssmc": "黑龙江", "zylx": "普通类", "zymc": "能源动力类（工学Ⅱ）", "maxScore": 532.0, "minScore": 512.0, "avgScore": 515.7, "avgOrder": 17089, "minOrder": 17948, "maxOrder": 13675, "kl": "", "ssdm": "23", "rs": 59, "zdx": 455.0, "ptx": 455.0, "zycc": "普通类", "fsx": 455.0}, {"remarks": "", "schcode": "", "sex": "", "campus": "", "nf": "2017", "klmc": "理工", "ssmc": "黑龙江", "zylx": "普通类", "zymc": "工业工程类（管理学Ⅰ）", "maxScore": 531.0, "minScore": 500.0, "avgScore": 509.0, "avgOrder": 18586, "minOrder": 20554, "maxOrder": 13870, "kl": "", "ssdm": "23", "rs": 57, "zdx": 455.0, "ptx": 455.0, "zycc": "普通类", "fsx": 455.0}, {"remarks": "", "schcode": "", "sex": "", "campus": "", "nf": "2017", "klmc": "理工", "ssmc": "黑龙江", "zylx": "普通类", "zymc": "电气类（工学Ⅲ）", "maxScore": 548.0, "minScore": 520.0, "avgScore": 526.3, "avgOrder": 14897, "minOrder": 16225, "maxOrder": 10714, "kl": "", "ssdm": "23", "rs": 94, "zdx": 455.0, "ptx": 455.0, "zycc": "普通类", "fsx": 455.0}, {"remarks": "", "schcode": "", "sex": "", "campus": "", "nf": "2017", "klmc": "理工", "ssmc": "黑龙江", "zylx": "普通类", "zymc": "计算机类", "maxScore": 542.0, "minScore": 520.0, "avgScore": 527.1, "avgOrder": 14687, "minOrder": 16225, "maxOrder": 11806, "kl": "", "ssdm": "23", "rs": 109, "zdx": 455.0, "ptx": 455.0, "zycc": "普通类", "fsx": 455.0}, {"remarks": "", "schcode": "", "sex": "", "campus": "", "nf": "2017", "klmc": "理工", "ssmc": "黑龙江", "zylx": "普通类", "zymc": "金融学类（经济学）", "maxScore": 549.0, "minScore": 526.0, "avgScore": 531.7, "avgOrder": 13675, "minOrder": 14897, "maxOrder": 10531, "kl": "", "ssdm": "23", "rs": 125, "zdx": 455.0, "ptx": 455.0, "zycc": "普通类", "fsx": 455.0}, {"remarks": "", "schcode": "", "sex": "", "campus": "", "nf": "2017", "klmc": "理工", "ssmc": "黑龙江", "zylx": "普通类", "zymc": "工商管理类（管理学Ⅱ）", "maxScore": 556.0, "minScore": 519.0, "avgScore": 524.9, "avgOrder": 15122, "minOrder": 16476, "maxOrder": 9427, "kl": "", "ssdm": "23", "rs": 164, "zdx": 455.0, "ptx": 455.0, "zycc": "普通类", "fsx": 455.0}, {"remarks": "", "schcode": "", "sex": "", "campus": "", "nf": "2017", "klmc": "理工", "ssmc": "黑龙江", "zylx": "普通类", "zymc": "农林经济管理", "maxScore": 535.0, "minScore": 519.0, "avgScore": 524.5, "avgOrder": 15122, "minOrder": 16476, "maxOrder": 13080, "kl": "", "ssdm": "23", "rs": 18, "zdx": 455.0, "ptx": 455.0, "zycc": "普通类", "fsx": 455.0}, {"remarks": "", "schcode": "", "sex": "", "campus": "", "nf": "2017", "klmc": "理工", "ssmc": "黑龙江", "zylx": "普通类", "zymc": "农林经济管理（本硕博班）", "maxScore": 543.0, "minScore": 536.0, "avgScore": 539.4, "avgOrder": 12326, "minOrder": 12910, "maxOrder": 11608, "kl": "", "ssdm": "23", "rs": 5, "zdx": 455.0, "ptx": 455.0, "zycc": "普通类", "fsx": 455.0}, {"remarks": "", "schcode": "", "sex": "", "campus": "", "nf": "2017", "klmc": "理工", "ssmc": "黑龙江", "zylx": "普通类", "zymc": "生物科学类", "maxScore": 533.0, "minScore": 501.0, "avgScore": 511.5, "avgOrder": 18154, "minOrder": 20327, "maxOrder": 13483, "kl": "", "ssdm": "23", "rs": 97, "zdx": 455.0, "ptx": 455.0, "zycc": "普通类", "fsx": 455.0}, {"remarks": "", "schcode": "", "sex": "", "campus": "", "nf": "2017", "klmc": "理工", "ssmc": "黑龙江", "zylx": "普通类", "zymc": "生物科学（理科实验班）", "maxScore": 574.0, "minScore": 535.0, "avgScore": 547.4, "avgOrder": 10883, "minOrder": 13080, "maxOrder": 6708, "kl": "", "ssdm": "23", "rs": 18, "zdx": 455.0, "ptx": 455.0, "zycc": "普通类", "fsx": 455.0}, {"remarks": "", "schcode": "", "sex": "", "campus": "", "nf": "2017", "klmc": "理工", "ssmc": "黑龙江", "zylx": "普通类", "zymc": "生物工程类（工学Ⅳ）", "maxScore": 530.0, "minScore": 499.0, "avgScore": 509.3, "avgOrder": 18586, "minOrder": 20781, "maxOrder": 14080, "kl": "", "ssdm": "23", "rs": 94, "zdx": 455.0, "ptx": 455.0, "zycc": "普通类", "fsx": 455.0}, {"remarks": "", "schcode": "", "sex": "", "campus": "", "nf": "2017", "klmc": "理工", "ssmc": "黑龙江", "zylx": "普通类", "zymc": "食品科学与工程类", "maxScore": 539.0, "minScore": 514.0, "avgScore": 521.4, "avgOrder": 16032, "minOrder": 17518, "maxOrder": 12326, "kl": "", "ssdm": "23", "rs": 226, "zdx": 455.0, "ptx": 455.0, "zycc": "普通类", "fsx": 455.0}, {"remarks": "", "schcode": "", "sex": "", "campus": "", "nf": "2017", "klmc": "理工", "ssmc": "黑龙江", "zylx": "普通类", "zymc": "食品科学与工程（本硕博班）", "maxScore": 559.0, "minScore": 541.0, "avgScore": 545.9, "avgOrder": 11070, "minOrder": 11977, "maxOrder": 8953, "kl": "", "ssdm": "23", "rs": 15, "zdx": 455.0, "ptx": 455.0, "zycc": "普通类", "fsx": 455.0}, {"remarks": "", "schcode": "", "sex": "", "campus": "", "nf": "2017", "klmc": "理工", "ssmc": "黑龙江", "zylx": "普通类", "zymc": "法学类（法学）", "maxScore": 534.0, "minScore": 517.0, "avgScore": 522.0, "avgOrder": 15800, "minOrder": 16882, "maxOrder": 13289, "kl": "", "ssdm": "23", "rs": 24, "zdx": 455.0, "ptx": 455.0, "zycc": "普通类", "fsx": 455.0}, {"remarks": "", "schcode": "", "sex": "", "campus": "", "nf": "2017", "klmc": "理工", "ssmc": "黑龙江", "zylx": "普通类", "zymc": "人文地理与城乡规划", "maxScore": 521.0, "minScore": 499.0, "avgScore": 503.3, "avgOrder": 19859, "minOrder": 20781, "maxOrder": 16032, "kl": "", "ssdm": "23", "rs": 31, "zdx": 455.0, "ptx": 455.0, "zycc": "普通类", "fsx": 455.0}, {"remarks": "", "schcode": "", "sex": "", "campus": "", "nf": "2017", "klmc": "理工", "ssmc": "黑龙江", "zylx": "普通类", "zymc": "行政管理", "maxScore": 525.0, "minScore": 515.0, "avgScore": 516.8, "avgOrder": 16882, "minOrder": 17322, "maxOrder": 15122, "kl": "", "ssdm": "23", "rs": 12, "zdx": 455.0, "ptx": 455.0, "zycc": "普通类", "fsx": 455.0}, {"remarks": "", "schcode": "", "sex": "", "campus": "", "nf": "2017", "klmc": "理工", "ssmc": "黑龙江", "zylx": "普通类", "zymc": "土地资源管理", "maxScore": 515.0, "minScore": 496.0, "avgScore": 505.0, "avgOrder": 19381, "minOrder": 21505, "maxOrder": 17322, "kl": "", "ssdm": "23", "rs": 56, "zdx": 455.0, "ptx": 455.0, "zycc": "普通类", "fsx": 455.0}, {"remarks": "", "schcode": "", "sex": "", "campus": "", "nf": "2017", "klmc": "理工", "ssmc": "黑龙江", "zylx": "普通类", "zymc": "水利类（工学Ⅴ）", "maxScore": 531.0, "minScore": 499.0, "avgScore": 507.9, "avgOrder": 18779, "minOrder": 20781, "maxOrder": 13870, "kl": "", "ssdm": "23", "rs": 150, "zdx": 455.0, "ptx": 455.0, "zycc": "普通类", "fsx": 455.0}, {"remarks": "", "schcode": "", "sex": "", "campus": "", "nf": "2017", "klmc": "理工", "ssmc": "黑龙江", "zylx": "普通类", "zymc": "土木工程", "maxScore": 536.0, "minScore": 504.0, "avgScore": 511.7, "avgOrder": 17948, "minOrder": 19629, "maxOrder": 12910, "kl": "", "ssdm": "23", "rs": 67, "zdx": 455.0, "ptx": 455.0, "zycc": "普通类", "fsx": 455.0}, {"remarks": "", "schcode": "", "sex": "", "campus": "", "nf": "2017", "klmc": "理工", "ssmc": "黑龙江", "zylx": "普通类", "zymc": "工程管理", "maxScore": 525.0, "minScore": 502.0, "avgScore": 508.9, "avgOrder": 18586, "minOrder": 20105, "maxOrder": 15122, "kl": "", "ssdm": "23", "rs": 67, "zdx": 455.0, "ptx": 455.0, "zycc": "普通类", "fsx": 455.0}, {"remarks": "", "schcode": "", "sex": "", "campus": "", "nf": "2017", "klmc": "理工", "ssmc": "黑龙江", "zylx": "普通类", "zymc": "统计学类（理学）", "maxScore": 537.0, "minScore": 516.0, "avgScore": 520.5, "avgOrder": 16225, "minOrder": 17089, "maxOrder": 12728, "kl": "", "ssdm": "23", "rs": 47, "zdx": 455.0, "ptx": 455.0, "zycc": "普通类", "fsx": 455.0}, {"remarks": "", "schcode": "", "sex": "", "campus": "", "nf": "2017", "klmc": "理工", "ssmc": "黑龙江", "zylx": "普通类", "zymc": "英语", "maxScore": 538.0, "minScore": 529.0, "avgScore": 532.4, "avgOrder": 13675, "minOrder": 14258, "maxOrder": 12519, "kl": "", "ssdm": "23", "rs": 5, "zdx": 455.0, "ptx": 455.0, "zycc": "普通类", "fsx": 455.0}, {"remarks": "", "schcode": "", "sex": "", "campus": "", "nf": "2017", "klmc": "理工", "ssmc": "黑龙江", "zylx": "普通类", "zymc": "俄语", "maxScore": 526.0, "minScore": 509.0, "avgScore": 513.4, "avgOrder": 17728, "minOrder": 18586, "maxOrder": 14897, "kl": "", "ssdm": "23", "rs": 17, "zdx": 455.0, "ptx": 455.0, "zycc": "普通类", "fsx": 455.0}, {"remarks": "", "schcode": "", "sex": "", "campus": "", "nf": "2017", "klmc": "理工", "ssmc": "黑龙江", "zylx": "普通类", "zymc": "应用化学", "maxScore": 542.0, "minScore": 502.0, "avgScore": 509.7, "avgOrder": 18370, "minOrder": 20105, "maxOrder": 11806, "kl": "", "ssdm": "23", "rs": 42, "zdx": 455.0, "ptx": 455.0, "zycc": "普通类", "fsx": 455.0}, {"remarks": "", "schcode": "", "sex": "", "campus": "", "nf": "2017", "klmc": "理工", "ssmc": "黑龙江", "zylx": "普通类", "zymc": "化学生物学", "maxScore": 523.0, "minScore": 499.0, "avgScore": 507.5, "avgOrder": 18779, "minOrder": 20781, "maxOrder": 15572, "kl": "", "ssdm": "23", "rs": 15, "zdx": 455.0, "ptx": 455.0, "zycc": "普通类", "fsx": 455.0}, {"remarks": "", "schcode": "", "sex": "", "campus": "", "nf": "2017", "klmc": "理工", "ssmc": "黑龙江", "zylx": "普通类", "zymc": "汉语国际教育", "maxScore": 538.0, "minScore": 517.0, "avgScore": 523.4, "avgOrder": 15572, "minOrder": 16882, "maxOrder": 12519, "kl": "", "ssdm": "23", "rs": 7, "zdx": 455.0, "ptx": 455.0, "zycc": "普通类", "fsx": 455.0}], "withYsl": false}, "jessionid": "be6fea6da6d947ea968a0aa03c8d00d3"}