{"state": 1, "msg": "操作成功", "data": {"zsSsgradeList": [{"remarks": "", "schcode": "", "sex": "", "campus": "", "nf": "2019", "klmc": "理工", "ssmc": "安徽", "zylx": "国家专项", "kl": "5", "ssdm": "34", "rs": 14, "zdx": 496.0, "ptx": 496.0, "minScore": 553.0, "minOrder": 31587, "avgScore": 556.6, "avgOrder": 29232, "maxScore": 566.0, "maxOrder": 24333, "zycc": "国家专项", "fsx": 496.0}], "sszygradeList": [{"remarks": "", "schcode": "", "sex": "", "campus": "", "nf": "2019", "klmc": "理工", "ssmc": "安徽", "zylx": "国家专项", "zymc": "农学", "maxScore": 558.0, "minScore": 557.0, "avgScore": 557.5, "avgOrder": 28650, "minOrder": 29232, "maxOrder": 28650, "kl": "", "ssdm": "34", "rs": 2, "zdx": 496.0, "ptx": 496.0, "zycc": "国家专项", "fsx": 496.0}, {"remarks": "", "schcode": "", "sex": "", "campus": "", "nf": "2019", "klmc": "理工", "ssmc": "安徽", "zylx": "国家专项", "zymc": "风景园林", "maxScore": 556.0, "minScore": 554.0, "avgScore": 555.0, "avgOrder": 30347, "minOrder": 30939, "maxOrder": 29803, "kl": "", "ssdm": "34", "rs": 2, "zdx": 496.0, "ptx": 496.0, "zycc": "国家专项", "fsx": 496.0}, {"remarks": "", "schcode": "", "sex": "", "campus": "", "nf": "2019", "klmc": "理工", "ssmc": "安徽", "zylx": "国家专项", "zymc": "设施农业科学与工程", "maxScore": 566.0, "minScore": 555.0, "avgScore": 560.5, "avgOrder": 26975, "minOrder": 30347, "maxOrder": 24333, "kl": "", "ssdm": "34", "rs": 2, "zdx": 496.0, "ptx": 496.0, "zycc": "国家专项", "fsx": 496.0}, {"remarks": "", "schcode": "", "sex": "", "campus": "", "nf": "2019", "klmc": "理工", "ssmc": "安徽", "zylx": "国家专项", "zymc": "计算机科学与技术", "maxScore": 557.0, "minScore": 556.0, "avgScore": 556.5, "avgOrder": 29232, "minOrder": 29803, "maxOrder": 29232, "kl": "", "ssdm": "34", "rs": 2, "zdx": 496.0, "ptx": 496.0, "zycc": "国家专项", "fsx": 496.0}, {"remarks": "", "schcode": "", "sex": "", "campus": "", "nf": "2019", "klmc": "理工", "ssmc": "安徽", "zylx": "国家专项", "zymc": "农业电气化", "maxScore": 559.0, "minScore": 557.0, "avgScore": 558.0, "avgOrder": 28650, "minOrder": 29232, "maxOrder": 28065, "kl": "", "ssdm": "34", "rs": 2, "zdx": 496.0, "ptx": 496.0, "zycc": "国家专项", "fsx": 496.0}, {"remarks": "", "schcode": "", "sex": "", "campus": "", "nf": "2019", "klmc": "理工", "ssmc": "安徽", "zylx": "国家专项", "zymc": "金融学类", "maxScore": 556.0, "minScore": 553.0, "avgScore": 554.5, "avgOrder": 30347, "minOrder": 31587, "maxOrder": 29803, "kl": "", "ssdm": "34", "rs": 2, "zdx": 496.0, "ptx": 496.0, "zycc": "国家专项", "fsx": 496.0}, {"remarks": "", "schcode": "", "sex": "", "campus": "", "nf": "2019", "klmc": "理工", "ssmc": "安徽", "zylx": "国家专项", "zymc": "应用化学", "maxScore": 556.0, "minScore": 553.0, "avgScore": 554.5, "avgOrder": 30347, "minOrder": 31587, "maxOrder": 29803, "kl": "", "ssdm": "34", "rs": 2, "zdx": 496.0, "ptx": 496.0, "zycc": "国家专项", "fsx": 496.0}], "withYsl": false}, "jessionid": "be6fea6da6d947ea968a0aa03c8d00d3"}