{"state": 1, "msg": "操作成功", "data": {"zsSsgradeList": [{"remarks": "", "schcode": "", "sex": "", "campus": "", "nf": "2019", "klmc": "文史", "ssmc": "湖南", "zylx": "普通类", "kl": "1", "ssdm": "43", "rs": 9, "zdx": 553.0, "ptx": 553.0, "minScore": 587.0, "minOrder": 5050, "avgScore": 588.3, "avgOrder": 4852, "maxScore": 592.0, "maxOrder": 4088, "zycc": "普通类", "fsx": 553.0}], "sszygradeList": [{"remarks": "", "schcode": "", "sex": "", "campus": "", "nf": "2019", "klmc": "文史", "ssmc": "湖南", "zylx": "普通类", "zymc": "工商管理类", "maxScore": 588.0, "minScore": 587.0, "avgScore": 587.7, "avgOrder": 4852, "minOrder": 5050, "maxOrder": 4852, "kl": "", "ssdm": "43", "rs": 3, "zdx": 553.0, "ptx": 553.0, "zycc": "普通类", "fsx": 553.0}, {"remarks": "", "schcode": "", "sex": "", "campus": "", "nf": "2019", "klmc": "文史", "ssmc": "湖南", "zylx": "普通类", "zymc": "法学类", "maxScore": 592.0, "minScore": 587.0, "avgScore": 589.5, "avgOrder": 4464, "minOrder": 5050, "maxOrder": 4088, "kl": "", "ssdm": "43", "rs": 2, "zdx": 553.0, "ptx": 553.0, "zycc": "普通类", "fsx": 553.0}, {"remarks": "", "schcode": "", "sex": "", "campus": "", "nf": "2019", "klmc": "文史", "ssmc": "湖南", "zylx": "普通类", "zymc": "行政管理", "maxScore": 590.0, "minScore": 588.0, "avgScore": 589.0, "avgOrder": 4655, "minOrder": 4852, "maxOrder": 4464, "kl": "", "ssdm": "43", "rs": 2, "zdx": 553.0, "ptx": 553.0, "zycc": "普通类", "fsx": 553.0}, {"remarks": "", "schcode": "", "sex": "", "campus": "", "nf": "2019", "klmc": "文史", "ssmc": "湖南", "zylx": "普通类", "zymc": "英语", "maxScore": 588.0, "minScore": 587.0, "avgScore": 587.5, "avgOrder": 4852, "minOrder": 5050, "maxOrder": 4852, "kl": "", "ssdm": "43", "rs": 2, "zdx": 553.0, "ptx": 553.0, "zycc": "普通类", "fsx": 553.0}], "withYsl": false}, "jessionid": "be6fea6da6d947ea968a0aa03c8d00d3"}