{"state": 1, "msg": "操作成功", "data": {"zsSsgradeList": [{"remarks": "", "schcode": "", "sex": "", "campus": "", "nf": "2017", "klmc": "理工", "ssmc": "甘肃", "zylx": "国家专项", "kl": "5", "ssdm": "62", "rs": 5, "zdx": 460.0, "ptx": 460.0, "minScore": 491.0, "minOrder": 17042, "avgScore": 494.8, "avgOrder": 15912, "maxScore": 503.0, "maxOrder": 13737, "zycc": "国家专项", "fsx": 460.0}], "sszygradeList": [{"remarks": "", "schcode": "", "sex": "", "campus": "", "nf": "2017", "klmc": "理工", "ssmc": "甘肃", "zylx": "国家专项", "zymc": "植物生产类（Ⅰ）", "maxScore": 503.0, "minScore": 503.0, "avgScore": 503.0, "avgOrder": 13737, "minOrder": 13737, "maxOrder": 13737, "kl": "", "ssdm": "62", "rs": 1, "zdx": 460.0, "ptx": 460.0, "zycc": "国家专项", "fsx": 460.0}, {"remarks": "", "schcode": "", "sex": "", "campus": "", "nf": "2017", "klmc": "理工", "ssmc": "甘肃", "zylx": "国家专项", "zymc": "风景园林", "maxScore": 491.0, "minScore": 491.0, "avgScore": 491.0, "avgOrder": 17042, "minOrder": 17042, "maxOrder": 17042, "kl": "", "ssdm": "62", "rs": 1, "zdx": 460.0, "ptx": 460.0, "zycc": "国家专项", "fsx": 460.0}, {"remarks": "", "schcode": "", "sex": "", "campus": "", "nf": "2017", "klmc": "理工", "ssmc": "甘肃", "zylx": "国家专项", "zymc": "机械类（工学Ⅰ）", "maxScore": 528.0, "minScore": 491.0, "avgScore": 509.5, "avgOrder": 12088, "minOrder": 17042, "maxOrder": 8457, "kl": "", "ssdm": "62", "rs": 2, "zdx": 460.0, "ptx": 460.0, "zycc": "国家专项", "fsx": 460.0}, {"remarks": "", "schcode": "", "sex": "", "campus": "", "nf": "2017", "klmc": "理工", "ssmc": "甘肃", "zylx": "国家专项", "zymc": "金融学类（经济学）", "maxScore": 495.0, "minScore": 494.0, "avgScore": 494.5, "avgOrder": 15912, "minOrder": 16189, "maxOrder": 15912, "kl": "", "ssdm": "62", "rs": 2, "zdx": 460.0, "ptx": 460.0, "zycc": "国家专项", "fsx": 460.0}], "withYsl": false}, "jessionid": "be6fea6da6d947ea968a0aa03c8d00d3"}