{"state": 1, "msg": "操作成功", "data": {"zsSsgradeList": [{"remarks": "", "schcode": "", "sex": "", "campus": "", "nf": "2019", "klmc": "文史", "ssmc": "云南", "zylx": "普通类", "kl": "1", "ssdm": "53", "rs": 9, "zdx": 560.0, "ptx": 560.0, "minScore": 579.0, "minOrder": 5863, "avgScore": 581.8, "avgOrder": 5336, "maxScore": 586.0, "maxOrder": 4708, "zycc": "普通类", "fsx": 560.0}], "sszygradeList": [{"remarks": "", "schcode": "", "sex": "", "campus": "", "nf": "2019", "klmc": "文史", "ssmc": "云南", "zylx": "普通类", "zymc": "工商管理类", "maxScore": 586.0, "minScore": 579.0, "avgScore": 581.2, "avgOrder": 5504, "minOrder": 5863, "maxOrder": 4708, "kl": "", "ssdm": "53", "rs": 4, "zdx": 560.0, "ptx": 560.0, "zycc": "普通类", "fsx": 560.0}, {"remarks": "", "schcode": "", "sex": "", "campus": "", "nf": "2019", "klmc": "文史", "ssmc": "云南", "zylx": "普通类", "zymc": "农林经济管理", "maxScore": 583.0, "minScore": 583.0, "avgScore": 583.0, "avgOrder": 5190, "minOrder": 5190, "maxOrder": 5190, "kl": "", "ssdm": "53", "rs": 2, "zdx": 560.0, "ptx": 560.0, "zycc": "普通类", "fsx": 560.0}, {"remarks": "", "schcode": "", "sex": "", "campus": "", "nf": "2019", "klmc": "文史", "ssmc": "云南", "zylx": "普通类", "zymc": "法学类", "maxScore": 584.0, "minScore": 579.0, "avgScore": 581.7, "avgOrder": 5336, "minOrder": 5863, "maxOrder": 5020, "kl": "", "ssdm": "53", "rs": 3, "zdx": 560.0, "ptx": 560.0, "zycc": "普通类", "fsx": 560.0}], "withYsl": false}, "jessionid": "be6fea6da6d947ea968a0aa03c8d00d3"}