{"state": 1, "msg": "操作成功", "data": {"zsSsgradeList": [{"remarks": "", "schcode": "", "sex": "", "campus": "", "nf": "2020", "klmc": "文史", "ssmc": "辽宁", "zylx": "普通类", "kl": "1", "ssdm": "21", "rs": 21, "zdx": 472.0, "ptx": 472.0, "minScore": 595.0, "minOrder": 3631, "avgScore": 596.2, "avgOrder": 3518, "maxScore": 599.0, "maxOrder": 3192, "zycc": "普通类", "fsx": 472.0}], "sszygradeList": [{"remarks": "", "schcode": "", "sex": "", "campus": "", "nf": "2020", "klmc": "文史", "ssmc": "辽宁", "zylx": "普通类", "zymc": "工商管理类", "maxScore": 599.0, "minScore": 595.0, "avgScore": 595.9, "avgOrder": 3518, "minOrder": 3631, "maxOrder": 3192, "kl": "", "ssdm": "21", "rs": 10, "zdx": 472.0, "ptx": 472.0, "zycc": "普通类", "fsx": 472.0}, {"remarks": "", "schcode": "", "sex": "", "campus": "", "nf": "2020", "klmc": "文史", "ssmc": "辽宁", "zylx": "普通类", "zymc": "农林经济管理", "maxScore": 599.0, "minScore": 595.0, "avgScore": 597.0, "avgOrder": 3421, "minOrder": 3631, "maxOrder": 3192, "kl": "", "ssdm": "21", "rs": 2, "zdx": 472.0, "ptx": 472.0, "zycc": "普通类", "fsx": 472.0}, {"remarks": "", "schcode": "", "sex": "", "campus": "", "nf": "2020", "klmc": "文史", "ssmc": "辽宁", "zylx": "普通类", "zymc": "法学类", "maxScore": 599.0, "minScore": 596.0, "avgScore": 597.2, "avgOrder": 3421, "minOrder": 3518, "maxOrder": 3192, "kl": "", "ssdm": "21", "rs": 4, "zdx": 472.0, "ptx": 472.0, "zycc": "普通类", "fsx": 472.0}, {"remarks": "", "schcode": "", "sex": "", "campus": "", "nf": "2020", "klmc": "文史", "ssmc": "辽宁", "zylx": "普通类", "zymc": "行政管理", "maxScore": 595.0, "minScore": 595.0, "avgScore": 595.0, "avgOrder": 3631, "minOrder": 3631, "maxOrder": 3631, "kl": "", "ssdm": "21", "rs": 2, "zdx": 472.0, "ptx": 472.0, "zycc": "普通类", "fsx": 472.0}, {"remarks": "", "schcode": "", "sex": "", "campus": "", "nf": "2020", "klmc": "文史", "ssmc": "辽宁", "zylx": "普通类", "zymc": "英语", "maxScore": 597.0, "minScore": 595.0, "avgScore": 596.0, "avgOrder": 3518, "minOrder": 3631, "maxOrder": 3421, "kl": "", "ssdm": "21", "rs": 3, "zdx": 472.0, "ptx": 472.0, "zycc": "普通类", "fsx": 472.0}], "withYsl": false}, "jessionid": "be6fea6da6d947ea968a0aa03c8d00d3"}