{"state": 1, "msg": "操作成功", "data": {"zsSsgradeList": [{"remarks": "", "schcode": "", "sex": "", "campus": "", "nf": "2019", "klmc": "理工", "ssmc": "安徽", "zylx": "普通类", "kl": "5", "ssdm": "34", "rs": 66, "zdx": 496.0, "ptx": 496.0, "minScore": 551.0, "minOrder": 32756, "avgScore": 556.5, "avgOrder": 29803, "maxScore": 565.0, "maxOrder": 24835, "zycc": "普通类", "fsx": 496.0}], "sszygradeList": [{"remarks": "", "schcode": "", "sex": "", "campus": "", "nf": "2019", "klmc": "理工", "ssmc": "安徽", "zylx": "普通类", "zymc": "植物保护", "maxScore": 553.0, "minScore": 551.0, "avgScore": 551.7, "avgOrder": 32162, "minOrder": 32756, "maxOrder": 31587, "kl": "", "ssdm": "34", "rs": 3, "zdx": 496.0, "ptx": 496.0, "zycc": "普通类", "fsx": 496.0}, {"remarks": "", "schcode": "", "sex": "", "campus": "", "nf": "2019", "klmc": "理工", "ssmc": "安徽", "zylx": "普通类", "zymc": "植物科学与技术", "maxScore": 555.0, "minScore": 553.0, "avgScore": 554.0, "avgOrder": 30939, "minOrder": 31587, "maxOrder": 30347, "kl": "", "ssdm": "34", "rs": 2, "zdx": 496.0, "ptx": 496.0, "zycc": "普通类", "fsx": 496.0}, {"remarks": "", "schcode": "", "sex": "", "campus": "", "nf": "2019", "klmc": "理工", "ssmc": "安徽", "zylx": "普通类", "zymc": "种子科学与工程", "maxScore": 556.0, "minScore": 552.0, "avgScore": 554.3, "avgOrder": 30939, "minOrder": 32162, "maxOrder": 29803, "kl": "", "ssdm": "34", "rs": 3, "zdx": 496.0, "ptx": 496.0, "zycc": "普通类", "fsx": 496.0}, {"remarks": "", "schcode": "", "sex": "", "campus": "", "nf": "2019", "klmc": "理工", "ssmc": "安徽", "zylx": "普通类", "zymc": "风景园林", "maxScore": 555.0, "minScore": 554.0, "avgScore": 554.3, "avgOrder": 30939, "minOrder": 30939, "maxOrder": 30347, "kl": "", "ssdm": "34", "rs": 3, "zdx": 496.0, "ptx": 496.0, "zycc": "普通类", "fsx": 496.0}, {"remarks": "", "schcode": "", "sex": "", "campus": "", "nf": "2019", "klmc": "理工", "ssmc": "安徽", "zylx": "普通类", "zymc": "园艺", "maxScore": 554.0, "minScore": 554.0, "avgScore": 554.0, "avgOrder": 30939, "minOrder": 30939, "maxOrder": 30939, "kl": "", "ssdm": "34", "rs": 2, "zdx": 496.0, "ptx": 496.0, "zycc": "普通类", "fsx": 496.0}, {"remarks": "", "schcode": "", "sex": "", "campus": "", "nf": "2019", "klmc": "理工", "ssmc": "安徽", "zylx": "普通类", "zymc": "园林", "maxScore": 557.0, "minScore": 553.0, "avgScore": 555.0, "avgOrder": 30347, "minOrder": 31587, "maxOrder": 29232, "kl": "", "ssdm": "34", "rs": 3, "zdx": 496.0, "ptx": 496.0, "zycc": "普通类", "fsx": 496.0}, {"remarks": "", "schcode": "", "sex": "", "campus": "", "nf": "2019", "klmc": "理工", "ssmc": "安徽", "zylx": "普通类", "zymc": "应用气象学", "maxScore": 562.0, "minScore": 556.0, "avgScore": 559.0, "avgOrder": 28065, "minOrder": 29803, "maxOrder": 26428, "kl": "", "ssdm": "34", "rs": 2, "zdx": 496.0, "ptx": 496.0, "zycc": "普通类", "fsx": 496.0}, {"remarks": "", "schcode": "", "sex": "", "campus": "", "nf": "2019", "klmc": "理工", "ssmc": "安徽", "zylx": "普通类", "zymc": "生态学", "maxScore": 557.0, "minScore": 555.0, "avgScore": 556.0, "avgOrder": 29803, "minOrder": 30347, "maxOrder": 29232, "kl": "", "ssdm": "34", "rs": 2, "zdx": 496.0, "ptx": 496.0, "zycc": "普通类", "fsx": 496.0}, {"remarks": "", "schcode": "", "sex": "", "campus": "", "nf": "2019", "klmc": "理工", "ssmc": "安徽", "zylx": "普通类", "zymc": "环境科学与工程类", "maxScore": 562.0, "minScore": 555.0, "avgScore": 557.2, "avgOrder": 29232, "minOrder": 30347, "maxOrder": 26428, "kl": "", "ssdm": "34", "rs": 5, "zdx": 496.0, "ptx": 496.0, "zycc": "普通类", "fsx": 496.0}, {"remarks": "", "schcode": "", "sex": "", "campus": "", "nf": "2019", "klmc": "理工", "ssmc": "安徽", "zylx": "普通类", "zymc": "自然保护与环境生态类", "maxScore": 554.0, "minScore": 551.0, "avgScore": 552.5, "avgOrder": 31587, "minOrder": 32756, "maxOrder": 30939, "kl": "", "ssdm": "34", "rs": 2, "zdx": 496.0, "ptx": 496.0, "zycc": "普通类", "fsx": 496.0}, {"remarks": "", "schcode": "", "sex": "", "campus": "", "nf": "2019", "klmc": "理工", "ssmc": "安徽", "zylx": "普通类", "zymc": "水产养殖学", "maxScore": 555.0, "minScore": 552.0, "avgScore": 553.5, "avgOrder": 30939, "minOrder": 32162, "maxOrder": 30347, "kl": "", "ssdm": "34", "rs": 2, "zdx": 496.0, "ptx": 496.0, "zycc": "普通类", "fsx": 496.0}, {"remarks": "", "schcode": "", "sex": "", "campus": "", "nf": "2019", "klmc": "理工", "ssmc": "安徽", "zylx": "普通类", "zymc": "动物药学", "maxScore": 560.0, "minScore": 552.0, "avgScore": 556.0, "avgOrder": 29803, "minOrder": 32162, "maxOrder": 27501, "kl": "", "ssdm": "34", "rs": 2, "zdx": 496.0, "ptx": 496.0, "zycc": "普通类", "fsx": 496.0}, {"remarks": "", "schcode": "", "sex": "", "campus": "", "nf": "2019", "klmc": "理工", "ssmc": "安徽", "zylx": "普通类", "zymc": "机械类", "maxScore": 561.0, "minScore": 558.0, "avgScore": 559.0, "avgOrder": 28065, "minOrder": 28650, "maxOrder": 26975, "kl": "", "ssdm": "34", "rs": 6, "zdx": 496.0, "ptx": 496.0, "zycc": "普通类", "fsx": 496.0}, {"remarks": "", "schcode": "", "sex": "", "campus": "", "nf": "2019", "klmc": "理工", "ssmc": "安徽", "zylx": "普通类", "zymc": "能源动力类", "maxScore": 557.0, "minScore": 556.0, "avgScore": 556.7, "avgOrder": 29232, "minOrder": 29803, "maxOrder": 29232, "kl": "", "ssdm": "34", "rs": 3, "zdx": 496.0, "ptx": 496.0, "zycc": "普通类", "fsx": 496.0}, {"remarks": "", "schcode": "", "sex": "", "campus": "", "nf": "2019", "klmc": "理工", "ssmc": "安徽", "zylx": "普通类", "zymc": "电气工程及其自动化", "maxScore": 565.0, "minScore": 562.0, "avgScore": 563.5, "avgOrder": 25345, "minOrder": 26428, "maxOrder": 24835, "kl": "", "ssdm": "34", "rs": 2, "zdx": 496.0, "ptx": 496.0, "zycc": "普通类", "fsx": 496.0}, {"remarks": "", "schcode": "", "sex": "", "campus": "", "nf": "2019", "klmc": "理工", "ssmc": "安徽", "zylx": "普通类", "zymc": "物联网工程", "maxScore": 562.0, "minScore": 559.0, "avgScore": 560.0, "avgOrder": 27501, "minOrder": 28065, "maxOrder": 26428, "kl": "", "ssdm": "34", "rs": 3, "zdx": 496.0, "ptx": 496.0, "zycc": "普通类", "fsx": 496.0}, {"remarks": "", "schcode": "", "sex": "", "campus": "", "nf": "2019", "klmc": "理工", "ssmc": "安徽", "zylx": "普通类", "zymc": "金融学类", "maxScore": 557.0, "minScore": 557.0, "avgScore": 557.0, "avgOrder": 29232, "minOrder": 29232, "maxOrder": 29232, "kl": "", "ssdm": "34", "rs": 3, "zdx": 496.0, "ptx": 496.0, "zycc": "普通类", "fsx": 496.0}, {"remarks": "", "schcode": "", "sex": "", "campus": "", "nf": "2019", "klmc": "理工", "ssmc": "安徽", "zylx": "普通类", "zymc": "食品科学与工程类", "maxScore": 560.0, "minScore": 557.0, "avgScore": 558.5, "avgOrder": 28065, "minOrder": 29232, "maxOrder": 27501, "kl": "", "ssdm": "34", "rs": 2, "zdx": 496.0, "ptx": 496.0, "zycc": "普通类", "fsx": 496.0}, {"remarks": "", "schcode": "", "sex": "", "campus": "", "nf": "2019", "klmc": "理工", "ssmc": "安徽", "zylx": "普通类", "zymc": "人文地理与城乡规划", "maxScore": 560.0, "minScore": 551.0, "avgScore": 555.5, "avgOrder": 29803, "minOrder": 32756, "maxOrder": 27501, "kl": "", "ssdm": "34", "rs": 2, "zdx": 496.0, "ptx": 496.0, "zycc": "普通类", "fsx": 496.0}, {"remarks": "", "schcode": "", "sex": "", "campus": "", "nf": "2019", "klmc": "理工", "ssmc": "安徽", "zylx": "普通类", "zymc": "土地整治工程", "maxScore": 551.0, "minScore": 551.0, "avgScore": 551.0, "avgOrder": 32756, "minOrder": 32756, "maxOrder": 32756, "kl": "", "ssdm": "34", "rs": 2, "zdx": 496.0, "ptx": 496.0, "zycc": "普通类", "fsx": 496.0}, {"remarks": "", "schcode": "", "sex": "", "campus": "", "nf": "2019", "klmc": "理工", "ssmc": "安徽", "zylx": "普通类", "zymc": "水利类", "maxScore": 557.0, "minScore": 556.0, "avgScore": 556.3, "avgOrder": 29803, "minOrder": 29803, "maxOrder": 29232, "kl": "", "ssdm": "34", "rs": 3, "zdx": 496.0, "ptx": 496.0, "zycc": "普通类", "fsx": 496.0}, {"remarks": "", "schcode": "", "sex": "", "campus": "", "nf": "2019", "klmc": "理工", "ssmc": "安徽", "zylx": "普通类", "zymc": "土木工程", "maxScore": 560.0, "minScore": 557.0, "avgScore": 558.3, "avgOrder": 28650, "minOrder": 29232, "maxOrder": 27501, "kl": "", "ssdm": "34", "rs": 3, "zdx": 496.0, "ptx": 496.0, "zycc": "普通类", "fsx": 496.0}, {"remarks": "", "schcode": "", "sex": "", "campus": "", "nf": "2019", "klmc": "理工", "ssmc": "安徽", "zylx": "普通类", "zymc": "统计学类", "maxScore": 561.0, "minScore": 558.0, "avgScore": 559.3, "avgOrder": 28065, "minOrder": 28650, "maxOrder": 26975, "kl": "", "ssdm": "34", "rs": 3, "zdx": 496.0, "ptx": 496.0, "zycc": "普通类", "fsx": 496.0}, {"remarks": "", "schcode": "", "sex": "", "campus": "", "nf": "2019", "klmc": "理工", "ssmc": "安徽", "zylx": "普通类", "zymc": "应用化学", "maxScore": 558.0, "minScore": 555.0, "avgScore": 556.5, "avgOrder": 29232, "minOrder": 30347, "maxOrder": 28650, "kl": "", "ssdm": "34", "rs": 2, "zdx": 496.0, "ptx": 496.0, "zycc": "普通类", "fsx": 496.0}, {"remarks": "", "schcode": "", "sex": "", "campus": "", "nf": "2019", "klmc": "理工", "ssmc": "安徽", "zylx": "普通类", "zymc": "化学生物学", "maxScore": 568.0, "minScore": 557.0, "avgScore": 562.5, "avgOrder": 25875, "minOrder": 29232, "maxOrder": 23259, "kl": "", "ssdm": "34", "rs": 2, "zdx": 496.0, "ptx": 496.0, "zycc": "普通类", "fsx": 496.0}], "withYsl": false}, "jessionid": "be6fea6da6d947ea968a0aa03c8d00d3"}