{"state": 1, "msg": "操作成功", "data": {"zsSsgradeList": [{"remarks": "", "schcode": "", "sex": "", "campus": "", "nf": "2019", "klmc": "文史", "ssmc": "黑龙江", "zylx": "民族预科", "kl": "1", "ssdm": "23", "rs": 10, "zdx": 500.0, "ptx": 500.0, "minScore": 502.0, "minOrder": 7451, "avgScore": 510.8, "avgOrder": 6334, "maxScore": 525.0, "maxOrder": 4836, "zycc": "民族预科", "fsx": 500.0}], "sszygradeList": [{"remarks": "", "schcode": "", "sex": "", "campus": "", "nf": "2019", "klmc": "文史", "ssmc": "黑龙江", "zylx": "民族预科", "zymc": "工商管理类", "maxScore": 520.0, "minScore": 506.0, "avgScore": 511.8, "avgOrder": 6223, "minOrder": 6939, "maxOrder": 5332, "kl": "", "ssdm": "23", "rs": 6, "zdx": 500.0, "ptx": 500.0, "zycc": "民族预科", "fsx": 500.0}, {"remarks": "", "schcode": "", "sex": "", "campus": "", "nf": "2019", "klmc": "文史", "ssmc": "黑龙江", "zylx": "民族预科", "zymc": "法学类", "maxScore": 525.0, "minScore": 507.0, "avgScore": 516.0, "avgOrder": 5773, "minOrder": 6811, "maxOrder": 4836, "kl": "", "ssdm": "23", "rs": 2, "zdx": 500.0, "ptx": 500.0, "zycc": "民族预科", "fsx": 500.0}, {"remarks": "", "schcode": "", "sex": "", "campus": "", "nf": "2019", "klmc": "文史", "ssmc": "黑龙江", "zylx": "民族预科", "zymc": "行政管理", "maxScore": 503.0, "minScore": 502.0, "avgScore": 502.5, "avgOrder": 7325, "minOrder": 7451, "maxOrder": 7325, "kl": "", "ssdm": "23", "rs": 2, "zdx": 500.0, "ptx": 500.0, "zycc": "民族预科", "fsx": 500.0}], "withYsl": false}, "jessionid": "be6fea6da6d947ea968a0aa03c8d00d3"}