{"state": 1, "msg": "操作成功", "data": {"zsSsgradeList": [{"remarks": "", "schcode": "", "sex": "", "campus": "", "nf": "2019", "klmc": "文史", "ssmc": "青海", "zylx": "普通类", "kl": "1", "ssdm": "63", "rs": 2, "zdx": 488.0, "ptx": 488.0, "minScore": 502.0, "minOrder": 1425, "avgScore": 503.5, "avgOrder": 1365, "maxScore": 505.0, "maxOrder": 1329, "zycc": "普通类", "fsx": 488.0}], "sszygradeList": [{"remarks": "", "schcode": "", "sex": "", "campus": "", "nf": "2019", "klmc": "文史", "ssmc": "青海", "zylx": "普通类", "zymc": "工商管理类", "maxScore": 505.0, "minScore": 502.0, "avgScore": 503.5, "avgOrder": 1365, "minOrder": 1425, "maxOrder": 1329, "kl": "", "ssdm": "63", "rs": 2, "zdx": 488.0, "ptx": 488.0, "zycc": "普通类", "fsx": 488.0}], "withYsl": false}, "jessionid": "be6fea6da6d947ea968a0aa03c8d00d3"}