{"state": 1, "msg": "操作成功", "data": {"zsSsgradeList": [{"remarks": "", "schcode": "", "sex": "", "campus": "", "nf": "2019", "klmc": "艺术(文)", "ssmc": "辽宁", "zylx": "艺术批", "kl": "3", "ssdm": "21", "zycc": "艺术批"}], "sszygradeList": [{"remarks": "文化课成绩；控制线：文科337，专业课180", "schcode": "", "sex": "", "campus": "", "nf": "2019", "klmc": "艺术(文)", "ssmc": "辽宁", "zylx": "艺术批", "zymc": "广播电视编导", "maxScore": 570.0, "minScore": 519.0, "avgScore": 534.1, "kl": "", "ssdm": "21", "rs": 10, "zycc": "艺术批"}, {"remarks": "美术平行分；控制线：文科337，专业课185", "schcode": "", "sex": "", "campus": "", "nf": "2019", "klmc": "艺术(文)", "ssmc": "辽宁", "zylx": "艺术批", "zymc": "视觉传达设计", "maxScore": 509.0, "minScore": 492.0, "avgScore": 500.1, "kl": "", "ssdm": "21", "rs": 7, "zycc": "艺术批"}, {"remarks": "美术平行分；控制线：文科337，专业课185", "schcode": "", "sex": "", "campus": "", "nf": "2019", "klmc": "艺术(文)", "ssmc": "辽宁", "zylx": "艺术批", "zymc": "环境设计", "maxScore": 511.0, "minScore": 494.0, "avgScore": 499.6, "kl": "", "ssdm": "21", "rs": 5, "zycc": "艺术批"}], "withYsl": false}, "jessionid": "be6fea6da6d947ea968a0aa03c8d00d3"}