{"state": 1, "msg": "操作成功", "data": {"zsSsgradeList": [{"remarks": "", "schcode": "", "sex": "", "campus": "", "nf": "2018", "klmc": "理工", "ssmc": "云南", "zylx": "普通类", "kl": "5", "ssdm": "53", "rs": 29, "zdx": 530.0, "ptx": 530.0, "minScore": 536.0, "minOrder": 29315, "avgScore": 543.4, "avgOrder": 26518, "maxScore": 566.0, "maxOrder": 18320, "zycc": "普通类", "fsx": 530.0}], "sszygradeList": [{"remarks": "", "schcode": "", "sex": "", "campus": "", "nf": "2018", "klmc": "理工", "ssmc": "云南", "zylx": "普通类", "zymc": "风景园林", "maxScore": 543.0, "minScore": 537.0, "avgScore": 540.3, "avgOrder": 27666, "minOrder": 28906, "maxOrder": 26518, "kl": "", "ssdm": "53", "rs": 3, "zdx": 530.0, "ptx": 530.0, "zycc": "普通类", "fsx": 530.0}, {"remarks": "", "schcode": "", "sex": "", "campus": "", "nf": "2018", "klmc": "理工", "ssmc": "云南", "zylx": "普通类", "zymc": "应用气象学", "maxScore": 541.0, "minScore": 540.0, "avgScore": 540.5, "avgOrder": 27269, "minOrder": 27666, "maxOrder": 27269, "kl": "", "ssdm": "53", "rs": 2, "zdx": 530.0, "ptx": 530.0, "zycc": "普通类", "fsx": 530.0}, {"remarks": "", "schcode": "", "sex": "", "campus": "", "nf": "2018", "klmc": "理工", "ssmc": "云南", "zylx": "普通类", "zymc": "动物科学", "maxScore": 543.0, "minScore": 536.0, "avgScore": 539.7, "avgOrder": 27666, "minOrder": 29315, "maxOrder": 26518, "kl": "", "ssdm": "53", "rs": 3, "zdx": 530.0, "ptx": 530.0, "zycc": "普通类", "fsx": 530.0}, {"remarks": "", "schcode": "", "sex": "", "campus": "", "nf": "2018", "klmc": "理工", "ssmc": "云南", "zylx": "普通类", "zymc": "动物医学", "maxScore": 564.0, "minScore": 536.0, "avgScore": 550.0, "avgOrder": 23882, "minOrder": 29315, "maxOrder": 18963, "kl": "", "ssdm": "53", "rs": 2, "zdx": 530.0, "ptx": 530.0, "zycc": "普通类", "fsx": 530.0}, {"remarks": "", "schcode": "", "sex": "", "campus": "", "nf": "2018", "klmc": "理工", "ssmc": "云南", "zylx": "普通类", "zymc": "机械类", "maxScore": 542.0, "minScore": 542.0, "avgScore": 542.0, "avgOrder": 26898, "minOrder": 26898, "maxOrder": 26898, "kl": "", "ssdm": "53", "rs": 2, "zdx": 530.0, "ptx": 530.0, "zycc": "普通类", "fsx": 530.0}, {"remarks": "", "schcode": "", "sex": "", "campus": "", "nf": "2018", "klmc": "理工", "ssmc": "云南", "zylx": "普通类", "zymc": "工业工程类", "maxScore": 543.0, "minScore": 536.0, "avgScore": 539.5, "avgOrder": 27666, "minOrder": 29315, "maxOrder": 26518, "kl": "", "ssdm": "53", "rs": 2, "zdx": 530.0, "ptx": 530.0, "zycc": "普通类", "fsx": 530.0}, {"remarks": "", "schcode": "", "sex": "", "campus": "", "nf": "2018", "klmc": "理工", "ssmc": "云南", "zylx": "普通类", "zymc": "计算机类", "maxScore": 541.0, "minScore": 539.0, "avgScore": 540.0, "avgOrder": 27666, "minOrder": 28094, "maxOrder": 27269, "kl": "", "ssdm": "53", "rs": 3, "zdx": 530.0, "ptx": 530.0, "zycc": "普通类", "fsx": 530.0}, {"remarks": "", "schcode": "", "sex": "", "campus": "", "nf": "2018", "klmc": "理工", "ssmc": "云南", "zylx": "普通类", "zymc": "金融学类", "maxScore": 566.0, "minScore": 550.0, "avgScore": 557.0, "avgOrder": 21365, "minOrder": 23882, "maxOrder": 18320, "kl": "", "ssdm": "53", "rs": 3, "zdx": 530.0, "ptx": 530.0, "zycc": "普通类", "fsx": 530.0}, {"remarks": "", "schcode": "", "sex": "", "campus": "", "nf": "2018", "klmc": "理工", "ssmc": "云南", "zylx": "普通类", "zymc": "食品科学与工程类", "maxScore": 547.0, "minScore": 547.0, "avgScore": 547.0, "avgOrder": 25005, "minOrder": 25005, "maxOrder": 25005, "kl": "", "ssdm": "53", "rs": 1, "zdx": 530.0, "ptx": 530.0, "zycc": "普通类", "fsx": 530.0}, {"remarks": "", "schcode": "", "sex": "", "campus": "", "nf": "2018", "klmc": "理工", "ssmc": "云南", "zylx": "普通类", "zymc": "水利类", "maxScore": 559.0, "minScore": 541.0, "avgScore": 546.8, "avgOrder": 25005, "minOrder": 27269, "maxOrder": 20635, "kl": "", "ssdm": "53", "rs": 4, "zdx": 530.0, "ptx": 530.0, "zycc": "普通类", "fsx": 530.0}, {"remarks": "", "schcode": "", "sex": "", "campus": "", "nf": "2018", "klmc": "理工", "ssmc": "云南", "zylx": "普通类", "zymc": "土木工程", "maxScore": 557.0, "minScore": 543.0, "avgScore": 550.0, "avgOrder": 23882, "minOrder": 26518, "maxOrder": 21365, "kl": "", "ssdm": "53", "rs": 2, "zdx": 530.0, "ptx": 530.0, "zycc": "普通类", "fsx": 530.0}, {"remarks": "", "schcode": "", "sex": "", "campus": "", "nf": "2018", "klmc": "理工", "ssmc": "云南", "zylx": "普通类", "zymc": "工程管理", "maxScore": 537.0, "minScore": 537.0, "avgScore": 537.0, "avgOrder": 28906, "minOrder": 28906, "maxOrder": 28906, "kl": "", "ssdm": "53", "rs": 1, "zdx": 530.0, "ptx": 530.0, "zycc": "普通类", "fsx": 530.0}, {"remarks": "", "schcode": "", "sex": "", "campus": "", "nf": "2018", "klmc": "理工", "ssmc": "云南", "zylx": "普通类", "zymc": "统计学类", "maxScore": 542.0, "minScore": 538.0, "avgScore": 539.7, "avgOrder": 27666, "minOrder": 28494, "maxOrder": 26898, "kl": "", "ssdm": "53", "rs": 3, "zdx": 530.0, "ptx": 530.0, "zycc": "普通类", "fsx": 530.0}], "withYsl": false}, "jessionid": "be6fea6da6d947ea968a0aa03c8d00d3"}