{"state": 1, "msg": "操作成功", "data": {"zsSsgradeList": [{"remarks": "", "schcode": "", "sex": "", "campus": "", "nf": "2018", "klmc": "艺术(理)", "ssmc": "辽宁", "zylx": "艺术批", "kl": "7", "ssdm": "21", "zycc": "艺术批"}], "sszygradeList": [{"remarks": "文化课成绩；控制线：理科239分，专业课170分", "schcode": "", "sex": "", "campus": "", "nf": "2018", "klmc": "艺术(理)", "ssmc": "辽宁", "zylx": "艺术批", "zymc": "广播电视编导", "maxScore": 530.0, "minScore": 444.0, "avgScore": 487.0, "kl": "", "ssdm": "21", "rs": 2, "zycc": "艺术批"}, {"remarks": "美术平行分；控制线：理科239分，专业课185分", "schcode": "", "sex": "", "campus": "", "nf": "2018", "klmc": "艺术(理)", "ssmc": "辽宁", "zylx": "艺术批", "zymc": "视觉传达设计", "maxScore": 490.0, "minScore": 481.0, "avgScore": 485.5, "kl": "", "ssdm": "21", "rs": 2, "zycc": "艺术批"}, {"remarks": "美术平行分；控制线：理科239分，专业课185分", "schcode": "", "sex": "", "campus": "", "nf": "2018", "klmc": "艺术(理)", "ssmc": "辽宁", "zylx": "艺术批", "zymc": "环境设计", "maxScore": 470.0, "minScore": 470.0, "avgScore": 470.0, "kl": "", "ssdm": "21", "rs": 1, "zycc": "艺术批"}], "withYsl": false}, "jessionid": "be6fea6da6d947ea968a0aa03c8d00d3"}