{"state": 1, "msg": "操作成功", "data": {"zsSsgradeList": [{"remarks": "", "schcode": "", "sex": "", "campus": "", "nf": "2017", "klmc": "文史", "ssmc": "黑龙江", "zylx": "中俄合作办学", "kl": "1", "ssdm": "23", "rs": 32, "zdx": 481.0, "ptx": 481.0, "minScore": 481.0, "minOrder": 6953, "avgScore": 496.1, "avgOrder": 5361, "maxScore": 518.0, "maxOrder": 3513, "zycc": "中俄合作办学", "fsx": 481.0}], "sszygradeList": [{"remarks": "", "schcode": "", "sex": "", "campus": "", "nf": "2017", "klmc": "文史", "ssmc": "黑龙江", "zylx": "中俄合作办学", "zymc": "金融学(中俄合作办学)", "maxScore": 518.0, "minScore": 499.0, "avgScore": 505.4, "avgOrder": 4562, "minOrder": 5075, "maxOrder": 3513, "kl": "", "ssdm": "23", "rs": 10, "zdx": 481.0, "ptx": 481.0, "zycc": "中俄合作办学", "fsx": 481.0}, {"remarks": "", "schcode": "", "sex": "", "campus": "", "nf": "2017", "klmc": "文史", "ssmc": "黑龙江", "zylx": "中俄合作办学", "zymc": "国际经济与贸易(中俄合作办学)", "maxScore": 501.0, "minScore": 491.0, "avgScore": 495.9, "avgOrder": 5361, "minOrder": 5853, "maxOrder": 4890, "kl": "", "ssdm": "23", "rs": 10, "zdx": 481.0, "ptx": 481.0, "zycc": "中俄合作办学", "fsx": 481.0}, {"remarks": "", "schcode": "", "sex": "", "campus": "", "nf": "2017", "klmc": "文史", "ssmc": "黑龙江", "zylx": "中俄合作办学", "zymc": "工商管理(中俄合作办学)", "maxScore": 499.0, "minScore": 481.0, "avgScore": 488.6, "avgOrder": 6068, "minOrder": 6953, "maxOrder": 5075, "kl": "", "ssdm": "23", "rs": 12, "zdx": 481.0, "ptx": 481.0, "zycc": "中俄合作办学", "fsx": 481.0}], "withYsl": false}, "jessionid": "be6fea6da6d947ea968a0aa03c8d00d3"}