{"state": 1, "msg": "操作成功", "data": {"zsSsgradeList": [{"remarks": "", "schcode": "", "sex": "", "campus": "", "nf": "2017", "klmc": "理工", "ssmc": "安徽", "zylx": "国家专项", "kl": "5", "ssdm": "34", "rs": 14, "zdx": 487.0, "ptx": 487.0, "minScore": 527.0, "minOrder": 34767, "avgScore": 530.6, "avgOrder": 32109, "maxScore": 543.0, "maxOrder": 25094, "zycc": "国家专项", "fsx": 487.0}], "sszygradeList": [{"remarks": "", "schcode": "", "sex": "", "campus": "", "nf": "2017", "klmc": "理工", "ssmc": "安徽", "zylx": "国家专项", "zymc": "植物生产类（Ⅰ）", "maxScore": 528.0, "minScore": 528.0, "avgScore": 528.0, "avgOrder": 34046, "minOrder": 34046, "maxOrder": 34046, "kl": "", "ssdm": "34", "rs": 2, "zdx": 487.0, "ptx": 487.0, "zycc": "国家专项", "fsx": 487.0}, {"remarks": "", "schcode": "", "sex": "", "campus": "", "nf": "2017", "klmc": "理工", "ssmc": "安徽", "zylx": "国家专项", "zymc": "风景园林", "maxScore": 543.0, "minScore": 529.0, "avgScore": 536.0, "avgOrder": 29086, "minOrder": 33436, "maxOrder": 25094, "kl": "", "ssdm": "34", "rs": 2, "zdx": 487.0, "ptx": 487.0, "zycc": "国家专项", "fsx": 487.0}, {"remarks": "", "schcode": "", "sex": "", "campus": "", "nf": "2017", "klmc": "理工", "ssmc": "安徽", "zylx": "国家专项", "zymc": "植物生产类（Ⅱ）", "maxScore": 527.0, "minScore": 527.0, "avgScore": 527.0, "avgOrder": 34767, "minOrder": 34767, "maxOrder": 34767, "kl": "", "ssdm": "34", "rs": 2, "zdx": 487.0, "ptx": 487.0, "zycc": "国家专项", "fsx": 487.0}, {"remarks": "", "schcode": "", "sex": "", "campus": "", "nf": "2017", "klmc": "理工", "ssmc": "安徽", "zylx": "国家专项", "zymc": "园林", "maxScore": 529.0, "minScore": 527.0, "avgScore": 528.0, "avgOrder": 34046, "minOrder": 34767, "maxOrder": 33436, "kl": "", "ssdm": "34", "rs": 2, "zdx": 487.0, "ptx": 487.0, "zycc": "国家专项", "fsx": 487.0}, {"remarks": "", "schcode": "", "sex": "", "campus": "", "nf": "2017", "klmc": "理工", "ssmc": "安徽", "zylx": "国家专项", "zymc": "电气类（工学Ⅲ）", "maxScore": 535.0, "minScore": 535.0, "avgScore": 535.0, "avgOrder": 29698, "minOrder": 29698, "maxOrder": 29698, "kl": "", "ssdm": "34", "rs": 1, "zdx": 487.0, "ptx": 487.0, "zycc": "国家专项", "fsx": 487.0}, {"remarks": "", "schcode": "", "sex": "", "campus": "", "nf": "2017", "klmc": "理工", "ssmc": "安徽", "zylx": "国家专项", "zymc": "计算机类", "maxScore": 535.0, "minScore": 535.0, "avgScore": 535.0, "avgOrder": 29698, "minOrder": 29698, "maxOrder": 29698, "kl": "", "ssdm": "34", "rs": 1, "zdx": 487.0, "ptx": 487.0, "zycc": "国家专项", "fsx": 487.0}, {"remarks": "", "schcode": "", "sex": "", "campus": "", "nf": "2017", "klmc": "理工", "ssmc": "安徽", "zylx": "国家专项", "zymc": "金融学类（经济学）", "maxScore": 530.0, "minScore": 529.0, "avgScore": 529.5, "avgOrder": 32767, "minOrder": 33436, "maxOrder": 32767, "kl": "", "ssdm": "34", "rs": 2, "zdx": 487.0, "ptx": 487.0, "zycc": "国家专项", "fsx": 487.0}, {"remarks": "", "schcode": "", "sex": "", "campus": "", "nf": "2017", "klmc": "理工", "ssmc": "安徽", "zylx": "国家专项", "zymc": "应用化学", "maxScore": 531.0, "minScore": 530.0, "avgScore": 530.5, "avgOrder": 32109, "minOrder": 32767, "maxOrder": 32109, "kl": "", "ssdm": "34", "rs": 2, "zdx": 487.0, "ptx": 487.0, "zycc": "国家专项", "fsx": 487.0}], "withYsl": false}, "jessionid": "be6fea6da6d947ea968a0aa03c8d00d3"}