{"state": 1, "msg": "操作成功", "data": {"zsSsgradeList": [], "sszygradeList": [{"remarks": "", "schcode": "", "sex": "", "campus": "", "nf": "2018", "klmc": "文史", "ssmc": "新疆", "zylx": "阿勒泰定向", "zymc": "法学类", "maxScore": 518.0, "minScore": 518.0, "avgScore": 518.0, "kl": "", "ssdm": "65", "rs": 1, "zdx": 500.0, "ptx": 500.0, "zycc": "阿勒泰定向", "fsx": 500.0}, {"remarks": "", "schcode": "", "sex": "", "campus": "", "nf": "2018", "klmc": "文史", "ssmc": "新疆", "zylx": "阿勒泰定向", "zymc": "汉语国际教育", "maxScore": 471.0, "minScore": 471.0, "avgScore": 471.0, "kl": "", "ssdm": "65", "rs": 1, "zdx": 500.0, "ptx": 500.0, "zycc": "阿勒泰定向", "fsx": 500.0}], "withYsl": false}, "jessionid": "be6fea6da6d947ea968a0aa03c8d00d3"}