{"state": 1, "msg": "操作成功", "data": {"zsSsgradeList": [{"remarks": "", "schcode": "", "sex": "", "campus": "", "nf": "2019", "klmc": "理工", "ssmc": "黑龙江", "zylx": "中俄合作办学", "kl": "5", "ssdm": "23", "rs": 106, "zdx": 477.0, "ptx": 477.0, "minScore": 500.0, "minOrder": 29946, "avgScore": 509.7, "avgOrder": 26951, "maxScore": 538.0, "maxOrder": 19120, "zycc": "中俄合作办学", "fsx": 477.0}], "sszygradeList": [{"remarks": "", "schcode": "", "sex": "", "campus": "", "nf": "2019", "klmc": "理工", "ssmc": "黑龙江", "zylx": "中俄合作办学", "zymc": "金融学（中俄合作办学）", "maxScore": 538.0, "minScore": 511.0, "avgScore": 518.7, "avgOrder": 24391, "minOrder": 26674, "maxOrder": 19120, "kl": "", "ssdm": "23", "rs": 35, "zdx": 477.0, "ptx": 477.0, "zycc": "中俄合作办学", "fsx": 477.0}, {"remarks": "", "schcode": "", "sex": "", "campus": "", "nf": "2019", "klmc": "理工", "ssmc": "黑龙江", "zylx": "中俄合作办学", "zymc": "国际经济与贸易（中俄合作办学）", "maxScore": 521.0, "minScore": 502.0, "avgScore": 506.5, "avgOrder": 28132, "minOrder": 29347, "maxOrder": 23848, "kl": "", "ssdm": "23", "rs": 36, "zdx": 477.0, "ptx": 477.0, "zycc": "中俄合作办学", "fsx": 477.0}, {"remarks": "", "schcode": "", "sex": "", "campus": "", "nf": "2019", "klmc": "理工", "ssmc": "黑龙江", "zylx": "中俄合作办学", "zymc": "工商管理（中俄合作办学）", "maxScore": 524.0, "minScore": 500.0, "avgScore": 504.5, "avgOrder": 28421, "minOrder": 29946, "maxOrder": 23018, "kl": "", "ssdm": "23", "rs": 36, "zdx": 477.0, "ptx": 477.0, "zycc": "中俄合作办学", "fsx": 477.0}], "withYsl": false}, "jessionid": "be6fea6da6d947ea968a0aa03c8d00d3"}