{"state": 1, "msg": "操作成功", "data": {"zsSsgradeList": [{"remarks": "", "schcode": "", "sex": "", "campus": "", "nf": "2020", "klmc": "理工", "ssmc": "河南", "zylx": "国家专项", "kl": "5", "ssdm": "41", "rs": 21, "zdx": 544.0, "ptx": 544.0, "minScore": 608.0, "minOrder": 36876, "avgScore": 609.9, "avgOrder": 35130, "maxScore": 617.0, "maxOrder": 29485, "zycc": "国家专项", "fsx": 544.0}], "sszygradeList": [{"remarks": "", "schcode": "", "sex": "", "campus": "", "nf": "2020", "klmc": "理工", "ssmc": "河南", "zylx": "国家专项", "zymc": "种子科学与工程", "maxScore": 608.0, "minScore": 608.0, "avgScore": 608.0, "avgOrder": 36876, "minOrder": 36876, "maxOrder": 36876, "kl": "", "ssdm": "41", "rs": 2, "zdx": 544.0, "ptx": 544.0, "zycc": "国家专项", "fsx": 544.0}, {"remarks": "", "schcode": "", "sex": "", "campus": "", "nf": "2020", "klmc": "理工", "ssmc": "河南", "zylx": "国家专项", "zymc": "设施农业科学与工程", "maxScore": 608.0, "minScore": 608.0, "avgScore": 608.0, "avgOrder": 36876, "minOrder": 36876, "maxOrder": 36876, "kl": "", "ssdm": "41", "rs": 2, "zdx": 544.0, "ptx": 544.0, "zycc": "国家专项", "fsx": 544.0}, {"remarks": "", "schcode": "", "sex": "", "campus": "", "nf": "2020", "klmc": "理工", "ssmc": "河南", "zylx": "国家专项", "zymc": "环境科学与工程类", "maxScore": 609.0, "minScore": 608.0, "avgScore": 608.5, "avgOrder": 36876, "minOrder": 36876, "maxOrder": 35994, "kl": "", "ssdm": "41", "rs": 2, "zdx": 544.0, "ptx": 544.0, "zycc": "国家专项", "fsx": 544.0}, {"remarks": "", "schcode": "", "sex": "", "campus": "", "nf": "2020", "klmc": "理工", "ssmc": "河南", "zylx": "国家专项", "zymc": "机械类", "maxScore": 617.0, "minScore": 612.0, "avgScore": 614.0, "avgOrder": 31866, "minOrder": 33477, "maxOrder": 29485, "kl": "", "ssdm": "41", "rs": 3, "zdx": 544.0, "ptx": 544.0, "zycc": "国家专项", "fsx": 544.0}, {"remarks": "", "schcode": "", "sex": "", "campus": "", "nf": "2020", "klmc": "理工", "ssmc": "河南", "zylx": "国家专项", "zymc": "农业电气化", "maxScore": 612.0, "minScore": 609.0, "avgScore": 610.5, "avgOrder": 35130, "minOrder": 35994, "maxOrder": 33477, "kl": "", "ssdm": "41", "rs": 2, "zdx": 544.0, "ptx": 544.0, "zycc": "国家专项", "fsx": 544.0}, {"remarks": "", "schcode": "", "sex": "", "campus": "", "nf": "2020", "klmc": "理工", "ssmc": "河南", "zylx": "国家专项", "zymc": "金融学类", "maxScore": 610.0, "minScore": 610.0, "avgScore": 610.0, "avgOrder": 35130, "minOrder": 35130, "maxOrder": 35130, "kl": "", "ssdm": "41", "rs": 2, "zdx": 544.0, "ptx": 544.0, "zycc": "国家专项", "fsx": 544.0}, {"remarks": "", "schcode": "", "sex": "", "campus": "", "nf": "2020", "klmc": "理工", "ssmc": "河南", "zylx": "国家专项", "zymc": "生物工程类", "maxScore": 611.0, "minScore": 609.0, "avgScore": 610.0, "avgOrder": 35130, "minOrder": 35994, "maxOrder": 34290, "kl": "", "ssdm": "41", "rs": 2, "zdx": 544.0, "ptx": 544.0, "zycc": "国家专项", "fsx": 544.0}, {"remarks": "", "schcode": "", "sex": "", "campus": "", "nf": "2020", "klmc": "理工", "ssmc": "河南", "zylx": "国家专项", "zymc": "食品科学与工程类", "maxScore": 609.0, "minScore": 609.0, "avgScore": 609.0, "avgOrder": 35994, "minOrder": 35994, "maxOrder": 35994, "kl": "", "ssdm": "41", "rs": 2, "zdx": 544.0, "ptx": 544.0, "zycc": "国家专项", "fsx": 544.0}, {"remarks": "", "schcode": "", "sex": "", "campus": "", "nf": "2020", "klmc": "理工", "ssmc": "河南", "zylx": "国家专项", "zymc": "水利类", "maxScore": 610.0, "minScore": 608.0, "avgScore": 609.0, "avgOrder": 35994, "minOrder": 36876, "maxOrder": 35130, "kl": "", "ssdm": "41", "rs": 2, "zdx": 544.0, "ptx": 544.0, "zycc": "国家专项", "fsx": 544.0}, {"remarks": "", "schcode": "", "sex": "", "campus": "", "nf": "2020", "klmc": "理工", "ssmc": "河南", "zylx": "国家专项", "zymc": "统计学类", "maxScore": 610.0, "minScore": 609.0, "avgScore": 609.5, "avgOrder": 35130, "minOrder": 35994, "maxOrder": 35130, "kl": "", "ssdm": "41", "rs": 2, "zdx": 544.0, "ptx": 544.0, "zycc": "国家专项", "fsx": 544.0}], "withYsl": false}, "jessionid": "be6fea6da6d947ea968a0aa03c8d00d3"}