{"state": 1, "msg": "操作成功", "data": {"zsSsgradeList": [{"remarks": "", "schcode": "", "sex": "", "campus": "", "nf": "2017", "klmc": "文史", "ssmc": "新疆", "zylx": "国家专项", "kl": "1", "ssdm": "65", "rs": 1, "zdx": 486.0, "ptx": 486.0, "minScore": 488.0, "avgScore": 488.0, "maxScore": 488.0, "zycc": "国家专项", "fsx": 486.0}], "sszygradeList": [{"remarks": "", "schcode": "", "sex": "", "campus": "", "nf": "2017", "klmc": "文史", "ssmc": "新疆", "zylx": "国家专项", "zymc": "工商管理类（管理学Ⅱ）", "maxScore": 488.0, "minScore": 486.0, "avgScore": 487.0, "kl": "", "ssdm": "65", "rs": 2, "zdx": 486.0, "ptx": 486.0, "zycc": "国家专项", "fsx": 486.0}], "withYsl": false}, "jessionid": "be6fea6da6d947ea968a0aa03c8d00d3"}