{"state": 1, "msg": "操作成功", "data": {"zsSsgradeList": [{"remarks": "", "schcode": "", "sex": "", "campus": "", "nf": "2018", "klmc": "艺术(理)", "ssmc": "黑龙江", "zylx": "艺术批", "kl": "7", "ssdm": "23", "zycc": "艺术批"}], "sszygradeList": [{"remarks": "文化课成绩；控制线：理科223分，专业课233分", "schcode": "", "sex": "", "campus": "", "nf": "2018", "klmc": "艺术(理)", "ssmc": "黑龙江", "zylx": "艺术批", "zymc": "广播电视编导", "maxScore": 451.0, "minScore": 295.0, "avgScore": 348.0, "kl": "", "ssdm": "23", "rs": 3, "zycc": "艺术批"}, {"remarks": "文化课成绩；控制线：理科223分，专业课180分", "schcode": "", "sex": "", "campus": "", "nf": "2018", "klmc": "艺术(理)", "ssmc": "黑龙江", "zylx": "艺术批", "zymc": "视觉传达设计", "maxScore": 502.0, "minScore": 418.0, "avgScore": 460.0, "kl": "", "ssdm": "23", "rs": 2, "zycc": "艺术批"}, {"remarks": "文化课成绩；控制线：理科223分，专业课180分", "schcode": "", "sex": "", "campus": "", "nf": "2018", "klmc": "艺术(理)", "ssmc": "黑龙江", "zylx": "艺术批", "zymc": "环境设计", "maxScore": 519.0, "minScore": 319.0, "avgScore": 419.0, "kl": "", "ssdm": "23", "rs": 2, "zycc": "艺术批"}], "withYsl": false}, "jessionid": "be6fea6da6d947ea968a0aa03c8d00d3"}