{"state": 1, "msg": "操作成功", "data": {"zsSsgradeList": [{"remarks": "", "schcode": "", "sex": "", "campus": "", "nf": "2018", "klmc": "艺术(文)", "ssmc": "黑龙江", "zylx": "艺术批", "kl": "3", "ssdm": "23", "zycc": "艺术批"}], "sszygradeList": [{"remarks": "文化课成绩；控制线：文科240分，专业课233分", "schcode": "", "sex": "", "campus": "", "nf": "2018", "klmc": "艺术(文)", "ssmc": "黑龙江", "zylx": "艺术批", "zymc": "广播电视编导", "maxScore": 499.0, "minScore": 424.0, "avgScore": 453.4, "kl": "", "ssdm": "23", "rs": 17, "zycc": "艺术批"}, {"remarks": "文化课成绩；控制线：文科240分，专业课180分", "schcode": "", "sex": "", "campus": "", "nf": "2018", "klmc": "艺术(文)", "ssmc": "黑龙江", "zylx": "艺术批", "zymc": "视觉传达设计", "maxScore": 511.0, "minScore": 287.0, "avgScore": 428.3, "kl": "", "ssdm": "23", "rs": 10, "zycc": "艺术批"}, {"remarks": "文化课成绩；控制线：文科240分，专业课180分", "schcode": "", "sex": "", "campus": "", "nf": "2018", "klmc": "艺术(文)", "ssmc": "黑龙江", "zylx": "艺术批", "zymc": "环境设计", "maxScore": 467.0, "minScore": 290.0, "avgScore": 411.3, "kl": "", "ssdm": "23", "rs": 6, "zycc": "艺术批"}], "withYsl": false}, "jessionid": "be6fea6da6d947ea968a0aa03c8d00d3"}