{"state": 1, "msg": "操作成功", "data": {"zsSsgradeList": [{"remarks": "", "schcode": "", "sex": "", "campus": "", "nf": "2020", "klmc": "文史", "ssmc": "云南", "zylx": "国家专项", "kl": "1", "ssdm": "53", "rs": 2, "zdx": 555.0, "ptx": 555.0, "minScore": 587.0, "minOrder": 4514, "avgScore": 591.0, "avgOrder": 4007, "maxScore": 595.0, "maxOrder": 3524, "zycc": "国家专项", "fsx": 555.0}], "sszygradeList": [{"remarks": "", "schcode": "", "sex": "", "campus": "", "nf": "2020", "klmc": "文史", "ssmc": "云南", "zylx": "国家专项", "zymc": "工商管理类", "maxScore": 595.0, "minScore": 587.0, "avgScore": 591.0, "avgOrder": 4007, "minOrder": 4514, "maxOrder": 3524, "kl": "", "ssdm": "53", "rs": 2, "zdx": 555.0, "ptx": 555.0, "zycc": "国家专项", "fsx": 555.0}], "withYsl": false}, "jessionid": "be6fea6da6d947ea968a0aa03c8d00d3"}