{"state": 1, "msg": "操作成功", "data": {"zsSsgradeList": [{"remarks": "", "schcode": "", "sex": "", "campus": "", "nf": "2020", "klmc": "理工", "ssmc": "贵州", "zylx": "普通类", "kl": "5", "ssdm": "52", "rs": 170, "zdx": 480.0, "ptx": 480.0, "minScore": 500.0, "minOrder": 34875, "avgScore": 509.8, "avgOrder": 30325, "maxScore": 557.0, "maxOrder": 14265, "zycc": "普通类", "fsx": 480.0}], "sszygradeList": [{"remarks": "", "schcode": "", "sex": "", "campus": "", "nf": "2020", "klmc": "理工", "ssmc": "贵州", "zylx": "普通类", "zymc": "风景园林", "maxScore": 514.0, "minScore": 503.0, "avgScore": 507.0, "avgOrder": 31651, "minOrder": 33494, "maxOrder": 28649, "kl": "", "ssdm": "52", "rs": 5, "zdx": 480.0, "ptx": 480.0, "zycc": "普通类", "fsx": 480.0}, {"remarks": "", "schcode": "", "sex": "", "campus": "", "nf": "2020", "klmc": "理工", "ssmc": "贵州", "zylx": "普通类", "zymc": "园艺", "maxScore": 520.0, "minScore": 502.0, "avgScore": 509.8, "avgOrder": 30325, "minOrder": 33955, "maxOrder": 26202, "kl": "", "ssdm": "52", "rs": 6, "zdx": 480.0, "ptx": 480.0, "zycc": "普通类", "fsx": 480.0}, {"remarks": "", "schcode": "", "sex": "", "campus": "", "nf": "2020", "klmc": "理工", "ssmc": "贵州", "zylx": "普通类", "zymc": "设施农业科学与工程", "maxScore": 504.0, "minScore": 501.0, "avgScore": 502.1, "avgOrder": 33955, "minOrder": 34429, "maxOrder": 33034, "kl": "", "ssdm": "52", "rs": 7, "zdx": 480.0, "ptx": 480.0, "zycc": "普通类", "fsx": 480.0}, {"remarks": "", "schcode": "", "sex": "", "campus": "", "nf": "2020", "klmc": "理工", "ssmc": "贵州", "zylx": "普通类", "zymc": "园林", "maxScore": 510.0, "minScore": 500.0, "avgScore": 506.5, "avgOrder": 32081, "minOrder": 34875, "maxOrder": 30325, "kl": "", "ssdm": "52", "rs": 4, "zdx": 480.0, "ptx": 480.0, "zycc": "普通类", "fsx": 480.0}, {"remarks": "", "schcode": "", "sex": "", "campus": "", "nf": "2020", "klmc": "理工", "ssmc": "贵州", "zylx": "普通类", "zymc": "应用气象学", "maxScore": 506.0, "minScore": 505.0, "avgScore": 505.5, "avgOrder": 32081, "minOrder": 32551, "maxOrder": 32081, "kl": "", "ssdm": "52", "rs": 2, "zdx": 480.0, "ptx": 480.0, "zycc": "普通类", "fsx": 480.0}, {"remarks": "", "schcode": "", "sex": "", "campus": "", "nf": "2020", "klmc": "理工", "ssmc": "贵州", "zylx": "普通类", "zymc": "生态学", "maxScore": 521.0, "minScore": 500.0, "avgScore": 510.0, "avgOrder": 30325, "minOrder": 34875, "maxOrder": 25833, "kl": "", "ssdm": "52", "rs": 3, "zdx": 480.0, "ptx": 480.0, "zycc": "普通类", "fsx": 480.0}, {"remarks": "", "schcode": "", "sex": "", "campus": "", "nf": "2020", "klmc": "理工", "ssmc": "贵州", "zylx": "普通类", "zymc": "环境科学与工程类", "maxScore": 518.0, "minScore": 500.0, "avgScore": 507.0, "avgOrder": 31651, "minOrder": 34875, "maxOrder": 27033, "kl": "", "ssdm": "52", "rs": 6, "zdx": 480.0, "ptx": 480.0, "zycc": "普通类", "fsx": 480.0}, {"remarks": "", "schcode": "", "sex": "", "campus": "", "nf": "2020", "klmc": "理工", "ssmc": "贵州", "zylx": "普通类", "zymc": "自然保护与环境生态类", "maxScore": 511.0, "minScore": 500.0, "avgScore": 506.1, "avgOrder": 32081, "minOrder": 34875, "maxOrder": 29897, "kl": "", "ssdm": "52", "rs": 7, "zdx": 480.0, "ptx": 480.0, "zycc": "普通类", "fsx": 480.0}, {"remarks": "", "schcode": "", "sex": "", "campus": "", "nf": "2020", "klmc": "理工", "ssmc": "贵州", "zylx": "普通类", "zymc": "动物科学", "maxScore": 508.0, "minScore": 505.0, "avgScore": 506.4, "avgOrder": 32081, "minOrder": 32551, "maxOrder": 31192, "kl": "", "ssdm": "52", "rs": 5, "zdx": 480.0, "ptx": 480.0, "zycc": "普通类", "fsx": 480.0}, {"remarks": "", "schcode": "", "sex": "", "campus": "", "nf": "2020", "klmc": "理工", "ssmc": "贵州", "zylx": "普通类", "zymc": "水产养殖学", "maxScore": 514.0, "minScore": 507.0, "avgScore": 510.5, "avgOrder": 30325, "minOrder": 31651, "maxOrder": 28649, "kl": "", "ssdm": "52", "rs": 2, "zdx": 480.0, "ptx": 480.0, "zycc": "普通类", "fsx": 480.0}, {"remarks": "", "schcode": "", "sex": "", "campus": "", "nf": "2020", "klmc": "理工", "ssmc": "贵州", "zylx": "普通类", "zymc": "草业科学", "maxScore": 501.0, "minScore": 500.0, "avgScore": 500.5, "avgOrder": 34875, "minOrder": 34875, "maxOrder": 34429, "kl": "", "ssdm": "52", "rs": 2, "zdx": 480.0, "ptx": 480.0, "zycc": "普通类", "fsx": 480.0}, {"remarks": "", "schcode": "", "sex": "", "campus": "", "nf": "2020", "klmc": "理工", "ssmc": "贵州", "zylx": "普通类", "zymc": "动物医学", "maxScore": 547.0, "minScore": 506.0, "avgScore": 514.4, "avgOrder": 28649, "minOrder": 32081, "maxOrder": 16976, "kl": "", "ssdm": "52", "rs": 5, "zdx": 480.0, "ptx": 480.0, "zycc": "普通类", "fsx": 480.0}, {"remarks": "", "schcode": "", "sex": "", "campus": "", "nf": "2020", "klmc": "理工", "ssmc": "贵州", "zylx": "普通类", "zymc": "机械类", "maxScore": 523.0, "minScore": 502.0, "avgScore": 511.8, "avgOrder": 29486, "minOrder": 33955, "maxOrder": 25057, "kl": "", "ssdm": "52", "rs": 10, "zdx": 480.0, "ptx": 480.0, "zycc": "普通类", "fsx": 480.0}, {"remarks": "", "schcode": "", "sex": "", "campus": "", "nf": "2020", "klmc": "理工", "ssmc": "贵州", "zylx": "普通类", "zymc": "能源动力类", "maxScore": 522.0, "minScore": 501.0, "avgScore": 506.7, "avgOrder": 31651, "minOrder": 34429, "maxOrder": 25447, "kl": "", "ssdm": "52", "rs": 6, "zdx": 480.0, "ptx": 480.0, "zycc": "普通类", "fsx": 480.0}, {"remarks": "", "schcode": "", "sex": "", "campus": "", "nf": "2020", "klmc": "理工", "ssmc": "贵州", "zylx": "普通类", "zymc": "工业工程类", "maxScore": 512.0, "minScore": 500.0, "avgScore": 506.2, "avgOrder": 32081, "minOrder": 34875, "maxOrder": 29486, "kl": "", "ssdm": "52", "rs": 6, "zdx": 480.0, "ptx": 480.0, "zycc": "普通类", "fsx": 480.0}, {"remarks": "", "schcode": "", "sex": "", "campus": "", "nf": "2020", "klmc": "理工", "ssmc": "贵州", "zylx": "普通类", "zymc": "电气工程及其自动化", "maxScore": 515.0, "minScore": 514.0, "avgScore": 514.3, "avgOrder": 28649, "minOrder": 28649, "maxOrder": 28248, "kl": "", "ssdm": "52", "rs": 3, "zdx": 480.0, "ptx": 480.0, "zycc": "普通类", "fsx": 480.0}, {"remarks": "", "schcode": "", "sex": "", "campus": "", "nf": "2020", "klmc": "理工", "ssmc": "贵州", "zylx": "普通类", "zymc": "计算机科学与技术", "maxScore": 535.0, "minScore": 522.0, "avgScore": 527.2, "avgOrder": 23598, "minOrder": 25447, "maxOrder": 20836, "kl": "", "ssdm": "52", "rs": 4, "zdx": 480.0, "ptx": 480.0, "zycc": "普通类", "fsx": 480.0}, {"remarks": "", "schcode": "", "sex": "", "campus": "", "nf": "2020", "klmc": "理工", "ssmc": "贵州", "zylx": "普通类", "zymc": "软件工程", "maxScore": 520.0, "minScore": 515.0, "avgScore": 516.5, "avgOrder": 27829, "minOrder": 28248, "maxOrder": 26202, "kl": "", "ssdm": "52", "rs": 6, "zdx": 480.0, "ptx": 480.0, "zycc": "普通类", "fsx": 480.0}, {"remarks": "", "schcode": "", "sex": "", "campus": "", "nf": "2020", "klmc": "理工", "ssmc": "贵州", "zylx": "普通类", "zymc": "物联网工程", "maxScore": 514.0, "minScore": 512.0, "avgScore": 513.5, "avgOrder": 28649, "minOrder": 29486, "maxOrder": 28649, "kl": "", "ssdm": "52", "rs": 4, "zdx": 480.0, "ptx": 480.0, "zycc": "普通类", "fsx": 480.0}, {"remarks": "", "schcode": "", "sex": "", "campus": "", "nf": "2020", "klmc": "理工", "ssmc": "贵州", "zylx": "普通类", "zymc": "农业电气化", "maxScore": 510.0, "minScore": 501.0, "avgScore": 505.5, "avgOrder": 32081, "minOrder": 34429, "maxOrder": 30325, "kl": "", "ssdm": "52", "rs": 2, "zdx": 480.0, "ptx": 480.0, "zycc": "普通类", "fsx": 480.0}, {"remarks": "", "schcode": "", "sex": "", "campus": "", "nf": "2020", "klmc": "理工", "ssmc": "贵州", "zylx": "普通类", "zymc": "金融学类", "maxScore": 548.0, "minScore": 507.0, "avgScore": 514.7, "avgOrder": 28248, "minOrder": 31651, "maxOrder": 16691, "kl": "", "ssdm": "52", "rs": 12, "zdx": 480.0, "ptx": 480.0, "zycc": "普通类", "fsx": 480.0}, {"remarks": "", "schcode": "", "sex": "", "campus": "", "nf": "2020", "klmc": "理工", "ssmc": "贵州", "zylx": "普通类", "zymc": "生物科学类", "maxScore": 537.0, "minScore": 508.0, "avgScore": 517.2, "avgOrder": 27431, "minOrder": 31192, "maxOrder": 20147, "kl": "", "ssdm": "52", "rs": 4, "zdx": 480.0, "ptx": 480.0, "zycc": "普通类", "fsx": 480.0}, {"remarks": "", "schcode": "", "sex": "", "campus": "", "nf": "2020", "klmc": "理工", "ssmc": "贵州", "zylx": "普通类", "zymc": "生物工程类", "maxScore": 517.0, "minScore": 503.0, "avgScore": 510.2, "avgOrder": 30325, "minOrder": 33494, "maxOrder": 27431, "kl": "", "ssdm": "52", "rs": 4, "zdx": 480.0, "ptx": 480.0, "zycc": "普通类", "fsx": 480.0}, {"remarks": "", "schcode": "", "sex": "", "campus": "", "nf": "2020", "klmc": "理工", "ssmc": "贵州", "zylx": "普通类", "zymc": "食品科学与工程类", "maxScore": 557.0, "minScore": 501.0, "avgScore": 510.1, "avgOrder": 30325, "minOrder": 34429, "maxOrder": 14265, "kl": "", "ssdm": "52", "rs": 12, "zdx": 480.0, "ptx": 480.0, "zycc": "普通类", "fsx": 480.0}, {"remarks": "", "schcode": "", "sex": "", "campus": "", "nf": "2020", "klmc": "理工", "ssmc": "贵州", "zylx": "普通类", "zymc": "人文地理与城乡规划", "maxScore": 504.0, "minScore": 501.0, "avgScore": 502.8, "avgOrder": 33494, "minOrder": 34429, "maxOrder": 33034, "kl": "", "ssdm": "52", "rs": 4, "zdx": 480.0, "ptx": 480.0, "zycc": "普通类", "fsx": 480.0}, {"remarks": "", "schcode": "", "sex": "", "campus": "", "nf": "2020", "klmc": "理工", "ssmc": "贵州", "zylx": "普通类", "zymc": "土地整治工程", "maxScore": 529.0, "minScore": 503.0, "avgScore": 512.3, "avgOrder": 29486, "minOrder": 33494, "maxOrder": 22872, "kl": "", "ssdm": "52", "rs": 3, "zdx": 480.0, "ptx": 480.0, "zycc": "普通类", "fsx": 480.0}, {"remarks": "", "schcode": "", "sex": "", "campus": "", "nf": "2020", "klmc": "理工", "ssmc": "贵州", "zylx": "普通类", "zymc": "土地资源管理", "maxScore": 522.0, "minScore": 500.0, "avgScore": 508.0, "avgOrder": 31192, "minOrder": 34875, "maxOrder": 25447, "kl": "", "ssdm": "52", "rs": 4, "zdx": 480.0, "ptx": 480.0, "zycc": "普通类", "fsx": 480.0}, {"remarks": "", "schcode": "", "sex": "", "campus": "", "nf": "2020", "klmc": "理工", "ssmc": "贵州", "zylx": "普通类", "zymc": "水利类", "maxScore": 520.0, "minScore": 501.0, "avgScore": 511.1, "avgOrder": 29897, "minOrder": 34429, "maxOrder": 26202, "kl": "", "ssdm": "52", "rs": 8, "zdx": 480.0, "ptx": 480.0, "zycc": "普通类", "fsx": 480.0}, {"remarks": "", "schcode": "", "sex": "", "campus": "", "nf": "2020", "klmc": "理工", "ssmc": "贵州", "zylx": "普通类", "zymc": "土木工程", "maxScore": 515.0, "minScore": 508.0, "avgScore": 512.2, "avgOrder": 29486, "minOrder": 31192, "maxOrder": 28248, "kl": "", "ssdm": "52", "rs": 6, "zdx": 480.0, "ptx": 480.0, "zycc": "普通类", "fsx": 480.0}, {"remarks": "", "schcode": "", "sex": "", "campus": "", "nf": "2020", "klmc": "理工", "ssmc": "贵州", "zylx": "普通类", "zymc": "工程管理", "maxScore": 518.0, "minScore": 504.0, "avgScore": 509.3, "avgOrder": 30752, "minOrder": 33034, "maxOrder": 27033, "kl": "", "ssdm": "52", "rs": 6, "zdx": 480.0, "ptx": 480.0, "zycc": "普通类", "fsx": 480.0}, {"remarks": "", "schcode": "", "sex": "", "campus": "", "nf": "2020", "klmc": "理工", "ssmc": "贵州", "zylx": "普通类", "zymc": "统计学类", "maxScore": 510.0, "minScore": 502.0, "avgScore": 504.7, "avgOrder": 32551, "minOrder": 33955, "maxOrder": 30325, "kl": "", "ssdm": "52", "rs": 6, "zdx": 480.0, "ptx": 480.0, "zycc": "普通类", "fsx": 480.0}, {"remarks": "", "schcode": "", "sex": "", "campus": "", "nf": "2020", "klmc": "理工", "ssmc": "贵州", "zylx": "普通类", "zymc": "应用化学", "maxScore": 509.0, "minScore": 504.0, "avgScore": 505.7, "avgOrder": 32081, "minOrder": 33034, "maxOrder": 30752, "kl": "", "ssdm": "52", "rs": 3, "zdx": 480.0, "ptx": 480.0, "zycc": "普通类", "fsx": 480.0}, {"remarks": "", "schcode": "", "sex": "", "campus": "", "nf": "2020", "klmc": "理工", "ssmc": "贵州", "zylx": "普通类", "zymc": "化学生物学", "maxScore": 505.0, "minScore": 503.0, "avgScore": 504.3, "avgOrder": 33034, "minOrder": 33494, "maxOrder": 32551, "kl": "", "ssdm": "52", "rs": 3, "zdx": 480.0, "ptx": 480.0, "zycc": "普通类", "fsx": 480.0}], "withYsl": false}, "jessionid": "be6fea6da6d947ea968a0aa03c8d00d3"}