{"state": 1, "msg": "操作成功", "data": {"zsSsgradeList": [{"remarks": "", "schcode": "", "sex": "", "campus": "", "nf": "2020", "klmc": "理工", "ssmc": "黑龙江", "zylx": "中美121项目", "kl": "5", "ssdm": "23", "rs": 36, "zdx": 455.0, "ptx": 455.0, "minScore": 456.0, "minOrder": 38868, "avgScore": 480.9, "avgOrder": 31275, "maxScore": 520.0, "maxOrder": 20907, "zycc": "中美121项目", "fsx": 455.0}], "sszygradeList": [{"remarks": "", "schcode": "", "sex": "", "campus": "", "nf": "2020", "klmc": "理工", "ssmc": "黑龙江", "zylx": "中美121项目", "zymc": "生物科学（中美121双学位项目）", "maxScore": 490.0, "minScore": 455.0, "avgScore": 474.1, "avgOrder": 33444, "minOrder": 39172, "maxOrder": 28709, "kl": "", "ssdm": "23", "rs": 17, "zdx": 455.0, "ptx": 455.0, "zycc": "中美121项目", "fsx": 455.0}, {"remarks": "", "schcode": "", "sex": "", "campus": "", "nf": "2020", "klmc": "理工", "ssmc": "黑龙江", "zylx": "中美121项目", "zymc": "食品科学与工程（中美121双学位项目）", "maxScore": 502.0, "minScore": 456.0, "avgScore": 478.5, "avgOrder": 31894, "minOrder": 38868, "maxOrder": 25462, "kl": "", "ssdm": "23", "rs": 17, "zdx": 455.0, "ptx": 455.0, "zycc": "中美121项目", "fsx": 455.0}, {"remarks": "", "schcode": "", "sex": "", "campus": "", "nf": "2020", "klmc": "理工", "ssmc": "黑龙江", "zylx": "中美121项目", "zymc": "动物科学（中美121双学位项目）", "maxScore": 520.0, "minScore": 455.0, "avgScore": 476.9, "avgOrder": 32524, "minOrder": 39172, "maxOrder": 20907, "kl": "", "ssdm": "23", "rs": 14, "zdx": 455.0, "ptx": 455.0, "zycc": "中美121项目", "fsx": 455.0}, {"remarks": "", "schcode": "", "sex": "", "campus": "", "nf": "2020", "klmc": "理工", "ssmc": "黑龙江", "zylx": "中美121项目", "zymc": "工商管理（中美121双学位项目）", "maxScore": 501.0, "minScore": 469.0, "avgScore": 482.9, "avgOrder": 30662, "minOrder": 34936, "maxOrder": 25718, "kl": "", "ssdm": "23", "rs": 9, "zdx": 455.0, "ptx": 455.0, "zycc": "中美121项目", "fsx": 455.0}], "withYsl": false}, "jessionid": "be6fea6da6d947ea968a0aa03c8d00d3"}