{"state": 1, "msg": "操作成功", "data": {"zsSsgradeList": [{"remarks": "", "schcode": "", "sex": "", "campus": "", "nf": "2017", "klmc": "理工", "ssmc": "四川", "zylx": "普通类", "kl": "5", "ssdm": "51", "rs": 82, "zdx": 511.0, "ptx": 511.0, "minScore": 539.0, "minOrder": 46422, "avgScore": 547.3, "avgOrder": 39872, "maxScore": 564.0, "maxOrder": 28121, "zycc": "普通类", "fsx": 511.0}], "sszygradeList": [{"remarks": "", "schcode": "", "sex": "", "campus": "", "nf": "2017", "klmc": "理工", "ssmc": "四川", "zylx": "普通类", "zymc": "植物生产类（Ⅰ）", "maxScore": 547.0, "minScore": 540.0, "avgScore": 542.7, "avgOrder": 43061, "minOrder": 45616, "maxOrder": 39872, "kl": "", "ssdm": "51", "rs": 3, "zdx": 511.0, "ptx": 511.0, "zycc": "普通类", "fsx": 511.0}, {"remarks": "", "schcode": "", "sex": "", "campus": "", "nf": "2017", "klmc": "理工", "ssmc": "四川", "zylx": "普通类", "zymc": "风景园林", "maxScore": 559.0, "minScore": 556.0, "avgScore": 557.3, "avgOrder": 32668, "minOrder": 33350, "maxOrder": 31295, "kl": "", "ssdm": "51", "rs": 3, "zdx": 511.0, "ptx": 511.0, "zycc": "普通类", "fsx": 511.0}, {"remarks": "", "schcode": "", "sex": "", "campus": "", "nf": "2017", "klmc": "理工", "ssmc": "四川", "zylx": "普通类", "zymc": "植物生产类（Ⅱ）", "maxScore": 553.0, "minScore": 540.0, "avgScore": 544.6, "avgOrder": 41436, "minOrder": 45616, "maxOrder": 35449, "kl": "", "ssdm": "51", "rs": 5, "zdx": 511.0, "ptx": 511.0, "zycc": "普通类", "fsx": 511.0}, {"remarks": "", "schcode": "", "sex": "", "campus": "", "nf": "2017", "klmc": "理工", "ssmc": "四川", "zylx": "普通类", "zymc": "园林", "maxScore": 542.0, "minScore": 540.0, "avgScore": 541.0, "avgOrder": 44758, "minOrder": 45616, "maxOrder": 43872, "kl": "", "ssdm": "51", "rs": 3, "zdx": 511.0, "ptx": 511.0, "zycc": "普通类", "fsx": 511.0}, {"remarks": "", "schcode": "", "sex": "", "campus": "", "nf": "2017", "klmc": "理工", "ssmc": "四川", "zylx": "普通类", "zymc": "生态学", "maxScore": 542.0, "minScore": 540.0, "avgScore": 541.0, "avgOrder": 44758, "minOrder": 45616, "maxOrder": 43872, "kl": "", "ssdm": "51", "rs": 2, "zdx": 511.0, "ptx": 511.0, "zycc": "普通类", "fsx": 511.0}, {"remarks": "", "schcode": "", "sex": "", "campus": "", "nf": "2017", "klmc": "理工", "ssmc": "四川", "zylx": "普通类", "zymc": "环境科学与工程类", "maxScore": 556.0, "minScore": 542.0, "avgScore": 548.3, "avgOrder": 39106, "minOrder": 43872, "maxOrder": 33350, "kl": "", "ssdm": "51", "rs": 3, "zdx": 511.0, "ptx": 511.0, "zycc": "普通类", "fsx": 511.0}, {"remarks": "", "schcode": "", "sex": "", "campus": "", "nf": "2017", "klmc": "理工", "ssmc": "四川", "zylx": "普通类", "zymc": "自然保护与环境生态类（农学）", "maxScore": 548.0, "minScore": 540.0, "avgScore": 542.2, "avgOrder": 43872, "minOrder": 45616, "maxOrder": 39106, "kl": "", "ssdm": "51", "rs": 4, "zdx": 511.0, "ptx": 511.0, "zycc": "普通类", "fsx": 511.0}, {"remarks": "", "schcode": "", "sex": "", "campus": "", "nf": "2017", "klmc": "理工", "ssmc": "四川", "zylx": "普通类", "zymc": "动物科学", "maxScore": 557.0, "minScore": 541.0, "avgScore": 547.7, "avgOrder": 39106, "minOrder": 44758, "maxOrder": 32668, "kl": "", "ssdm": "51", "rs": 3, "zdx": 511.0, "ptx": 511.0, "zycc": "普通类", "fsx": 511.0}, {"remarks": "", "schcode": "", "sex": "", "campus": "", "nf": "2017", "klmc": "理工", "ssmc": "四川", "zylx": "普通类", "zymc": "水产养殖学", "maxScore": 544.0, "minScore": 543.0, "avgScore": 543.5, "avgOrder": 42247, "minOrder": 43061, "maxOrder": 42247, "kl": "", "ssdm": "51", "rs": 2, "zdx": 511.0, "ptx": 511.0, "zycc": "普通类", "fsx": 511.0}, {"remarks": "", "schcode": "", "sex": "", "campus": "", "nf": "2017", "klmc": "理工", "ssmc": "四川", "zylx": "普通类", "zymc": "动物医学", "maxScore": 554.0, "minScore": 543.0, "avgScore": 550.0, "avgOrder": 37628, "minOrder": 43061, "maxOrder": 34737, "kl": "", "ssdm": "51", "rs": 3, "zdx": 511.0, "ptx": 511.0, "zycc": "普通类", "fsx": 511.0}, {"remarks": "", "schcode": "", "sex": "", "campus": "", "nf": "2017", "klmc": "理工", "ssmc": "四川", "zylx": "普通类", "zymc": "机械类（工学Ⅰ）", "maxScore": 563.0, "minScore": 552.0, "avgScore": 557.0, "avgOrder": 32668, "minOrder": 36193, "maxOrder": 28770, "kl": "", "ssdm": "51", "rs": 3, "zdx": 511.0, "ptx": 511.0, "zycc": "普通类", "fsx": 511.0}, {"remarks": "", "schcode": "", "sex": "", "campus": "", "nf": "2017", "klmc": "理工", "ssmc": "四川", "zylx": "普通类", "zymc": "能源动力类（工学Ⅱ）", "maxScore": 546.0, "minScore": 540.0, "avgScore": 543.0, "avgOrder": 43061, "minOrder": 45616, "maxOrder": 40692, "kl": "", "ssdm": "51", "rs": 2, "zdx": 511.0, "ptx": 511.0, "zycc": "普通类", "fsx": 511.0}, {"remarks": "", "schcode": "", "sex": "", "campus": "", "nf": "2017", "klmc": "理工", "ssmc": "四川", "zylx": "普通类", "zymc": "电气类（工学Ⅲ）", "maxScore": 560.0, "minScore": 549.0, "avgScore": 553.7, "avgOrder": 34737, "minOrder": 38371, "maxOrder": 30635, "kl": "", "ssdm": "51", "rs": 3, "zdx": 511.0, "ptx": 511.0, "zycc": "普通类", "fsx": 511.0}, {"remarks": "", "schcode": "", "sex": "", "campus": "", "nf": "2017", "klmc": "理工", "ssmc": "四川", "zylx": "普通类", "zymc": "计算机类", "maxScore": 564.0, "minScore": 554.0, "avgScore": 559.0, "avgOrder": 31295, "minOrder": 34737, "maxOrder": 28121, "kl": "", "ssdm": "51", "rs": 3, "zdx": 511.0, "ptx": 511.0, "zycc": "普通类", "fsx": 511.0}, {"remarks": "", "schcode": "", "sex": "", "campus": "", "nf": "2017", "klmc": "理工", "ssmc": "四川", "zylx": "普通类", "zymc": "金融学类（经济学）", "maxScore": 560.0, "minScore": 552.0, "avgScore": 555.6, "avgOrder": 33350, "minOrder": 36193, "maxOrder": 30635, "kl": "", "ssdm": "51", "rs": 5, "zdx": 511.0, "ptx": 511.0, "zycc": "普通类", "fsx": 511.0}, {"remarks": "", "schcode": "", "sex": "", "campus": "", "nf": "2017", "klmc": "理工", "ssmc": "四川", "zylx": "普通类", "zymc": "生物科学类", "maxScore": 557.0, "minScore": 553.0, "avgScore": 555.0, "avgOrder": 34052, "minOrder": 35449, "maxOrder": 32668, "kl": "", "ssdm": "51", "rs": 2, "zdx": 511.0, "ptx": 511.0, "zycc": "普通类", "fsx": 511.0}, {"remarks": "", "schcode": "", "sex": "", "campus": "", "nf": "2017", "klmc": "理工", "ssmc": "四川", "zylx": "普通类", "zymc": "生物工程类（工学Ⅳ）", "maxScore": 541.0, "minScore": 540.0, "avgScore": 540.5, "avgOrder": 44758, "minOrder": 45616, "maxOrder": 44758, "kl": "", "ssdm": "51", "rs": 2, "zdx": 511.0, "ptx": 511.0, "zycc": "普通类", "fsx": 511.0}, {"remarks": "", "schcode": "", "sex": "", "campus": "", "nf": "2017", "klmc": "理工", "ssmc": "四川", "zylx": "普通类", "zymc": "食品科学与工程类", "maxScore": 548.0, "minScore": 539.0, "avgScore": 541.9, "avgOrder": 43872, "minOrder": 46422, "maxOrder": 39106, "kl": "", "ssdm": "51", "rs": 9, "zdx": 511.0, "ptx": 511.0, "zycc": "普通类", "fsx": 511.0}, {"remarks": "", "schcode": "", "sex": "", "campus": "", "nf": "2017", "klmc": "理工", "ssmc": "四川", "zylx": "普通类", "zymc": "人文地理与城乡规划", "maxScore": 551.0, "minScore": 540.0, "avgScore": 545.5, "avgOrder": 40692, "minOrder": 45616, "maxOrder": 36921, "kl": "", "ssdm": "51", "rs": 2, "zdx": 511.0, "ptx": 511.0, "zycc": "普通类", "fsx": 511.0}, {"remarks": "", "schcode": "", "sex": "", "campus": "", "nf": "2017", "klmc": "理工", "ssmc": "四川", "zylx": "普通类", "zymc": "土地资源管理", "maxScore": 543.0, "minScore": 541.0, "avgScore": 542.0, "avgOrder": 43872, "minOrder": 44758, "maxOrder": 43061, "kl": "", "ssdm": "51", "rs": 2, "zdx": 511.0, "ptx": 511.0, "zycc": "普通类", "fsx": 511.0}, {"remarks": "", "schcode": "", "sex": "", "campus": "", "nf": "2017", "klmc": "理工", "ssmc": "四川", "zylx": "普通类", "zymc": "水利类（工学Ⅴ）", "maxScore": 571.0, "minScore": 540.0, "avgScore": 547.4, "avgOrder": 39872, "minOrder": 45616, "maxOrder": 23978, "kl": "", "ssdm": "51", "rs": 7, "zdx": 511.0, "ptx": 511.0, "zycc": "普通类", "fsx": 511.0}, {"remarks": "", "schcode": "", "sex": "", "campus": "", "nf": "2017", "klmc": "理工", "ssmc": "四川", "zylx": "普通类", "zymc": "土木工程", "maxScore": 558.0, "minScore": 545.0, "avgScore": 550.7, "avgOrder": 36921, "minOrder": 41436, "maxOrder": 31995, "kl": "", "ssdm": "51", "rs": 3, "zdx": 511.0, "ptx": 511.0, "zycc": "普通类", "fsx": 511.0}, {"remarks": "", "schcode": "", "sex": "", "campus": "", "nf": "2017", "klmc": "理工", "ssmc": "四川", "zylx": "普通类", "zymc": "工程管理", "maxScore": 550.0, "minScore": 540.0, "avgScore": 545.0, "avgOrder": 41436, "minOrder": 45616, "maxOrder": 37628, "kl": "", "ssdm": "51", "rs": 3, "zdx": 511.0, "ptx": 511.0, "zycc": "普通类", "fsx": 511.0}, {"remarks": "", "schcode": "", "sex": "", "campus": "", "nf": "2017", "klmc": "理工", "ssmc": "四川", "zylx": "普通类", "zymc": "统计学类（理学）", "maxScore": 551.0, "minScore": 544.0, "avgScore": 547.8, "avgOrder": 39106, "minOrder": 42247, "maxOrder": 36921, "kl": "", "ssdm": "51", "rs": 4, "zdx": 511.0, "ptx": 511.0, "zycc": "普通类", "fsx": 511.0}, {"remarks": "", "schcode": "", "sex": "", "campus": "", "nf": "2017", "klmc": "理工", "ssmc": "四川", "zylx": "普通类", "zymc": "应用化学", "maxScore": 560.0, "minScore": 544.0, "avgScore": 552.0, "avgOrder": 36193, "minOrder": 42247, "maxOrder": 30635, "kl": "", "ssdm": "51", "rs": 2, "zdx": 511.0, "ptx": 511.0, "zycc": "普通类", "fsx": 511.0}], "withYsl": false}, "jessionid": "be6fea6da6d947ea968a0aa03c8d00d3"}