{"state": 1, "msg": "操作成功", "data": {"zsSsgradeList": [{"remarks": "", "schcode": "", "sex": "", "campus": "", "nf": "2017", "klmc": "理工", "ssmc": "甘肃", "zylx": "普通类", "kl": "5", "ssdm": "62", "rs": 42, "zdx": 460.0, "ptx": 460.0, "minScore": 485.0, "minOrder": 18987, "avgScore": 489.7, "avgOrder": 17322, "maxScore": 503.0, "maxOrder": 13737, "zycc": "普通类", "fsx": 460.0}], "sszygradeList": [{"remarks": "", "schcode": "", "sex": "", "campus": "", "nf": "2017", "klmc": "理工", "ssmc": "甘肃", "zylx": "普通类", "zymc": "植物生产类（Ⅰ）", "maxScore": 486.0, "minScore": 485.0, "avgScore": 485.3, "avgOrder": 18987, "minOrder": 18987, "maxOrder": 18649, "kl": "", "ssdm": "62", "rs": 3, "zdx": 460.0, "ptx": 460.0, "zycc": "普通类", "fsx": 460.0}, {"remarks": "", "schcode": "", "sex": "", "campus": "", "nf": "2017", "klmc": "理工", "ssmc": "甘肃", "zylx": "普通类", "zymc": "风景园林", "maxScore": 488.0, "minScore": 487.0, "avgScore": 487.3, "avgOrder": 18300, "minOrder": 18300, "maxOrder": 17968, "kl": "", "ssdm": "62", "rs": 3, "zdx": 460.0, "ptx": 460.0, "zycc": "普通类", "fsx": 460.0}, {"remarks": "", "schcode": "", "sex": "", "campus": "", "nf": "2017", "klmc": "理工", "ssmc": "甘肃", "zylx": "普通类", "zymc": "自然保护与环境生态类（农学）", "maxScore": 517.0, "minScore": 487.0, "avgScore": 498.7, "avgOrder": 14812, "minOrder": 18300, "maxOrder": 10539, "kl": "", "ssdm": "62", "rs": 3, "zdx": 460.0, "ptx": 460.0, "zycc": "普通类", "fsx": 460.0}, {"remarks": "", "schcode": "", "sex": "", "campus": "", "nf": "2017", "klmc": "理工", "ssmc": "甘肃", "zylx": "普通类", "zymc": "动物科学", "maxScore": 486.0, "minScore": 485.0, "avgScore": 485.3, "avgOrder": 18987, "minOrder": 18987, "maxOrder": 18649, "kl": "", "ssdm": "62", "rs": 3, "zdx": 460.0, "ptx": 460.0, "zycc": "普通类", "fsx": 460.0}, {"remarks": "", "schcode": "", "sex": "", "campus": "", "nf": "2017", "klmc": "理工", "ssmc": "甘肃", "zylx": "普通类", "zymc": "动物医学", "maxScore": 493.0, "minScore": 491.0, "avgScore": 492.0, "avgOrder": 16764, "minOrder": 17042, "maxOrder": 16473, "kl": "", "ssdm": "62", "rs": 2, "zdx": 460.0, "ptx": 460.0, "zycc": "普通类", "fsx": 460.0}, {"remarks": "", "schcode": "", "sex": "", "campus": "", "nf": "2017", "klmc": "理工", "ssmc": "甘肃", "zylx": "普通类", "zymc": "动物药学", "maxScore": 486.0, "minScore": 486.0, "avgScore": 486.0, "avgOrder": 18649, "minOrder": 18649, "maxOrder": 18649, "kl": "", "ssdm": "62", "rs": 2, "zdx": 460.0, "ptx": 460.0, "zycc": "普通类", "fsx": 460.0}, {"remarks": "", "schcode": "", "sex": "", "campus": "", "nf": "2017", "klmc": "理工", "ssmc": "甘肃", "zylx": "普通类", "zymc": "机械类（工学Ⅰ）", "maxScore": 493.0, "minScore": 491.0, "avgScore": 492.0, "avgOrder": 16764, "minOrder": 17042, "maxOrder": 16473, "kl": "", "ssdm": "62", "rs": 3, "zdx": 460.0, "ptx": 460.0, "zycc": "普通类", "fsx": 460.0}, {"remarks": "", "schcode": "", "sex": "", "campus": "", "nf": "2017", "klmc": "理工", "ssmc": "甘肃", "zylx": "普通类", "zymc": "能源动力类（工学Ⅱ）", "maxScore": 490.0, "minScore": 487.0, "avgScore": 488.5, "avgOrder": 17621, "minOrder": 18300, "maxOrder": 17322, "kl": "", "ssdm": "62", "rs": 2, "zdx": 460.0, "ptx": 460.0, "zycc": "普通类", "fsx": 460.0}, {"remarks": "", "schcode": "", "sex": "", "campus": "", "nf": "2017", "klmc": "理工", "ssmc": "甘肃", "zylx": "普通类", "zymc": "电气类（工学Ⅲ）", "maxScore": 493.0, "minScore": 492.0, "avgScore": 492.5, "avgOrder": 16473, "minOrder": 16764, "maxOrder": 16473, "kl": "", "ssdm": "62", "rs": 2, "zdx": 460.0, "ptx": 460.0, "zycc": "普通类", "fsx": 460.0}, {"remarks": "", "schcode": "", "sex": "", "campus": "", "nf": "2017", "klmc": "理工", "ssmc": "甘肃", "zylx": "普通类", "zymc": "计算机类", "maxScore": 499.0, "minScore": 488.0, "avgScore": 493.3, "avgOrder": 16473, "minOrder": 17968, "maxOrder": 14812, "kl": "", "ssdm": "62", "rs": 3, "zdx": 460.0, "ptx": 460.0, "zycc": "普通类", "fsx": 460.0}, {"remarks": "", "schcode": "", "sex": "", "campus": "", "nf": "2017", "klmc": "理工", "ssmc": "甘肃", "zylx": "普通类", "zymc": "金融学类（经济学）", "maxScore": 501.0, "minScore": 494.0, "avgScore": 497.5, "avgOrder": 15074, "minOrder": 16189, "maxOrder": 14269, "kl": "", "ssdm": "62", "rs": 2, "zdx": 460.0, "ptx": 460.0, "zycc": "普通类", "fsx": 460.0}, {"remarks": "", "schcode": "", "sex": "", "campus": "", "nf": "2017", "klmc": "理工", "ssmc": "甘肃", "zylx": "普通类", "zymc": "生物科学类", "maxScore": 490.0, "minScore": 489.0, "avgScore": 489.5, "avgOrder": 17322, "minOrder": 17621, "maxOrder": 17322, "kl": "", "ssdm": "62", "rs": 2, "zdx": 460.0, "ptx": 460.0, "zycc": "普通类", "fsx": 460.0}, {"remarks": "", "schcode": "", "sex": "", "campus": "", "nf": "2017", "klmc": "理工", "ssmc": "甘肃", "zylx": "普通类", "zymc": "食品科学与工程类", "maxScore": 503.0, "minScore": 490.0, "avgScore": 495.0, "avgOrder": 15912, "minOrder": 17322, "maxOrder": 13737, "kl": "", "ssdm": "62", "rs": 3, "zdx": 460.0, "ptx": 460.0, "zycc": "普通类", "fsx": 460.0}, {"remarks": "", "schcode": "", "sex": "", "campus": "", "nf": "2017", "klmc": "理工", "ssmc": "甘肃", "zylx": "普通类", "zymc": "土地资源管理", "maxScore": 489.0, "minScore": 486.0, "avgScore": 487.5, "avgOrder": 17968, "minOrder": 18649, "maxOrder": 17621, "kl": "", "ssdm": "62", "rs": 2, "zdx": 460.0, "ptx": 460.0, "zycc": "普通类", "fsx": 460.0}, {"remarks": "", "schcode": "", "sex": "", "campus": "", "nf": "2017", "klmc": "理工", "ssmc": "甘肃", "zylx": "普通类", "zymc": "水利类（工学Ⅴ）", "maxScore": 489.0, "minScore": 489.0, "avgScore": 489.0, "avgOrder": 17621, "minOrder": 17621, "maxOrder": 17621, "kl": "", "ssdm": "62", "rs": 2, "zdx": 460.0, "ptx": 460.0, "zycc": "普通类", "fsx": 460.0}, {"remarks": "", "schcode": "", "sex": "", "campus": "", "nf": "2017", "klmc": "理工", "ssmc": "甘肃", "zylx": "普通类", "zymc": "土木工程", "maxScore": 489.0, "minScore": 485.0, "avgScore": 486.7, "avgOrder": 18300, "minOrder": 18987, "maxOrder": 17621, "kl": "", "ssdm": "62", "rs": 3, "zdx": 460.0, "ptx": 460.0, "zycc": "普通类", "fsx": 460.0}, {"remarks": "", "schcode": "", "sex": "", "campus": "", "nf": "2017", "klmc": "理工", "ssmc": "甘肃", "zylx": "普通类", "zymc": "工程管理", "maxScore": 498.0, "minScore": 485.0, "avgScore": 489.7, "avgOrder": 17322, "minOrder": 18987, "maxOrder": 15074, "kl": "", "ssdm": "62", "rs": 3, "zdx": 460.0, "ptx": 460.0, "zycc": "普通类", "fsx": 460.0}], "withYsl": false}, "jessionid": "be6fea6da6d947ea968a0aa03c8d00d3"}