{"state": 1, "msg": "操作成功", "data": {"zsSsgradeList": [{"remarks": "", "schcode": "", "sex": "", "campus": "", "nf": "2019", "klmc": "艺术(不分文理)", "ssmc": "安徽", "zylx": "艺术批", "kl": "A", "ssdm": "34", "zycc": "艺术批"}], "sszygradeList": [{"remarks": "综合分；控制线：文科353、理科299，专业课157，综合分619.37", "schcode": "", "sex": "", "campus": "", "nf": "2019", "klmc": "艺术(不分文理)", "ssmc": "安徽", "zylx": "艺术批", "zymc": "广播电视编导", "maxScore": 710.0, "minScore": 689.0, "avgScore": 697.1, "kl": "", "ssdm": "34", "rs": 7, "zycc": "艺术批"}, {"remarks": "综合分；控制线：文科328、理科277，专业课178，综合分632.87", "schcode": "", "sex": "", "campus": "", "nf": "2019", "klmc": "艺术(不分文理)", "ssmc": "安徽", "zylx": "艺术批", "zymc": "视觉传达设计", "maxScore": 764.0, "minScore": 748.0, "avgScore": 753.5, "kl": "", "ssdm": "34", "rs": 12, "zycc": "艺术批"}, {"remarks": "综合分；控制线：文科328、理科277，专业课178，综合分632.87", "schcode": "", "sex": "", "campus": "", "nf": "2019", "klmc": "艺术(不分文理)", "ssmc": "安徽", "zylx": "艺术批", "zymc": "环境设计", "maxScore": 762.0, "minScore": 748.0, "avgScore": 752.0, "kl": "", "ssdm": "34", "rs": 8, "zycc": "艺术批"}], "withYsl": false}, "jessionid": "be6fea6da6d947ea968a0aa03c8d00d3"}