{"state": 1, "msg": "操作成功", "data": {"zsSsgradeList": [{"remarks": "", "schcode": "", "sex": "", "campus": "", "nf": "2020", "klmc": "理工", "ssmc": "湖北", "zylx": "国家专项", "kl": "5", "ssdm": "42", "rs": 13, "zdx": 521.0, "ptx": 521.0, "minScore": 579.0, "minOrder": 24608, "avgScore": 581.1, "avgOrder": 23718, "maxScore": 586.0, "maxOrder": 21471, "zycc": "国家专项", "fsx": 521.0}], "sszygradeList": [{"remarks": "", "schcode": "", "sex": "", "campus": "", "nf": "2020", "klmc": "理工", "ssmc": "湖北", "zylx": "国家专项", "zymc": "风景园林", "maxScore": 579.0, "minScore": 579.0, "avgScore": 579.0, "avgOrder": 24608, "minOrder": 24608, "maxOrder": 24608, "kl": "", "ssdm": "42", "rs": 2, "zdx": 521.0, "ptx": 521.0, "zycc": "国家专项", "fsx": 521.0}, {"remarks": "", "schcode": "", "sex": "", "campus": "", "nf": "2020", "klmc": "理工", "ssmc": "湖北", "zylx": "国家专项", "zymc": "动物科学", "maxScore": 582.0, "minScore": 579.0, "avgScore": 580.5, "avgOrder": 24177, "minOrder": 24608, "maxOrder": 23256, "kl": "", "ssdm": "42", "rs": 2, "zdx": 521.0, "ptx": 521.0, "zycc": "国家专项", "fsx": 521.0}, {"remarks": "", "schcode": "", "sex": "", "campus": "", "nf": "2020", "klmc": "理工", "ssmc": "湖北", "zylx": "国家专项", "zymc": "动物医学", "maxScore": 582.0, "minScore": 579.0, "avgScore": 580.5, "avgOrder": 24177, "minOrder": 24608, "maxOrder": 23256, "kl": "", "ssdm": "42", "rs": 2, "zdx": 521.0, "ptx": 521.0, "zycc": "国家专项", "fsx": 521.0}, {"remarks": "", "schcode": "", "sex": "", "campus": "", "nf": "2020", "klmc": "理工", "ssmc": "湖北", "zylx": "国家专项", "zymc": "机械类", "maxScore": 582.0, "minScore": 582.0, "avgScore": 582.0, "avgOrder": 23256, "minOrder": 23256, "maxOrder": 23256, "kl": "", "ssdm": "42", "rs": 1, "zdx": 521.0, "ptx": 521.0, "zycc": "国家专项", "fsx": 521.0}, {"remarks": "", "schcode": "", "sex": "", "campus": "", "nf": "2020", "klmc": "理工", "ssmc": "湖北", "zylx": "国家专项", "zymc": "计算机科学与技术", "maxScore": 586.0, "minScore": 582.0, "avgScore": 584.0, "avgOrder": 22352, "minOrder": 23256, "maxOrder": 21471, "kl": "", "ssdm": "42", "rs": 2, "zdx": 521.0, "ptx": 521.0, "zycc": "国家专项", "fsx": 521.0}, {"remarks": "", "schcode": "", "sex": "", "campus": "", "nf": "2020", "klmc": "理工", "ssmc": "湖北", "zylx": "国家专项", "zymc": "金融学类", "maxScore": 584.0, "minScore": 579.0, "avgScore": 581.5, "avgOrder": 23256, "minOrder": 24608, "maxOrder": 22352, "kl": "", "ssdm": "42", "rs": 2, "zdx": 521.0, "ptx": 521.0, "zycc": "国家专项", "fsx": 521.0}, {"remarks": "", "schcode": "", "sex": "", "campus": "", "nf": "2020", "klmc": "理工", "ssmc": "湖北", "zylx": "国家专项", "zymc": "土木工程", "maxScore": 581.0, "minScore": 580.0, "avgScore": 580.5, "avgOrder": 24177, "minOrder": 24177, "maxOrder": 23718, "kl": "", "ssdm": "42", "rs": 2, "zdx": 521.0, "ptx": 521.0, "zycc": "国家专项", "fsx": 521.0}], "withYsl": false}, "jessionid": "be6fea6da6d947ea968a0aa03c8d00d3"}