{"state": 1, "msg": "操作成功", "data": {"zsSsgradeList": [{"remarks": "", "schcode": "", "sex": "", "campus": "", "nf": "2018", "klmc": "文史", "ssmc": "甘肃", "zylx": "普通类", "kl": "1", "ssdm": "62", "rs": 4, "zdx": 502.0, "ptx": 502.0, "minScore": 524.0, "avgScore": 526.5, "maxScore": 532.0, "zycc": "普通类", "fsx": 502.0}], "sszygradeList": [{"remarks": "", "schcode": "", "sex": "", "campus": "", "nf": "2018", "klmc": "文史", "ssmc": "甘肃", "zylx": "普通类", "zymc": "工商管理类", "maxScore": 532.0, "minScore": 524.0, "avgScore": 528.0, "kl": "", "ssdm": "62", "rs": 2, "zdx": 502.0, "ptx": 502.0, "zycc": "普通类", "fsx": 502.0}, {"remarks": "", "schcode": "", "sex": "", "campus": "", "nf": "2018", "klmc": "文史", "ssmc": "甘肃", "zylx": "普通类", "zymc": "农林经济管理", "maxScore": 526.0, "minScore": 524.0, "avgScore": 525.0, "kl": "", "ssdm": "62", "rs": 2, "zdx": 502.0, "ptx": 502.0, "zycc": "普通类", "fsx": 502.0}], "withYsl": false}, "jessionid": "be6fea6da6d947ea968a0aa03c8d00d3"}