{"state": 1, "msg": "操作成功", "data": {"zsSsgradeList": [{"remarks": "", "schcode": "", "sex": "", "campus": "", "nf": "2019", "klmc": "文史", "ssmc": "广西", "zylx": "普通类", "kl": "1", "ssdm": "45", "rs": 21, "zdx": 521.0, "ptx": 521.0, "minScore": 535.0, "minOrder": 6498, "avgScore": 540.0, "avgOrder": 5711, "maxScore": 553.0, "maxOrder": 3983, "zycc": "普通类", "fsx": 521.0}], "sszygradeList": [{"remarks": "", "schcode": "", "sex": "", "campus": "", "nf": "2019", "klmc": "文史", "ssmc": "广西", "zylx": "普通类", "zymc": "工商管理类", "maxScore": 544.0, "minScore": 536.0, "avgScore": 538.9, "avgOrder": 5856, "minOrder": 6354, "maxOrder": 5131, "kl": "", "ssdm": "45", "rs": 8, "zdx": 521.0, "ptx": 521.0, "zycc": "普通类", "fsx": 521.0}, {"remarks": "", "schcode": "", "sex": "", "campus": "", "nf": "2019", "klmc": "文史", "ssmc": "广西", "zylx": "普通类", "zymc": "农林经济管理", "maxScore": 541.0, "minScore": 536.0, "avgScore": 539.3, "avgOrder": 5856, "minOrder": 6354, "maxOrder": 5574, "kl": "", "ssdm": "45", "rs": 3, "zdx": 521.0, "ptx": 521.0, "zycc": "普通类", "fsx": 521.0}, {"remarks": "", "schcode": "", "sex": "", "campus": "", "nf": "2019", "klmc": "文史", "ssmc": "广西", "zylx": "普通类", "zymc": "法学类", "maxScore": 553.0, "minScore": 535.0, "avgScore": 543.2, "avgOrder": 5280, "minOrder": 6498, "maxOrder": 3983, "kl": "", "ssdm": "45", "rs": 4, "zdx": 521.0, "ptx": 521.0, "zycc": "普通类", "fsx": 521.0}, {"remarks": "", "schcode": "", "sex": "", "campus": "", "nf": "2019", "klmc": "文史", "ssmc": "广西", "zylx": "普通类", "zymc": "行政管理", "maxScore": 545.0, "minScore": 537.0, "avgScore": 539.5, "avgOrder": 5711, "minOrder": 6180, "maxOrder": 4987, "kl": "", "ssdm": "45", "rs": 4, "zdx": 521.0, "ptx": 521.0, "zycc": "普通类", "fsx": 521.0}, {"remarks": "", "schcode": "", "sex": "", "campus": "", "nf": "2019", "klmc": "文史", "ssmc": "广西", "zylx": "普通类", "zymc": "英语", "maxScore": 540.0, "minScore": 540.0, "avgScore": 540.0, "avgOrder": 5711, "minOrder": 5711, "maxOrder": 5711, "kl": "", "ssdm": "45", "rs": 2, "zdx": 521.0, "ptx": 521.0, "zycc": "普通类", "fsx": 521.0}], "withYsl": false}, "jessionid": "be6fea6da6d947ea968a0aa03c8d00d3"}