{"state": 1, "msg": "操作成功", "data": {"zsSsgradeList": [{"remarks": "", "schcode": "", "sex": "", "campus": "", "nf": "2017", "klmc": "理工", "ssmc": "新疆", "zylx": "普通类", "kl": "5", "ssdm": "65", "rs": 5, "zdx": 437.0, "ptx": 437.0, "minScore": 478.0, "avgScore": 479.4, "maxScore": 483.0, "zycc": "普通类", "fsx": 437.0}], "sszygradeList": [{"remarks": "", "schcode": "", "sex": "", "campus": "", "nf": "2017", "klmc": "理工", "ssmc": "新疆", "zylx": "普通类", "zymc": "植物生产类（Ⅰ）", "maxScore": 478.0, "minScore": 478.0, "avgScore": 478.0, "kl": "", "ssdm": "65", "rs": 1, "zdx": 437.0, "ptx": 437.0, "zycc": "普通类", "fsx": 437.0}, {"remarks": "", "schcode": "", "sex": "", "campus": "", "nf": "2017", "klmc": "理工", "ssmc": "新疆", "zylx": "普通类", "zymc": "计算机类", "maxScore": 479.0, "minScore": 478.0, "avgScore": 478.5, "kl": "", "ssdm": "65", "rs": 2, "zdx": 437.0, "ptx": 437.0, "zycc": "普通类", "fsx": 437.0}, {"remarks": "", "schcode": "", "sex": "", "campus": "", "nf": "2017", "klmc": "理工", "ssmc": "新疆", "zylx": "普通类", "zymc": "金融学类（经济学）", "maxScore": 483.0, "minScore": 479.0, "avgScore": 481.0, "kl": "", "ssdm": "65", "rs": 2, "zdx": 437.0, "ptx": 437.0, "zycc": "普通类", "fsx": 437.0}], "withYsl": false}, "jessionid": "be6fea6da6d947ea968a0aa03c8d00d3"}