{"state": 1, "msg": "操作成功", "data": {"zsSsgradeList": [{"remarks": "", "schcode": "", "sex": "", "campus": "", "nf": "2019", "klmc": "理工", "ssmc": "湖北", "zylx": "普通类", "kl": "5", "ssdm": "42", "rs": 24, "zdx": 505.0, "ptx": 505.0, "minScore": 562.0, "minOrder": 23619, "avgScore": 564.5, "avgOrder": 22378, "maxScore": 575.0, "maxOrder": 18503, "zycc": "普通类", "fsx": 505.0}], "sszygradeList": [{"remarks": "", "schcode": "", "sex": "", "campus": "", "nf": "2019", "klmc": "理工", "ssmc": "湖北", "zylx": "普通类", "zymc": "园艺", "maxScore": 570.0, "minScore": 562.0, "avgScore": 565.0, "avgOrder": 22378, "minOrder": 23619, "maxOrder": 20422, "kl": "", "ssdm": "42", "rs": 3, "zdx": 505.0, "ptx": 505.0, "zycc": "普通类", "fsx": 505.0}, {"remarks": "", "schcode": "", "sex": "", "campus": "", "nf": "2019", "klmc": "理工", "ssmc": "湖北", "zylx": "普通类", "zymc": "自然保护与环境生态类", "maxScore": 564.0, "minScore": 562.0, "avgScore": 563.0, "avgOrder": 23195, "minOrder": 23619, "maxOrder": 22773, "kl": "", "ssdm": "42", "rs": 3, "zdx": 505.0, "ptx": 505.0, "zycc": "普通类", "fsx": 505.0}, {"remarks": "", "schcode": "", "sex": "", "campus": "", "nf": "2019", "klmc": "理工", "ssmc": "湖北", "zylx": "普通类", "zymc": "动物科学（本硕博班）", "maxScore": 565.0, "minScore": 562.0, "avgScore": 563.5, "avgOrder": 22773, "minOrder": 23619, "maxOrder": 22378, "kl": "", "ssdm": "42", "rs": 2, "zdx": 505.0, "ptx": 505.0, "zycc": "普通类", "fsx": 505.0}, {"remarks": "", "schcode": "", "sex": "", "campus": "", "nf": "2019", "klmc": "理工", "ssmc": "湖北", "zylx": "普通类", "zymc": "机械类", "maxScore": 566.0, "minScore": 564.0, "avgScore": 565.0, "avgOrder": 22378, "minOrder": 22773, "maxOrder": 21973, "kl": "", "ssdm": "42", "rs": 3, "zdx": 505.0, "ptx": 505.0, "zycc": "普通类", "fsx": 505.0}, {"remarks": "", "schcode": "", "sex": "", "campus": "", "nf": "2019", "klmc": "理工", "ssmc": "湖北", "zylx": "普通类", "zymc": "金融学类", "maxScore": 575.0, "minScore": 564.0, "avgScore": 566.8, "avgOrder": 21600, "minOrder": 22773, "maxOrder": 18503, "kl": "", "ssdm": "42", "rs": 4, "zdx": 505.0, "ptx": 505.0, "zycc": "普通类", "fsx": 505.0}, {"remarks": "", "schcode": "", "sex": "", "campus": "", "nf": "2019", "klmc": "理工", "ssmc": "湖北", "zylx": "普通类", "zymc": "食品科学与工程类", "maxScore": 566.0, "minScore": 563.0, "avgScore": 564.2, "avgOrder": 22773, "minOrder": 23195, "maxOrder": 21973, "kl": "", "ssdm": "42", "rs": 4, "zdx": 505.0, "ptx": 505.0, "zycc": "普通类", "fsx": 505.0}, {"remarks": "", "schcode": "", "sex": "", "campus": "", "nf": "2019", "klmc": "理工", "ssmc": "湖北", "zylx": "普通类", "zymc": "工程管理", "maxScore": 566.0, "minScore": 562.0, "avgScore": 563.6, "avgOrder": 22773, "minOrder": 23619, "maxOrder": 21973, "kl": "", "ssdm": "42", "rs": 5, "zdx": 505.0, "ptx": 505.0, "zycc": "普通类", "fsx": 505.0}], "withYsl": false}, "jessionid": "be6fea6da6d947ea968a0aa03c8d00d3"}