{"state": 1, "msg": "操作成功", "data": {"zsSsgradeList": [{"remarks": "文化课成绩（艺术本科提前批）", "schcode": "", "sex": "", "campus": "", "nf": "2020", "klmc": "艺术(理)", "ssmc": "河南", "zylx": "艺术批", "kl": "7", "ssdm": "41", "rs": 3, "minScore": 495.0, "avgScore": 501.0, "maxScore": 506.0, "zycc": "艺术批"}], "sszygradeList": [{"remarks": "文化课成绩（艺术本科提前批）", "schcode": "", "sex": "", "campus": "", "nf": "2020", "klmc": "艺术(理)", "ssmc": "河南", "zylx": "艺术批", "zymc": "视觉传达设计", "maxScore": 502.0, "minScore": 495.0, "avgScore": 498.5, "kl": "", "ssdm": "41", "rs": 2, "zycc": "艺术批"}, {"remarks": "文化课成绩（艺术本科提前批）", "schcode": "", "sex": "", "campus": "", "nf": "2020", "klmc": "艺术(理)", "ssmc": "河南", "zylx": "艺术批", "zymc": "环境设计", "maxScore": 506.0, "minScore": 506.0, "avgScore": 506.0, "kl": "", "ssdm": "41", "rs": 1, "zycc": "艺术批"}], "withYsl": false}, "jessionid": "be6fea6da6d947ea968a0aa03c8d00d3"}