{"state": 1, "msg": "操作成功", "data": {"zsSsgradeList": [{"remarks": "广播电视编导综合分投档线690.7；美术设计类专业综合分投档线740", "schcode": "", "sex": "", "campus": "", "nf": "2020", "klmc": "艺术(不分文理)", "ssmc": "安徽", "zylx": "艺术批", "kl": "A", "ssdm": "34", "rs": 27, "zycc": "艺术批"}], "sszygradeList": [{"remarks": "综合分", "schcode": "", "sex": "", "campus": "", "nf": "2020", "klmc": "艺术(不分文理)", "ssmc": "安徽", "zylx": "艺术批", "zymc": "广播电视编导", "maxScore": 712.0, "minScore": 690.0, "avgScore": 696.4, "kl": "", "ssdm": "34", "rs": 7, "zycc": "艺术批"}, {"remarks": "综合分", "schcode": "", "sex": "", "campus": "", "nf": "2020", "klmc": "艺术(不分文理)", "ssmc": "安徽", "zylx": "艺术批", "zymc": "视觉传达设计", "maxScore": 757.0, "minScore": 740.0, "avgScore": 746.3, "kl": "", "ssdm": "34", "zydm": "", "rs": 12, "zycc": "艺术批"}, {"remarks": "综合分", "schcode": "", "sex": "", "campus": "", "nf": "2020", "klmc": "艺术(不分文理)", "ssmc": "安徽", "zylx": "艺术批", "zymc": "环境设计", "maxScore": 756.0, "minScore": 740.0, "avgScore": 744.9, "kl": "", "ssdm": "34", "zydm": "", "rs": 8, "zycc": "艺术批"}], "withYsl": false}, "jessionid": "be6fea6da6d947ea968a0aa03c8d00d3"}