{"state": 1, "msg": "操作成功", "data": {"zsSsgradeList": [{"remarks": "", "schcode": "", "sex": "", "campus": "", "nf": "2020", "klmc": "文史", "ssmc": "四川", "zylx": "普通类", "kl": "1", "ssdm": "51", "rs": 12, "zdx": 527.0, "ptx": 527.0, "minScore": 560.0, "minOrder": 6747, "avgScore": 561.3, "avgOrder": 6512, "maxScore": 568.0, "maxOrder": 5161, "zycc": "普通类", "fsx": 527.0}], "sszygradeList": [{"remarks": "", "schcode": "", "sex": "", "campus": "", "nf": "2020", "klmc": "文史", "ssmc": "四川", "zylx": "普通类", "zymc": "工商管理类", "maxScore": 561.0, "minScore": 560.0, "avgScore": 560.5, "avgOrder": 6747, "minOrder": 6747, "maxOrder": 6512, "kl": "", "ssdm": "51", "rs": 6, "zdx": 527.0, "ptx": 527.0, "zycc": "普通类", "fsx": 527.0}, {"remarks": "", "schcode": "", "sex": "", "campus": "", "nf": "2020", "klmc": "文史", "ssmc": "四川", "zylx": "普通类", "zymc": "农林经济管理", "maxScore": 561.0, "minScore": 560.0, "avgScore": 560.5, "avgOrder": 6747, "minOrder": 6747, "maxOrder": 6512, "kl": "", "ssdm": "51", "rs": 2, "zdx": 527.0, "ptx": 527.0, "zycc": "普通类", "fsx": 527.0}, {"remarks": "", "schcode": "", "sex": "", "campus": "", "nf": "2020", "klmc": "文史", "ssmc": "四川", "zylx": "普通类", "zymc": "行政管理", "maxScore": 568.0, "minScore": 564.0, "avgScore": 566.0, "avgOrder": 5512, "minOrder": 5902, "maxOrder": 5161, "kl": "", "ssdm": "51", "rs": 2, "zdx": 527.0, "ptx": 527.0, "zycc": "普通类", "fsx": 527.0}, {"remarks": "", "schcode": "", "sex": "", "campus": "", "nf": "2020", "klmc": "文史", "ssmc": "四川", "zylx": "普通类", "zymc": "英语", "maxScore": 560.0, "minScore": 560.0, "avgScore": 560.0, "avgOrder": 6747, "minOrder": 6747, "maxOrder": 6747, "kl": "", "ssdm": "51", "rs": 2, "zdx": 527.0, "ptx": 527.0, "zycc": "普通类", "fsx": 527.0}], "withYsl": false}, "jessionid": "be6fea6da6d947ea968a0aa03c8d00d3"}