{"state": 1, "msg": "操作成功", "data": {"zsSsgradeList": [{"remarks": "", "schcode": "", "sex": "", "campus": "", "nf": "2017", "klmc": "文史", "ssmc": "贵州", "zylx": "普通类", "kl": "1", "ssdm": "52", "rs": 39, "zdx": 545.0, "ptx": 545.0, "minScore": 564.0, "minOrder": 7083, "avgScore": 569.3, "avgOrder": 6310, "maxScore": 579.0, "maxOrder": 4916, "zycc": "普通类", "fsx": 545.0}], "sszygradeList": [{"remarks": "", "schcode": "", "sex": "", "campus": "", "nf": "2017", "klmc": "文史", "ssmc": "贵州", "zylx": "普通类", "zymc": "工商管理类（管理学Ⅱ）", "maxScore": 579.0, "minScore": 564.0, "avgScore": 570.0, "avgOrder": 6140, "minOrder": 7083, "maxOrder": 4916, "kl": "", "ssdm": "52", "rs": 23, "zdx": 545.0, "ptx": 545.0, "zycc": "普通类", "fsx": 545.0}, {"remarks": "", "schcode": "", "sex": "", "campus": "", "nf": "2017", "klmc": "文史", "ssmc": "贵州", "zylx": "普通类", "zymc": "法学类（法学）", "maxScore": 572.0, "minScore": 567.0, "avgScore": 569.8, "avgOrder": 6140, "minOrder": 6630, "maxOrder": 5835, "kl": "", "ssdm": "52", "rs": 6, "zdx": 545.0, "ptx": 545.0, "zycc": "普通类", "fsx": 545.0}, {"remarks": "", "schcode": "", "sex": "", "campus": "", "nf": "2017", "klmc": "文史", "ssmc": "贵州", "zylx": "普通类", "zymc": "行政管理", "maxScore": 571.0, "minScore": 565.0, "avgScore": 568.2, "avgOrder": 6482, "minOrder": 6935, "maxOrder": 5988, "kl": "", "ssdm": "52", "rs": 4, "zdx": 545.0, "ptx": 545.0, "zycc": "普通类", "fsx": 545.0}, {"remarks": "", "schcode": "", "sex": "", "campus": "", "nf": "2017", "klmc": "文史", "ssmc": "贵州", "zylx": "普通类", "zymc": "英语", "maxScore": 568.0, "minScore": 564.0, "avgScore": 565.8, "avgOrder": 6785, "minOrder": 7083, "maxOrder": 6482, "kl": "", "ssdm": "52", "rs": 4, "zdx": 545.0, "ptx": 545.0, "zycc": "普通类", "fsx": 545.0}, {"remarks": "", "schcode": "", "sex": "", "campus": "", "nf": "2017", "klmc": "文史", "ssmc": "贵州", "zylx": "普通类", "zymc": "汉语国际教育", "maxScore": 572.0, "minScore": 566.0, "avgScore": 569.0, "avgOrder": 6310, "minOrder": 6785, "maxOrder": 5835, "kl": "", "ssdm": "52", "rs": 2, "zdx": 545.0, "ptx": 545.0, "zycc": "普通类", "fsx": 545.0}], "withYsl": false}, "jessionid": "be6fea6da6d947ea968a0aa03c8d00d3"}