{"state": 1, "msg": "操作成功", "data": {"zsSsgradeList": [{"remarks": "", "schcode": "", "sex": "", "campus": "", "nf": "2017", "klmc": "文史", "ssmc": "湖南", "zylx": "普通类", "kl": "1", "ssdm": "43", "rs": 9, "zdx": 548.0, "ptx": 548.0, "minScore": 571.0, "minOrder": 5188, "avgScore": 576.2, "avgOrder": 4531, "maxScore": 587.0, "maxOrder": 3249, "zycc": "普通类", "fsx": 548.0}], "sszygradeList": [{"remarks": "", "schcode": "", "sex": "", "campus": "", "nf": "2017", "klmc": "文史", "ssmc": "湖南", "zylx": "普通类", "zymc": "工商管理类（管理学Ⅱ）", "maxScore": 587.0, "minScore": 577.0, "avgScore": 582.0, "avgOrder": 3812, "minOrder": 4397, "maxOrder": 3249, "kl": "", "ssdm": "43", "rs": 2, "zdx": 548.0, "ptx": 548.0, "zycc": "普通类", "fsx": 548.0}, {"remarks": "", "schcode": "", "sex": "", "campus": "", "nf": "2017", "klmc": "文史", "ssmc": "湖南", "zylx": "普通类", "zymc": "法学类（法学）", "maxScore": 581.0, "minScore": 577.0, "avgScore": 579.0, "avgOrder": 4143, "minOrder": 4397, "maxOrder": 3927, "kl": "", "ssdm": "43", "rs": 2, "zdx": 548.0, "ptx": 548.0, "zycc": "普通类", "fsx": 548.0}, {"remarks": "", "schcode": "", "sex": "", "campus": "", "nf": "2017", "klmc": "文史", "ssmc": "湖南", "zylx": "普通类", "zymc": "行政管理", "maxScore": 573.0, "minScore": 572.0, "avgScore": 572.5, "avgOrder": 4916, "minOrder": 5047, "maxOrder": 4916, "kl": "", "ssdm": "43", "rs": 2, "zdx": 548.0, "ptx": 548.0, "zycc": "普通类", "fsx": 548.0}, {"remarks": "", "schcode": "", "sex": "", "campus": "", "nf": "2017", "klmc": "文史", "ssmc": "湖南", "zylx": "普通类", "zymc": "英语", "maxScore": 576.0, "minScore": 571.0, "avgScore": 573.0, "avgOrder": 4916, "minOrder": 5188, "maxOrder": 4531, "kl": "", "ssdm": "43", "rs": 3, "zdx": 548.0, "ptx": 548.0, "zycc": "普通类", "fsx": 548.0}], "withYsl": false}, "jessionid": "be6fea6da6d947ea968a0aa03c8d00d3"}