{"state": 1, "msg": "操作成功", "data": {"zsSsgradeList": [{"remarks": "专业课成绩（艺术本科提前批）；最低分：声乐268；器乐267（古筝）", "schcode": "", "sex": "", "campus": "", "nf": "2020", "klmc": "艺术(不分文理)", "ssmc": "湖南", "zylx": "艺术批", "kl": "A", "ssdm": "43", "rs": 9, "zycc": "艺术批"}], "sszygradeList": [{"remarks": "专业课成绩（艺术本科提前批）", "schcode": "", "sex": "", "campus": "", "nf": "2020", "klmc": "艺术(不分文理)", "ssmc": "湖南", "zylx": "艺术批", "zymc": "音乐表演（器乐）", "maxScore": 268.0, "minScore": 267.0, "avgScore": 267.5, "kl": "", "ssdm": "43", "rs": 2, "zycc": "艺术批"}, {"remarks": "专业课成绩（艺术本科提前批）", "schcode": "", "sex": "", "campus": "", "nf": "2020", "klmc": "艺术(不分文理)", "ssmc": "湖南", "zylx": "艺术批", "zymc": "音乐表演（声乐）", "maxScore": 274.0, "minScore": 268.0, "avgScore": 270.14, "kl": "", "ssdm": "43", "rs": 7, "zycc": "艺术批"}], "withYsl": false}, "jessionid": "be6fea6da6d947ea968a0aa03c8d00d3"}