{"state": 1, "msg": "操作成功", "data": {"zsSsgradeList": [{"remarks": "", "schcode": "", "sex": "", "campus": "", "nf": "2018", "klmc": "文史", "ssmc": "四川", "zylx": "普通类", "kl": "1", "ssdm": "51", "rs": 13, "zdx": 553.0, "ptx": 553.0, "minScore": 575.0, "minOrder": 7833, "avgScore": 578.1, "avgOrder": 6870, "maxScore": 591.0, "maxOrder": 3608, "zycc": "普通类", "fsx": 553.0}], "sszygradeList": [{"remarks": "", "schcode": "", "sex": "", "campus": "", "nf": "2018", "klmc": "文史", "ssmc": "四川", "zylx": "普通类", "zymc": "工商管理类", "maxScore": 591.0, "minScore": 575.0, "avgScore": 578.6, "avgOrder": 6580, "minOrder": 7833, "maxOrder": 3608, "kl": "", "ssdm": "51", "rs": 7, "zdx": 553.0, "ptx": 553.0, "zycc": "普通类", "fsx": 553.0}, {"remarks": "", "schcode": "", "sex": "", "campus": "", "nf": "2018", "klmc": "文史", "ssmc": "四川", "zylx": "普通类", "zymc": "农林经济管理", "maxScore": 580.0, "minScore": 578.0, "avgScore": 579.0, "avgOrder": 6580, "minOrder": 6870, "maxOrder": 6259, "kl": "", "ssdm": "51", "rs": 2, "zdx": 553.0, "ptx": 553.0, "zycc": "普通类", "fsx": 553.0}, {"remarks": "", "schcode": "", "sex": "", "campus": "", "nf": "2018", "klmc": "文史", "ssmc": "四川", "zylx": "普通类", "zymc": "行政管理", "maxScore": 579.0, "minScore": 575.0, "avgScore": 577.0, "avgOrder": 7166, "minOrder": 7833, "maxOrder": 6580, "kl": "", "ssdm": "51", "rs": 2, "zdx": 553.0, "ptx": 553.0, "zycc": "普通类", "fsx": 553.0}, {"remarks": "", "schcode": "", "sex": "", "campus": "", "nf": "2018", "klmc": "文史", "ssmc": "四川", "zylx": "普通类", "zymc": "英语", "maxScore": 578.0, "minScore": 575.0, "avgScore": 576.5, "avgOrder": 7166, "minOrder": 7833, "maxOrder": 6870, "kl": "", "ssdm": "51", "rs": 2, "zdx": 553.0, "ptx": 553.0, "zycc": "普通类", "fsx": 553.0}], "withYsl": false}, "jessionid": "be6fea6da6d947ea968a0aa03c8d00d3"}