{"state": 1, "msg": "操作成功", "data": {"zsSsgradeList": [{"remarks": "", "schcode": "", "sex": "", "campus": "", "nf": "2018", "klmc": "理工", "ssmc": "青海", "zylx": "普通类", "kl": "5", "ssdm": "63", "rs": 3, "zdx": 403.0, "ptx": 403.0, "minScore": 408.0, "minOrder": 8257, "avgScore": 416.3, "avgOrder": 7509, "maxScore": 423.0, "maxOrder": 6882, "zycc": "普通类", "fsx": 403.0}], "sszygradeList": [{"remarks": "", "schcode": "", "sex": "", "campus": "", "nf": "2018", "klmc": "理工", "ssmc": "青海", "zylx": "普通类", "zymc": "植物保护", "maxScore": 418.0, "minScore": 418.0, "avgScore": 418.0, "avgOrder": 7305, "minOrder": 7305, "maxOrder": 7305, "kl": "", "ssdm": "63", "zydm": "", "rs": 1, "zdx": 403.0, "ptx": 403.0, "zycc": "普通类", "fsx": 403.0}, {"remarks": "", "schcode": "", "sex": "", "campus": "", "nf": "2018", "klmc": "理工", "ssmc": "青海", "zylx": "普通类", "zymc": "食品科学与工程类", "maxScore": 423.0, "minScore": 408.0, "avgScore": 415.5, "avgOrder": 7509, "minOrder": 8257, "maxOrder": 6882, "kl": "", "ssdm": "63", "zydm": "", "rs": 2, "zdx": 403.0, "ptx": 403.0, "zycc": "普通类", "fsx": 403.0}], "withYsl": false}, "jessionid": "be6fea6da6d947ea968a0aa03c8d00d3"}