{"state": 1, "msg": "操作成功", "data": {"zsSsgradeList": [{"remarks": "", "schcode": "", "sex": "", "campus": "", "nf": "2017", "klmc": "理工", "ssmc": "黑龙江", "zylx": "地方专项", "kl": "5", "ssdm": "23", "rs": 43, "zdx": 455.0, "ptx": 455.0, "minScore": 457.0, "minOrder": 26638, "avgScore": 474.1, "maxScore": 509.0, "maxOrder": 18586, "zycc": "地方专项", "fsx": 455.0}], "sszygradeList": [{"remarks": "", "schcode": "", "sex": "", "campus": "", "nf": "2017", "klmc": "理工", "ssmc": "黑龙江", "zylx": "地方专项", "zymc": "植物生产类（Ⅰ）", "maxScore": 454.0, "minScore": 449.0, "avgScore": 451.3, "kl": "", "ssdm": "23", "rs": 3, "zdx": 455.0, "ptx": 455.0, "zycc": "地方专项", "fsx": 455.0}, {"remarks": "", "schcode": "", "sex": "", "campus": "", "nf": "2017", "klmc": "理工", "ssmc": "黑龙江", "zylx": "地方专项", "zymc": "风景园林", "maxScore": 479.0, "minScore": 462.0, "avgScore": 470.5, "minOrder": 25849, "maxOrder": 25849, "kl": "", "ssdm": "23", "rs": 2, "zdx": 455.0, "ptx": 455.0, "zycc": "地方专项", "fsx": 455.0}, {"remarks": "", "schcode": "", "sex": "", "campus": "", "nf": "2017", "klmc": "理工", "ssmc": "黑龙江", "zylx": "地方专项", "zymc": "植物生产类（Ⅱ）", "maxScore": 456.0, "minScore": 452.0, "avgScore": 454.7, "kl": "", "ssdm": "23", "rs": 3, "zdx": 455.0, "ptx": 455.0, "zycc": "地方专项", "fsx": 455.0}, {"remarks": "", "schcode": "", "sex": "", "campus": "", "nf": "2017", "klmc": "理工", "ssmc": "黑龙江", "zylx": "地方专项", "zymc": "园林", "maxScore": 464.0, "minScore": 459.0, "avgScore": 461.5, "kl": "", "ssdm": "23", "rs": 2, "zdx": 455.0, "ptx": 455.0, "zycc": "地方专项", "fsx": 455.0}, {"remarks": "", "schcode": "", "sex": "", "campus": "", "nf": "2017", "klmc": "理工", "ssmc": "黑龙江", "zylx": "地方专项", "zymc": "应用气象学", "maxScore": 472.0, "minScore": 471.0, "avgScore": 471.5, "kl": "", "ssdm": "23", "rs": 2, "zdx": 455.0, "ptx": 455.0, "zycc": "地方专项", "fsx": 455.0}, {"remarks": "", "schcode": "", "sex": "", "campus": "", "nf": "2017", "klmc": "理工", "ssmc": "黑龙江", "zylx": "地方专项", "zymc": "环境科学与工程类", "maxScore": 459.0, "minScore": 456.0, "avgScore": 457.7, "kl": "", "ssdm": "23", "rs": 3, "zdx": 455.0, "ptx": 455.0, "zycc": "地方专项", "fsx": 455.0}, {"remarks": "", "schcode": "", "sex": "", "campus": "", "nf": "2017", "klmc": "理工", "ssmc": "黑龙江", "zylx": "地方专项", "zymc": "自然保护与环境生态类（农学）", "maxScore": 462.0, "minScore": 452.0, "avgScore": 456.7, "kl": "", "ssdm": "23", "rs": 3, "zdx": 455.0, "ptx": 455.0, "zycc": "地方专项", "fsx": 455.0}, {"remarks": "", "schcode": "", "sex": "", "campus": "", "nf": "2017", "klmc": "理工", "ssmc": "黑龙江", "zylx": "地方专项", "zymc": "动物科学", "maxScore": 473.0, "minScore": 457.0, "avgScore": 465.7, "kl": "", "ssdm": "23", "rs": 3, "zdx": 455.0, "ptx": 455.0, "zycc": "地方专项", "fsx": 455.0}, {"remarks": "", "schcode": "", "sex": "", "campus": "", "nf": "2017", "klmc": "理工", "ssmc": "黑龙江", "zylx": "地方专项", "zymc": "动物医学", "maxScore": 480.0, "minScore": 461.0, "avgScore": 473.3, "minOrder": 25849, "maxOrder": 25613, "kl": "", "ssdm": "23", "rs": 3, "zdx": 455.0, "ptx": 455.0, "zycc": "地方专项", "fsx": 455.0}, {"remarks": "", "schcode": "", "sex": "", "campus": "", "nf": "2017", "klmc": "理工", "ssmc": "黑龙江", "zylx": "地方专项", "zymc": "机械类（工学Ⅰ）", "maxScore": 477.0, "minScore": 458.0, "avgScore": 465.2, "minOrder": 26368, "maxOrder": 26368, "kl": "", "ssdm": "23", "rs": 6, "zdx": 455.0, "ptx": 455.0, "zycc": "地方专项", "fsx": 455.0}, {"remarks": "", "schcode": "", "sex": "", "campus": "", "nf": "2017", "klmc": "理工", "ssmc": "黑龙江", "zylx": "地方专项", "zymc": "能源动力类（工学Ⅱ）", "maxScore": 477.0, "minScore": 459.0, "avgScore": 466.7, "minOrder": 26368, "maxOrder": 26368, "kl": "", "ssdm": "23", "rs": 3, "zdx": 455.0, "ptx": 455.0, "zycc": "地方专项", "fsx": 455.0}, {"remarks": "", "schcode": "", "sex": "", "campus": "", "nf": "2017", "klmc": "理工", "ssmc": "黑龙江", "zylx": "地方专项", "zymc": "工业工程类（管理学Ⅰ）", "maxScore": 453.0, "minScore": 450.0, "avgScore": 451.7, "kl": "", "ssdm": "23", "rs": 3, "zdx": 455.0, "ptx": 455.0, "zycc": "地方专项", "fsx": 455.0}, {"remarks": "", "schcode": "", "sex": "", "campus": "", "nf": "2017", "klmc": "理工", "ssmc": "黑龙江", "zylx": "地方专项", "zymc": "电气类（工学Ⅲ）", "maxScore": 509.0, "minScore": 479.0, "avgScore": 492.0, "avgOrder": 22512, "minOrder": 25849, "maxOrder": 18586, "kl": "", "ssdm": "23", "rs": 3, "zdx": 455.0, "ptx": 455.0, "zycc": "地方专项", "fsx": 455.0}, {"remarks": "", "schcode": "", "sex": "", "campus": "", "nf": "2017", "klmc": "理工", "ssmc": "黑龙江", "zylx": "地方专项", "zymc": "计算机类", "maxScore": 474.0, "minScore": 460.0, "avgScore": 466.7, "kl": "", "ssdm": "23", "rs": 3, "zdx": 455.0, "ptx": 455.0, "zycc": "地方专项", "fsx": 455.0}, {"remarks": "", "schcode": "", "sex": "", "campus": "", "nf": "2017", "klmc": "理工", "ssmc": "黑龙江", "zylx": "地方专项", "zymc": "金融学类（经济学）", "maxScore": 496.0, "minScore": 485.0, "avgScore": 492.8, "avgOrder": 22245, "minOrder": 24243, "maxOrder": 21505, "kl": "", "ssdm": "23", "rs": 4, "zdx": 455.0, "ptx": 455.0, "zycc": "地方专项", "fsx": 455.0}, {"remarks": "", "schcode": "", "sex": "", "campus": "", "nf": "2017", "klmc": "理工", "ssmc": "黑龙江", "zylx": "地方专项", "zymc": "工商管理类（管理学Ⅱ）", "maxScore": 495.0, "minScore": 470.0, "avgScore": 480.0, "avgOrder": 25613, "minOrder": 26638, "maxOrder": 21783, "kl": "", "ssdm": "23", "rs": 6, "zdx": 455.0, "ptx": 455.0, "zycc": "地方专项", "fsx": 455.0}, {"remarks": "", "schcode": "", "sex": "", "campus": "", "nf": "2017", "klmc": "理工", "ssmc": "黑龙江", "zylx": "地方专项", "zymc": "生物科学类", "maxScore": 481.0, "minScore": 468.0, "avgScore": 472.7, "minOrder": 25348, "maxOrder": 25348, "kl": "", "ssdm": "23", "rs": 3, "zdx": 455.0, "ptx": 455.0, "zycc": "地方专项", "fsx": 455.0}, {"remarks": "", "schcode": "", "sex": "", "campus": "", "nf": "2017", "klmc": "理工", "ssmc": "黑龙江", "zylx": "地方专项", "zymc": "生物工程类（工学Ⅳ）", "maxScore": 462.0, "minScore": 458.0, "avgScore": 459.7, "kl": "", "ssdm": "23", "rs": 3, "zdx": 455.0, "ptx": 455.0, "zycc": "地方专项", "fsx": 455.0}, {"remarks": "", "schcode": "", "sex": "", "campus": "", "nf": "2017", "klmc": "理工", "ssmc": "黑龙江", "zylx": "地方专项", "zymc": "食品科学与工程类", "maxScore": 492.0, "minScore": 464.0, "avgScore": 476.7, "avgOrder": 26368, "minOrder": 23499, "maxOrder": 22512, "kl": "", "ssdm": "23", "rs": 6, "zdx": 455.0, "ptx": 455.0, "zycc": "地方专项", "fsx": 455.0}, {"remarks": "", "schcode": "", "sex": "", "campus": "", "nf": "2017", "klmc": "理工", "ssmc": "黑龙江", "zylx": "地方专项", "zymc": "人文地理与城乡规划", "maxScore": 467.0, "minScore": 465.0, "avgScore": 466.0, "kl": "", "ssdm": "23", "rs": 2, "zdx": 455.0, "ptx": 455.0, "zycc": "地方专项", "fsx": 455.0}, {"remarks": "", "schcode": "", "sex": "", "campus": "", "nf": "2017", "klmc": "理工", "ssmc": "黑龙江", "zylx": "地方专项", "zymc": "土地资源管理", "maxScore": 469.0, "minScore": 453.0, "avgScore": 461.0, "kl": "", "ssdm": "23", "rs": 2, "zdx": 455.0, "ptx": 455.0, "zycc": "地方专项", "fsx": 455.0}, {"remarks": "", "schcode": "", "sex": "", "campus": "", "nf": "2017", "klmc": "理工", "ssmc": "黑龙江", "zylx": "地方专项", "zymc": "水利类（工学Ⅴ）", "maxScore": 474.0, "minScore": 452.0, "avgScore": 468.0, "kl": "", "ssdm": "23", "rs": 5, "zdx": 455.0, "ptx": 455.0, "zycc": "地方专项", "fsx": 455.0}, {"remarks": "", "schcode": "", "sex": "", "campus": "", "nf": "2017", "klmc": "理工", "ssmc": "黑龙江", "zylx": "地方专项", "zymc": "土木工程", "maxScore": 458.0, "minScore": 452.0, "avgScore": 456.0, "kl": "", "ssdm": "23", "rs": 3, "zdx": 455.0, "ptx": 455.0, "zycc": "地方专项", "fsx": 455.0}, {"remarks": "", "schcode": "", "sex": "", "campus": "", "nf": "2017", "klmc": "理工", "ssmc": "黑龙江", "zylx": "地方专项", "zymc": "工程管理", "maxScore": 462.0, "minScore": 457.0, "avgScore": 459.3, "kl": "", "ssdm": "23", "rs": 3, "zdx": 455.0, "ptx": 455.0, "zycc": "地方专项", "fsx": 455.0}, {"remarks": "", "schcode": "", "sex": "", "campus": "", "nf": "2017", "klmc": "理工", "ssmc": "黑龙江", "zylx": "地方专项", "zymc": "统计学类（理学）", "maxScore": 489.0, "minScore": 460.0, "avgScore": 473.0, "minOrder": 23244, "maxOrder": 23244, "kl": "", "ssdm": "23", "rs": 3, "zdx": 455.0, "ptx": 455.0, "zycc": "地方专项", "fsx": 455.0}], "withYsl": false}, "jessionid": "be6fea6da6d947ea968a0aa03c8d00d3"}