{"state": 1, "msg": "操作成功", "data": {"zsSsgradeList": [{"remarks": "", "schcode": "", "sex": "", "campus": "", "nf": "2017", "klmc": "文史", "ssmc": "湖北", "zylx": "普通类", "kl": "1", "ssdm": "42", "rs": 10, "zdx": 528.0, "ptx": 528.0, "minScore": 565.0, "minOrder": 4939, "avgScore": 566.8, "avgOrder": 4660, "maxScore": 569.0, "maxOrder": 4394, "zycc": "普通类", "fsx": 528.0}], "sszygradeList": [{"remarks": "", "schcode": "", "sex": "", "campus": "", "nf": "2017", "klmc": "文史", "ssmc": "湖北", "zylx": "普通类", "zymc": "工商管理类（管理学Ⅱ）", "maxScore": 568.0, "minScore": 566.0, "avgScore": 566.5, "avgOrder": 4660, "minOrder": 4800, "maxOrder": 4529, "kl": "", "ssdm": "42", "rs": 4, "zdx": 528.0, "ptx": 528.0, "zycc": "普通类", "fsx": 528.0}, {"remarks": "", "schcode": "", "sex": "", "campus": "", "nf": "2017", "klmc": "文史", "ssmc": "湖北", "zylx": "普通类", "zymc": "法学类（法学）", "maxScore": 569.0, "minScore": 566.0, "avgScore": 567.3, "avgOrder": 4660, "minOrder": 4800, "maxOrder": 4394, "kl": "", "ssdm": "42", "rs": 3, "zdx": 528.0, "ptx": 528.0, "zycc": "普通类", "fsx": 528.0}, {"remarks": "", "schcode": "", "sex": "", "campus": "", "nf": "2017", "klmc": "文史", "ssmc": "湖北", "zylx": "普通类", "zymc": "英语", "maxScore": 569.0, "minScore": 565.0, "avgScore": 566.7, "avgOrder": 4660, "minOrder": 4939, "maxOrder": 4394, "kl": "", "ssdm": "42", "rs": 3, "zdx": 528.0, "ptx": 528.0, "zycc": "普通类", "fsx": 528.0}], "withYsl": false}, "jessionid": "be6fea6da6d947ea968a0aa03c8d00d3"}