{"state": 1, "msg": "操作成功", "data": {"zsSsgradeList": [{"remarks": "", "schcode": "", "sex": "", "campus": "", "nf": "2019", "klmc": "文史", "ssmc": "湖南", "zylx": "国家专项", "kl": "1", "ssdm": "43", "rs": 1, "zdx": 553.0, "ptx": 553.0, "minScore": 591.0, "minOrder": 4270, "avgScore": 591.0, "avgOrder": 4270, "maxScore": 591.0, "maxOrder": 4270, "zycc": "国家专项", "fsx": 553.0}], "sszygradeList": [{"remarks": "", "schcode": "", "sex": "", "campus": "", "nf": "2019", "klmc": "文史", "ssmc": "湖南", "zylx": "国家专项", "zymc": "工商管理类", "maxScore": 591.0, "minScore": 591.0, "avgScore": 591.0, "avgOrder": 4270, "minOrder": 4270, "maxOrder": 4270, "kl": "", "ssdm": "43", "rs": 1, "zdx": 553.0, "ptx": 553.0, "zycc": "国家专项", "fsx": 553.0}], "withYsl": false}, "jessionid": "be6fea6da6d947ea968a0aa03c8d00d3"}