{"state": 1, "msg": "操作成功", "data": {"zsSsgradeList": [{"remarks": "", "schcode": "", "sex": "", "campus": "", "nf": "2019", "klmc": "文史", "ssmc": "湖北", "zylx": "普通类", "kl": "1", "ssdm": "42", "rs": 8, "zdx": 542.0, "ptx": 542.0, "minScore": 574.0, "minOrder": 4729, "avgScore": 574.9, "avgOrder": 4564, "maxScore": 576.0, "maxOrder": 4399, "zycc": "普通类", "fsx": 542.0}], "sszygradeList": [{"remarks": "", "schcode": "", "sex": "", "campus": "", "nf": "2019", "klmc": "文史", "ssmc": "湖北", "zylx": "普通类", "zymc": "工商管理类", "maxScore": 576.0, "minScore": 574.0, "avgScore": 574.8, "avgOrder": 4564, "minOrder": 4729, "maxOrder": 4399, "kl": "", "ssdm": "42", "rs": 4, "zdx": 542.0, "ptx": 542.0, "zycc": "普通类", "fsx": 542.0}, {"remarks": "", "schcode": "", "sex": "", "campus": "", "nf": "2019", "klmc": "文史", "ssmc": "湖北", "zylx": "普通类", "zymc": "法学类", "maxScore": 575.0, "minScore": 575.0, "avgScore": 575.0, "avgOrder": 4564, "minOrder": 4564, "maxOrder": 4564, "kl": "", "ssdm": "42", "rs": 2, "zdx": 542.0, "ptx": 542.0, "zycc": "普通类", "fsx": 542.0}, {"remarks": "", "schcode": "", "sex": "", "campus": "", "nf": "2019", "klmc": "文史", "ssmc": "湖北", "zylx": "普通类", "zymc": "英语", "maxScore": 575.0, "minScore": 575.0, "avgScore": 575.0, "avgOrder": 4564, "minOrder": 4564, "maxOrder": 4564, "kl": "", "ssdm": "42", "rs": 2, "zdx": 542.0, "ptx": 542.0, "zycc": "普通类", "fsx": 542.0}], "withYsl": false}, "jessionid": "be6fea6da6d947ea968a0aa03c8d00d3"}