{"state": 1, "msg": "操作成功", "data": {"zsSsgradeList": [{"remarks": "", "schcode": "", "sex": "", "campus": "", "nf": "2018", "klmc": "文史", "ssmc": "新疆", "zylx": "国家专项", "kl": "1", "ssdm": "65", "rs": 1, "zdx": 500.0, "ptx": 500.0, "minScore": 508.0, "avgScore": 508.0, "maxScore": 508.0, "zycc": "国家专项", "fsx": 500.0}], "sszygradeList": [{"remarks": "", "schcode": "", "sex": "", "campus": "", "nf": "2018", "klmc": "文史", "ssmc": "新疆", "zylx": "国家专项", "zymc": "工商管理类", "maxScore": 551.0, "minScore": 492.0, "avgScore": 514.2, "kl": "", "ssdm": "65", "rs": 4, "zdx": 500.0, "ptx": 500.0, "zycc": "国家专项", "fsx": 500.0}], "withYsl": false}, "jessionid": "be6fea6da6d947ea968a0aa03c8d00d3"}