{"state": 1, "msg": "操作成功", "data": {"zsSsgradeList": [{"remarks": "", "schcode": "", "sex": "", "campus": "", "nf": "2018", "klmc": "理工", "ssmc": "内蒙古", "zylx": "蒙授", "kl": "5", "ssdm": "15", "rs": 4, "minScore": 490.0, "minOrder": 22070, "avgScore": 501.5, "avgOrder": 19554, "maxScore": 514.0, "maxOrder": 17194, "zycc": "蒙授"}], "sszygradeList": [{"remarks": "", "schcode": "", "sex": "", "campus": "", "nf": "2018", "klmc": "理工", "ssmc": "内蒙古", "zylx": "蒙授", "zymc": "园林", "maxScore": 510.0, "minScore": 492.0, "avgScore": 501.0, "kl": "", "ssdm": "15", "rs": 2, "zycc": "蒙授"}, {"remarks": "", "schcode": "", "sex": "", "campus": "", "nf": "2018", "klmc": "理工", "ssmc": "内蒙古", "zylx": "蒙授", "zymc": "食品科学与工程类", "maxScore": 514.0, "minScore": 490.0, "avgScore": 502.0, "kl": "", "ssdm": "15", "rs": 2, "zycc": "蒙授"}], "withYsl": false}, "jessionid": "be6fea6da6d947ea968a0aa03c8d00d3"}