{"state": 1, "msg": "操作成功", "data": {"zsSsgradeList": [{"remarks": "", "schcode": "", "sex": "", "campus": "", "nf": "2017", "klmc": "文史", "ssmc": "山东", "zylx": "普通类", "kl": "1", "ssdm": "37", "rs": 41, "zdx": 483.0, "ptx": 483.0, "minScore": 564.0, "minOrder": 8260, "avgScore": 567.0, "avgOrder": 7391, "maxScore": 576.0, "maxOrder": 5138, "zycc": "普通类", "fsx": 483.0}], "sszygradeList": [{"remarks": "", "schcode": "", "sex": "", "campus": "", "nf": "2017", "klmc": "文史", "ssmc": "山东", "zylx": "普通类", "zymc": "工商管理类（管理学Ⅱ）", "maxScore": 575.0, "minScore": 564.0, "avgScore": 567.1, "avgOrder": 7391, "minOrder": 8260, "maxOrder": 5348, "kl": "", "ssdm": "37", "rs": 24, "zdx": 483.0, "ptx": 483.0, "zycc": "普通类", "fsx": 483.0}, {"remarks": "", "schcode": "", "sex": "", "campus": "", "nf": "2017", "klmc": "文史", "ssmc": "山东", "zylx": "普通类", "zymc": "法学类（法学）", "maxScore": 569.0, "minScore": 565.0, "avgScore": 566.9, "avgOrder": 7391, "minOrder": 7955, "maxOrder": 6799, "kl": "", "ssdm": "37", "rs": 7, "zdx": 483.0, "ptx": 483.0, "zycc": "普通类", "fsx": 483.0}, {"remarks": "", "schcode": "", "sex": "", "campus": "", "nf": "2017", "klmc": "文史", "ssmc": "山东", "zylx": "普通类", "zymc": "行政管理", "maxScore": 568.0, "minScore": 565.0, "avgScore": 566.5, "avgOrder": 7391, "minOrder": 7955, "maxOrder": 7086, "kl": "", "ssdm": "37", "rs": 2, "zdx": 483.0, "ptx": 483.0, "zycc": "普通类", "fsx": 483.0}, {"remarks": "", "schcode": "", "sex": "", "campus": "", "nf": "2017", "klmc": "文史", "ssmc": "山东", "zylx": "普通类", "zymc": "英语", "maxScore": 576.0, "minScore": 566.0, "avgScore": 569.0, "avgOrder": 6799, "minOrder": 7674, "maxOrder": 5138, "kl": "", "ssdm": "37", "rs": 4, "zdx": 483.0, "ptx": 483.0, "zycc": "普通类", "fsx": 483.0}, {"remarks": "", "schcode": "", "sex": "", "campus": "", "nf": "2017", "klmc": "文史", "ssmc": "山东", "zylx": "普通类", "zymc": "汉语国际教育", "maxScore": 567.0, "minScore": 564.0, "avgScore": 564.8, "avgOrder": 7955, "minOrder": 8260, "maxOrder": 7391, "kl": "", "ssdm": "37", "rs": 4, "zdx": 483.0, "ptx": 483.0, "zycc": "普通类", "fsx": 483.0}], "withYsl": false}, "jessionid": "be6fea6da6d947ea968a0aa03c8d00d3"}