{"state": 1, "msg": "操作成功", "data": {"zsSsgradeList": [{"remarks": "文化课成绩（艺术本科提前批）", "schcode": "", "sex": "", "campus": "", "nf": "2020", "klmc": "艺术(文)", "ssmc": "湖南", "zylx": "艺术批", "kl": "3", "ssdm": "43", "rs": 12, "minScore": 473.0, "avgScore": 510.7, "maxScore": 543.0, "zycc": "艺术批"}], "sszygradeList": [{"remarks": "文化课成绩（艺术本科提前批）", "schcode": "", "sex": "", "campus": "", "nf": "2020", "klmc": "艺术(文)", "ssmc": "湖南", "zylx": "艺术批", "zymc": "视觉传达设计", "maxScore": 543.0, "minScore": 493.0, "avgScore": 523.6, "kl": "", "ssdm": "43", "rs": 7, "zycc": "艺术批"}, {"remarks": "文化课成绩（艺术本科提前批）", "schcode": "", "sex": "", "campus": "", "nf": "2020", "klmc": "艺术(文)", "ssmc": "湖南", "zylx": "艺术批", "zymc": "环境设计", "maxScore": 521.0, "minScore": 473.0, "avgScore": 492.6, "kl": "", "ssdm": "43", "rs": 5, "zycc": "艺术批"}], "withYsl": false}, "jessionid": "be6fea6da6d947ea968a0aa03c8d00d3"}