{"state": 1, "msg": "操作成功", "data": {"zsSsgradeList": [{"remarks": "", "schcode": "", "sex": "", "campus": "", "nf": "2019", "klmc": "理工", "ssmc": "青海", "zylx": "普通类", "kl": "5", "ssdm": "63", "rs": 3, "zdx": 407.0, "ptx": 407.0, "minScore": 425.0, "minOrder": 7849, "avgScore": 428.7, "avgOrder": 7456, "maxScore": 433.0, "maxOrder": 7105, "zycc": "普通类", "fsx": 407.0}], "sszygradeList": [{"remarks": "", "schcode": "", "sex": "", "campus": "", "nf": "2019", "klmc": "理工", "ssmc": "青海", "zylx": "普通类", "zymc": "动物医学", "maxScore": 428.0, "minScore": 425.0, "avgScore": 426.5, "avgOrder": 7653, "minOrder": 7849, "maxOrder": 7561, "kl": "", "ssdm": "63", "rs": 2, "zdx": 407.0, "ptx": 407.0, "zycc": "普通类", "fsx": 407.0}, {"remarks": "", "schcode": "", "sex": "", "campus": "", "nf": "2019", "klmc": "理工", "ssmc": "青海", "zylx": "普通类", "zymc": "电气工程及其自动化", "maxScore": 433.0, "minScore": 433.0, "avgScore": 433.0, "avgOrder": 7105, "minOrder": 7105, "maxOrder": 7105, "kl": "", "ssdm": "63", "rs": 1, "zdx": 407.0, "ptx": 407.0, "zycc": "普通类", "fsx": 407.0}], "withYsl": false}, "jessionid": "be6fea6da6d947ea968a0aa03c8d00d3"}