{"state": 1, "msg": "操作成功", "data": {"zsSsgradeList": [{"remarks": "", "schcode": "", "sex": "", "campus": "", "nf": "2020", "klmc": "文史", "ssmc": "湖南", "zylx": "普通类", "kl": "1", "ssdm": "43", "rs": 9, "zdx": 550.0, "ptx": 550.0, "minScore": 597.0, "minOrder": 4596, "avgScore": 597.6, "avgOrder": 4393, "maxScore": 600.0, "maxOrder": 4085, "zycc": "普通类", "fsx": 550.0}], "sszygradeList": [{"remarks": "", "schcode": "", "sex": "", "campus": "", "nf": "2020", "klmc": "文史", "ssmc": "湖南", "zylx": "普通类", "zymc": "工商管理类", "maxScore": 597.0, "minScore": 597.0, "avgScore": 597.0, "avgOrder": 4596, "minOrder": 4596, "maxOrder": 4596, "kl": "", "ssdm": "43", "rs": 3, "zdx": 550.0, "ptx": 550.0, "zycc": "普通类", "fsx": 550.0}, {"remarks": "", "schcode": "", "sex": "", "campus": "", "nf": "2020", "klmc": "文史", "ssmc": "湖南", "zylx": "普通类", "zymc": "法学类", "maxScore": 600.0, "minScore": 598.0, "avgScore": 599.0, "avgOrder": 4234, "minOrder": 4393, "maxOrder": 4085, "kl": "", "ssdm": "43", "rs": 2, "zdx": 550.0, "ptx": 550.0, "zycc": "普通类", "fsx": 550.0}, {"remarks": "", "schcode": "", "sex": "", "campus": "", "nf": "2020", "klmc": "文史", "ssmc": "湖南", "zylx": "普通类", "zymc": "行政管理", "maxScore": 598.0, "minScore": 597.0, "avgScore": 597.5, "avgOrder": 4393, "minOrder": 4596, "maxOrder": 4393, "kl": "", "ssdm": "43", "rs": 2, "zdx": 550.0, "ptx": 550.0, "zycc": "普通类", "fsx": 550.0}, {"remarks": "", "schcode": "", "sex": "", "campus": "", "nf": "2020", "klmc": "文史", "ssmc": "湖南", "zylx": "普通类", "zymc": "英语", "maxScore": 597.0, "minScore": 597.0, "avgScore": 597.0, "avgOrder": 4596, "minOrder": 4596, "maxOrder": 4596, "kl": "", "ssdm": "43", "rs": 2, "zdx": 550.0, "ptx": 550.0, "zycc": "普通类", "fsx": 550.0}], "withYsl": false}, "jessionid": "be6fea6da6d947ea968a0aa03c8d00d3"}