{"state": 1, "msg": "操作成功", "data": {"zsSsgradeList": [{"remarks": "", "schcode": "", "sex": "", "campus": "", "nf": "2018", "klmc": "文史", "ssmc": "贵州", "zylx": "普通类", "kl": "1", "ssdm": "52", "rs": 37, "zdx": 575.0, "ptx": 575.0, "minScore": 589.0, "minOrder": 6975, "avgScore": 592.8, "avgOrder": 6321, "maxScore": 600.0, "maxOrder": 5274, "zycc": "普通类", "fsx": 575.0}], "sszygradeList": [{"remarks": "", "schcode": "", "sex": "", "campus": "", "nf": "2018", "klmc": "文史", "ssmc": "贵州", "zylx": "普通类", "zymc": "工商管理类", "maxScore": 598.0, "minScore": 589.0, "avgScore": 592.7, "avgOrder": 6321, "minOrder": 6975, "maxOrder": 5559, "kl": "", "ssdm": "52", "rs": 24, "zdx": 575.0, "ptx": 575.0, "zycc": "普通类", "fsx": 575.0}, {"remarks": "", "schcode": "", "sex": "", "campus": "", "nf": "2018", "klmc": "文史", "ssmc": "贵州", "zylx": "普通类", "zymc": "法学类", "maxScore": 596.0, "minScore": 592.0, "avgScore": 594.0, "avgOrder": 6170, "minOrder": 6471, "maxOrder": 5873, "kl": "", "ssdm": "52", "rs": 6, "zdx": 575.0, "ptx": 575.0, "zycc": "普通类", "fsx": 575.0}, {"remarks": "", "schcode": "", "sex": "", "campus": "", "nf": "2018", "klmc": "文史", "ssmc": "贵州", "zylx": "普通类", "zymc": "行政管理", "maxScore": 592.0, "minScore": 590.0, "avgScore": 591.0, "avgOrder": 6632, "minOrder": 6816, "maxOrder": 6471, "kl": "", "ssdm": "52", "rs": 2, "zdx": 575.0, "ptx": 575.0, "zycc": "普通类", "fsx": 575.0}, {"remarks": "", "schcode": "", "sex": "", "campus": "", "nf": "2018", "klmc": "文史", "ssmc": "贵州", "zylx": "普通类", "zymc": "英语", "maxScore": 600.0, "minScore": 592.0, "avgScore": 596.0, "avgOrder": 5873, "minOrder": 6471, "maxOrder": 5274, "kl": "", "ssdm": "52", "rs": 2, "zdx": 575.0, "ptx": 575.0, "zycc": "普通类", "fsx": 575.0}, {"remarks": "", "schcode": "", "sex": "", "campus": "", "nf": "2018", "klmc": "文史", "ssmc": "贵州", "zylx": "普通类", "zymc": "汉语国际教育", "maxScore": 591.0, "minScore": 589.0, "avgScore": 590.0, "avgOrder": 6816, "minOrder": 6975, "maxOrder": 6632, "kl": "", "ssdm": "52", "rs": 3, "zdx": 575.0, "ptx": 575.0, "zycc": "普通类", "fsx": 575.0}], "withYsl": false}, "jessionid": "be6fea6da6d947ea968a0aa03c8d00d3"}