{"state": 1, "msg": "操作成功", "data": {"zsSsgradeList": [{"remarks": "", "schcode": "", "sex": "", "campus": "", "nf": "2020", "klmc": "理工", "ssmc": "重庆", "zylx": "普通类", "kl": "5", "ssdm": "50", "rs": 25, "zdx": 500.0, "ptx": 500.0, "minScore": 501.0, "minOrder": 41574, "avgScore": 537.4, "avgOrder": 25741, "maxScore": 564.0, "maxOrder": 16368, "zycc": "普通类", "fsx": 500.0}], "sszygradeList": [{"remarks": "", "schcode": "", "sex": "", "campus": "", "nf": "2020", "klmc": "理工", "ssmc": "重庆", "zylx": "普通类", "zymc": "应用气象学", "maxScore": 555.0, "minScore": 528.0, "avgScore": 541.5, "avgOrder": 23848, "minOrder": 29336, "maxOrder": 19241, "kl": "", "ssdm": "50", "rs": 2, "zdx": 500.0, "ptx": 500.0, "zycc": "普通类", "fsx": 500.0}, {"remarks": "", "schcode": "", "sex": "", "campus": "", "nf": "2020", "klmc": "理工", "ssmc": "重庆", "zylx": "普通类", "zymc": "环境科学与工程类", "maxScore": 553.0, "minScore": 505.0, "avgScore": 532.0, "avgOrder": 27726, "minOrder": 39600, "maxOrder": 19944, "kl": "", "ssdm": "50", "rs": 3, "zdx": 500.0, "ptx": 500.0, "zycc": "普通类", "fsx": 500.0}, {"remarks": "", "schcode": "", "sex": "", "campus": "", "nf": "2020", "klmc": "理工", "ssmc": "重庆", "zylx": "普通类", "zymc": "动物科学", "maxScore": 523.0, "minScore": 510.0, "avgScore": 516.5, "avgOrder": 34461, "minOrder": 37276, "maxOrder": 31470, "kl": "", "ssdm": "50", "rs": 2, "zdx": 500.0, "ptx": 500.0, "zycc": "普通类", "fsx": 500.0}, {"remarks": "", "schcode": "", "sex": "", "campus": "", "nf": "2020", "klmc": "理工", "ssmc": "重庆", "zylx": "普通类", "zymc": "能源动力类", "maxScore": 534.0, "minScore": 502.0, "avgScore": 518.0, "avgOrder": 33632, "minOrder": 41065, "maxOrder": 26909, "kl": "", "ssdm": "50", "rs": 2, "zdx": 500.0, "ptx": 500.0, "zycc": "普通类", "fsx": 500.0}, {"remarks": "", "schcode": "", "sex": "", "campus": "", "nf": "2020", "klmc": "理工", "ssmc": "重庆", "zylx": "普通类", "zymc": "计算机科学与技术", "maxScore": 561.0, "minScore": 559.0, "avgScore": 560.0, "avgOrder": 17639, "minOrder": 17928, "maxOrder": 17334, "kl": "", "ssdm": "50", "rs": 2, "zdx": 500.0, "ptx": 500.0, "zycc": "普通类", "fsx": 500.0}, {"remarks": "", "schcode": "", "sex": "", "campus": "", "nf": "2020", "klmc": "理工", "ssmc": "重庆", "zylx": "普通类", "zymc": "农业电气化", "maxScore": 564.0, "minScore": 521.0, "avgScore": 542.5, "avgOrder": 23848, "minOrder": 32357, "maxOrder": 16368, "kl": "", "ssdm": "50", "rs": 2, "zdx": 500.0, "ptx": 500.0, "zycc": "普通类", "fsx": 500.0}, {"remarks": "", "schcode": "", "sex": "", "campus": "", "nf": "2020", "klmc": "理工", "ssmc": "重庆", "zylx": "普通类", "zymc": "金融学类", "maxScore": 544.0, "minScore": 542.0, "avgScore": 543.0, "avgOrder": 23477, "minOrder": 23848, "maxOrder": 23104, "kl": "", "ssdm": "50", "rs": 3, "zdx": 500.0, "ptx": 500.0, "zycc": "普通类", "fsx": 500.0}, {"remarks": "", "schcode": "", "sex": "", "campus": "", "nf": "2020", "klmc": "理工", "ssmc": "重庆", "zylx": "普通类", "zymc": "生物科学类", "maxScore": 557.0, "minScore": 525.0, "avgScore": 541.0, "avgOrder": 24261, "minOrder": 30567, "maxOrder": 18565, "kl": "", "ssdm": "50", "rs": 2, "zdx": 500.0, "ptx": 500.0, "zycc": "普通类", "fsx": 500.0}, {"remarks": "", "schcode": "", "sex": "", "campus": "", "nf": "2020", "klmc": "理工", "ssmc": "重庆", "zylx": "普通类", "zymc": "食品科学与工程类", "maxScore": 552.0, "minScore": 546.0, "avgScore": 548.3, "avgOrder": 21622, "minOrder": 22379, "maxOrder": 20291, "kl": "", "ssdm": "50", "rs": 3, "zdx": 500.0, "ptx": 500.0, "zycc": "普通类", "fsx": 500.0}, {"remarks": "", "schcode": "", "sex": "", "campus": "", "nf": "2020", "klmc": "理工", "ssmc": "重庆", "zylx": "普通类", "zymc": "人文地理与城乡规划", "maxScore": 544.0, "minScore": 501.0, "avgScore": 522.5, "avgOrder": 31925, "minOrder": 41574, "maxOrder": 23104, "kl": "", "ssdm": "50", "rs": 2, "zdx": 500.0, "ptx": 500.0, "zycc": "普通类", "fsx": 500.0}, {"remarks": "", "schcode": "", "sex": "", "campus": "", "nf": "2020", "klmc": "理工", "ssmc": "重庆", "zylx": "普通类", "zymc": "水利类", "maxScore": 544.0, "minScore": 536.0, "avgScore": 540.0, "avgOrder": 24637, "minOrder": 26131, "maxOrder": 23104, "kl": "", "ssdm": "50", "rs": 2, "zdx": 500.0, "ptx": 500.0, "zycc": "普通类", "fsx": 500.0}], "withYsl": false}, "jessionid": "be6fea6da6d947ea968a0aa03c8d00d3"}