{"state": 1, "msg": "操作成功", "data": {"zsSsgradeList": [{"remarks": "", "schcode": "", "sex": "", "campus": "", "nf": "2017", "klmc": "理工", "ssmc": "河北", "zylx": "普通类", "kl": "5", "ssdm": "13", "rs": 62, "zdx": 485.0, "ptx": 485.0, "minScore": 552.0, "minOrder": 30485, "avgScore": 557.5, "avgOrder": 27373, "maxScore": 571.0, "maxOrder": 21285, "zycc": "普通类", "fsx": 485.0}], "sszygradeList": [{"remarks": "", "schcode": "", "sex": "", "campus": "", "nf": "2017", "klmc": "理工", "ssmc": "河北", "zylx": "普通类", "zymc": "植物生产类（Ⅰ）", "maxScore": 559.0, "minScore": 553.0, "avgScore": 555.6, "avgOrder": 28435, "minOrder": 29972, "maxOrder": 26854, "kl": "", "ssdm": "13", "rs": 8, "zdx": 485.0, "ptx": 485.0, "zycc": "普通类", "fsx": 485.0}, {"remarks": "", "schcode": "", "sex": "", "campus": "", "nf": "2017", "klmc": "理工", "ssmc": "河北", "zylx": "普通类", "zymc": "农学（本硕博班）", "maxScore": 562.0, "minScore": 562.0, "avgScore": 562.0, "avgOrder": 25415, "minOrder": 25415, "maxOrder": 25415, "kl": "", "ssdm": "13", "rs": 1, "zdx": 485.0, "ptx": 485.0, "zycc": "普通类", "fsx": 485.0}, {"remarks": "", "schcode": "", "sex": "", "campus": "", "nf": "2017", "klmc": "理工", "ssmc": "河北", "zylx": "普通类", "zymc": "植物生产类（Ⅱ）", "maxScore": 553.0, "minScore": 552.0, "avgScore": 552.5, "avgOrder": 29972, "minOrder": 30485, "maxOrder": 29972, "kl": "", "ssdm": "13", "rs": 2, "zdx": 485.0, "ptx": 485.0, "zycc": "普通类", "fsx": 485.0}, {"remarks": "", "schcode": "", "sex": "", "campus": "", "nf": "2017", "klmc": "理工", "ssmc": "河北", "zylx": "普通类", "zymc": "园艺（本硕博班）", "maxScore": 553.0, "minScore": 553.0, "avgScore": 553.0, "avgOrder": 29972, "minOrder": 29972, "maxOrder": 29972, "kl": "", "ssdm": "13", "rs": 1, "zdx": 485.0, "ptx": 485.0, "zycc": "普通类", "fsx": 485.0}, {"remarks": "", "schcode": "", "sex": "", "campus": "", "nf": "2017", "klmc": "理工", "ssmc": "河北", "zylx": "普通类", "zymc": "园林", "maxScore": 560.0, "minScore": 558.0, "avgScore": 559.0, "avgOrder": 26854, "minOrder": 27373, "maxOrder": 26391, "kl": "", "ssdm": "13", "rs": 2, "zdx": 485.0, "ptx": 485.0, "zycc": "普通类", "fsx": 485.0}, {"remarks": "", "schcode": "", "sex": "", "campus": "", "nf": "2017", "klmc": "理工", "ssmc": "河北", "zylx": "普通类", "zymc": "生态学", "maxScore": 557.0, "minScore": 552.0, "avgScore": 554.5, "avgOrder": 28950, "minOrder": 30485, "maxOrder": 27890, "kl": "", "ssdm": "13", "rs": 2, "zdx": 485.0, "ptx": 485.0, "zycc": "普通类", "fsx": 485.0}, {"remarks": "", "schcode": "", "sex": "", "campus": "", "nf": "2017", "klmc": "理工", "ssmc": "河北", "zylx": "普通类", "zymc": "自然保护与环境生态类（农学）", "maxScore": 558.0, "minScore": 557.0, "avgScore": 557.5, "avgOrder": 27373, "minOrder": 27890, "maxOrder": 27373, "kl": "", "ssdm": "13", "rs": 2, "zdx": 485.0, "ptx": 485.0, "zycc": "普通类", "fsx": 485.0}, {"remarks": "", "schcode": "", "sex": "", "campus": "", "nf": "2017", "klmc": "理工", "ssmc": "河北", "zylx": "普通类", "zymc": "动物科学", "maxScore": 560.0, "minScore": 554.0, "avgScore": 557.0, "avgOrder": 27890, "minOrder": 29432, "maxOrder": 26391, "kl": "", "ssdm": "13", "rs": 3, "zdx": 485.0, "ptx": 485.0, "zycc": "普通类", "fsx": 485.0}, {"remarks": "", "schcode": "", "sex": "", "campus": "", "nf": "2017", "klmc": "理工", "ssmc": "河北", "zylx": "普通类", "zymc": "动物医学（本硕博班）", "maxScore": 565.0, "minScore": 556.0, "avgScore": 560.0, "avgOrder": 26391, "minOrder": 28435, "maxOrder": 24025, "kl": "", "ssdm": "13", "rs": 3, "zdx": 485.0, "ptx": 485.0, "zycc": "普通类", "fsx": 485.0}, {"remarks": "", "schcode": "", "sex": "", "campus": "", "nf": "2017", "klmc": "理工", "ssmc": "河北", "zylx": "普通类", "zymc": "动物药学", "maxScore": 584.0, "minScore": 552.0, "avgScore": 568.0, "avgOrder": 22656, "minOrder": 30485, "maxOrder": 15990, "kl": "", "ssdm": "13", "rs": 2, "zdx": 485.0, "ptx": 485.0, "zycc": "普通类", "fsx": 485.0}, {"remarks": "", "schcode": "", "sex": "", "campus": "", "nf": "2017", "klmc": "理工", "ssmc": "河北", "zylx": "普通类", "zymc": "机械类（工学Ⅰ）", "maxScore": 562.0, "minScore": 556.0, "avgScore": 558.8, "avgOrder": 26854, "minOrder": 28435, "maxOrder": 25415, "kl": "", "ssdm": "13", "rs": 4, "zdx": 485.0, "ptx": 485.0, "zycc": "普通类", "fsx": 485.0}, {"remarks": "", "schcode": "", "sex": "", "campus": "", "nf": "2017", "klmc": "理工", "ssmc": "河北", "zylx": "普通类", "zymc": "农业机械化及其自动化（本硕博班）", "maxScore": 562.0, "minScore": 562.0, "avgScore": 562.0, "avgOrder": 25415, "minOrder": 25415, "maxOrder": 25415, "kl": "", "ssdm": "13", "rs": 1, "zdx": 485.0, "ptx": 485.0, "zycc": "普通类", "fsx": 485.0}, {"remarks": "", "schcode": "", "sex": "", "campus": "", "nf": "2017", "klmc": "理工", "ssmc": "河北", "zylx": "普通类", "zymc": "工业工程类（管理学Ⅰ）", "maxScore": 554.0, "minScore": 554.0, "avgScore": 554.0, "avgOrder": 29432, "minOrder": 29432, "maxOrder": 29432, "kl": "", "ssdm": "13", "rs": 2, "zdx": 485.0, "ptx": 485.0, "zycc": "普通类", "fsx": 485.0}, {"remarks": "", "schcode": "", "sex": "", "campus": "", "nf": "2017", "klmc": "理工", "ssmc": "河北", "zylx": "普通类", "zymc": "电气类（工学Ⅲ）", "maxScore": 562.0, "minScore": 560.0, "avgScore": 561.0, "avgOrder": 25905, "minOrder": 26391, "maxOrder": 25415, "kl": "", "ssdm": "13", "rs": 2, "zdx": 485.0, "ptx": 485.0, "zycc": "普通类", "fsx": 485.0}, {"remarks": "", "schcode": "", "sex": "", "campus": "", "nf": "2017", "klmc": "理工", "ssmc": "河北", "zylx": "普通类", "zymc": "计算机类", "maxScore": 561.0, "minScore": 559.0, "avgScore": 560.0, "avgOrder": 26391, "minOrder": 26854, "maxOrder": 25905, "kl": "", "ssdm": "13", "rs": 2, "zdx": 485.0, "ptx": 485.0, "zycc": "普通类", "fsx": 485.0}, {"remarks": "", "schcode": "", "sex": "", "campus": "", "nf": "2017", "klmc": "理工", "ssmc": "河北", "zylx": "普通类", "zymc": "金融学类（经济学）", "maxScore": 565.0, "minScore": 559.0, "avgScore": 561.4, "avgOrder": 25905, "minOrder": 26854, "maxOrder": 24025, "kl": "", "ssdm": "13", "rs": 5, "zdx": 485.0, "ptx": 485.0, "zycc": "普通类", "fsx": 485.0}, {"remarks": "", "schcode": "", "sex": "", "campus": "", "nf": "2017", "klmc": "理工", "ssmc": "河北", "zylx": "普通类", "zymc": "农林经济管理（本硕博班）", "maxScore": 557.0, "minScore": 557.0, "avgScore": 557.0, "avgOrder": 27890, "minOrder": 27890, "maxOrder": 27890, "kl": "", "ssdm": "13", "rs": 1, "zdx": 485.0, "ptx": 485.0, "zycc": "普通类", "fsx": 485.0}, {"remarks": "", "schcode": "", "sex": "", "campus": "", "nf": "2017", "klmc": "理工", "ssmc": "河北", "zylx": "普通类", "zymc": "生物科学类", "maxScore": 563.0, "minScore": 555.0, "avgScore": 558.0, "avgOrder": 27373, "minOrder": 28950, "maxOrder": 24930, "kl": "", "ssdm": "13", "rs": 3, "zdx": 485.0, "ptx": 485.0, "zycc": "普通类", "fsx": 485.0}, {"remarks": "", "schcode": "", "sex": "", "campus": "", "nf": "2017", "klmc": "理工", "ssmc": "河北", "zylx": "普通类", "zymc": "生物工程类（工学Ⅳ）", "maxScore": 558.0, "minScore": 553.0, "avgScore": 554.7, "avgOrder": 28950, "minOrder": 29972, "maxOrder": 27373, "kl": "", "ssdm": "13", "rs": 3, "zdx": 485.0, "ptx": 485.0, "zycc": "普通类", "fsx": 485.0}, {"remarks": "", "schcode": "", "sex": "", "campus": "", "nf": "2017", "klmc": "理工", "ssmc": "河北", "zylx": "普通类", "zymc": "食品科学与工程类", "maxScore": 571.0, "minScore": 561.0, "avgScore": 564.3, "avgOrder": 24486, "minOrder": 25905, "maxOrder": 21285, "kl": "", "ssdm": "13", "rs": 3, "zdx": 485.0, "ptx": 485.0, "zycc": "普通类", "fsx": 485.0}, {"remarks": "", "schcode": "", "sex": "", "campus": "", "nf": "2017", "klmc": "理工", "ssmc": "河北", "zylx": "普通类", "zymc": "人文地理与城乡规划", "maxScore": 556.0, "minScore": 554.0, "avgScore": 554.7, "avgOrder": 28950, "minOrder": 29432, "maxOrder": 28435, "kl": "", "ssdm": "13", "rs": 3, "zdx": 485.0, "ptx": 485.0, "zycc": "普通类", "fsx": 485.0}, {"remarks": "", "schcode": "", "sex": "", "campus": "", "nf": "2017", "klmc": "理工", "ssmc": "河北", "zylx": "普通类", "zymc": "水利类（工学Ⅴ）", "maxScore": 556.0, "minScore": 555.0, "avgScore": 555.5, "avgOrder": 28435, "minOrder": 28950, "maxOrder": 28435, "kl": "", "ssdm": "13", "rs": 2, "zdx": 485.0, "ptx": 485.0, "zycc": "普通类", "fsx": 485.0}, {"remarks": "", "schcode": "", "sex": "", "campus": "", "nf": "2017", "klmc": "理工", "ssmc": "河北", "zylx": "普通类", "zymc": "土木工程", "maxScore": 556.0, "minScore": 555.0, "avgScore": 555.5, "avgOrder": 28435, "minOrder": 28950, "maxOrder": 28435, "kl": "", "ssdm": "13", "rs": 2, "zdx": 485.0, "ptx": 485.0, "zycc": "普通类", "fsx": 485.0}, {"remarks": "", "schcode": "", "sex": "", "campus": "", "nf": "2017", "klmc": "理工", "ssmc": "河北", "zylx": "普通类", "zymc": "工程管理", "maxScore": 558.0, "minScore": 554.0, "avgScore": 556.0, "avgOrder": 28435, "minOrder": 29432, "maxOrder": 27373, "kl": "", "ssdm": "13", "rs": 2, "zdx": 485.0, "ptx": 485.0, "zycc": "普通类", "fsx": 485.0}, {"remarks": "", "schcode": "", "sex": "", "campus": "", "nf": "2017", "klmc": "理工", "ssmc": "河北", "zylx": "普通类", "zymc": "应用化学", "maxScore": 559.0, "minScore": 557.0, "avgScore": 558.0, "avgOrder": 27373, "minOrder": 27890, "maxOrder": 26854, "kl": "", "ssdm": "13", "rs": 2, "zdx": 485.0, "ptx": 485.0, "zycc": "普通类", "fsx": 485.0}], "withYsl": false}, "jessionid": "be6fea6da6d947ea968a0aa03c8d00d3"}