{"state": 1, "msg": "操作成功", "data": {"zsSsgradeList": [{"remarks": "", "schcode": "", "sex": "", "campus": "", "nf": "2017", "klmc": "艺术(文)", "ssmc": "陕西", "zylx": "艺术批", "kl": "3", "ssdm": "61", "rs": 6, "minScore": 381.0, "avgScore": 399.3, "maxScore": 424.0, "zycc": "艺术批"}], "sszygradeList": [{"remarks": "文化课成绩；控制线：文化课297分，术科84分", "schcode": "", "sex": "", "campus": "", "nf": "2017", "klmc": "艺术(文)", "ssmc": "陕西", "zylx": "艺术批", "zymc": "广播电视编导", "maxScore": 424.0, "minScore": 381.0, "avgScore": 399.3, "kl": "", "ssdm": "61", "rs": 6, "zycc": "艺术批"}], "withYsl": false}, "jessionid": "be6fea6da6d947ea968a0aa03c8d00d3"}