{"state": 1, "msg": "操作成功", "data": {"zsSsgradeList": [{"remarks": "", "schcode": "", "sex": "", "campus": "", "nf": "2017", "klmc": "理工", "ssmc": "山西", "zylx": "普通类", "kl": "5", "ssdm": "14", "rs": 115, "zdx": 481.0, "ptx": 481.0, "minScore": 489.0, "minOrder": 25328, "avgScore": 496.1, "avgOrder": 22456, "maxScore": 521.0, "maxOrder": 13553, "zycc": "普通类", "fsx": 481.0}], "sszygradeList": [{"remarks": "", "schcode": "", "sex": "", "campus": "", "nf": "2017", "klmc": "理工", "ssmc": "山西", "zylx": "普通类", "zymc": "植物生产类（Ⅰ）", "maxScore": 508.0, "minScore": 489.0, "avgScore": 492.3, "avgOrder": 24054, "minOrder": 25328, "maxOrder": 17792, "kl": "", "ssdm": "14", "rs": 11, "zdx": 481.0, "ptx": 481.0, "zycc": "普通类", "fsx": 481.0}, {"remarks": "", "schcode": "", "sex": "", "campus": "", "nf": "2017", "klmc": "理工", "ssmc": "山西", "zylx": "普通类", "zymc": "植物生产类（Ⅱ）", "maxScore": 489.0, "minScore": 489.0, "avgScore": 489.0, "avgOrder": 25328, "minOrder": 25328, "maxOrder": 25328, "kl": "", "ssdm": "14", "rs": 5, "zdx": 481.0, "ptx": 481.0, "zycc": "普通类", "fsx": 481.0}, {"remarks": "", "schcode": "", "sex": "", "campus": "", "nf": "2017", "klmc": "理工", "ssmc": "山西", "zylx": "普通类", "zymc": "园林", "maxScore": 504.0, "minScore": 491.0, "avgScore": 495.0, "avgOrder": 22838, "minOrder": 24470, "maxOrder": 19268, "kl": "", "ssdm": "14", "rs": 5, "zdx": 481.0, "ptx": 481.0, "zycc": "普通类", "fsx": 481.0}, {"remarks": "", "schcode": "", "sex": "", "campus": "", "nf": "2017", "klmc": "理工", "ssmc": "山西", "zylx": "普通类", "zymc": "应用气象学", "maxScore": 492.0, "minScore": 489.0, "avgScore": 490.3, "avgOrder": 24909, "minOrder": 25328, "maxOrder": 24054, "kl": "", "ssdm": "14", "rs": 3, "zdx": 481.0, "ptx": 481.0, "zycc": "普通类", "fsx": 481.0}, {"remarks": "", "schcode": "", "sex": "", "campus": "", "nf": "2017", "klmc": "理工", "ssmc": "山西", "zylx": "普通类", "zymc": "生态学", "maxScore": 490.0, "minScore": 489.0, "avgScore": 489.5, "avgOrder": 24909, "minOrder": 25328, "maxOrder": 24909, "kl": "", "ssdm": "14", "rs": 2, "zdx": 481.0, "ptx": 481.0, "zycc": "普通类", "fsx": 481.0}, {"remarks": "", "schcode": "", "sex": "", "campus": "", "nf": "2017", "klmc": "理工", "ssmc": "山西", "zylx": "普通类", "zymc": "环境科学与工程类", "maxScore": 498.0, "minScore": 491.0, "avgScore": 494.4, "avgOrder": 23248, "minOrder": 24470, "maxOrder": 21646, "kl": "", "ssdm": "14", "rs": 8, "zdx": 481.0, "ptx": 481.0, "zycc": "普通类", "fsx": 481.0}, {"remarks": "", "schcode": "", "sex": "", "campus": "", "nf": "2017", "klmc": "理工", "ssmc": "山西", "zylx": "普通类", "zymc": "自然保护与环境生态类（农学）", "maxScore": 499.0, "minScore": 489.0, "avgScore": 492.0, "avgOrder": 24054, "minOrder": 25328, "maxOrder": 21231, "kl": "", "ssdm": "14", "rs": 4, "zdx": 481.0, "ptx": 481.0, "zycc": "普通类", "fsx": 481.0}, {"remarks": "", "schcode": "", "sex": "", "campus": "", "nf": "2017", "klmc": "理工", "ssmc": "山西", "zylx": "普通类", "zymc": "动物科学", "maxScore": 499.0, "minScore": 488.0, "avgScore": 491.0, "avgOrder": 24470, "minOrder": 25801, "maxOrder": 21231, "kl": "", "ssdm": "14", "rs": 6, "zdx": 481.0, "ptx": 481.0, "zycc": "普通类", "fsx": 481.0}, {"remarks": "", "schcode": "", "sex": "", "campus": "", "nf": "2017", "klmc": "理工", "ssmc": "山西", "zylx": "普通类", "zymc": "动物医学", "maxScore": 517.0, "minScore": 492.0, "avgScore": 498.2, "avgOrder": 21646, "minOrder": 24054, "maxOrder": 14787, "kl": "", "ssdm": "14", "rs": 4, "zdx": 481.0, "ptx": 481.0, "zycc": "普通类", "fsx": 481.0}, {"remarks": "", "schcode": "", "sex": "", "campus": "", "nf": "2017", "klmc": "理工", "ssmc": "山西", "zylx": "普通类", "zymc": "动物药学", "maxScore": 493.0, "minScore": 489.0, "avgScore": 491.0, "avgOrder": 24470, "minOrder": 25328, "maxOrder": 23669, "kl": "", "ssdm": "14", "rs": 2, "zdx": 481.0, "ptx": 481.0, "zycc": "普通类", "fsx": 481.0}, {"remarks": "", "schcode": "", "sex": "", "campus": "", "nf": "2017", "klmc": "理工", "ssmc": "山西", "zylx": "普通类", "zymc": "机械类（工学Ⅰ）", "maxScore": 515.0, "minScore": 499.0, "avgScore": 505.8, "avgOrder": 18494, "minOrder": 21231, "maxOrder": 15393, "kl": "", "ssdm": "14", "rs": 6, "zdx": 481.0, "ptx": 481.0, "zycc": "普通类", "fsx": 481.0}, {"remarks": "", "schcode": "", "sex": "", "campus": "", "nf": "2017", "klmc": "理工", "ssmc": "山西", "zylx": "普通类", "zymc": "能源动力类（工学Ⅱ）", "maxScore": 504.0, "minScore": 500.0, "avgScore": 502.0, "avgOrder": 20051, "minOrder": 20838, "maxOrder": 19268, "kl": "", "ssdm": "14", "rs": 2, "zdx": 481.0, "ptx": 481.0, "zycc": "普通类", "fsx": 481.0}, {"remarks": "", "schcode": "", "sex": "", "campus": "", "nf": "2017", "klmc": "理工", "ssmc": "山西", "zylx": "普通类", "zymc": "工业工程类（管理学Ⅰ）", "maxScore": 495.0, "minScore": 492.0, "avgScore": 493.5, "avgOrder": 23248, "minOrder": 24054, "maxOrder": 22838, "kl": "", "ssdm": "14", "rs": 2, "zdx": 481.0, "ptx": 481.0, "zycc": "普通类", "fsx": 481.0}, {"remarks": "", "schcode": "", "sex": "", "campus": "", "nf": "2017", "klmc": "理工", "ssmc": "山西", "zylx": "普通类", "zymc": "电气类（工学Ⅲ）", "maxScore": 506.0, "minScore": 500.0, "avgScore": 502.5, "avgOrder": 19666, "minOrder": 20838, "maxOrder": 18494, "kl": "", "ssdm": "14", "rs": 4, "zdx": 481.0, "ptx": 481.0, "zycc": "普通类", "fsx": 481.0}, {"remarks": "", "schcode": "", "sex": "", "campus": "", "nf": "2017", "klmc": "理工", "ssmc": "山西", "zylx": "普通类", "zymc": "计算机类", "maxScore": 521.0, "minScore": 501.0, "avgScore": 507.0, "avgOrder": 18150, "minOrder": 20458, "maxOrder": 13553, "kl": "", "ssdm": "14", "rs": 4, "zdx": 481.0, "ptx": 481.0, "zycc": "普通类", "fsx": 481.0}, {"remarks": "", "schcode": "", "sex": "", "campus": "", "nf": "2017", "klmc": "理工", "ssmc": "山西", "zylx": "普通类", "zymc": "金融学类（经济学）", "maxScore": 509.0, "minScore": 500.0, "avgScore": 502.3, "avgOrder": 20051, "minOrder": 20838, "maxOrder": 17444, "kl": "", "ssdm": "14", "rs": 7, "zdx": 481.0, "ptx": 481.0, "zycc": "普通类", "fsx": 481.0}, {"remarks": "", "schcode": "", "sex": "", "campus": "", "nf": "2017", "klmc": "理工", "ssmc": "山西", "zylx": "普通类", "zymc": "生物工程类（工学Ⅳ）", "maxScore": 503.0, "minScore": 494.0, "avgScore": 499.3, "avgOrder": 21231, "minOrder": 23248, "maxOrder": 19666, "kl": "", "ssdm": "14", "rs": 3, "zdx": 481.0, "ptx": 481.0, "zycc": "普通类", "fsx": 481.0}, {"remarks": "", "schcode": "", "sex": "", "campus": "", "nf": "2017", "klmc": "理工", "ssmc": "山西", "zylx": "普通类", "zymc": "食品科学与工程类", "maxScore": 502.0, "minScore": 493.0, "avgScore": 496.6, "avgOrder": 22064, "minOrder": 23669, "maxOrder": 20051, "kl": "", "ssdm": "14", "rs": 9, "zdx": 481.0, "ptx": 481.0, "zycc": "普通类", "fsx": 481.0}, {"remarks": "", "schcode": "", "sex": "", "campus": "", "nf": "2017", "klmc": "理工", "ssmc": "山西", "zylx": "普通类", "zymc": "人文地理与城乡规划", "maxScore": 495.0, "minScore": 492.0, "avgScore": 493.3, "avgOrder": 23669, "minOrder": 24054, "maxOrder": 22838, "kl": "", "ssdm": "14", "rs": 3, "zdx": 481.0, "ptx": 481.0, "zycc": "普通类", "fsx": 481.0}, {"remarks": "", "schcode": "", "sex": "", "campus": "", "nf": "2017", "klmc": "理工", "ssmc": "山西", "zylx": "普通类", "zymc": "土地资源管理", "maxScore": 498.0, "minScore": 491.0, "avgScore": 494.5, "avgOrder": 22838, "minOrder": 24470, "maxOrder": 21646, "kl": "", "ssdm": "14", "rs": 2, "zdx": 481.0, "ptx": 481.0, "zycc": "普通类", "fsx": 481.0}, {"remarks": "", "schcode": "", "sex": "", "campus": "", "nf": "2017", "klmc": "理工", "ssmc": "山西", "zylx": "普通类", "zymc": "水利类（工学Ⅴ）", "maxScore": 501.0, "minScore": 492.0, "avgScore": 494.8, "avgOrder": 22838, "minOrder": 24054, "maxOrder": 20458, "kl": "", "ssdm": "14", "rs": 8, "zdx": 481.0, "ptx": 481.0, "zycc": "普通类", "fsx": 481.0}, {"remarks": "", "schcode": "", "sex": "", "campus": "", "nf": "2017", "klmc": "理工", "ssmc": "山西", "zylx": "普通类", "zymc": "土木工程", "maxScore": 500.0, "minScore": 496.0, "avgScore": 497.8, "avgOrder": 21646, "minOrder": 22456, "maxOrder": 20838, "kl": "", "ssdm": "14", "rs": 4, "zdx": 481.0, "ptx": 481.0, "zycc": "普通类", "fsx": 481.0}, {"remarks": "", "schcode": "", "sex": "", "campus": "", "nf": "2017", "klmc": "理工", "ssmc": "山西", "zylx": "普通类", "zymc": "工程管理", "maxScore": 498.0, "minScore": 490.0, "avgScore": 492.4, "avgOrder": 24054, "minOrder": 24909, "maxOrder": 21646, "kl": "", "ssdm": "14", "rs": 5, "zdx": 481.0, "ptx": 481.0, "zycc": "普通类", "fsx": 481.0}, {"remarks": "", "schcode": "", "sex": "", "campus": "", "nf": "2017", "klmc": "理工", "ssmc": "山西", "zylx": "普通类", "zymc": "统计学类（理学）", "maxScore": 499.0, "minScore": 493.0, "avgScore": 496.2, "avgOrder": 22456, "minOrder": 23669, "maxOrder": 21231, "kl": "", "ssdm": "14", "rs": 6, "zdx": 481.0, "ptx": 481.0, "zycc": "普通类", "fsx": 481.0}, {"remarks": "", "schcode": "", "sex": "", "campus": "", "nf": "2017", "klmc": "理工", "ssmc": "山西", "zylx": "普通类", "zymc": "应用化学", "maxScore": 498.0, "minScore": 496.0, "avgScore": 497.0, "avgOrder": 22064, "minOrder": 22456, "maxOrder": 21646, "kl": "", "ssdm": "14", "rs": 2, "zdx": 481.0, "ptx": 481.0, "zycc": "普通类", "fsx": 481.0}, {"remarks": "", "schcode": "", "sex": "", "campus": "", "nf": "2017", "klmc": "理工", "ssmc": "山西", "zylx": "普通类", "zymc": "化学生物学", "maxScore": 496.0, "minScore": 494.0, "avgScore": 495.0, "avgOrder": 22838, "minOrder": 23248, "maxOrder": 22456, "kl": "", "ssdm": "14", "rs": 2, "zdx": 481.0, "ptx": 481.0, "zycc": "普通类", "fsx": 481.0}], "withYsl": false}, "jessionid": "be6fea6da6d947ea968a0aa03c8d00d3"}