{"state": 1, "msg": "操作成功", "data": {"zsSsgradeList": [{"remarks": "", "schcode": "", "sex": "", "campus": "", "nf": "2020", "klmc": "文史", "ssmc": "黑龙江", "zylx": "普通类", "kl": "1", "ssdm": "23", "rs": 385, "zdx": 483.0, "ptx": 483.0, "minScore": 530.0, "minOrder": 3853, "avgScore": 540.5, "avgOrder": 3085, "maxScore": 576.0, "maxOrder": 1223, "zycc": "普通类", "fsx": 483.0}], "sszygradeList": [{"remarks": "", "schcode": "", "sex": "", "campus": "", "nf": "2020", "klmc": "文史", "ssmc": "黑龙江", "zylx": "普通类", "zymc": "金融学类", "maxScore": 563.0, "minScore": 535.0, "avgScore": 540.6, "avgOrder": 3085, "minOrder": 3482, "maxOrder": 1819, "kl": "", "ssdm": "23", "rs": 110, "zdx": 483.0, "ptx": 483.0, "zycc": "普通类", "fsx": 483.0}, {"remarks": "", "schcode": "", "sex": "", "campus": "", "nf": "2020", "klmc": "文史", "ssmc": "黑龙江", "zylx": "普通类", "zymc": "工商管理类", "maxScore": 562.0, "minScore": 530.0, "avgScore": 536.4, "avgOrder": 3429, "minOrder": 3853, "maxOrder": 1873, "kl": "", "ssdm": "23", "rs": 151, "zdx": 483.0, "ptx": 483.0, "zycc": "普通类", "fsx": 483.0}, {"remarks": "", "schcode": "", "sex": "", "campus": "", "nf": "2020", "klmc": "文史", "ssmc": "黑龙江", "zylx": "普通类", "zymc": "农林经济管理", "maxScore": 560.0, "minScore": 544.0, "avgScore": 550.1, "avgOrder": 2501, "minOrder": 2882, "maxOrder": 1973, "kl": "", "ssdm": "23", "rs": 18, "zdx": 483.0, "ptx": 483.0, "zycc": "普通类", "fsx": 483.0}, {"remarks": "", "schcode": "", "sex": "", "campus": "", "nf": "2020", "klmc": "文史", "ssmc": "黑龙江", "zylx": "普通类", "zymc": "农林经济管理（本硕博班）", "maxScore": 576.0, "minScore": 564.0, "avgScore": 567.9, "avgOrder": 1578, "minOrder": 1770, "maxOrder": 1223, "kl": "", "ssdm": "23", "rs": 7, "zdx": 483.0, "ptx": 483.0, "zycc": "普通类", "fsx": 483.0}, {"remarks": "", "schcode": "", "sex": "", "campus": "", "nf": "2020", "klmc": "文史", "ssmc": "黑龙江", "zylx": "普通类", "zymc": "法学类", "maxScore": 559.0, "minScore": 542.0, "avgScore": 547.0, "avgOrder": 2673, "minOrder": 3027, "maxOrder": 2022, "kl": "", "ssdm": "23", "rs": 27, "zdx": 483.0, "ptx": 483.0, "zycc": "普通类", "fsx": 483.0}, {"remarks": "", "schcode": "", "sex": "", "campus": "", "nf": "2020", "klmc": "文史", "ssmc": "黑龙江", "zylx": "普通类", "zymc": "行政管理", "maxScore": 543.0, "minScore": 533.0, "avgScore": 536.5, "avgOrder": 3429, "minOrder": 3643, "maxOrder": 2966, "kl": "", "ssdm": "23", "rs": 15, "zdx": 483.0, "ptx": 483.0, "zycc": "普通类", "fsx": 483.0}, {"remarks": "", "schcode": "", "sex": "", "campus": "", "nf": "2020", "klmc": "文史", "ssmc": "黑龙江", "zylx": "普通类", "zymc": "英语", "maxScore": 558.0, "minScore": 544.0, "avgScore": 548.4, "avgOrder": 2613, "minOrder": 2882, "maxOrder": 2085, "kl": "", "ssdm": "23", "rs": 18, "zdx": 483.0, "ptx": 483.0, "zycc": "普通类", "fsx": 483.0}, {"remarks": "", "schcode": "", "sex": "", "campus": "", "nf": "2020", "klmc": "文史", "ssmc": "黑龙江", "zylx": "普通类", "zymc": "俄语", "maxScore": 542.0, "minScore": 532.0, "avgScore": 537.1, "avgOrder": 3355, "minOrder": 3721, "maxOrder": 3027, "kl": "", "ssdm": "23", "rs": 15, "zdx": 483.0, "ptx": 483.0, "zycc": "普通类", "fsx": 483.0}, {"remarks": "", "schcode": "", "sex": "", "campus": "", "nf": "2020", "klmc": "文史", "ssmc": "黑龙江", "zylx": "普通类", "zymc": "汉语国际教育", "maxScore": 566.0, "minScore": 537.0, "avgScore": 543.0, "avgOrder": 2966, "minOrder": 3355, "maxOrder": 1672, "kl": "", "ssdm": "23", "rs": 24, "zdx": 483.0, "ptx": 483.0, "zycc": "普通类", "fsx": 483.0}], "withYsl": false}, "jessionid": "be6fea6da6d947ea968a0aa03c8d00d3"}