{"state": 1, "msg": "操作成功", "data": {"zsSsgradeList": [{"remarks": "", "schcode": "", "sex": "", "campus": "", "nf": "2018", "klmc": "理工", "ssmc": "广东", "zylx": "普通类", "kl": "5", "ssdm": "44", "rs": 36, "zdx": 376.0, "ptx": 376.0, "minScore": 510.0, "minOrder": 61055, "avgScore": 517.6, "avgOrder": 54228, "maxScore": 532.0, "maxOrder": 43394, "zycc": "普通类", "fsx": 376.0}], "sszygradeList": [{"remarks": "", "schcode": "", "sex": "", "campus": "", "nf": "2018", "klmc": "理工", "ssmc": "广东", "zylx": "普通类", "zymc": "风景园林", "maxScore": 520.0, "minScore": 518.0, "avgScore": 519.0, "avgOrder": 53384, "minOrder": 54228, "maxOrder": 52567, "kl": "", "ssdm": "44", "rs": 2, "zdx": 376.0, "ptx": 376.0, "zycc": "普通类", "fsx": 376.0}, {"remarks": "", "schcode": "", "sex": "", "campus": "", "nf": "2018", "klmc": "理工", "ssmc": "广东", "zylx": "普通类", "zymc": "应用气象学", "maxScore": 512.0, "minScore": 511.0, "avgScore": 511.5, "avgOrder": 59317, "minOrder": 60188, "maxOrder": 59317, "kl": "", "ssdm": "44", "rs": 2, "zdx": 376.0, "ptx": 376.0, "zycc": "普通类", "fsx": 376.0}, {"remarks": "", "schcode": "", "sex": "", "campus": "", "nf": "2018", "klmc": "理工", "ssmc": "广东", "zylx": "普通类", "zymc": "环境科学与工程类", "maxScore": 516.0, "minScore": 516.0, "avgScore": 516.0, "avgOrder": 55928, "minOrder": 55928, "maxOrder": 55928, "kl": "", "ssdm": "44", "rs": 2, "zdx": 376.0, "ptx": 376.0, "zycc": "普通类", "fsx": 376.0}, {"remarks": "", "schcode": "", "sex": "", "campus": "", "nf": "2018", "klmc": "理工", "ssmc": "广东", "zylx": "普通类", "zymc": "动物科学", "maxScore": 527.0, "minScore": 511.0, "avgScore": 519.0, "avgOrder": 53384, "minOrder": 60188, "maxOrder": 47070, "kl": "", "ssdm": "44", "rs": 2, "zdx": 376.0, "ptx": 376.0, "zycc": "普通类", "fsx": 376.0}, {"remarks": "", "schcode": "", "sex": "", "campus": "", "nf": "2018", "klmc": "理工", "ssmc": "广东", "zylx": "普通类", "zymc": "动物医学", "maxScore": 517.0, "minScore": 511.0, "avgScore": 514.0, "avgOrder": 57618, "minOrder": 60188, "maxOrder": 55084, "kl": "", "ssdm": "44", "rs": 2, "zdx": 376.0, "ptx": 376.0, "zycc": "普通类", "fsx": 376.0}, {"remarks": "", "schcode": "", "sex": "", "campus": "", "nf": "2018", "klmc": "理工", "ssmc": "广东", "zylx": "普通类", "zymc": "机械类", "maxScore": 521.0, "minScore": 521.0, "avgScore": 521.0, "avgOrder": 51772, "minOrder": 51772, "maxOrder": 51772, "kl": "", "ssdm": "44", "rs": 2, "zdx": 376.0, "ptx": 376.0, "zycc": "普通类", "fsx": 376.0}, {"remarks": "", "schcode": "", "sex": "", "campus": "", "nf": "2018", "klmc": "理工", "ssmc": "广东", "zylx": "普通类", "zymc": "能源动力类", "maxScore": 512.0, "minScore": 510.0, "avgScore": 511.0, "avgOrder": 60188, "minOrder": 61055, "maxOrder": 59317, "kl": "", "ssdm": "44", "rs": 2, "zdx": 376.0, "ptx": 376.0, "zycc": "普通类", "fsx": 376.0}, {"remarks": "", "schcode": "", "sex": "", "campus": "", "nf": "2018", "klmc": "理工", "ssmc": "广东", "zylx": "普通类", "zymc": "工业工程类", "maxScore": 518.0, "minScore": 514.0, "avgScore": 516.0, "avgOrder": 55928, "minOrder": 57618, "maxOrder": 54228, "kl": "", "ssdm": "44", "rs": 2, "zdx": 376.0, "ptx": 376.0, "zycc": "普通类", "fsx": 376.0}, {"remarks": "", "schcode": "", "sex": "", "campus": "", "nf": "2018", "klmc": "理工", "ssmc": "广东", "zylx": "普通类", "zymc": "电气工程及其自动化", "maxScore": 523.0, "minScore": 515.0, "avgScore": 519.0, "avgOrder": 53384, "minOrder": 56787, "maxOrder": 50124, "kl": "", "ssdm": "44", "rs": 2, "zdx": 376.0, "ptx": 376.0, "zycc": "普通类", "fsx": 376.0}, {"remarks": "", "schcode": "", "sex": "", "campus": "", "nf": "2018", "klmc": "理工", "ssmc": "广东", "zylx": "普通类", "zymc": "计算机类", "maxScore": 523.0, "minScore": 518.0, "avgScore": 520.5, "avgOrder": 51772, "minOrder": 54228, "maxOrder": 50124, "kl": "", "ssdm": "44", "rs": 2, "zdx": 376.0, "ptx": 376.0, "zycc": "普通类", "fsx": 376.0}, {"remarks": "", "schcode": "", "sex": "", "campus": "", "nf": "2018", "klmc": "理工", "ssmc": "广东", "zylx": "普通类", "zymc": "金融学类", "maxScore": 518.0, "minScore": 516.0, "avgScore": 517.0, "avgOrder": 55084, "minOrder": 55928, "maxOrder": 54228, "kl": "", "ssdm": "44", "rs": 2, "zdx": 376.0, "ptx": 376.0, "zycc": "普通类", "fsx": 376.0}, {"remarks": "", "schcode": "", "sex": "", "campus": "", "nf": "2018", "klmc": "理工", "ssmc": "广东", "zylx": "普通类", "zymc": "生物工程类", "maxScore": 520.0, "minScore": 519.0, "avgScore": 519.5, "avgOrder": 52567, "minOrder": 53384, "maxOrder": 52567, "kl": "", "ssdm": "44", "rs": 2, "zdx": 376.0, "ptx": 376.0, "zycc": "普通类", "fsx": 376.0}, {"remarks": "", "schcode": "", "sex": "", "campus": "", "nf": "2018", "klmc": "理工", "ssmc": "广东", "zylx": "普通类", "zymc": "食品科学与工程类", "maxScore": 530.0, "minScore": 526.0, "avgScore": 528.0, "avgOrder": 46325, "minOrder": 47797, "maxOrder": 44829, "kl": "", "ssdm": "44", "rs": 2, "zdx": 376.0, "ptx": 376.0, "zycc": "普通类", "fsx": 376.0}, {"remarks": "", "schcode": "", "sex": "", "campus": "", "nf": "2018", "klmc": "理工", "ssmc": "广东", "zylx": "普通类", "zymc": "土地资源管理", "maxScore": 516.0, "minScore": 512.0, "avgScore": 514.0, "avgOrder": 57618, "minOrder": 59317, "maxOrder": 55928, "kl": "", "ssdm": "44", "rs": 2, "zdx": 376.0, "ptx": 376.0, "zycc": "普通类", "fsx": 376.0}, {"remarks": "", "schcode": "", "sex": "", "campus": "", "nf": "2018", "klmc": "理工", "ssmc": "广东", "zylx": "普通类", "zymc": "水利类", "maxScore": 515.0, "minScore": 510.0, "avgScore": 512.5, "avgOrder": 58454, "minOrder": 61055, "maxOrder": 56787, "kl": "", "ssdm": "44", "rs": 2, "zdx": 376.0, "ptx": 376.0, "zycc": "普通类", "fsx": 376.0}, {"remarks": "", "schcode": "", "sex": "", "campus": "", "nf": "2018", "klmc": "理工", "ssmc": "广东", "zylx": "普通类", "zymc": "土木工程", "maxScore": 530.0, "minScore": 513.0, "avgScore": 521.5, "avgOrder": 50969, "minOrder": 58454, "maxOrder": 44829, "kl": "", "ssdm": "44", "rs": 2, "zdx": 376.0, "ptx": 376.0, "zycc": "普通类", "fsx": 376.0}, {"remarks": "", "schcode": "", "sex": "", "campus": "", "nf": "2018", "klmc": "理工", "ssmc": "广东", "zylx": "普通类", "zymc": "工程管理", "maxScore": 514.0, "minScore": 510.0, "avgScore": 512.0, "avgOrder": 59317, "minOrder": 61055, "maxOrder": 57618, "kl": "", "ssdm": "44", "rs": 2, "zdx": 376.0, "ptx": 376.0, "zycc": "普通类", "fsx": 376.0}, {"remarks": "", "schcode": "", "sex": "", "campus": "", "nf": "2018", "klmc": "理工", "ssmc": "广东", "zylx": "普通类", "zymc": "统计学类", "maxScore": 532.0, "minScore": 520.0, "avgScore": 526.0, "avgOrder": 47797, "minOrder": 52567, "maxOrder": 43394, "kl": "", "ssdm": "44", "rs": 2, "zdx": 376.0, "ptx": 376.0, "zycc": "普通类", "fsx": 376.0}], "withYsl": false}, "jessionid": "be6fea6da6d947ea968a0aa03c8d00d3"}