{"state": 1, "msg": "操作成功", "data": {"zsSsgradeList": [{"remarks": "", "schcode": "", "sex": "", "campus": "", "nf": "2019", "klmc": "艺术(理)", "ssmc": "辽宁", "zylx": "艺术批", "kl": "7", "ssdm": "21", "zycc": "艺术批"}], "sszygradeList": [{"remarks": "文化课成绩；控制线：理科258，专业课180", "schcode": "", "sex": "", "campus": "", "nf": "2019", "klmc": "艺术(理)", "ssmc": "辽宁", "zylx": "艺术批", "zymc": "广播电视编导", "maxScore": 502.0, "minScore": 487.0, "avgScore": 494.5, "kl": "", "ssdm": "21", "rs": 2, "zycc": "艺术批"}, {"remarks": "美术平行分；控制线：理科258，专业课185", "schcode": "", "sex": "", "campus": "", "nf": "2019", "klmc": "艺术(理)", "ssmc": "辽宁", "zylx": "艺术批", "zymc": "视觉传达设计", "maxScore": 490.0, "minScore": 462.0, "avgScore": 476.0, "kl": "", "ssdm": "21", "rs": 2, "zycc": "艺术批"}, {"remarks": "美术平行分；控制线：理科258，专业课185", "schcode": "", "sex": "", "campus": "", "nf": "2019", "klmc": "艺术(理)", "ssmc": "辽宁", "zylx": "艺术批", "zymc": "环境设计", "maxScore": 479.0, "minScore": 479.0, "avgScore": 479.0, "kl": "", "ssdm": "21", "rs": 1, "zycc": "艺术批"}], "withYsl": false}, "jessionid": "be6fea6da6d947ea968a0aa03c8d00d3"}