{"state": 1, "msg": "操作成功", "data": {"zsSsgradeList": [{"remarks": "", "schcode": "", "sex": "", "campus": "", "nf": "2020", "klmc": "理工", "ssmc": "四川", "zylx": "普通类", "kl": "5", "ssdm": "51", "rs": 86, "zdx": 529.0, "ptx": 529.0, "minScore": 575.0, "minOrder": 42539, "avgScore": 583.9, "avgOrder": 36150, "maxScore": 606.0, "maxOrder": 22798, "zycc": "普通类", "fsx": 529.0}], "sszygradeList": [{"remarks": "", "schcode": "", "sex": "", "campus": "", "nf": "2020", "klmc": "理工", "ssmc": "四川", "zylx": "普通类", "zymc": "农学", "maxScore": 578.0, "minScore": 576.0, "avgScore": 577.0, "avgOrder": 41104, "minOrder": 41829, "maxOrder": 40375, "kl": "", "ssdm": "51", "rs": 2, "zdx": 529.0, "ptx": 529.0, "zycc": "普通类", "fsx": 529.0}, {"remarks": "", "schcode": "", "sex": "", "campus": "", "nf": "2020", "klmc": "理工", "ssmc": "四川", "zylx": "普通类", "zymc": "风景园林", "maxScore": 585.0, "minScore": 577.0, "avgScore": 579.2, "avgOrder": 39692, "minOrder": 41104, "maxOrder": 35459, "kl": "", "ssdm": "51", "rs": 4, "zdx": 529.0, "ptx": 529.0, "zycc": "普通类", "fsx": 529.0}, {"remarks": "", "schcode": "", "sex": "", "campus": "", "nf": "2020", "klmc": "理工", "ssmc": "四川", "zylx": "普通类", "zymc": "园艺", "maxScore": 589.0, "minScore": 577.0, "avgScore": 583.0, "avgOrder": 36862, "minOrder": 41104, "maxOrder": 32937, "kl": "", "ssdm": "51", "rs": 2, "zdx": 529.0, "ptx": 529.0, "zycc": "普通类", "fsx": 529.0}, {"remarks": "", "schcode": "", "sex": "", "campus": "", "nf": "2020", "klmc": "理工", "ssmc": "四川", "zylx": "普通类", "zymc": "设施农业科学与工程", "maxScore": 585.0, "minScore": 576.0, "avgScore": 581.7, "avgOrder": 37529, "minOrder": 41829, "maxOrder": 35459, "kl": "", "ssdm": "51", "rs": 3, "zdx": 529.0, "ptx": 529.0, "zycc": "普通类", "fsx": 529.0}, {"remarks": "", "schcode": "", "sex": "", "campus": "", "nf": "2020", "klmc": "理工", "ssmc": "四川", "zylx": "普通类", "zymc": "园林", "maxScore": 581.0, "minScore": 575.0, "avgScore": 577.3, "avgOrder": 41104, "minOrder": 42539, "maxOrder": 38258, "kl": "", "ssdm": "51", "rs": 3, "zdx": 529.0, "ptx": 529.0, "zycc": "普通类", "fsx": 529.0}, {"remarks": "", "schcode": "", "sex": "", "campus": "", "nf": "2020", "klmc": "理工", "ssmc": "四川", "zylx": "普通类", "zymc": "应用气象学", "maxScore": 584.0, "minScore": 576.0, "avgScore": 580.0, "avgOrder": 38945, "minOrder": 41829, "maxOrder": 36150, "kl": "", "ssdm": "51", "rs": 2, "zdx": 529.0, "ptx": 529.0, "zycc": "普通类", "fsx": 529.0}, {"remarks": "", "schcode": "", "sex": "", "campus": "", "nf": "2020", "klmc": "理工", "ssmc": "四川", "zylx": "普通类", "zymc": "生态学", "maxScore": 576.0, "minScore": 576.0, "avgScore": 576.0, "avgOrder": 41829, "minOrder": 41829, "maxOrder": 41829, "kl": "", "ssdm": "51", "rs": 2, "zdx": 529.0, "ptx": 529.0, "zycc": "普通类", "fsx": 529.0}, {"remarks": "", "schcode": "", "sex": "", "campus": "", "nf": "2020", "klmc": "理工", "ssmc": "四川", "zylx": "普通类", "zymc": "环境科学与工程类", "maxScore": 583.0, "minScore": 578.0, "avgScore": 580.0, "avgOrder": 38945, "minOrder": 40375, "maxOrder": 36862, "kl": "", "ssdm": "51", "rs": 3, "zdx": 529.0, "ptx": 529.0, "zycc": "普通类", "fsx": 529.0}, {"remarks": "", "schcode": "", "sex": "", "campus": "", "nf": "2020", "klmc": "理工", "ssmc": "四川", "zylx": "普通类", "zymc": "自然保护与环境生态类", "maxScore": 577.0, "minScore": 576.0, "avgScore": 576.8, "avgOrder": 41104, "minOrder": 41829, "maxOrder": 41104, "kl": "", "ssdm": "51", "rs": 4, "zdx": 529.0, "ptx": 529.0, "zycc": "普通类", "fsx": 529.0}, {"remarks": "", "schcode": "", "sex": "", "campus": "", "nf": "2020", "klmc": "理工", "ssmc": "四川", "zylx": "普通类", "zymc": "动物科学", "maxScore": 577.0, "minScore": 576.0, "avgScore": 576.3, "avgOrder": 41829, "minOrder": 41829, "maxOrder": 41104, "kl": "", "ssdm": "51", "rs": 3, "zdx": 529.0, "ptx": 529.0, "zycc": "普通类", "fsx": 529.0}, {"remarks": "", "schcode": "", "sex": "", "campus": "", "nf": "2020", "klmc": "理工", "ssmc": "四川", "zylx": "普通类", "zymc": "水产养殖学", "maxScore": 577.0, "minScore": 576.0, "avgScore": 576.5, "avgOrder": 41829, "minOrder": 41829, "maxOrder": 41104, "kl": "", "ssdm": "51", "rs": 2, "zdx": 529.0, "ptx": 529.0, "zycc": "普通类", "fsx": 529.0}, {"remarks": "", "schcode": "", "sex": "", "campus": "", "nf": "2020", "klmc": "理工", "ssmc": "四川", "zylx": "普通类", "zymc": "动物医学", "maxScore": 587.0, "minScore": 578.0, "avgScore": 582.3, "avgOrder": 37529, "minOrder": 40375, "maxOrder": 34214, "kl": "", "ssdm": "51", "rs": 3, "zdx": 529.0, "ptx": 529.0, "zycc": "普通类", "fsx": 529.0}, {"remarks": "", "schcode": "", "sex": "", "campus": "", "nf": "2020", "klmc": "理工", "ssmc": "四川", "zylx": "普通类", "zymc": "机械类", "maxScore": 596.0, "minScore": 588.0, "avgScore": 591.3, "avgOrder": 31679, "minOrder": 33587, "maxOrder": 28627, "kl": "", "ssdm": "51", "rs": 3, "zdx": 529.0, "ptx": 529.0, "zycc": "普通类", "fsx": 529.0}, {"remarks": "", "schcode": "", "sex": "", "campus": "", "nf": "2020", "klmc": "理工", "ssmc": "四川", "zylx": "普通类", "zymc": "能源动力类", "maxScore": 597.0, "minScore": 591.0, "avgScore": 594.0, "avgOrder": 29865, "minOrder": 31679, "maxOrder": 28043, "kl": "", "ssdm": "51", "rs": 2, "zdx": 529.0, "ptx": 529.0, "zycc": "普通类", "fsx": 529.0}, {"remarks": "", "schcode": "", "sex": "", "campus": "", "nf": "2020", "klmc": "理工", "ssmc": "四川", "zylx": "普通类", "zymc": "电气工程及其自动化", "maxScore": 602.0, "minScore": 601.0, "avgScore": 601.5, "avgOrder": 25076, "minOrder": 25685, "maxOrder": 25076, "kl": "", "ssdm": "51", "rs": 2, "zdx": 529.0, "ptx": 529.0, "zycc": "普通类", "fsx": 529.0}, {"remarks": "", "schcode": "", "sex": "", "campus": "", "nf": "2020", "klmc": "理工", "ssmc": "四川", "zylx": "普通类", "zymc": "计算机科学与技术", "maxScore": 606.0, "minScore": 602.0, "avgScore": 603.7, "avgOrder": 23939, "minOrder": 25076, "maxOrder": 22798, "kl": "", "ssdm": "51", "rs": 3, "zdx": 529.0, "ptx": 529.0, "zycc": "普通类", "fsx": 529.0}, {"remarks": "", "schcode": "", "sex": "", "campus": "", "nf": "2020", "klmc": "理工", "ssmc": "四川", "zylx": "普通类", "zymc": "农业电气化", "maxScore": 579.0, "minScore": 579.0, "avgScore": 579.0, "avgOrder": 39692, "minOrder": 39692, "maxOrder": 39692, "kl": "", "ssdm": "51", "rs": 1, "zdx": 529.0, "ptx": 529.0, "zycc": "普通类", "fsx": 529.0}, {"remarks": "", "schcode": "", "sex": "", "campus": "", "nf": "2020", "klmc": "理工", "ssmc": "四川", "zylx": "普通类", "zymc": "金融学类", "maxScore": 601.0, "minScore": 587.0, "avgScore": 594.8, "avgOrder": 29241, "minOrder": 34214, "maxOrder": 25685, "kl": "", "ssdm": "51", "rs": 5, "zdx": 529.0, "ptx": 529.0, "zycc": "普通类", "fsx": 529.0}, {"remarks": "", "schcode": "", "sex": "", "campus": "", "nf": "2020", "klmc": "理工", "ssmc": "四川", "zylx": "普通类", "zymc": "生物科学类", "maxScore": 593.0, "minScore": 579.0, "avgScore": 586.0, "avgOrder": 34828, "minOrder": 39692, "maxOrder": 30497, "kl": "", "ssdm": "51", "rs": 2, "zdx": 529.0, "ptx": 529.0, "zycc": "普通类", "fsx": 529.0}, {"remarks": "", "schcode": "", "sex": "", "campus": "", "nf": "2020", "klmc": "理工", "ssmc": "四川", "zylx": "普通类", "zymc": "生物工程类", "maxScore": 590.0, "minScore": 587.0, "avgScore": 588.5, "avgOrder": 33587, "minOrder": 34214, "maxOrder": 32319, "kl": "", "ssdm": "51", "rs": 2, "zdx": 529.0, "ptx": 529.0, "zycc": "普通类", "fsx": 529.0}, {"remarks": "", "schcode": "", "sex": "", "campus": "", "nf": "2020", "klmc": "理工", "ssmc": "四川", "zylx": "普通类", "zymc": "食品科学与工程类", "maxScore": 590.0, "minScore": 577.0, "avgScore": 582.1, "avgOrder": 37529, "minOrder": 41104, "maxOrder": 32319, "kl": "", "ssdm": "51", "rs": 7, "zdx": 529.0, "ptx": 529.0, "zycc": "普通类", "fsx": 529.0}, {"remarks": "", "schcode": "", "sex": "", "campus": "", "nf": "2020", "klmc": "理工", "ssmc": "四川", "zylx": "普通类", "zymc": "人文地理与城乡规划", "maxScore": 583.0, "minScore": 577.0, "avgScore": 580.0, "avgOrder": 38945, "minOrder": 41104, "maxOrder": 36862, "kl": "", "ssdm": "51", "rs": 2, "zdx": 529.0, "ptx": 529.0, "zycc": "普通类", "fsx": 529.0}, {"remarks": "", "schcode": "", "sex": "", "campus": "", "nf": "2020", "klmc": "理工", "ssmc": "四川", "zylx": "普通类", "zymc": "土地整治工程", "maxScore": 579.0, "minScore": 572.0, "avgScore": 575.5, "avgOrder": 41829, "minOrder": 44700, "maxOrder": 39692, "kl": "", "ssdm": "51", "rs": 2, "zdx": 529.0, "ptx": 529.0, "zycc": "普通类", "fsx": 529.0}, {"remarks": "", "schcode": "", "sex": "", "campus": "", "nf": "2020", "klmc": "理工", "ssmc": "四川", "zylx": "普通类", "zymc": "土地资源管理", "maxScore": 584.0, "minScore": 578.0, "avgScore": 581.0, "avgOrder": 38258, "minOrder": 40375, "maxOrder": 36150, "kl": "", "ssdm": "51", "rs": 2, "zdx": 529.0, "ptx": 529.0, "zycc": "普通类", "fsx": 529.0}, {"remarks": "", "schcode": "", "sex": "", "campus": "", "nf": "2020", "klmc": "理工", "ssmc": "四川", "zylx": "普通类", "zymc": "水利类", "maxScore": 580.0, "minScore": 576.0, "avgScore": 576.9, "avgOrder": 41104, "minOrder": 41829, "maxOrder": 38945, "kl": "", "ssdm": "51", "rs": 7, "zdx": 529.0, "ptx": 529.0, "zycc": "普通类", "fsx": 529.0}, {"remarks": "", "schcode": "", "sex": "", "campus": "", "nf": "2020", "klmc": "理工", "ssmc": "四川", "zylx": "普通类", "zymc": "土木工程", "maxScore": 587.0, "minScore": 583.0, "avgScore": 584.7, "avgOrder": 35459, "minOrder": 36862, "maxOrder": 34214, "kl": "", "ssdm": "51", "rs": 3, "zdx": 529.0, "ptx": 529.0, "zycc": "普通类", "fsx": 529.0}, {"remarks": "", "schcode": "", "sex": "", "campus": "", "nf": "2020", "klmc": "理工", "ssmc": "四川", "zylx": "普通类", "zymc": "工程管理", "maxScore": 585.0, "minScore": 576.0, "avgScore": 579.0, "avgOrder": 39692, "minOrder": 41829, "maxOrder": 35459, "kl": "", "ssdm": "51", "rs": 3, "zdx": 529.0, "ptx": 529.0, "zycc": "普通类", "fsx": 529.0}, {"remarks": "", "schcode": "", "sex": "", "campus": "", "nf": "2020", "klmc": "理工", "ssmc": "四川", "zylx": "普通类", "zymc": "统计学类", "maxScore": 601.0, "minScore": 590.0, "avgScore": 596.5, "avgOrder": 28627, "minOrder": 32319, "maxOrder": 25685, "kl": "", "ssdm": "51", "rs": 4, "zdx": 529.0, "ptx": 529.0, "zycc": "普通类", "fsx": 529.0}, {"remarks": "", "schcode": "", "sex": "", "campus": "", "nf": "2020", "klmc": "理工", "ssmc": "四川", "zylx": "普通类", "zymc": "应用化学", "maxScore": 598.0, "minScore": 594.0, "avgScore": 596.0, "avgOrder": 28627, "minOrder": 29865, "maxOrder": 27403, "kl": "", "ssdm": "51", "rs": 2, "zdx": 529.0, "ptx": 529.0, "zycc": "普通类", "fsx": 529.0}, {"remarks": "", "schcode": "", "sex": "", "campus": "", "nf": "2020", "klmc": "理工", "ssmc": "四川", "zylx": "普通类", "zymc": "化学生物学", "maxScore": 575.0, "minScore": 575.0, "avgScore": 575.0, "avgOrder": 42539, "minOrder": 42539, "maxOrder": 42539, "kl": "", "ssdm": "51", "rs": 2, "zdx": 529.0, "ptx": 529.0, "zycc": "普通类", "fsx": 529.0}], "withYsl": false}, "jessionid": "be6fea6da6d947ea968a0aa03c8d00d3"}