{"state": 1, "msg": "操作成功", "data": {"zsSsgradeList": [{"remarks": "", "schcode": "", "sex": "", "campus": "", "nf": "2019", "klmc": "文史", "ssmc": "河南", "zylx": "国家专项", "kl": "1", "ssdm": "41", "rs": 4, "zdx": 536.0, "ptx": 536.0, "minScore": 569.0, "minOrder": 7861, "avgScore": 572.0, "avgOrder": 7095, "maxScore": 579.0, "maxOrder": 5335, "zycc": "国家专项", "fsx": 536.0}], "sszygradeList": [{"remarks": "", "schcode": "", "sex": "", "campus": "", "nf": "2019", "klmc": "文史", "ssmc": "河南", "zylx": "国家专项", "zymc": "工商管理类", "maxScore": 570.0, "minScore": 569.0, "avgScore": 569.5, "avgOrder": 7586, "minOrder": 7861, "maxOrder": 7586, "kl": "", "ssdm": "41", "rs": 2, "zdx": 536.0, "ptx": 536.0, "zycc": "国家专项", "fsx": 536.0}, {"remarks": "", "schcode": "", "sex": "", "campus": "", "nf": "2019", "klmc": "文史", "ssmc": "河南", "zylx": "国家专项", "zymc": "法学类", "maxScore": 579.0, "minScore": 570.0, "avgScore": 574.5, "avgOrder": 6265, "minOrder": 7586, "maxOrder": 5335, "kl": "", "ssdm": "41", "rs": 2, "zdx": 536.0, "ptx": 536.0, "zycc": "国家专项", "fsx": 536.0}], "withYsl": false}, "jessionid": "be6fea6da6d947ea968a0aa03c8d00d3"}