{"state": 1, "msg": "操作成功", "data": {"zsSsgradeList": [{"remarks": "", "schcode": "", "sex": "", "campus": "", "nf": "2020", "klmc": "文史", "ssmc": "贵州", "zylx": "普通类", "kl": "1", "ssdm": "52", "rs": 30, "zdx": 548.0, "ptx": 548.0, "minScore": 569.0, "minOrder": 5648, "avgScore": 571.9, "avgOrder": 5205, "maxScore": 578.0, "maxOrder": 4458, "zycc": "普通类", "fsx": 548.0}], "sszygradeList": [{"remarks": "", "schcode": "", "sex": "", "campus": "", "nf": "2020", "klmc": "文史", "ssmc": "贵州", "zylx": "普通类", "zymc": "工商管理类", "maxScore": 576.0, "minScore": 569.0, "avgScore": 572.1, "avgOrder": 5205, "minOrder": 5648, "maxOrder": 4705, "kl": "", "ssdm": "52", "rs": 14, "zdx": 548.0, "ptx": 548.0, "zycc": "普通类", "fsx": 548.0}, {"remarks": "", "schcode": "", "sex": "", "campus": "", "nf": "2020", "klmc": "文史", "ssmc": "贵州", "zylx": "普通类", "zymc": "法学类", "maxScore": 578.0, "minScore": 569.0, "avgScore": 572.8, "avgOrder": 5083, "minOrder": 5648, "maxOrder": 4458, "kl": "", "ssdm": "52", "rs": 6, "zdx": 548.0, "ptx": 548.0, "zycc": "普通类", "fsx": 548.0}, {"remarks": "", "schcode": "", "sex": "", "campus": "", "nf": "2020", "klmc": "文史", "ssmc": "贵州", "zylx": "普通类", "zymc": "行政管理", "maxScore": 576.0, "minScore": 569.0, "avgScore": 571.0, "avgOrder": 5355, "minOrder": 5648, "maxOrder": 4705, "kl": "", "ssdm": "52", "rs": 4, "zdx": 548.0, "ptx": 548.0, "zycc": "普通类", "fsx": 548.0}, {"remarks": "", "schcode": "", "sex": "", "campus": "", "nf": "2020", "klmc": "文史", "ssmc": "贵州", "zylx": "普通类", "zymc": "英语", "maxScore": 578.0, "minScore": 570.0, "avgScore": 572.7, "avgOrder": 5083, "minOrder": 5501, "maxOrder": 4458, "kl": "", "ssdm": "52", "rs": 3, "zdx": 548.0, "ptx": 548.0, "zycc": "普通类", "fsx": 548.0}, {"remarks": "", "schcode": "", "sex": "", "campus": "", "nf": "2020", "klmc": "文史", "ssmc": "贵州", "zylx": "普通类", "zymc": "汉语国际教育", "maxScore": 571.0, "minScore": 569.0, "avgScore": 570.0, "avgOrder": 5501, "minOrder": 5648, "maxOrder": 5355, "kl": "", "ssdm": "52", "rs": 3, "zdx": 548.0, "ptx": 548.0, "zycc": "普通类", "fsx": 548.0}], "withYsl": false}, "jessionid": "be6fea6da6d947ea968a0aa03c8d00d3"}