{"state": 1, "msg": "操作成功", "data": {"zsSsgradeList": [{"remarks": "", "schcode": "", "sex": "", "campus": "", "nf": "2018", "klmc": "理工", "ssmc": "重庆", "zylx": "普通类", "kl": "5", "ssdm": "50", "rs": 25, "zdx": 524.0, "ptx": 524.0, "minScore": 562.0, "minOrder": 22742, "avgScore": 564.5, "avgOrder": 22014, "maxScore": 573.0, "maxOrder": 18868, "zycc": "普通类", "fsx": 524.0}], "sszygradeList": [{"remarks": "", "schcode": "", "sex": "", "campus": "", "nf": "2018", "klmc": "理工", "ssmc": "重庆", "zylx": "普通类", "zymc": "应用气象学", "maxScore": 577.0, "minScore": 566.0, "avgScore": 571.5, "avgOrder": 19176, "minOrder": 21255, "maxOrder": 17544, "kl": "", "ssdm": "50", "rs": 2, "zdx": 524.0, "ptx": 524.0, "zycc": "普通类", "fsx": 524.0}, {"remarks": "", "schcode": "", "sex": "", "campus": "", "nf": "2018", "klmc": "理工", "ssmc": "重庆", "zylx": "普通类", "zymc": "环境科学与工程类", "maxScore": 563.0, "minScore": 562.0, "avgScore": 562.3, "avgOrder": 22742, "minOrder": 22742, "maxOrder": 22366, "kl": "", "ssdm": "50", "rs": 3, "zdx": 524.0, "ptx": 524.0, "zycc": "普通类", "fsx": 524.0}, {"remarks": "", "schcode": "", "sex": "", "campus": "", "nf": "2018", "klmc": "理工", "ssmc": "重庆", "zylx": "普通类", "zymc": "动物科学", "maxScore": 565.0, "minScore": 563.0, "avgScore": 564.0, "avgOrder": 22014, "minOrder": 22366, "maxOrder": 21623, "kl": "", "ssdm": "50", "rs": 2, "zdx": 524.0, "ptx": 524.0, "zycc": "普通类", "fsx": 524.0}, {"remarks": "", "schcode": "", "sex": "", "campus": "", "nf": "2018", "klmc": "理工", "ssmc": "重庆", "zylx": "普通类", "zymc": "能源动力类", "maxScore": 566.0, "minScore": 562.0, "avgScore": 564.0, "avgOrder": 22014, "minOrder": 22742, "maxOrder": 21255, "kl": "", "ssdm": "50", "rs": 2, "zdx": 524.0, "ptx": 524.0, "zycc": "普通类", "fsx": 524.0}, {"remarks": "", "schcode": "", "sex": "", "campus": "", "nf": "2018", "klmc": "理工", "ssmc": "重庆", "zylx": "普通类", "zymc": "计算机类", "maxScore": 566.0, "minScore": 565.0, "avgScore": 565.5, "avgOrder": 21255, "minOrder": 21623, "maxOrder": 21255, "kl": "", "ssdm": "50", "rs": 2, "zdx": 524.0, "ptx": 524.0, "zycc": "普通类", "fsx": 524.0}, {"remarks": "", "schcode": "", "sex": "", "campus": "", "nf": "2018", "klmc": "理工", "ssmc": "重庆", "zylx": "普通类", "zymc": "金融学类", "maxScore": 565.0, "minScore": 562.0, "avgScore": 563.8, "avgOrder": 22014, "minOrder": 22742, "maxOrder": 21623, "kl": "", "ssdm": "50", "rs": 4, "zdx": 524.0, "ptx": 524.0, "zycc": "普通类", "fsx": 524.0}, {"remarks": "", "schcode": "", "sex": "", "campus": "", "nf": "2018", "klmc": "理工", "ssmc": "重庆", "zylx": "普通类", "zymc": "生物科学类", "maxScore": 573.0, "minScore": 564.0, "avgScore": 568.5, "avgOrder": 20190, "minOrder": 22014, "maxOrder": 18868, "kl": "", "ssdm": "50", "rs": 2, "zdx": 524.0, "ptx": 524.0, "zycc": "普通类", "fsx": 524.0}, {"remarks": "", "schcode": "", "sex": "", "campus": "", "nf": "2018", "klmc": "理工", "ssmc": "重庆", "zylx": "普通类", "zymc": "食品科学与工程类", "maxScore": 567.0, "minScore": 562.0, "avgScore": 564.0, "avgOrder": 22014, "minOrder": 22742, "maxOrder": 20876, "kl": "", "ssdm": "50", "rs": 3, "zdx": 524.0, "ptx": 524.0, "zycc": "普通类", "fsx": 524.0}, {"remarks": "", "schcode": "", "sex": "", "campus": "", "nf": "2018", "klmc": "理工", "ssmc": "重庆", "zylx": "普通类", "zymc": "人文地理与城乡规划", "maxScore": 568.0, "minScore": 562.0, "avgScore": 565.0, "avgOrder": 21623, "minOrder": 22742, "maxOrder": 20520, "kl": "", "ssdm": "50", "rs": 2, "zdx": 524.0, "ptx": 524.0, "zycc": "普通类", "fsx": 524.0}, {"remarks": "", "schcode": "", "sex": "", "campus": "", "nf": "2018", "klmc": "理工", "ssmc": "重庆", "zylx": "普通类", "zymc": "土地资源管理", "maxScore": 571.0, "minScore": 562.0, "avgScore": 566.5, "avgOrder": 20876, "minOrder": 22742, "maxOrder": 19551, "kl": "", "ssdm": "50", "rs": 2, "zdx": 524.0, "ptx": 524.0, "zycc": "普通类", "fsx": 524.0}, {"remarks": "", "schcode": "", "sex": "", "campus": "", "nf": "2018", "klmc": "理工", "ssmc": "重庆", "zylx": "普通类", "zymc": "水利类", "maxScore": 563.0, "minScore": 562.0, "avgScore": 562.5, "avgOrder": 22366, "minOrder": 22742, "maxOrder": 22366, "kl": "", "ssdm": "50", "rs": 2, "zdx": 524.0, "ptx": 524.0, "zycc": "普通类", "fsx": 524.0}], "withYsl": false}, "jessionid": "be6fea6da6d947ea968a0aa03c8d00d3"}