{"state": 1, "msg": "操作成功", "data": {"zsSsgradeList": [{"remarks": "", "schcode": "", "sex": "", "campus": "", "nf": "2020", "klmc": "文史", "ssmc": "黑龙江", "zylx": "中俄合作办学", "kl": "1", "ssdm": "23", "rs": 36, "zdx": 483.0, "ptx": 483.0, "minScore": 499.0, "minOrder": 6596, "avgScore": 511.2, "avgOrder": 5424, "maxScore": 528.0, "maxOrder": 3991, "zycc": "中俄合作办学", "fsx": 483.0}], "sszygradeList": [{"remarks": "", "schcode": "", "sex": "", "campus": "", "nf": "2020", "klmc": "文史", "ssmc": "黑龙江", "zylx": "中俄合作办学", "zymc": "金融学（中俄合作办学）", "maxScore": 528.0, "minScore": 510.0, "avgScore": 519.7, "avgOrder": 4644, "minOrder": 5521, "maxOrder": 3991, "kl": "", "ssdm": "23", "rs": 12, "zdx": 483.0, "ptx": 483.0, "zycc": "中俄合作办学", "fsx": 483.0}, {"remarks": "", "schcode": "", "sex": "", "campus": "", "nf": "2020", "klmc": "文史", "ssmc": "黑龙江", "zylx": "中俄合作办学", "zymc": "国际经济与贸易（中俄合作办学）", "maxScore": 526.0, "minScore": 499.0, "avgScore": 506.7, "avgOrder": 5824, "minOrder": 6596, "maxOrder": 4142, "kl": "", "ssdm": "23", "rs": 12, "zdx": 483.0, "ptx": 483.0, "zycc": "中俄合作办学", "fsx": 483.0}, {"remarks": "", "schcode": "", "sex": "", "campus": "", "nf": "2020", "klmc": "文史", "ssmc": "黑龙江", "zylx": "中俄合作办学", "zymc": "工商管理（中俄合作办学）", "maxScore": 526.0, "minScore": 499.0, "avgScore": 507.3, "avgOrder": 5824, "minOrder": 6596, "maxOrder": 4142, "kl": "", "ssdm": "23", "rs": 12, "zdx": 483.0, "ptx": 483.0, "zycc": "中俄合作办学", "fsx": 483.0}], "withYsl": false}, "jessionid": "be6fea6da6d947ea968a0aa03c8d00d3"}