{"state": 1, "msg": "操作成功", "data": {"zsSsgradeList": [{"remarks": "", "schcode": "", "sex": "", "campus": "", "nf": "2019", "klmc": "文史", "ssmc": "内蒙古", "zylx": "蒙授", "kl": "1", "ssdm": "15", "rs": 7, "minScore": 511.0, "minOrder": 8407, "avgScore": 530.1, "avgOrder": 6095, "maxScore": 549.0, "maxOrder": 4114, "zycc": "蒙授"}], "sszygradeList": [{"remarks": "", "schcode": "", "sex": "", "campus": "", "nf": "2019", "klmc": "文史", "ssmc": "内蒙古", "zylx": "蒙授", "zymc": "工商管理类", "maxScore": 549.0, "minScore": 514.0, "avgScore": 537.6, "kl": "", "ssdm": "15", "rs": 5, "zycc": "蒙授"}, {"remarks": "", "schcode": "", "sex": "", "campus": "", "nf": "2019", "klmc": "文史", "ssmc": "内蒙古", "zylx": "蒙授", "zymc": "行政管理", "maxScore": 512.0, "minScore": 511.0, "avgScore": 511.5, "kl": "", "ssdm": "15", "rs": 2, "zycc": "蒙授"}], "withYsl": false}, "jessionid": "be6fea6da6d947ea968a0aa03c8d00d3"}