{"state": 1, "msg": "操作成功", "data": {"zsSsgradeList": [{"remarks": "", "schcode": "", "sex": "", "campus": "", "nf": "2019", "klmc": "文史", "ssmc": "黑龙江", "zylx": "中美121项目", "kl": "1", "ssdm": "23", "rs": 8, "zdx": 500.0, "ptx": 500.0, "minScore": 522.0, "minOrder": 5117, "avgScore": 526.4, "avgOrder": 4736, "maxScore": 532.0, "maxOrder": 4158, "zycc": "中美121项目", "fsx": 500.0}], "sszygradeList": [{"remarks": "", "schcode": "", "sex": "", "campus": "", "nf": "2019", "klmc": "文史", "ssmc": "黑龙江", "zylx": "中美121项目", "zymc": "工商管理（中美121双学位项目）", "maxScore": 532.0, "minScore": 522.0, "avgScore": 526.4, "avgOrder": 4736, "minOrder": 5117, "maxOrder": 4158, "kl": "", "ssdm": "23", "rs": 8, "zdx": 500.0, "ptx": 500.0, "zycc": "中美121项目", "fsx": 500.0}], "withYsl": false}, "jessionid": "be6fea6da6d947ea968a0aa03c8d00d3"}