{"state": 1, "msg": "操作成功", "data": {"zsSsgradeList": [{"remarks": "", "schcode": "", "sex": "", "campus": "", "nf": "2020", "klmc": "文史", "ssmc": "安徽", "zylx": "国家专项", "kl": "1", "ssdm": "34", "rs": 2, "zdx": 541.0, "ptx": 541.0, "minScore": 579.0, "minOrder": 5476, "avgScore": 580.5, "avgOrder": 5225, "maxScore": 582.0, "maxOrder": 4776, "zycc": "国家专项", "fsx": 541.0}], "sszygradeList": [{"remarks": "", "schcode": "", "sex": "", "campus": "", "nf": "2020", "klmc": "文史", "ssmc": "安徽", "zylx": "国家专项", "zymc": "工商管理类", "maxScore": 582.0, "minScore": 579.0, "avgScore": 580.5, "avgOrder": 5225, "minOrder": 5476, "maxOrder": 4776, "kl": "", "ssdm": "34", "rs": 2, "zdx": 541.0, "ptx": 541.0, "zycc": "国家专项", "fsx": 541.0}], "withYsl": false}, "jessionid": "be6fea6da6d947ea968a0aa03c8d00d3"}