{"state": 1, "msg": "操作成功", "data": {"zsSsgradeList": [{"remarks": "", "schcode": "", "sex": "", "campus": "", "nf": "2018", "klmc": "文史", "ssmc": "山东", "zylx": "普通类", "kl": "1", "ssdm": "37", "rs": 28, "zdx": 505.0, "ptx": 505.0, "minScore": 593.0, "minOrder": 6905, "avgScore": 595.5, "avgOrder": 6393, "maxScore": 601.0, "maxOrder": 5068, "zycc": "普通类", "fsx": 505.0}], "sszygradeList": [{"remarks": "", "schcode": "", "sex": "", "campus": "", "nf": "2018", "klmc": "文史", "ssmc": "山东", "zylx": "普通类", "zymc": "工商管理类", "maxScore": 601.0, "minScore": 593.0, "avgScore": 595.4, "avgOrder": 6393, "minOrder": 6905, "maxOrder": 5068, "kl": "", "ssdm": "37", "rs": 16, "zdx": 505.0, "ptx": 505.0, "zycc": "普通类", "fsx": 505.0}, {"remarks": "", "schcode": "", "sex": "", "campus": "", "nf": "2018", "klmc": "文史", "ssmc": "山东", "zylx": "普通类", "zymc": "法学类", "maxScore": 596.0, "minScore": 595.0, "avgScore": 595.8, "avgOrder": 6154, "minOrder": 6393, "maxOrder": 6154, "kl": "", "ssdm": "37", "rs": 4, "zdx": 505.0, "ptx": 505.0, "zycc": "普通类", "fsx": 505.0}, {"remarks": "", "schcode": "", "sex": "", "campus": "", "nf": "2018", "klmc": "文史", "ssmc": "山东", "zylx": "普通类", "zymc": "行政管理", "maxScore": 596.0, "minScore": 595.0, "avgScore": 595.5, "avgOrder": 6154, "minOrder": 6393, "maxOrder": 6154, "kl": "", "ssdm": "37", "rs": 2, "zdx": 505.0, "ptx": 505.0, "zycc": "普通类", "fsx": 505.0}, {"remarks": "", "schcode": "", "sex": "", "campus": "", "nf": "2018", "klmc": "文史", "ssmc": "山东", "zylx": "普通类", "zymc": "英语", "maxScore": 598.0, "minScore": 596.0, "avgScore": 597.0, "avgOrder": 5900, "minOrder": 6154, "maxOrder": 5682, "kl": "", "ssdm": "37", "rs": 2, "zdx": 505.0, "ptx": 505.0, "zycc": "普通类", "fsx": 505.0}, {"remarks": "", "schcode": "", "sex": "", "campus": "", "nf": "2018", "klmc": "文史", "ssmc": "山东", "zylx": "普通类", "zymc": "汉语国际教育", "maxScore": 597.0, "minScore": 594.0, "avgScore": 594.8, "avgOrder": 6393, "minOrder": 6632, "maxOrder": 5900, "kl": "", "ssdm": "37", "rs": 4, "zdx": 505.0, "ptx": 505.0, "zycc": "普通类", "fsx": 505.0}], "withYsl": false}, "jessionid": "be6fea6da6d947ea968a0aa03c8d00d3"}