{"state": 1, "msg": "操作成功", "data": {"zsSsgradeList": [{"remarks": "", "schcode": "", "sex": "", "campus": "", "nf": "2017", "klmc": "理工", "ssmc": "贵州", "zylx": "普通类", "kl": "5", "ssdm": "52", "rs": 117, "zdx": 456.0, "ptx": 456.0, "minScore": 470.0, "minOrder": 30618, "avgScore": 477.8, "avgOrder": 29215, "maxScore": 510.0, "maxOrder": 16480, "zycc": "普通类", "fsx": 456.0}], "sszygradeList": [{"remarks": "", "schcode": "", "sex": "", "campus": "", "nf": "2017", "klmc": "理工", "ssmc": "贵州", "zylx": "普通类", "zymc": "风景园林", "maxScore": 507.0, "minScore": 480.0, "avgScore": 489.5, "avgOrder": 23887, "minOrder": 28298, "maxOrder": 17451, "kl": "", "ssdm": "52", "rs": 4, "zdx": 456.0, "ptx": 456.0, "zycc": "普通类", "fsx": 456.0}, {"remarks": "", "schcode": "", "sex": "", "campus": "", "nf": "2017", "klmc": "理工", "ssmc": "贵州", "zylx": "普通类", "zymc": "植物生产类（Ⅱ）", "maxScore": 510.0, "minScore": 470.0, "avgScore": 482.6, "avgOrder": 26893, "minOrder": 29215, "maxOrder": 16480, "kl": "", "ssdm": "52", "rs": 5, "zdx": 456.0, "ptx": 456.0, "zycc": "普通类", "fsx": 456.0}, {"remarks": "", "schcode": "", "sex": "", "campus": "", "nf": "2017", "klmc": "理工", "ssmc": "贵州", "zylx": "普通类", "zymc": "园林", "maxScore": 475.0, "minScore": 474.0, "avgScore": 474.2, "minOrder": 30618, "maxOrder": 30618, "kl": "", "ssdm": "52", "rs": 4, "zdx": 456.0, "ptx": 456.0, "zycc": "普通类", "fsx": 456.0}, {"remarks": "", "schcode": "", "sex": "", "campus": "", "nf": "2017", "klmc": "理工", "ssmc": "贵州", "zylx": "普通类", "zymc": "应用气象学", "maxScore": 487.0, "minScore": 476.0, "avgScore": 481.5, "avgOrder": 27345, "minOrder": 30149, "maxOrder": 25164, "kl": "", "ssdm": "52", "rs": 2, "zdx": 456.0, "ptx": 456.0, "zycc": "普通类", "fsx": 456.0}, {"remarks": "", "schcode": "", "sex": "", "campus": "", "nf": "2017", "klmc": "理工", "ssmc": "贵州", "zylx": "普通类", "zymc": "生态学", "maxScore": 495.0, "minScore": 471.0, "avgScore": 483.0, "avgOrder": 26893, "minOrder": 21856, "maxOrder": 21856, "kl": "", "ssdm": "52", "rs": 2, "zdx": 456.0, "ptx": 456.0, "zycc": "普通类", "fsx": 456.0}, {"remarks": "", "schcode": "", "sex": "", "campus": "", "nf": "2017", "klmc": "理工", "ssmc": "贵州", "zylx": "普通类", "zymc": "环境科学与工程类", "maxScore": 489.0, "minScore": 471.0, "avgScore": 475.3, "avgOrder": 30618, "minOrder": 24315, "maxOrder": 24315, "kl": "", "ssdm": "52", "rs": 6, "zdx": 456.0, "ptx": 456.0, "zycc": "普通类", "fsx": 456.0}, {"remarks": "", "schcode": "", "sex": "", "campus": "", "nf": "2017", "klmc": "理工", "ssmc": "贵州", "zylx": "普通类", "zymc": "自然保护与环境生态类（农学）", "maxScore": 484.0, "minScore": 471.0, "avgScore": 477.6, "avgOrder": 29215, "minOrder": 29215, "maxOrder": 26464, "kl": "", "ssdm": "52", "rs": 7, "zdx": 456.0, "ptx": 456.0, "zycc": "普通类", "fsx": 456.0}, {"remarks": "", "schcode": "", "sex": "", "campus": "", "nf": "2017", "klmc": "理工", "ssmc": "贵州", "zylx": "普通类", "zymc": "动物科学", "maxScore": 480.0, "minScore": 471.0, "avgScore": 475.8, "avgOrder": 30149, "minOrder": 30618, "maxOrder": 28298, "kl": "", "ssdm": "52", "rs": 4, "zdx": 456.0, "ptx": 456.0, "zycc": "普通类", "fsx": 456.0}, {"remarks": "", "schcode": "", "sex": "", "campus": "", "nf": "2017", "klmc": "理工", "ssmc": "贵州", "zylx": "普通类", "zymc": "水产养殖学", "maxScore": 471.0, "minScore": 470.0, "avgScore": 470.5, "kl": "", "ssdm": "52", "rs": 2, "zdx": 456.0, "ptx": 456.0, "zycc": "普通类", "fsx": 456.0}, {"remarks": "", "schcode": "", "sex": "", "campus": "", "nf": "2017", "klmc": "理工", "ssmc": "贵州", "zylx": "普通类", "zymc": "草业科学", "maxScore": 472.0, "minScore": 471.0, "avgScore": 471.5, "kl": "", "ssdm": "52", "rs": 2, "zdx": 456.0, "ptx": 456.0, "zycc": "普通类", "fsx": 456.0}, {"remarks": "", "schcode": "", "sex": "", "campus": "", "nf": "2017", "klmc": "理工", "ssmc": "贵州", "zylx": "普通类", "zymc": "动物医学", "maxScore": 480.0, "minScore": 478.0, "avgScore": 479.0, "avgOrder": 28751, "minOrder": 29215, "maxOrder": 28298, "kl": "", "ssdm": "52", "rs": 2, "zdx": 456.0, "ptx": 456.0, "zycc": "普通类", "fsx": 456.0}, {"remarks": "", "schcode": "", "sex": "", "campus": "", "nf": "2017", "klmc": "理工", "ssmc": "贵州", "zylx": "普通类", "zymc": "机械类（工学Ⅰ）", "maxScore": 507.0, "minScore": 473.0, "avgScore": 483.3, "avgOrder": 26893, "minOrder": 30149, "maxOrder": 17451, "kl": "", "ssdm": "52", "rs": 10, "zdx": 456.0, "ptx": 456.0, "zycc": "普通类", "fsx": 456.0}, {"remarks": "", "schcode": "", "sex": "", "campus": "", "nf": "2017", "klmc": "理工", "ssmc": "贵州", "zylx": "普通类", "zymc": "能源动力类（工学Ⅱ）", "maxScore": 472.0, "minScore": 471.0, "avgScore": 471.5, "kl": "", "ssdm": "52", "rs": 2, "zdx": 456.0, "ptx": 456.0, "zycc": "普通类", "fsx": 456.0}, {"remarks": "", "schcode": "", "sex": "", "campus": "", "nf": "2017", "klmc": "理工", "ssmc": "贵州", "zylx": "普通类", "zymc": "工业工程类（管理学Ⅰ）", "maxScore": 472.0, "minScore": 472.0, "avgScore": 472.0, "kl": "", "ssdm": "52", "rs": 2, "zdx": 456.0, "ptx": 456.0, "zycc": "普通类", "fsx": 456.0}, {"remarks": "", "schcode": "", "sex": "", "campus": "", "nf": "2017", "klmc": "理工", "ssmc": "贵州", "zylx": "普通类", "zymc": "电气类（工学Ⅲ）", "maxScore": 477.0, "minScore": 470.0, "avgScore": 473.8, "minOrder": 30618, "maxOrder": 29661, "kl": "", "ssdm": "52", "rs": 4, "zdx": 456.0, "ptx": 456.0, "zycc": "普通类", "fsx": 456.0}, {"remarks": "", "schcode": "", "sex": "", "campus": "", "nf": "2017", "klmc": "理工", "ssmc": "贵州", "zylx": "普通类", "zymc": "计算机类", "maxScore": 484.0, "minScore": 480.0, "avgScore": 481.7, "avgOrder": 27345, "minOrder": 28298, "maxOrder": 26464, "kl": "", "ssdm": "52", "rs": 3, "zdx": 456.0, "ptx": 456.0, "zycc": "普通类", "fsx": 456.0}, {"remarks": "", "schcode": "", "sex": "", "campus": "", "nf": "2017", "klmc": "理工", "ssmc": "贵州", "zylx": "普通类", "zymc": "金融学类（经济学）", "maxScore": 491.0, "minScore": 472.0, "avgScore": 478.3, "avgOrder": 29215, "minOrder": 30618, "maxOrder": 23450, "kl": "", "ssdm": "52", "rs": 15, "zdx": 456.0, "ptx": 456.0, "zycc": "普通类", "fsx": 456.0}, {"remarks": "", "schcode": "", "sex": "", "campus": "", "nf": "2017", "klmc": "理工", "ssmc": "贵州", "zylx": "普通类", "zymc": "生物科学类", "maxScore": 477.0, "minScore": 470.0, "avgScore": 473.0, "minOrder": 29661, "maxOrder": 29661, "kl": "", "ssdm": "52", "rs": 4, "zdx": 456.0, "ptx": 456.0, "zycc": "普通类", "fsx": 456.0}, {"remarks": "", "schcode": "", "sex": "", "campus": "", "nf": "2017", "klmc": "理工", "ssmc": "贵州", "zylx": "普通类", "zymc": "生物工程类（工学Ⅳ）", "maxScore": 498.0, "minScore": 470.0, "avgScore": 482.0, "avgOrder": 27345, "minOrder": 29215, "maxOrder": 20650, "kl": "", "ssdm": "52", "rs": 4, "zdx": 456.0, "ptx": 456.0, "zycc": "普通类", "fsx": 456.0}, {"remarks": "", "schcode": "", "sex": "", "campus": "", "nf": "2017", "klmc": "理工", "ssmc": "贵州", "zylx": "普通类", "zymc": "食品科学与工程类", "maxScore": 488.0, "minScore": 473.0, "avgScore": 479.1, "avgOrder": 28751, "minOrder": 30618, "maxOrder": 24755, "kl": "", "ssdm": "52", "rs": 8, "zdx": 456.0, "ptx": 456.0, "zycc": "普通类", "fsx": 456.0}, {"remarks": "", "schcode": "", "sex": "", "campus": "", "nf": "2017", "klmc": "理工", "ssmc": "贵州", "zylx": "普通类", "zymc": "人文地理与城乡规划", "maxScore": 483.0, "minScore": 474.0, "avgScore": 478.5, "avgOrder": 28751, "minOrder": 26893, "maxOrder": 26893, "kl": "", "ssdm": "52", "rs": 2, "zdx": 456.0, "ptx": 456.0, "zycc": "普通类", "fsx": 456.0}, {"remarks": "", "schcode": "", "sex": "", "campus": "", "nf": "2017", "klmc": "理工", "ssmc": "贵州", "zylx": "普通类", "zymc": "土地资源管理", "maxScore": 473.0, "minScore": 473.0, "avgScore": 473.0, "kl": "", "ssdm": "52", "rs": 2, "zdx": 456.0, "ptx": 456.0, "zycc": "普通类", "fsx": 456.0}, {"remarks": "", "schcode": "", "sex": "", "campus": "", "nf": "2017", "klmc": "理工", "ssmc": "贵州", "zylx": "普通类", "zymc": "水利类（工学Ⅴ）", "maxScore": 485.0, "minScore": 470.0, "avgScore": 477.6, "avgOrder": 29215, "minOrder": 29661, "maxOrder": 26033, "kl": "", "ssdm": "52", "rs": 8, "zdx": 456.0, "ptx": 456.0, "zycc": "普通类", "fsx": 456.0}, {"remarks": "", "schcode": "", "sex": "", "campus": "", "nf": "2017", "klmc": "理工", "ssmc": "贵州", "zylx": "普通类", "zymc": "土木工程", "maxScore": 481.0, "minScore": 478.0, "avgScore": 479.3, "avgOrder": 28751, "minOrder": 29215, "maxOrder": 27805, "kl": "", "ssdm": "52", "rs": 3, "zdx": 456.0, "ptx": 456.0, "zycc": "普通类", "fsx": 456.0}, {"remarks": "", "schcode": "", "sex": "", "campus": "", "nf": "2017", "klmc": "理工", "ssmc": "贵州", "zylx": "普通类", "zymc": "工程管理", "maxScore": 476.0, "minScore": 471.0, "avgScore": 473.0, "minOrder": 30149, "maxOrder": 30149, "kl": "", "ssdm": "52", "rs": 3, "zdx": 456.0, "ptx": 456.0, "zycc": "普通类", "fsx": 456.0}, {"remarks": "", "schcode": "", "sex": "", "campus": "", "nf": "2017", "klmc": "理工", "ssmc": "贵州", "zylx": "普通类", "zymc": "统计学类（理学）", "maxScore": 477.0, "minScore": 472.0, "avgScore": 474.5, "avgOrder": 30618, "minOrder": 30618, "maxOrder": 29661, "kl": "", "ssdm": "52", "rs": 6, "zdx": 456.0, "ptx": 456.0, "zycc": "普通类", "fsx": 456.0}, {"remarks": "", "schcode": "", "sex": "", "campus": "", "nf": "2017", "klmc": "理工", "ssmc": "贵州", "zylx": "普通类", "zymc": "应用化学", "maxScore": 479.0, "minScore": 471.0, "avgScore": 474.3, "minOrder": 28751, "maxOrder": 28751, "kl": "", "ssdm": "52", "rs": 3, "zdx": 456.0, "ptx": 456.0, "zycc": "普通类", "fsx": 456.0}, {"remarks": "", "schcode": "", "sex": "", "campus": "", "nf": "2017", "klmc": "理工", "ssmc": "贵州", "zylx": "普通类", "zymc": "化学生物学", "maxScore": 508.0, "minScore": 473.0, "avgScore": 490.5, "avgOrder": 23450, "minOrder": 17130, "maxOrder": 17130, "kl": "", "ssdm": "52", "rs": 2, "zdx": 456.0, "ptx": 456.0, "zycc": "普通类", "fsx": 456.0}], "withYsl": false}, "jessionid": "be6fea6da6d947ea968a0aa03c8d00d3"}