{"state": 1, "msg": "操作成功", "data": {"zsSsgradeList": [{"remarks": "", "schcode": "", "sex": "", "campus": "", "nf": "2019", "klmc": "文史", "ssmc": "江西", "zylx": "普通类", "kl": "1", "ssdm": "36", "rs": 6, "zdx": 558.0, "ptx": 558.0, "minScore": 576.0, "minOrder": 5043, "avgScore": 576.3, "avgOrder": 5043, "maxScore": 577.0, "maxOrder": 4855, "zycc": "普通类", "fsx": 558.0}], "sszygradeList": [{"remarks": "", "schcode": "", "sex": "", "campus": "", "nf": "2019", "klmc": "文史", "ssmc": "江西", "zylx": "普通类", "zymc": "工商管理类", "maxScore": 576.0, "minScore": 576.0, "avgScore": 576.0, "avgOrder": 5043, "minOrder": 5043, "maxOrder": 5043, "kl": "", "ssdm": "36", "rs": 3, "zdx": 558.0, "ptx": 558.0, "zycc": "普通类", "fsx": 558.0}, {"remarks": "", "schcode": "", "sex": "", "campus": "", "nf": "2019", "klmc": "文史", "ssmc": "江西", "zylx": "普通类", "zymc": "法学类", "maxScore": 577.0, "minScore": 576.0, "avgScore": 576.7, "avgOrder": 4855, "minOrder": 5043, "maxOrder": 4855, "kl": "", "ssdm": "36", "rs": 3, "zdx": 558.0, "ptx": 558.0, "zycc": "普通类", "fsx": 558.0}], "withYsl": false}, "jessionid": "be6fea6da6d947ea968a0aa03c8d00d3"}