{"state": 1, "msg": "操作成功", "data": {"zsSsgradeList": [{"remarks": "", "schcode": "", "sex": "", "campus": "", "nf": "2020", "klmc": "理工", "ssmc": "黑龙江", "zylx": "国家专项", "kl": "5", "ssdm": "23", "rs": 24, "zdx": 455.0, "ptx": 455.0, "minScore": 522.0, "minOrder": 20369, "avgScore": 532.2, "avgOrder": 18127, "maxScore": 557.0, "maxOrder": 12945, "zycc": "国家专项", "fsx": 455.0}], "sszygradeList": [{"remarks": "", "schcode": "", "sex": "", "campus": "", "nf": "2020", "klmc": "理工", "ssmc": "黑龙江", "zylx": "国家专项", "zymc": "农学", "maxScore": 534.0, "minScore": 525.0, "avgScore": 528.3, "avgOrder": 19048, "minOrder": 19698, "maxOrder": 17672, "kl": "", "ssdm": "23", "rs": 3, "zdx": 455.0, "ptx": 455.0, "zycc": "国家专项", "fsx": 455.0}, {"remarks": "", "schcode": "", "sex": "", "campus": "", "nf": "2020", "klmc": "理工", "ssmc": "黑龙江", "zylx": "国家专项", "zymc": "动物科学", "maxScore": 523.0, "minScore": 522.0, "avgScore": 522.3, "avgOrder": 20369, "minOrder": 20369, "maxOrder": 20163, "kl": "", "ssdm": "23", "rs": 3, "zdx": 455.0, "ptx": 455.0, "zycc": "国家专项", "fsx": 455.0}, {"remarks": "", "schcode": "", "sex": "", "campus": "", "nf": "2020", "klmc": "理工", "ssmc": "黑龙江", "zylx": "国家专项", "zymc": "机械类", "maxScore": 540.0, "minScore": 534.0, "avgScore": 538.0, "avgOrder": 16773, "minOrder": 17672, "maxOrder": 16354, "kl": "", "ssdm": "23", "rs": 3, "zdx": 455.0, "ptx": 455.0, "zycc": "国家专项", "fsx": 455.0}, {"remarks": "", "schcode": "", "sex": "", "campus": "", "nf": "2020", "klmc": "理工", "ssmc": "黑龙江", "zylx": "国家专项", "zymc": "计算机科学与技术", "maxScore": 557.0, "minScore": 542.0, "avgScore": 548.7, "avgOrder": 14516, "minOrder": 15954, "maxOrder": 12945, "kl": "", "ssdm": "23", "rs": 3, "zdx": 455.0, "ptx": 455.0, "zycc": "国家专项", "fsx": 455.0}, {"remarks": "", "schcode": "", "sex": "", "campus": "", "nf": "2020", "klmc": "理工", "ssmc": "黑龙江", "zylx": "国家专项", "zymc": "金融学类", "maxScore": 538.0, "minScore": 536.0, "avgScore": 537.0, "avgOrder": 16996, "minOrder": 17223, "maxOrder": 16773, "kl": "", "ssdm": "23", "rs": 3, "zdx": 455.0, "ptx": 455.0, "zycc": "国家专项", "fsx": 455.0}, {"remarks": "", "schcode": "", "sex": "", "campus": "", "nf": "2020", "klmc": "理工", "ssmc": "黑龙江", "zylx": "国家专项", "zymc": "生物科学类", "maxScore": 527.0, "minScore": 525.0, "avgScore": 526.0, "avgOrder": 19487, "minOrder": 19698, "maxOrder": 19258, "kl": "", "ssdm": "23", "rs": 3, "zdx": 455.0, "ptx": 455.0, "zycc": "国家专项", "fsx": 455.0}, {"remarks": "", "schcode": "", "sex": "", "campus": "", "nf": "2020", "klmc": "理工", "ssmc": "黑龙江", "zylx": "国家专项", "zymc": "食品科学与工程类", "maxScore": 529.0, "minScore": 526.0, "avgScore": 528.0, "avgOrder": 19048, "minOrder": 19487, "maxOrder": 18813, "kl": "", "ssdm": "23", "rs": 3, "zdx": 455.0, "ptx": 455.0, "zycc": "国家专项", "fsx": 455.0}, {"remarks": "", "schcode": "", "sex": "", "campus": "", "nf": "2020", "klmc": "理工", "ssmc": "黑龙江", "zylx": "国家专项", "zymc": "水利类", "maxScore": 534.0, "minScore": 526.0, "avgScore": 529.0, "avgOrder": 18813, "minOrder": 19487, "maxOrder": 17672, "kl": "", "ssdm": "23", "rs": 3, "zdx": 455.0, "ptx": 455.0, "zycc": "国家专项", "fsx": 455.0}], "withYsl": false}, "jessionid": "be6fea6da6d947ea968a0aa03c8d00d3"}