{"state": 1, "msg": "操作成功", "data": {"zsSsgradeList": [{"remarks": "", "schcode": "", "sex": "", "campus": "", "nf": "2019", "klmc": "理工", "ssmc": "新疆", "zylx": "国家专项", "kl": "5", "ssdm": "65", "rs": 2, "zdx": 450.0, "ptx": 450.0, "minScore": 457.0, "avgScore": 476.0, "maxScore": 495.0, "zycc": "国家专项", "fsx": 450.0}], "sszygradeList": [{"remarks": "", "schcode": "", "sex": "", "campus": "", "nf": "2019", "klmc": "理工", "ssmc": "新疆", "zylx": "国家专项", "zymc": "电气工程及其自动化", "maxScore": 492.0, "minScore": 454.0, "avgScore": 473.0, "kl": "", "ssdm": "65", "rs": 2, "zdx": 450.0, "ptx": 450.0, "zycc": "国家专项", "fsx": 450.0}, {"remarks": "", "schcode": "", "sex": "", "campus": "", "nf": "2019", "klmc": "理工", "ssmc": "新疆", "zylx": "国家专项", "zymc": "食品科学与工程类", "maxScore": 495.0, "minScore": 457.0, "avgScore": 476.0, "kl": "", "ssdm": "65", "rs": 2, "zdx": 450.0, "ptx": 450.0, "zycc": "国家专项", "fsx": 450.0}], "withYsl": false}, "jessionid": "be6fea6da6d947ea968a0aa03c8d00d3"}