{"state": 1, "msg": "操作成功", "data": {"zsSsgradeList": [{"remarks": "", "schcode": "", "sex": "", "campus": "", "nf": "2020", "klmc": "理工", "ssmc": "广东", "zylx": "普通类", "kl": "5", "ssdm": "44", "rs": 36, "zdx": 410.0, "ptx": 410.0, "minScore": 554.0, "minOrder": 51735, "avgScore": 562.8, "avgOrder": 44220, "maxScore": 575.0, "maxOrder": 35294, "zycc": "普通类", "fsx": 410.0}], "sszygradeList": [{"remarks": "", "schcode": "", "sex": "", "campus": "", "nf": "2020", "klmc": "理工", "ssmc": "广东", "zylx": "普通类", "zymc": "风景园林", "maxScore": 566.0, "minScore": 563.0, "avgScore": 564.5, "avgOrder": 43442, "minOrder": 44220, "maxOrder": 41920, "kl": "", "ssdm": "44", "rs": 2, "zdx": 410.0, "ptx": 410.0, "zycc": "普通类", "fsx": 410.0}, {"remarks": "", "schcode": "", "sex": "", "campus": "", "nf": "2020", "klmc": "理工", "ssmc": "广东", "zylx": "普通类", "zymc": "应用气象学", "maxScore": 560.0, "minScore": 556.0, "avgScore": 558.0, "avgOrder": 48351, "minOrder": 50025, "maxOrder": 46736, "kl": "", "ssdm": "44", "rs": 2, "zdx": 410.0, "ptx": 410.0, "zycc": "普通类", "fsx": 410.0}, {"remarks": "", "schcode": "", "sex": "", "campus": "", "nf": "2020", "klmc": "理工", "ssmc": "广东", "zylx": "普通类", "zymc": "环境科学与工程类", "maxScore": 559.0, "minScore": 559.0, "avgScore": 559.0, "avgOrder": 47532, "minOrder": 47532, "maxOrder": 47532, "kl": "", "ssdm": "44", "rs": 2, "zdx": 410.0, "ptx": 410.0, "zycc": "普通类", "fsx": 410.0}, {"remarks": "", "schcode": "", "sex": "", "campus": "", "nf": "2020", "klmc": "理工", "ssmc": "广东", "zylx": "普通类", "zymc": "动物科学", "maxScore": 569.0, "minScore": 557.0, "avgScore": 563.0, "avgOrder": 44220, "minOrder": 49187, "maxOrder": 39653, "kl": "", "ssdm": "44", "rs": 2, "zdx": 410.0, "ptx": 410.0, "zycc": "普通类", "fsx": 410.0}, {"remarks": "", "schcode": "", "sex": "", "campus": "", "nf": "2020", "klmc": "理工", "ssmc": "广东", "zylx": "普通类", "zymc": "动物医学", "maxScore": 559.0, "minScore": 555.0, "avgScore": 557.0, "avgOrder": 49187, "minOrder": 50897, "maxOrder": 47532, "kl": "", "ssdm": "44", "rs": 2, "zdx": 410.0, "ptx": 410.0, "zycc": "普通类", "fsx": 410.0}, {"remarks": "", "schcode": "", "sex": "", "campus": "", "nf": "2020", "klmc": "理工", "ssmc": "广东", "zylx": "普通类", "zymc": "机械类", "maxScore": 572.0, "minScore": 560.0, "avgScore": 566.0, "avgOrder": 41920, "minOrder": 46736, "maxOrder": 37469, "kl": "", "ssdm": "44", "rs": 2, "zdx": 410.0, "ptx": 410.0, "zycc": "普通类", "fsx": 410.0}, {"remarks": "", "schcode": "", "sex": "", "campus": "", "nf": "2020", "klmc": "理工", "ssmc": "广东", "zylx": "普通类", "zymc": "能源动力类", "maxScore": 567.0, "minScore": 565.0, "avgScore": 566.0, "avgOrder": 41920, "minOrder": 42689, "maxOrder": 41175, "kl": "", "ssdm": "44", "rs": 2, "zdx": 410.0, "ptx": 410.0, "zycc": "普通类", "fsx": 410.0}, {"remarks": "", "schcode": "", "sex": "", "campus": "", "nf": "2020", "klmc": "理工", "ssmc": "广东", "zylx": "普通类", "zymc": "工业工程类", "maxScore": 561.0, "minScore": 558.0, "avgScore": 559.5, "avgOrder": 46736, "minOrder": 48351, "maxOrder": 45900, "kl": "", "ssdm": "44", "rs": 2, "zdx": 410.0, "ptx": 410.0, "zycc": "普通类", "fsx": 410.0}, {"remarks": "", "schcode": "", "sex": "", "campus": "", "nf": "2020", "klmc": "理工", "ssmc": "广东", "zylx": "普通类", "zymc": "电气工程及其自动化", "maxScore": 574.0, "minScore": 573.0, "avgScore": 573.5, "avgOrder": 36004, "minOrder": 36720, "maxOrder": 36004, "kl": "", "ssdm": "44", "rs": 2, "zdx": 410.0, "ptx": 410.0, "zycc": "普通类", "fsx": 410.0}, {"remarks": "", "schcode": "", "sex": "", "campus": "", "nf": "2020", "klmc": "理工", "ssmc": "广东", "zylx": "普通类", "zymc": "计算机科学与技术", "maxScore": 572.0, "minScore": 570.0, "avgScore": 571.0, "avgOrder": 38234, "minOrder": 38933, "maxOrder": 37469, "kl": "", "ssdm": "44", "rs": 2, "zdx": 410.0, "ptx": 410.0, "zycc": "普通类", "fsx": 410.0}, {"remarks": "", "schcode": "", "sex": "", "campus": "", "nf": "2020", "klmc": "理工", "ssmc": "广东", "zylx": "普通类", "zymc": "农业电气化", "maxScore": 555.0, "minScore": 554.0, "avgScore": 554.5, "avgOrder": 51735, "minOrder": 51735, "maxOrder": 50897, "kl": "", "ssdm": "44", "rs": 2, "zdx": 410.0, "ptx": 410.0, "zycc": "普通类", "fsx": 410.0}, {"remarks": "", "schcode": "", "sex": "", "campus": "", "nf": "2020", "klmc": "理工", "ssmc": "广东", "zylx": "普通类", "zymc": "金融学类", "maxScore": 565.0, "minScore": 557.0, "avgScore": 561.0, "avgOrder": 45900, "minOrder": 49187, "maxOrder": 42689, "kl": "", "ssdm": "44", "rs": 2, "zdx": 410.0, "ptx": 410.0, "zycc": "普通类", "fsx": 410.0}, {"remarks": "", "schcode": "", "sex": "", "campus": "", "nf": "2020", "klmc": "理工", "ssmc": "广东", "zylx": "普通类", "zymc": "生物工程类", "maxScore": 572.0, "minScore": 560.0, "avgScore": 564.7, "avgOrder": 42689, "minOrder": 46736, "maxOrder": 37469, "kl": "", "ssdm": "44", "rs": 3, "zdx": 410.0, "ptx": 410.0, "zycc": "普通类", "fsx": 410.0}, {"remarks": "", "schcode": "", "sex": "", "campus": "", "nf": "2020", "klmc": "理工", "ssmc": "广东", "zylx": "普通类", "zymc": "食品科学与工程类", "maxScore": 575.0, "minScore": 561.0, "avgScore": 566.7, "avgOrder": 41175, "minOrder": 45900, "maxOrder": 35294, "kl": "", "ssdm": "44", "rs": 3, "zdx": 410.0, "ptx": 410.0, "zycc": "普通类", "fsx": 410.0}, {"remarks": "", "schcode": "", "sex": "", "campus": "", "nf": "2020", "klmc": "理工", "ssmc": "广东", "zylx": "普通类", "zymc": "水利类", "maxScore": 564.0, "minScore": 554.0, "avgScore": 559.0, "avgOrder": 47532, "minOrder": 51735, "maxOrder": 43442, "kl": "", "ssdm": "44", "rs": 2, "zdx": 410.0, "ptx": 410.0, "zycc": "普通类", "fsx": 410.0}, {"remarks": "", "schcode": "", "sex": "", "campus": "", "nf": "2020", "klmc": "理工", "ssmc": "广东", "zylx": "普通类", "zymc": "土木工程", "maxScore": 558.0, "minScore": 557.0, "avgScore": 557.5, "avgOrder": 48351, "minOrder": 49187, "maxOrder": 48351, "kl": "", "ssdm": "44", "rs": 2, "zdx": 410.0, "ptx": 410.0, "zycc": "普通类", "fsx": 410.0}, {"remarks": "", "schcode": "", "sex": "", "campus": "", "nf": "2020", "klmc": "理工", "ssmc": "广东", "zylx": "普通类", "zymc": "统计学类", "maxScore": 566.0, "minScore": 563.0, "avgScore": 564.5, "avgOrder": 43442, "minOrder": 44220, "maxOrder": 41920, "kl": "", "ssdm": "44", "rs": 2, "zdx": 410.0, "ptx": 410.0, "zycc": "普通类", "fsx": 410.0}], "withYsl": false}, "jessionid": "be6fea6da6d947ea968a0aa03c8d00d3"}