{"state": 1, "msg": "操作成功", "data": {"zsSsgradeList": [{"remarks": "", "schcode": "", "sex": "", "campus": "", "nf": "2017", "klmc": "理工", "ssmc": "湖南", "zylx": "国家专项", "kl": "5", "ssdm": "43", "rs": 9, "zdx": 505.0, "ptx": 505.0, "minScore": 522.0, "minOrder": 30391, "avgScore": 526.6, "avgOrder": 28056, "maxScore": 535.0, "maxOrder": 24426, "zycc": "国家专项", "fsx": 505.0}], "sszygradeList": [{"remarks": "", "schcode": "", "sex": "", "campus": "", "nf": "2017", "klmc": "理工", "ssmc": "湖南", "zylx": "国家专项", "zymc": "园林", "maxScore": 523.0, "minScore": 523.0, "avgScore": 523.0, "avgOrder": 29942, "minOrder": 29942, "maxOrder": 29942, "kl": "", "ssdm": "43", "rs": 2, "zdx": 505.0, "ptx": 505.0, "zycc": "国家专项", "fsx": 505.0}, {"remarks": "", "schcode": "", "sex": "", "campus": "", "nf": "2017", "klmc": "理工", "ssmc": "湖南", "zylx": "国家专项", "zymc": "工业工程类（管理学Ⅰ）", "maxScore": 535.0, "minScore": 527.0, "avgScore": 531.0, "avgOrder": 26197, "minOrder": 28056, "maxOrder": 24426, "kl": "", "ssdm": "43", "rs": 2, "zdx": 505.0, "ptx": 505.0, "zycc": "国家专项", "fsx": 505.0}, {"remarks": "", "schcode": "", "sex": "", "campus": "", "nf": "2017", "klmc": "理工", "ssmc": "湖南", "zylx": "国家专项", "zymc": "计算机类", "maxScore": 524.0, "minScore": 522.0, "avgScore": 523.0, "avgOrder": 29942, "minOrder": 30391, "maxOrder": 29453, "kl": "", "ssdm": "43", "rs": 2, "zdx": 505.0, "ptx": 505.0, "zycc": "国家专项", "fsx": 505.0}, {"remarks": "", "schcode": "", "sex": "", "campus": "", "nf": "2017", "klmc": "理工", "ssmc": "湖南", "zylx": "国家专项", "zymc": "金融学类（经济学）", "maxScore": 525.0, "minScore": 525.0, "avgScore": 525.0, "avgOrder": 29003, "minOrder": 29003, "maxOrder": 29003, "kl": "", "ssdm": "43", "rs": 1, "zdx": 505.0, "ptx": 505.0, "zycc": "国家专项", "fsx": 505.0}, {"remarks": "", "schcode": "", "sex": "", "campus": "", "nf": "2017", "klmc": "理工", "ssmc": "湖南", "zylx": "国家专项", "zymc": "食品科学与工程类", "maxScore": 533.0, "minScore": 527.0, "avgScore": 530.0, "avgOrder": 26600, "minOrder": 28056, "maxOrder": 25268, "kl": "", "ssdm": "43", "rs": 2, "zdx": 505.0, "ptx": 505.0, "zycc": "国家专项", "fsx": 505.0}], "withYsl": false}, "jessionid": "be6fea6da6d947ea968a0aa03c8d00d3"}