{"state": 1, "msg": "操作成功", "data": {"zsSsgradeList": [{"remarks": "", "schcode": "", "sex": "", "campus": "", "nf": "2019", "klmc": "理工", "ssmc": "天津", "zylx": "普通类", "kl": "5", "ssdm": "12", "rs": 14, "zdx": 400.0, "ptx": 400.0, "minScore": 555.0, "minOrder": 10817, "avgScore": 558.9, "avgOrder": 10323, "maxScore": 571.0, "maxOrder": 8877, "zycc": "普通类", "fsx": 400.0}], "sszygradeList": [{"remarks": "", "schcode": "", "sex": "", "campus": "", "nf": "2019", "klmc": "理工", "ssmc": "天津", "zylx": "普通类", "zymc": "农学", "maxScore": 556.0, "minScore": 555.0, "avgScore": 555.5, "avgOrder": 10677, "minOrder": 10817, "maxOrder": 10677, "kl": "", "ssdm": "12", "rs": 2, "zdx": 400.0, "ptx": 400.0, "zycc": "普通类", "fsx": 400.0}, {"remarks": "", "schcode": "", "sex": "", "campus": "", "nf": "2019", "klmc": "理工", "ssmc": "天津", "zylx": "普通类", "zymc": "机械类", "maxScore": 560.0, "minScore": 558.0, "avgScore": 559.3, "avgOrder": 10323, "minOrder": 10448, "maxOrder": 10220, "kl": "", "ssdm": "12", "rs": 3, "zdx": 400.0, "ptx": 400.0, "zycc": "普通类", "fsx": 400.0}, {"remarks": "", "schcode": "", "sex": "", "campus": "", "nf": "2019", "klmc": "理工", "ssmc": "天津", "zylx": "普通类", "zymc": "金融学类", "maxScore": 559.0, "minScore": 555.0, "avgScore": 557.5, "avgOrder": 10448, "minOrder": 10817, "maxOrder": 10323, "kl": "", "ssdm": "12", "rs": 4, "zdx": 400.0, "ptx": 400.0, "zycc": "普通类", "fsx": 400.0}, {"remarks": "", "schcode": "", "sex": "", "campus": "", "nf": "2019", "klmc": "理工", "ssmc": "天津", "zylx": "普通类", "zymc": "食品科学与工程类", "maxScore": 571.0, "minScore": 562.0, "avgScore": 565.0, "avgOrder": 9590, "minOrder": 9967, "maxOrder": 8877, "kl": "", "ssdm": "12", "rs": 3, "zdx": 400.0, "ptx": 400.0, "zycc": "普通类", "fsx": 400.0}, {"remarks": "", "schcode": "", "sex": "", "campus": "", "nf": "2019", "klmc": "理工", "ssmc": "天津", "zylx": "普通类", "zymc": "土木工程", "maxScore": 556.0, "minScore": 555.0, "avgScore": 555.5, "avgOrder": 10677, "minOrder": 10817, "maxOrder": 10677, "kl": "", "ssdm": "12", "rs": 2, "zdx": 400.0, "ptx": 400.0, "zycc": "普通类", "fsx": 400.0}], "withYsl": false}, "jessionid": "be6fea6da6d947ea968a0aa03c8d00d3"}