{"state": 1, "msg": "操作成功", "data": {"zsSsgradeList": [{"remarks": "", "schcode": "", "sex": "", "campus": "", "nf": "2017", "klmc": "文史", "ssmc": "青海", "zylx": "普通类", "kl": "1", "ssdm": "63", "rs": 3, "zdx": 463.0, "ptx": 463.0, "minScore": 466.0, "minOrder": 1461, "avgScore": 479.3, "avgOrder": 1130, "maxScore": 502.0, "maxOrder": 674, "zycc": "普通类", "fsx": 463.0}], "sszygradeList": [{"remarks": "", "schcode": "", "sex": "", "campus": "", "nf": "2017", "klmc": "文史", "ssmc": "青海", "zylx": "普通类", "zymc": "工商管理类（管理学Ⅱ）", "maxScore": 472.0, "minScore": 470.0, "avgScore": 471.0, "avgOrder": 1312, "minOrder": 1337, "maxOrder": 1287, "kl": "", "ssdm": "63", "rs": 2, "zdx": 463.0, "ptx": 463.0, "zycc": "普通类", "fsx": 463.0}, {"remarks": "", "schcode": "", "sex": "", "campus": "", "nf": "2017", "klmc": "文史", "ssmc": "青海", "zylx": "普通类", "zymc": "农林经济管理", "maxScore": 502.0, "minScore": 466.0, "avgScore": 484.0, "avgOrder": 1017, "minOrder": 1461, "maxOrder": 674, "kl": "", "ssdm": "63", "rs": 2, "zdx": 463.0, "ptx": 463.0, "zycc": "普通类", "fsx": 463.0}], "withYsl": false}, "jessionid": "be6fea6da6d947ea968a0aa03c8d00d3"}