{"state": 1, "msg": "操作成功", "data": {"zsSsgradeList": [{"remarks": "", "schcode": "", "sex": "", "campus": "", "nf": "2018", "klmc": "理工", "ssmc": "河南", "zylx": "普通类", "kl": "5", "ssdm": "41", "rs": 188, "zdx": 499.0, "ptx": 499.0, "minScore": 558.0, "minOrder": 42341, "avgScore": 561.7, "avgOrder": 39257, "maxScore": 573.0, "maxOrder": 31384, "zycc": "普通类", "fsx": 499.0}], "sszygradeList": [{"remarks": "", "schcode": "", "sex": "", "campus": "", "nf": "2018", "klmc": "理工", "ssmc": "河南", "zylx": "普通类", "zymc": "生物科学（理科实验班）", "maxScore": 565.0, "minScore": 563.0, "avgScore": 564.0, "avgOrder": 37772, "minOrder": 38484, "maxOrder": 37053, "kl": "", "ssdm": "41", "rs": 2, "zdx": 499.0, "ptx": 499.0, "zycc": "普通类", "fsx": 499.0}, {"remarks": "", "schcode": "", "sex": "", "campus": "", "nf": "2018", "klmc": "理工", "ssmc": "河南", "zylx": "普通类", "zymc": "农学", "maxScore": 560.0, "minScore": 559.0, "avgScore": 559.8, "avgOrder": 40745, "minOrder": 41539, "maxOrder": 40745, "kl": "", "ssdm": "41", "rs": 6, "zdx": 499.0, "ptx": 499.0, "zycc": "普通类", "fsx": 499.0}, {"remarks": "", "schcode": "", "sex": "", "campus": "", "nf": "2018", "klmc": "理工", "ssmc": "河南", "zylx": "普通类", "zymc": "植物保护", "maxScore": 559.0, "minScore": 559.0, "avgScore": 559.0, "avgOrder": 41539, "minOrder": 41539, "maxOrder": 41539, "kl": "", "ssdm": "41", "rs": 6, "zdx": 499.0, "ptx": 499.0, "zycc": "普通类", "fsx": 499.0}, {"remarks": "", "schcode": "", "sex": "", "campus": "", "nf": "2018", "klmc": "理工", "ssmc": "河南", "zylx": "普通类", "zymc": "植物科学与技术", "maxScore": 559.0, "minScore": 558.0, "avgScore": 558.5, "avgOrder": 41539, "minOrder": 42341, "maxOrder": 41539, "kl": "", "ssdm": "41", "rs": 2, "zdx": 499.0, "ptx": 499.0, "zycc": "普通类", "fsx": 499.0}, {"remarks": "", "schcode": "", "sex": "", "campus": "", "nf": "2018", "klmc": "理工", "ssmc": "河南", "zylx": "普通类", "zymc": "种子科学与工程", "maxScore": 559.0, "minScore": 559.0, "avgScore": 559.0, "avgOrder": 41539, "minOrder": 41539, "maxOrder": 41539, "kl": "", "ssdm": "41", "rs": 3, "zdx": 499.0, "ptx": 499.0, "zycc": "普通类", "fsx": 499.0}, {"remarks": "", "schcode": "", "sex": "", "campus": "", "nf": "2018", "klmc": "理工", "ssmc": "河南", "zylx": "普通类", "zymc": "风景园林", "maxScore": 567.0, "minScore": 562.0, "avgScore": 565.0, "avgOrder": 37053, "minOrder": 39257, "maxOrder": 35578, "kl": "", "ssdm": "41", "rs": 4, "zdx": 499.0, "ptx": 499.0, "zycc": "普通类", "fsx": 499.0}, {"remarks": "", "schcode": "", "sex": "", "campus": "", "nf": "2018", "klmc": "理工", "ssmc": "河南", "zylx": "普通类", "zymc": "园艺", "maxScore": 560.0, "minScore": 559.0, "avgScore": 559.2, "avgOrder": 41539, "minOrder": 41539, "maxOrder": 40745, "kl": "", "ssdm": "41", "rs": 4, "zdx": 499.0, "ptx": 499.0, "zycc": "普通类", "fsx": 499.0}, {"remarks": "", "schcode": "", "sex": "", "campus": "", "nf": "2018", "klmc": "理工", "ssmc": "河南", "zylx": "普通类", "zymc": "园艺（本硕博班）", "maxScore": 564.0, "minScore": 561.0, "avgScore": 562.5, "avgOrder": 38484, "minOrder": 39974, "maxOrder": 37772, "kl": "", "ssdm": "41", "rs": 2, "zdx": 499.0, "ptx": 499.0, "zycc": "普通类", "fsx": 499.0}, {"remarks": "", "schcode": "", "sex": "", "campus": "", "nf": "2018", "klmc": "理工", "ssmc": "河南", "zylx": "普通类", "zymc": "设施农业科学与工程", "maxScore": 559.0, "minScore": 558.0, "avgScore": 558.5, "avgOrder": 41539, "minOrder": 42341, "maxOrder": 41539, "kl": "", "ssdm": "41", "rs": 4, "zdx": 499.0, "ptx": 499.0, "zycc": "普通类", "fsx": 499.0}, {"remarks": "", "schcode": "", "sex": "", "campus": "", "nf": "2018", "klmc": "理工", "ssmc": "河南", "zylx": "普通类", "zymc": "园林", "maxScore": 560.0, "minScore": 558.0, "avgScore": 558.6, "avgOrder": 41539, "minOrder": 42341, "maxOrder": 40745, "kl": "", "ssdm": "41", "rs": 7, "zdx": 499.0, "ptx": 499.0, "zycc": "普通类", "fsx": 499.0}, {"remarks": "", "schcode": "", "sex": "", "campus": "", "nf": "2018", "klmc": "理工", "ssmc": "河南", "zylx": "普通类", "zymc": "应用气象学", "maxScore": 562.0, "minScore": 558.0, "avgScore": 559.2, "avgOrder": 41539, "minOrder": 42341, "maxOrder": 39257, "kl": "", "ssdm": "41", "rs": 4, "zdx": 499.0, "ptx": 499.0, "zycc": "普通类", "fsx": 499.0}, {"remarks": "", "schcode": "", "sex": "", "campus": "", "nf": "2018", "klmc": "理工", "ssmc": "河南", "zylx": "普通类", "zymc": "生态学", "maxScore": 564.0, "minScore": 559.0, "avgScore": 560.8, "avgOrder": 39974, "minOrder": 41539, "maxOrder": 37772, "kl": "", "ssdm": "41", "rs": 4, "zdx": 499.0, "ptx": 499.0, "zycc": "普通类", "fsx": 499.0}, {"remarks": "", "schcode": "", "sex": "", "campus": "", "nf": "2018", "klmc": "理工", "ssmc": "河南", "zylx": "普通类", "zymc": "环境科学与工程类", "maxScore": 564.0, "minScore": 560.0, "avgScore": 561.0, "avgOrder": 39974, "minOrder": 40745, "maxOrder": 37772, "kl": "", "ssdm": "41", "rs": 6, "zdx": 499.0, "ptx": 499.0, "zycc": "普通类", "fsx": 499.0}, {"remarks": "", "schcode": "", "sex": "", "campus": "", "nf": "2018", "klmc": "理工", "ssmc": "河南", "zylx": "普通类", "zymc": "自然保护与环境生态类", "maxScore": 559.0, "minScore": 558.0, "avgScore": 558.2, "avgOrder": 42341, "minOrder": 42341, "maxOrder": 41539, "kl": "", "ssdm": "41", "rs": 6, "zdx": 499.0, "ptx": 499.0, "zycc": "普通类", "fsx": 499.0}, {"remarks": "", "schcode": "", "sex": "", "campus": "", "nf": "2018", "klmc": "理工", "ssmc": "河南", "zylx": "普通类", "zymc": "农业资源与环境（本硕博班）", "maxScore": 565.0, "minScore": 565.0, "avgScore": 565.0, "avgOrder": 37053, "minOrder": 37053, "maxOrder": 37053, "kl": "", "ssdm": "41", "rs": 1, "zdx": 499.0, "ptx": 499.0, "zycc": "普通类", "fsx": 499.0}, {"remarks": "", "schcode": "", "sex": "", "campus": "", "nf": "2018", "klmc": "理工", "ssmc": "河南", "zylx": "普通类", "zymc": "动物科学", "maxScore": 559.0, "minScore": 558.0, "avgScore": 558.2, "avgOrder": 42341, "minOrder": 42341, "maxOrder": 41539, "kl": "", "ssdm": "41", "rs": 6, "zdx": 499.0, "ptx": 499.0, "zycc": "普通类", "fsx": 499.0}, {"remarks": "", "schcode": "", "sex": "", "campus": "", "nf": "2018", "klmc": "理工", "ssmc": "河南", "zylx": "普通类", "zymc": "水产养殖学", "maxScore": 562.0, "minScore": 558.0, "avgScore": 559.0, "avgOrder": 41539, "minOrder": 42341, "maxOrder": 39257, "kl": "", "ssdm": "41", "rs": 4, "zdx": 499.0, "ptx": 499.0, "zycc": "普通类", "fsx": 499.0}, {"remarks": "", "schcode": "", "sex": "", "campus": "", "nf": "2018", "klmc": "理工", "ssmc": "河南", "zylx": "普通类", "zymc": "草业科学", "maxScore": 565.0, "minScore": 560.0, "avgScore": 562.0, "avgOrder": 39257, "minOrder": 40745, "maxOrder": 37053, "kl": "", "ssdm": "41", "rs": 3, "zdx": 499.0, "ptx": 499.0, "zycc": "普通类", "fsx": 499.0}, {"remarks": "", "schcode": "", "sex": "", "campus": "", "nf": "2018", "klmc": "理工", "ssmc": "河南", "zylx": "普通类", "zymc": "动物医学", "maxScore": 562.0, "minScore": 560.0, "avgScore": 561.0, "avgOrder": 39974, "minOrder": 40745, "maxOrder": 39257, "kl": "", "ssdm": "41", "rs": 3, "zdx": 499.0, "ptx": 499.0, "zycc": "普通类", "fsx": 499.0}, {"remarks": "", "schcode": "", "sex": "", "campus": "", "nf": "2018", "klmc": "理工", "ssmc": "河南", "zylx": "普通类", "zymc": "动物药学", "maxScore": 558.0, "minScore": 558.0, "avgScore": 558.0, "avgOrder": 42341, "minOrder": 42341, "maxOrder": 42341, "kl": "", "ssdm": "41", "rs": 2, "zdx": 499.0, "ptx": 499.0, "zycc": "普通类", "fsx": 499.0}, {"remarks": "", "schcode": "", "sex": "", "campus": "", "nf": "2018", "klmc": "理工", "ssmc": "河南", "zylx": "普通类", "zymc": "机械类", "maxScore": 572.0, "minScore": 563.0, "avgScore": 565.1, "avgOrder": 37053, "minOrder": 38484, "maxOrder": 32011, "kl": "", "ssdm": "41", "rs": 10, "zdx": 499.0, "ptx": 499.0, "zycc": "普通类", "fsx": 499.0}, {"remarks": "", "schcode": "", "sex": "", "campus": "", "nf": "2018", "klmc": "理工", "ssmc": "河南", "zylx": "普通类", "zymc": "农业机械化及其自动化（本硕博班）", "maxScore": 572.0, "minScore": 572.0, "avgScore": 572.0, "avgOrder": 32011, "minOrder": 32011, "maxOrder": 32011, "kl": "", "ssdm": "41", "rs": 1, "zdx": 499.0, "ptx": 499.0, "zycc": "普通类", "fsx": 499.0}, {"remarks": "", "schcode": "", "sex": "", "campus": "", "nf": "2018", "klmc": "理工", "ssmc": "河南", "zylx": "普通类", "zymc": "能源动力类", "maxScore": 566.0, "minScore": 562.0, "avgScore": 563.8, "avgOrder": 37772, "minOrder": 39257, "maxOrder": 36312, "kl": "", "ssdm": "41", "rs": 4, "zdx": 499.0, "ptx": 499.0, "zycc": "普通类", "fsx": 499.0}, {"remarks": "", "schcode": "", "sex": "", "campus": "", "nf": "2018", "klmc": "理工", "ssmc": "河南", "zylx": "普通类", "zymc": "工业工程类", "maxScore": 559.0, "minScore": 558.0, "avgScore": 558.8, "avgOrder": 41539, "minOrder": 42341, "maxOrder": 41539, "kl": "", "ssdm": "41", "rs": 4, "zdx": 499.0, "ptx": 499.0, "zycc": "普通类", "fsx": 499.0}, {"remarks": "", "schcode": "", "sex": "", "campus": "", "nf": "2018", "klmc": "理工", "ssmc": "河南", "zylx": "普通类", "zymc": "电气工程及其自动化", "maxScore": 570.0, "minScore": 566.0, "avgScore": 567.8, "avgOrder": 34859, "minOrder": 36312, "maxOrder": 33449, "kl": "", "ssdm": "41", "rs": 4, "zdx": 499.0, "ptx": 499.0, "zycc": "普通类", "fsx": 499.0}, {"remarks": "", "schcode": "", "sex": "", "campus": "", "nf": "2018", "klmc": "理工", "ssmc": "河南", "zylx": "普通类", "zymc": "计算机类", "maxScore": 569.0, "minScore": 563.0, "avgScore": 565.7, "avgOrder": 36312, "minOrder": 38484, "maxOrder": 34113, "kl": "", "ssdm": "41", "rs": 6, "zdx": 499.0, "ptx": 499.0, "zycc": "普通类", "fsx": 499.0}, {"remarks": "", "schcode": "", "sex": "", "campus": "", "nf": "2018", "klmc": "理工", "ssmc": "河南", "zylx": "普通类", "zymc": "农业电气化", "maxScore": 562.0, "minScore": 559.0, "avgScore": 560.5, "avgOrder": 39974, "minOrder": 41539, "maxOrder": 39257, "kl": "", "ssdm": "41", "rs": 2, "zdx": 499.0, "ptx": 499.0, "zycc": "普通类", "fsx": 499.0}, {"remarks": "", "schcode": "", "sex": "", "campus": "", "nf": "2018", "klmc": "理工", "ssmc": "河南", "zylx": "普通类", "zymc": "金融学类", "maxScore": 573.0, "minScore": 563.0, "avgScore": 567.2, "avgOrder": 35578, "minOrder": 38484, "maxOrder": 31384, "kl": "", "ssdm": "41", "rs": 16, "zdx": 499.0, "ptx": 499.0, "zycc": "普通类", "fsx": 499.0}, {"remarks": "", "schcode": "", "sex": "", "campus": "", "nf": "2018", "klmc": "理工", "ssmc": "河南", "zylx": "普通类", "zymc": "生物科学类", "maxScore": 565.0, "minScore": 559.0, "avgScore": 561.1, "avgOrder": 39974, "minOrder": 41539, "maxOrder": 37053, "kl": "", "ssdm": "41", "rs": 10, "zdx": 499.0, "ptx": 499.0, "zycc": "普通类", "fsx": 499.0}, {"remarks": "", "schcode": "", "sex": "", "campus": "", "nf": "2018", "klmc": "理工", "ssmc": "河南", "zylx": "普通类", "zymc": "生物工程类", "maxScore": 562.0, "minScore": 559.0, "avgScore": 559.8, "avgOrder": 40745, "minOrder": 41539, "maxOrder": 39257, "kl": "", "ssdm": "41", "rs": 8, "zdx": 499.0, "ptx": 499.0, "zycc": "普通类", "fsx": 499.0}, {"remarks": "", "schcode": "", "sex": "", "campus": "", "nf": "2018", "klmc": "理工", "ssmc": "河南", "zylx": "普通类", "zymc": "食品科学与工程类", "maxScore": 566.0, "minScore": 560.0, "avgScore": 562.0, "avgOrder": 39257, "minOrder": 40745, "maxOrder": 36312, "kl": "", "ssdm": "41", "rs": 10, "zdx": 499.0, "ptx": 499.0, "zycc": "普通类", "fsx": 499.0}, {"remarks": "", "schcode": "", "sex": "", "campus": "", "nf": "2018", "klmc": "理工", "ssmc": "河南", "zylx": "普通类", "zymc": "食品科学与工程（本硕博班）", "maxScore": 566.0, "minScore": 566.0, "avgScore": 566.0, "avgOrder": 36312, "minOrder": 36312, "maxOrder": 36312, "kl": "", "ssdm": "41", "rs": 1, "zdx": 499.0, "ptx": 499.0, "zycc": "普通类", "fsx": 499.0}, {"remarks": "", "schcode": "", "sex": "", "campus": "", "nf": "2018", "klmc": "理工", "ssmc": "河南", "zylx": "普通类", "zymc": "人文地理与城乡规划", "maxScore": 561.0, "minScore": 559.0, "avgScore": 560.0, "avgOrder": 40745, "minOrder": 41539, "maxOrder": 39974, "kl": "", "ssdm": "41", "rs": 2, "zdx": 499.0, "ptx": 499.0, "zycc": "普通类", "fsx": 499.0}, {"remarks": "", "schcode": "", "sex": "", "campus": "", "nf": "2018", "klmc": "理工", "ssmc": "河南", "zylx": "普通类", "zymc": "土地整治工程", "maxScore": 560.0, "minScore": 560.0, "avgScore": 560.0, "avgOrder": 40745, "minOrder": 40745, "maxOrder": 40745, "kl": "", "ssdm": "41", "rs": 2, "zdx": 499.0, "ptx": 499.0, "zycc": "普通类", "fsx": 499.0}, {"remarks": "", "schcode": "", "sex": "", "campus": "", "nf": "2018", "klmc": "理工", "ssmc": "河南", "zylx": "普通类", "zymc": "土地资源管理", "maxScore": 570.0, "minScore": 559.0, "avgScore": 562.2, "avgOrder": 39257, "minOrder": 41539, "maxOrder": 33449, "kl": "", "ssdm": "41", "rs": 4, "zdx": 499.0, "ptx": 499.0, "zycc": "普通类", "fsx": 499.0}, {"remarks": "", "schcode": "", "sex": "", "campus": "", "nf": "2018", "klmc": "理工", "ssmc": "河南", "zylx": "普通类", "zymc": "水利类", "maxScore": 562.0, "minScore": 559.0, "avgScore": 560.3, "avgOrder": 40745, "minOrder": 41539, "maxOrder": 39257, "kl": "", "ssdm": "41", "rs": 9, "zdx": 499.0, "ptx": 499.0, "zycc": "普通类", "fsx": 499.0}, {"remarks": "", "schcode": "", "sex": "", "campus": "", "nf": "2018", "klmc": "理工", "ssmc": "河南", "zylx": "普通类", "zymc": "土木工程", "maxScore": 564.0, "minScore": 563.0, "avgScore": 563.8, "avgOrder": 37772, "minOrder": 38484, "maxOrder": 37772, "kl": "", "ssdm": "41", "rs": 4, "zdx": 499.0, "ptx": 499.0, "zycc": "普通类", "fsx": 499.0}, {"remarks": "", "schcode": "", "sex": "", "campus": "", "nf": "2018", "klmc": "理工", "ssmc": "河南", "zylx": "普通类", "zymc": "工程管理", "maxScore": 562.0, "minScore": 560.0, "avgScore": 561.6, "avgOrder": 39257, "minOrder": 40745, "maxOrder": 39257, "kl": "", "ssdm": "41", "rs": 5, "zdx": 499.0, "ptx": 499.0, "zycc": "普通类", "fsx": 499.0}, {"remarks": "", "schcode": "", "sex": "", "campus": "", "nf": "2018", "klmc": "理工", "ssmc": "河南", "zylx": "普通类", "zymc": "统计学类", "maxScore": 566.0, "minScore": 562.0, "avgScore": 563.5, "avgOrder": 37772, "minOrder": 39257, "maxOrder": 36312, "kl": "", "ssdm": "41", "rs": 4, "zdx": 499.0, "ptx": 499.0, "zycc": "普通类", "fsx": 499.0}, {"remarks": "", "schcode": "", "sex": "", "campus": "", "nf": "2018", "klmc": "理工", "ssmc": "河南", "zylx": "普通类", "zymc": "应用化学", "maxScore": 562.0, "minScore": 559.0, "avgScore": 560.7, "avgOrder": 39974, "minOrder": 41539, "maxOrder": 39257, "kl": "", "ssdm": "41", "rs": 3, "zdx": 499.0, "ptx": 499.0, "zycc": "普通类", "fsx": 499.0}, {"remarks": "", "schcode": "", "sex": "", "campus": "", "nf": "2018", "klmc": "理工", "ssmc": "河南", "zylx": "普通类", "zymc": "化学生物学", "maxScore": 561.0, "minScore": 559.0, "avgScore": 560.0, "avgOrder": 40745, "minOrder": 41539, "maxOrder": 39974, "kl": "", "ssdm": "41", "rs": 2, "zdx": 499.0, "ptx": 499.0, "zycc": "普通类", "fsx": 499.0}], "withYsl": false}, "jessionid": "be6fea6da6d947ea968a0aa03c8d00d3"}