{"state": 1, "msg": "操作成功", "data": {"zsSsgradeList": [{"remarks": "详见分专业录取情况", "schcode": "", "sex": "", "campus": "", "nf": "2020", "klmc": "艺术(文)", "ssmc": "辽宁", "zylx": "艺术批", "kl": "3", "ssdm": "21", "rs": 12, "zycc": "艺术批"}], "sszygradeList": [{"remarks": "文化课成绩", "schcode": "", "sex": "", "campus": "", "nf": "2020", "klmc": "艺术(文)", "ssmc": "辽宁", "zylx": "艺术批", "zymc": "广播电视编导", "maxScore": 585.0, "minScore": 519.0, "avgScore": 543.8, "kl": "", "ssdm": "21", "rs": 10, "zycc": "艺术批"}, {"remarks": "综合分", "schcode": "", "sex": "", "campus": "", "nf": "2020", "klmc": "艺术(文)", "ssmc": "辽宁", "zylx": "艺术批", "zymc": "视觉传达设计", "maxScore": 490.0, "minScore": 479.0, "avgScore": 482.9, "kl": "", "ssdm": "21", "zydm": "", "rs": 7, "zycc": "艺术批"}, {"remarks": "综合分", "schcode": "", "sex": "", "campus": "", "nf": "2020", "klmc": "艺术(文)", "ssmc": "辽宁", "zylx": "艺术批", "zymc": "环境设计", "maxScore": 492.0, "minScore": 477.0, "avgScore": 483.6, "kl": "", "ssdm": "21", "zydm": "", "rs": 5, "zycc": "艺术批"}], "withYsl": false}, "jessionid": "be6fea6da6d947ea968a0aa03c8d00d3"}