{"state": 1, "msg": "操作成功", "data": {"zsSsgradeList": [{"remarks": "", "schcode": "", "sex": "", "campus": "", "nf": "2019", "klmc": "理工", "ssmc": "吉林", "zylx": "蒙授", "kl": "5", "ssdm": "22", "rs": 8, "minScore": 318.0, "minOrder": 65708, "avgScore": 430.0, "avgOrder": 43112, "maxScore": 478.0, "maxOrder": 29965, "zycc": "蒙授"}], "sszygradeList": [{"remarks": "", "schcode": "", "sex": "", "campus": "", "nf": "2019", "klmc": "理工", "ssmc": "吉林", "zylx": "蒙授", "zymc": "动物医学", "maxScore": 478.0, "minScore": 449.0, "avgScore": 461.3, "kl": "", "ssdm": "22", "rs": 3, "zycc": "蒙授"}, {"remarks": "", "schcode": "", "sex": "", "campus": "", "nf": "2019", "klmc": "理工", "ssmc": "吉林", "zylx": "蒙授", "zymc": "工商管理类", "maxScore": 452.0, "minScore": 380.0, "avgScore": 416.0, "kl": "", "ssdm": "22", "rs": 2, "zycc": "蒙授"}, {"remarks": "", "schcode": "", "sex": "", "campus": "", "nf": "2019", "klmc": "理工", "ssmc": "吉林", "zylx": "蒙授", "zymc": "人文地理与城乡规划", "maxScore": 438.0, "minScore": 420.0, "avgScore": 428.7, "kl": "", "ssdm": "22", "rs": 3, "zycc": "蒙授"}], "withYsl": false}, "jessionid": "be6fea6da6d947ea968a0aa03c8d00d3"}