{"state": 1, "msg": "操作成功", "data": {"zsSsgradeList": [{"remarks": "", "schcode": "", "sex": "", "campus": "", "nf": "2019", "klmc": "艺术(文)", "ssmc": "山东", "zylx": "艺术批", "kl": "3", "ssdm": "37", "zycc": "艺术批"}], "sszygradeList": [{"remarks": "文化课成绩；控制线：文科326分，电编201分", "schcode": "", "sex": "", "campus": "", "nf": "2019", "klmc": "艺术(文)", "ssmc": "山东", "zylx": "艺术批", "zymc": "广播电视编导", "maxScore": 547.0, "minScore": 528.0, "avgScore": 535.5, "kl": "", "ssdm": "37", "rs": 11, "zycc": "艺术批"}, {"remarks": "文化课成绩；控制线：文科326分，美术203分", "schcode": "", "sex": "", "campus": "", "nf": "2019", "klmc": "艺术(文)", "ssmc": "山东", "zylx": "艺术批", "zymc": "视觉传达设计", "maxScore": 529.0, "minScore": 497.0, "avgScore": 511.1, "kl": "", "ssdm": "37", "rs": 12, "zycc": "艺术批"}, {"remarks": "文化课成绩；控制线：文科326分，美术203分", "schcode": "", "sex": "", "campus": "", "nf": "2019", "klmc": "艺术(文)", "ssmc": "山东", "zylx": "艺术批", "zymc": "环境设计", "maxScore": 540.0, "minScore": 494.0, "avgScore": 506.9, "kl": "", "ssdm": "37", "rs": 8, "zycc": "艺术批"}], "withYsl": false}, "jessionid": "be6fea6da6d947ea968a0aa03c8d00d3"}