{"state": 1, "msg": "操作成功", "data": {"zsSsgradeList": [{"remarks": "", "schcode": "", "sex": "", "campus": "", "nf": "2020", "klmc": "综合改革", "ssmc": "天津", "zylx": "普通类", "kl": "Z", "ssdm": "12", "rs": 20, "zdx": 476.0, "ptx": 476.0, "minScore": 610.0, "minOrder": 12242, "avgScore": 613.0, "avgOrder": 11605, "maxScore": 622.0, "maxOrder": 9868, "zycc": "普通类", "fsx": 476.0}], "sszygradeList": [{"remarks": "", "schcode": "", "sex": "", "campus": "", "nf": "2020", "klmc": "综合改革", "ssmc": "天津", "zylx": "普通类", "zymc": "农学", "maxScore": 610.0, "minScore": 610.0, "avgScore": 610.0, "avgOrder": 12242, "minOrder": 12242, "maxOrder": 12242, "kl": "", "ssdm": "12", "rs": 2, "zdx": 476.0, "ptx": 476.0, "zycc": "普通类", "fsx": 476.0}, {"remarks": "", "schcode": "", "sex": "", "campus": "", "nf": "2020", "klmc": "综合改革", "ssmc": "天津", "zylx": "普通类", "zymc": "机械类", "maxScore": 613.0, "minScore": 610.0, "avgScore": 611.7, "avgOrder": 11796, "minOrder": 12242, "maxOrder": 11605, "kl": "", "ssdm": "12", "rs": 3, "zdx": 476.0, "ptx": 476.0, "zycc": "普通类", "fsx": 476.0}, {"remarks": "", "schcode": "", "sex": "", "campus": "", "nf": "2020", "klmc": "综合改革", "ssmc": "天津", "zylx": "普通类", "zymc": "金融学类", "maxScore": 614.0, "minScore": 610.0, "avgScore": 611.2, "avgOrder": 12026, "minOrder": 12242, "maxOrder": 11398, "kl": "", "ssdm": "12", "rs": 4, "zdx": 476.0, "ptx": 476.0, "zycc": "普通类", "fsx": 476.0}, {"remarks": "", "schcode": "", "sex": "", "campus": "", "nf": "2020", "klmc": "综合改革", "ssmc": "天津", "zylx": "普通类", "zymc": "工商管理类", "maxScore": 620.0, "minScore": 611.0, "avgScore": 614.0, "avgOrder": 11398, "minOrder": 12026, "maxOrder": 10256, "kl": "", "ssdm": "12", "rs": 4, "zdx": 476.0, "ptx": 476.0, "zycc": "普通类", "fsx": 476.0}, {"remarks": "", "schcode": "", "sex": "", "campus": "", "nf": "2020", "klmc": "综合改革", "ssmc": "天津", "zylx": "普通类", "zymc": "食品科学与工程类", "maxScore": 613.0, "minScore": 611.0, "avgScore": 612.0, "avgOrder": 11796, "minOrder": 12026, "maxOrder": 11605, "kl": "", "ssdm": "12", "rs": 3, "zdx": 476.0, "ptx": 476.0, "zycc": "普通类", "fsx": 476.0}, {"remarks": "", "schcode": "", "sex": "", "campus": "", "nf": "2020", "klmc": "综合改革", "ssmc": "天津", "zylx": "普通类", "zymc": "法学类", "maxScore": 622.0, "minScore": 622.0, "avgScore": 622.0, "avgOrder": 9868, "minOrder": 9868, "maxOrder": 9868, "kl": "", "ssdm": "12", "rs": 2, "zdx": 476.0, "ptx": 476.0, "zycc": "普通类", "fsx": 476.0}, {"remarks": "", "schcode": "", "sex": "", "campus": "", "nf": "2020", "klmc": "综合改革", "ssmc": "天津", "zylx": "普通类", "zymc": "土木工程", "maxScore": 614.0, "minScore": 611.0, "avgScore": 612.5, "avgOrder": 11796, "minOrder": 12026, "maxOrder": 11398, "kl": "", "ssdm": "12", "rs": 2, "zdx": 476.0, "ptx": 476.0, "zycc": "普通类", "fsx": 476.0}], "withYsl": false}, "jessionid": "be6fea6da6d947ea968a0aa03c8d00d3"}