{"state": 1, "msg": "操作成功", "data": {"zsSsgradeList": [{"remarks": "", "schcode": "", "sex": "", "campus": "", "nf": "2018", "klmc": "艺术(不分文理)", "ssmc": "黑龙江", "zylx": "艺术批", "kl": "A", "ssdm": "23", "zycc": "艺术批"}], "sszygradeList": [{"remarks": "专业成绩；控制线：理科223分，文科240分，专业课112分；小项最低分：钢琴155，二胡119，中阮119", "schcode": "", "sex": "", "campus": "", "nf": "2018", "klmc": "艺术(不分文理)", "ssmc": "黑龙江", "zylx": "艺术批", "zymc": "音乐表演（器乐）", "maxScore": 155.0, "minScore": 119.0, "avgScore": 131.0, "kl": "", "ssdm": "23", "rs": 5, "zycc": "艺术批"}, {"remarks": "专业成绩；控制线：理科223分，文科240分，专业课112分", "schcode": "", "sex": "", "campus": "", "nf": "2018", "klmc": "艺术(不分文理)", "ssmc": "黑龙江", "zylx": "艺术批", "zymc": "音乐表演（声乐）", "maxScore": 141.0, "minScore": 138.0, "avgScore": 139.5, "kl": "", "ssdm": "23", "rs": 2, "zycc": "艺术批"}], "withYsl": false}, "jessionid": "be6fea6da6d947ea968a0aa03c8d00d3"}