{"state": 1, "msg": "操作成功", "data": {"zsSsgradeList": [{"remarks": "", "schcode": "", "sex": "", "campus": "", "nf": "2017", "klmc": "文史", "ssmc": "重庆", "zylx": "普通类", "kl": "1", "ssdm": "50", "rs": 9, "zdx": 525.0, "ptx": 525.0, "minScore": 540.0, "minOrder": 6459, "avgScore": 542.8, "avgOrder": 5944, "maxScore": 550.0, "maxOrder": 4855, "zycc": "普通类", "fsx": 525.0}], "sszygradeList": [{"remarks": "", "schcode": "", "sex": "", "campus": "", "nf": "2017", "klmc": "文史", "ssmc": "重庆", "zylx": "普通类", "zymc": "工商管理类（管理学Ⅱ）", "maxScore": 545.0, "minScore": 540.0, "avgScore": 542.0, "avgOrder": 6112, "minOrder": 6459, "maxOrder": 5628, "kl": "", "ssdm": "50", "rs": 3, "zdx": 525.0, "ptx": 525.0, "zycc": "普通类", "fsx": 525.0}, {"remarks": "", "schcode": "", "sex": "", "campus": "", "nf": "2017", "klmc": "文史", "ssmc": "重庆", "zylx": "普通类", "zymc": "法学类（法学）", "maxScore": 544.0, "minScore": 541.0, "avgScore": 542.5, "avgOrder": 5944, "minOrder": 6278, "maxOrder": 5788, "kl": "", "ssdm": "50", "rs": 2, "zdx": 525.0, "ptx": 525.0, "zycc": "普通类", "fsx": 525.0}, {"remarks": "", "schcode": "", "sex": "", "campus": "", "nf": "2017", "klmc": "文史", "ssmc": "重庆", "zylx": "普通类", "zymc": "行政管理", "maxScore": 550.0, "minScore": 543.0, "avgScore": 546.5, "avgOrder": 5304, "minOrder": 5944, "maxOrder": 4855, "kl": "", "ssdm": "50", "rs": 2, "zdx": 525.0, "ptx": 525.0, "zycc": "普通类", "fsx": 525.0}, {"remarks": "", "schcode": "", "sex": "", "campus": "", "nf": "2017", "klmc": "文史", "ssmc": "重庆", "zylx": "普通类", "zymc": "英语", "maxScore": 541.0, "minScore": 540.0, "avgScore": 540.5, "avgOrder": 6278, "minOrder": 6459, "maxOrder": 6278, "kl": "", "ssdm": "50", "rs": 2, "zdx": 525.0, "ptx": 525.0, "zycc": "普通类", "fsx": 525.0}], "withYsl": false}, "jessionid": "be6fea6da6d947ea968a0aa03c8d00d3"}