{"state": 1, "msg": "操作成功", "data": {"zsSsgradeList": [{"remarks": "", "schcode": "", "sex": "", "campus": "", "nf": "2018", "klmc": "文史", "ssmc": "甘肃", "zylx": "国家专项", "kl": "1", "ssdm": "62", "rs": 2, "zdx": 502.0, "ptx": 502.0, "minScore": 535.0, "avgScore": 536.5, "maxScore": 538.0, "zycc": "国家专项", "fsx": 502.0}], "sszygradeList": [{"remarks": "", "schcode": "", "sex": "", "campus": "", "nf": "2018", "klmc": "文史", "ssmc": "甘肃", "zylx": "国家专项", "zymc": "工商管理类", "maxScore": 538.0, "minScore": 535.0, "avgScore": 536.5, "kl": "", "ssdm": "62", "rs": 2, "zdx": 502.0, "ptx": 502.0, "zycc": "国家专项", "fsx": 502.0}], "withYsl": false}, "jessionid": "be6fea6da6d947ea968a0aa03c8d00d3"}