{"state": 1, "msg": "操作成功", "data": {"zsSsgradeList": [{"remarks": "", "schcode": "", "sex": "", "campus": "", "nf": "2017", "klmc": "理工", "ssmc": "江苏", "zylx": "普通类", "kl": "5", "ssdm": "32", "rs": 16, "zdx": 331.0, "ptx": 331.0, "minScore": 342.0, "minOrder": 39446, "avgScore": 343.6, "avgOrder": 36359, "maxScore": 347.0, "maxOrder": 31958, "zycc": "普通类", "fsx": 331.0}], "sszygradeList": [{"remarks": "", "schcode": "", "sex": "", "campus": "", "nf": "2017", "klmc": "理工", "ssmc": "江苏", "zylx": "普通类", "zymc": "风景园林", "maxScore": 343.0, "minScore": 342.0, "avgScore": 342.5, "avgOrder": 37876, "minOrder": 39446, "maxOrder": 37876, "kl": "", "ssdm": "32", "rs": 2, "zdx": 331.0, "ptx": 331.0, "zycc": "普通类", "fsx": 331.0}, {"remarks": "", "schcode": "", "sex": "", "campus": "", "nf": "2017", "klmc": "理工", "ssmc": "江苏", "zylx": "普通类", "zymc": "园林", "maxScore": 344.0, "minScore": 342.0, "avgScore": 343.0, "avgOrder": 37876, "minOrder": 39446, "maxOrder": 36359, "kl": "", "ssdm": "32", "rs": 2, "zdx": 331.0, "ptx": 331.0, "zycc": "普通类", "fsx": 331.0}, {"remarks": "", "schcode": "", "sex": "", "campus": "", "nf": "2017", "klmc": "理工", "ssmc": "江苏", "zylx": "普通类", "zymc": "计算机类", "maxScore": 344.0, "minScore": 344.0, "avgScore": 344.0, "avgOrder": 36359, "minOrder": 36359, "maxOrder": 36359, "kl": "", "ssdm": "32", "rs": 2, "zdx": 331.0, "ptx": 331.0, "zycc": "普通类", "fsx": 331.0}, {"remarks": "", "schcode": "", "sex": "", "campus": "", "nf": "2017", "klmc": "理工", "ssmc": "江苏", "zylx": "普通类", "zymc": "食品科学与工程类", "maxScore": 345.0, "minScore": 344.0, "avgScore": 344.5, "avgOrder": 34889, "minOrder": 36359, "maxOrder": 34889, "kl": "", "ssdm": "32", "rs": 2, "zdx": 331.0, "ptx": 331.0, "zycc": "普通类", "fsx": 331.0}, {"remarks": "", "schcode": "", "sex": "", "campus": "", "nf": "2017", "klmc": "理工", "ssmc": "江苏", "zylx": "普通类", "zymc": "土地资源管理", "maxScore": 345.0, "minScore": 343.0, "avgScore": 344.0, "avgOrder": 36359, "minOrder": 37876, "maxOrder": 34889, "kl": "", "ssdm": "32", "rs": 2, "zdx": 331.0, "ptx": 331.0, "zycc": "普通类", "fsx": 331.0}, {"remarks": "", "schcode": "", "sex": "", "campus": "", "nf": "2017", "klmc": "理工", "ssmc": "江苏", "zylx": "普通类", "zymc": "土木工程", "maxScore": 343.0, "minScore": 343.0, "avgScore": 343.0, "avgOrder": 37876, "minOrder": 37876, "maxOrder": 37876, "kl": "", "ssdm": "32", "rs": 2, "zdx": 331.0, "ptx": 331.0, "zycc": "普通类", "fsx": 331.0}, {"remarks": "", "schcode": "", "sex": "", "campus": "", "nf": "2017", "klmc": "理工", "ssmc": "江苏", "zylx": "普通类", "zymc": "工程管理", "maxScore": 344.0, "minScore": 343.0, "avgScore": 343.5, "avgOrder": 36359, "minOrder": 37876, "maxOrder": 36359, "kl": "", "ssdm": "32", "rs": 2, "zdx": 331.0, "ptx": 331.0, "zycc": "普通类", "fsx": 331.0}, {"remarks": "", "schcode": "", "sex": "", "campus": "", "nf": "2017", "klmc": "理工", "ssmc": "江苏", "zylx": "普通类", "zymc": "化学生物学", "maxScore": 347.0, "minScore": 342.0, "avgScore": 344.5, "avgOrder": 34889, "minOrder": 39446, "maxOrder": 31958, "kl": "", "ssdm": "32", "rs": 2, "zdx": 331.0, "ptx": 331.0, "zycc": "普通类", "fsx": 331.0}], "withYsl": false}, "jessionid": "be6fea6da6d947ea968a0aa03c8d00d3"}