{"state": 1, "msg": "操作成功", "data": {"zsSsgradeList": [{"remarks": "", "schcode": "", "sex": "", "campus": "", "nf": "2017", "klmc": "文史", "ssmc": "安徽", "zylx": "国家专项", "kl": "1", "ssdm": "34", "rs": 2, "zdx": 515.0, "ptx": 515.0, "minScore": 546.0, "minOrder": 7440, "avgScore": 550.5, "avgOrder": 6400, "maxScore": 555.0, "maxOrder": 5655, "zycc": "国家专项", "fsx": 515.0}], "sszygradeList": [{"remarks": "", "schcode": "", "sex": "", "campus": "", "nf": "2017", "klmc": "文史", "ssmc": "安徽", "zylx": "国家专项", "zymc": "工商管理类（管理学Ⅱ）", "maxScore": 555.0, "minScore": 546.0, "avgScore": 550.5, "avgOrder": 6400, "minOrder": 7440, "maxOrder": 5655, "kl": "", "ssdm": "34", "rs": 2, "zdx": 515.0, "ptx": 515.0, "zycc": "国家专项", "fsx": 515.0}], "withYsl": false}, "jessionid": "be6fea6da6d947ea968a0aa03c8d00d3"}