{"state": 1, "msg": "操作成功", "data": {"zsSsgradeList": [{"remarks": "", "schcode": "", "sex": "", "campus": "", "nf": "2017", "klmc": "理工", "ssmc": "吉林", "zylx": "蒙授", "kl": "5", "ssdm": "22", "rs": 9, "minScore": 341.0, "minOrder": 54070, "avgScore": 420.9, "avgOrder": 35077, "maxScore": 479.0, "maxOrder": 21443, "zycc": "蒙授"}], "sszygradeList": [{"remarks": "", "schcode": "", "sex": "", "campus": "", "nf": "2017", "klmc": "理工", "ssmc": "吉林", "zylx": "蒙授", "zymc": "动物医学", "maxScore": 479.0, "minScore": 424.0, "avgScore": 450.7, "kl": "", "ssdm": "22", "rs": 3, "zycc": "蒙授"}, {"remarks": "", "schcode": "", "sex": "", "campus": "", "nf": "2017", "klmc": "理工", "ssmc": "吉林", "zylx": "蒙授", "zymc": "工商管理类（管理学Ⅱ）", "maxScore": 476.0, "minScore": 341.0, "avgScore": 414.7, "kl": "", "ssdm": "22", "rs": 3, "zycc": "蒙授"}, {"remarks": "", "schcode": "", "sex": "", "campus": "", "nf": "2017", "klmc": "理工", "ssmc": "吉林", "zylx": "蒙授", "zymc": "人文地理与城乡规划", "maxScore": 403.0, "minScore": 393.0, "avgScore": 397.3, "kl": "", "ssdm": "22", "rs": 3, "zycc": "蒙授"}], "withYsl": false}, "jessionid": "be6fea6da6d947ea968a0aa03c8d00d3"}