{"state": 1, "msg": "操作成功", "data": {"zsSsgradeList": [{"remarks": "", "schcode": "", "sex": "", "campus": "", "nf": "2019", "klmc": "艺术(文)", "ssmc": "湖南", "zylx": "艺术批", "kl": "3", "ssdm": "43", "rs": 12, "minScore": 508.0, "avgScore": 518.8, "maxScore": 547.0, "zycc": "艺术批"}], "sszygradeList": [{"remarks": "文化课成绩；控制线：文科339，专业课150", "schcode": "", "sex": "", "campus": "", "nf": "2019", "klmc": "艺术(文)", "ssmc": "湖南", "zylx": "艺术批", "zymc": "视觉传达设计", "maxScore": 533.0, "minScore": 508.0, "avgScore": 517.1, "kl": "", "ssdm": "43", "rs": 7, "zycc": "艺术批"}, {"remarks": "文化课成绩；控制线：文科339，专业课150", "schcode": "", "sex": "", "campus": "", "nf": "2019", "klmc": "艺术(文)", "ssmc": "湖南", "zylx": "艺术批", "zymc": "环境设计", "maxScore": 547.0, "minScore": 510.0, "avgScore": 521.0, "kl": "", "ssdm": "43", "rs": 5, "zycc": "艺术批"}], "withYsl": false}, "jessionid": "be6fea6da6d947ea968a0aa03c8d00d3"}