{"state": 1, "msg": "操作成功", "data": {"zsSsgradeList": [{"remarks": "", "schcode": "", "sex": "", "campus": "", "nf": "2018", "klmc": "理工", "ssmc": "海南", "zylx": "普通类", "kl": "5", "ssdm": "46", "rs": 11, "zdx": 539.0, "ptx": 539.0, "minScore": 597.0, "minOrder": 10095, "avgScore": 609.8, "avgOrder": 8591, "maxScore": 632.0, "maxOrder": 6321, "zycc": "普通类", "fsx": 539.0}], "sszygradeList": [{"remarks": "", "schcode": "", "sex": "", "campus": "", "nf": "2018", "klmc": "理工", "ssmc": "海南", "zylx": "普通类", "zymc": "风景园林", "maxScore": 612.0, "minScore": 597.0, "avgScore": 602.7, "avgOrder": 9344, "minOrder": 10095, "maxOrder": 8378, "kl": "", "ssdm": "46", "rs": 3, "zdx": 539.0, "ptx": 539.0, "zycc": "普通类", "fsx": 539.0}, {"remarks": "", "schcode": "", "sex": "", "campus": "", "nf": "2018", "klmc": "理工", "ssmc": "海南", "zylx": "普通类", "zymc": "能源动力类", "maxScore": 624.0, "minScore": 602.0, "avgScore": 613.0, "avgOrder": 8270, "minOrder": 9484, "maxOrder": 7082, "kl": "", "ssdm": "46", "rs": 2, "zdx": 539.0, "ptx": 539.0, "zycc": "普通类", "fsx": 539.0}, {"remarks": "", "schcode": "", "sex": "", "campus": "", "nf": "2018", "klmc": "理工", "ssmc": "海南", "zylx": "普通类", "zymc": "计算机类", "maxScore": 632.0, "minScore": 615.0, "avgScore": 623.5, "avgOrder": 7082, "minOrder": 8061, "maxOrder": 6321, "kl": "", "ssdm": "46", "rs": 2, "zdx": 539.0, "ptx": 539.0, "zycc": "普通类", "fsx": 539.0}, {"remarks": "", "schcode": "", "sex": "", "campus": "", "nf": "2018", "klmc": "理工", "ssmc": "海南", "zylx": "普通类", "zymc": "金融学类", "maxScore": 611.0, "minScore": 609.0, "avgScore": 610.0, "avgOrder": 8591, "minOrder": 8683, "maxOrder": 8483, "kl": "", "ssdm": "46", "rs": 2, "zdx": 539.0, "ptx": 539.0, "zycc": "普通类", "fsx": 539.0}, {"remarks": "", "schcode": "", "sex": "", "campus": "", "nf": "2018", "klmc": "理工", "ssmc": "海南", "zylx": "普通类", "zymc": "食品科学与工程类", "maxScore": 608.0, "minScore": 599.0, "avgScore": 603.5, "avgOrder": 9245, "minOrder": 9842, "maxOrder": 8789, "kl": "", "ssdm": "46", "rs": 2, "zdx": 539.0, "ptx": 539.0, "zycc": "普通类", "fsx": 539.0}], "withYsl": false}, "jessionid": "be6fea6da6d947ea968a0aa03c8d00d3"}