{"state": 1, "msg": "操作成功", "data": {"zsSsgradeList": [{"remarks": "", "schcode": "", "sex": "", "campus": "", "nf": "2017", "klmc": "理工", "ssmc": "宁夏", "zylx": "国家专项", "kl": "5", "ssdm": "64", "rs": 2, "zdx": 439.0, "ptx": 439.0, "minScore": 455.0, "minOrder": 8228, "avgScore": 457.5, "avgOrder": 7873, "maxScore": 460.0, "maxOrder": 7646, "zycc": "国家专项", "fsx": 439.0}], "sszygradeList": [{"remarks": "", "schcode": "", "sex": "", "campus": "", "nf": "2017", "klmc": "理工", "ssmc": "宁夏", "zylx": "国家专项", "zymc": "植物生产类（Ⅰ）", "maxScore": 456.0, "minScore": 456.0, "avgScore": 456.0, "avgOrder": 8115, "minOrder": 8115, "maxOrder": 8115, "kl": "", "ssdm": "64", "rs": 1, "zdx": 439.0, "ptx": 439.0, "zycc": "国家专项", "fsx": 439.0}, {"remarks": "", "schcode": "", "sex": "", "campus": "", "nf": "2017", "klmc": "理工", "ssmc": "宁夏", "zylx": "国家专项", "zymc": "电气类（工学Ⅲ）", "maxScore": 502.0, "minScore": 502.0, "avgScore": 502.0, "avgOrder": 3937, "minOrder": 3937, "maxOrder": 3937, "kl": "", "ssdm": "64", "rs": 1, "zdx": 439.0, "ptx": 439.0, "zycc": "国家专项", "fsx": 439.0}, {"remarks": "", "schcode": "", "sex": "", "campus": "", "nf": "2017", "klmc": "理工", "ssmc": "宁夏", "zylx": "国家专项", "zymc": "金融学类（经济学）", "maxScore": 460.0, "minScore": 460.0, "avgScore": 460.0, "avgOrder": 7646, "minOrder": 7646, "maxOrder": 7646, "kl": "", "ssdm": "64", "rs": 1, "zdx": 439.0, "ptx": 439.0, "zycc": "国家专项", "fsx": 439.0}, {"remarks": "", "schcode": "", "sex": "", "campus": "", "nf": "2017", "klmc": "理工", "ssmc": "宁夏", "zylx": "国家专项", "zymc": "食品科学与工程类", "maxScore": 455.0, "minScore": 455.0, "avgScore": 455.0, "avgOrder": 8228, "minOrder": 8228, "maxOrder": 8228, "kl": "", "ssdm": "64", "rs": 1, "zdx": 439.0, "ptx": 439.0, "zycc": "国家专项", "fsx": 439.0}], "withYsl": false}, "jessionid": "be6fea6da6d947ea968a0aa03c8d00d3"}