{"state": 1, "msg": "操作成功", "data": {"zsSsgradeList": [{"remarks": "", "schcode": "", "sex": "", "campus": "", "nf": "2020", "klmc": "文史", "ssmc": "广东", "zylx": "普通类", "kl": "1", "ssdm": "44", "rs": 4, "zdx": 430.0, "ptx": 430.0, "minScore": 555.0, "minOrder": 12072, "avgScore": 557.8, "avgOrder": 10973, "maxScore": 561.0, "maxOrder": 9955, "zycc": "普通类", "fsx": 430.0}], "sszygradeList": [{"remarks": "", "schcode": "", "sex": "", "campus": "", "nf": "2020", "klmc": "文史", "ssmc": "广东", "zylx": "普通类", "zymc": "工商管理类", "maxScore": 557.0, "minScore": 555.0, "avgScore": 556.0, "avgOrder": 11699, "minOrder": 12072, "maxOrder": 11339, "kl": "", "ssdm": "44", "rs": 2, "zdx": 430.0, "ptx": 430.0, "zycc": "普通类", "fsx": 430.0}, {"remarks": "", "schcode": "", "sex": "", "campus": "", "nf": "2020", "klmc": "文史", "ssmc": "广东", "zylx": "普通类", "zymc": "法学类", "maxScore": 561.0, "minScore": 558.0, "avgScore": 559.5, "avgOrder": 10262, "minOrder": 10973, "maxOrder": 9955, "kl": "", "ssdm": "44", "rs": 2, "zdx": 430.0, "ptx": 430.0, "zycc": "普通类", "fsx": 430.0}], "withYsl": false}, "jessionid": "be6fea6da6d947ea968a0aa03c8d00d3"}