{"state": 1, "msg": "操作成功", "data": {"zsSsgradeList": [{"remarks": "", "schcode": "", "sex": "", "campus": "", "nf": "2018", "klmc": "文史", "ssmc": "湖南", "zylx": "普通类", "kl": "1", "ssdm": "43", "rs": 9, "zdx": 569.0, "ptx": 569.0, "minScore": 606.0, "minOrder": 4972, "avgScore": 607.0, "avgOrder": 4792, "maxScore": 610.0, "maxOrder": 4336, "zycc": "普通类", "fsx": 569.0}], "sszygradeList": [{"remarks": "", "schcode": "", "sex": "", "campus": "", "nf": "2018", "klmc": "文史", "ssmc": "湖南", "zylx": "普通类", "zymc": "工商管理类", "maxScore": 610.0, "minScore": 606.0, "avgScore": 607.2, "avgOrder": 4792, "minOrder": 4972, "maxOrder": 4336, "kl": "", "ssdm": "43", "rs": 4, "zdx": 569.0, "ptx": 569.0, "zycc": "普通类", "fsx": 569.0}, {"remarks": "", "schcode": "", "sex": "", "campus": "", "nf": "2018", "klmc": "文史", "ssmc": "湖南", "zylx": "普通类", "zymc": "法学类", "maxScore": 608.0, "minScore": 606.0, "avgScore": 607.0, "avgOrder": 4792, "minOrder": 4972, "maxOrder": 4636, "kl": "", "ssdm": "43", "rs": 2, "zdx": 569.0, "ptx": 569.0, "zycc": "普通类", "fsx": 569.0}, {"remarks": "", "schcode": "", "sex": "", "campus": "", "nf": "2018", "klmc": "文史", "ssmc": "湖南", "zylx": "普通类", "zymc": "行政管理", "maxScore": 608.0, "minScore": 606.0, "avgScore": 607.0, "avgOrder": 4792, "minOrder": 4972, "maxOrder": 4636, "kl": "", "ssdm": "43", "rs": 2, "zdx": 569.0, "ptx": 569.0, "zycc": "普通类", "fsx": 569.0}, {"remarks": "", "schcode": "", "sex": "", "campus": "", "nf": "2018", "klmc": "文史", "ssmc": "湖南", "zylx": "普通类", "zymc": "英语", "maxScore": 606.0, "minScore": 606.0, "avgScore": 606.0, "avgOrder": 4972, "minOrder": 4972, "maxOrder": 4972, "kl": "", "ssdm": "43", "rs": 1, "zdx": 569.0, "ptx": 569.0, "zycc": "普通类", "fsx": 569.0}], "withYsl": false}, "jessionid": "be6fea6da6d947ea968a0aa03c8d00d3"}