{"state": 1, "msg": "操作成功", "data": {"zsSsgradeList": [{"remarks": "", "schcode": "", "sex": "", "campus": "", "nf": "2017", "klmc": "文史", "ssmc": "湖南", "zylx": "国家专项", "kl": "1", "ssdm": "43", "rs": 1, "zdx": 548.0, "ptx": 548.0, "minScore": 577.0, "minOrder": 4397, "avgScore": 577.0, "avgOrder": 4397, "maxScore": 577.0, "maxOrder": 4397, "zycc": "国家专项", "fsx": 548.0}], "sszygradeList": [{"remarks": "", "schcode": "", "sex": "", "campus": "", "nf": "2017", "klmc": "文史", "ssmc": "湖南", "zylx": "国家专项", "zymc": "工商管理类（管理学Ⅱ）", "maxScore": 577.0, "minScore": 577.0, "avgScore": 577.0, "avgOrder": 4397, "minOrder": 4397, "maxOrder": 4397, "kl": "", "ssdm": "43", "rs": 1, "zdx": 548.0, "ptx": 548.0, "zycc": "国家专项", "fsx": 548.0}], "withYsl": false}, "jessionid": "be6fea6da6d947ea968a0aa03c8d00d3"}