{"state": 1, "msg": "操作成功", "data": {"zsSsgradeList": [{"remarks": "", "schcode": "", "sex": "", "campus": "", "nf": "2018", "klmc": "理工", "ssmc": "河南", "zylx": "国家专项", "kl": "5", "ssdm": "41", "rs": 21, "zdx": 499.0, "ptx": 499.0, "minScore": 546.0, "minOrder": 52387, "avgScore": 552.0, "avgOrder": 47211, "maxScore": 563.0, "maxOrder": 38484, "zycc": "国家专项", "fsx": 499.0}], "sszygradeList": [{"remarks": "", "schcode": "", "sex": "", "campus": "", "nf": "2018", "klmc": "理工", "ssmc": "河南", "zylx": "国家专项", "zymc": "种子科学与工程", "maxScore": 547.0, "minScore": 547.0, "avgScore": 547.0, "avgOrder": 51463, "minOrder": 51463, "maxOrder": 51463, "kl": "", "ssdm": "41", "rs": 2, "zdx": 499.0, "ptx": 499.0, "zycc": "国家专项", "fsx": 499.0}, {"remarks": "", "schcode": "", "sex": "", "campus": "", "nf": "2018", "klmc": "理工", "ssmc": "河南", "zylx": "国家专项", "zymc": "设施农业科学与工程", "maxScore": 547.0, "minScore": 546.0, "avgScore": 546.5, "avgOrder": 51463, "minOrder": 52387, "maxOrder": 51463, "kl": "", "ssdm": "41", "rs": 2, "zdx": 499.0, "ptx": 499.0, "zycc": "国家专项", "fsx": 499.0}, {"remarks": "", "schcode": "", "sex": "", "campus": "", "nf": "2018", "klmc": "理工", "ssmc": "河南", "zylx": "国家专项", "zymc": "环境科学与工程类", "maxScore": 558.0, "minScore": 557.0, "avgScore": 557.5, "avgOrder": 42341, "minOrder": 43166, "maxOrder": 42341, "kl": "", "ssdm": "41", "rs": 2, "zdx": 499.0, "ptx": 499.0, "zycc": "国家专项", "fsx": 499.0}, {"remarks": "", "schcode": "", "sex": "", "campus": "", "nf": "2018", "klmc": "理工", "ssmc": "河南", "zylx": "国家专项", "zymc": "机械类", "maxScore": 554.0, "minScore": 549.0, "avgScore": 551.0, "avgOrder": 48043, "minOrder": 49758, "maxOrder": 45525, "kl": "", "ssdm": "41", "rs": 3, "zdx": 499.0, "ptx": 499.0, "zycc": "国家专项", "fsx": 499.0}, {"remarks": "", "schcode": "", "sex": "", "campus": "", "nf": "2018", "klmc": "理工", "ssmc": "河南", "zylx": "国家专项", "zymc": "农业电气化", "maxScore": 563.0, "minScore": 547.0, "avgScore": 555.0, "avgOrder": 44734, "minOrder": 51463, "maxOrder": 38484, "kl": "", "ssdm": "41", "rs": 2, "zdx": 499.0, "ptx": 499.0, "zycc": "国家专项", "fsx": 499.0}, {"remarks": "", "schcode": "", "sex": "", "campus": "", "nf": "2018", "klmc": "理工", "ssmc": "河南", "zylx": "国家专项", "zymc": "金融学类", "maxScore": 560.0, "minScore": 559.0, "avgScore": 559.5, "avgOrder": 40745, "minOrder": 41539, "maxOrder": 40745, "kl": "", "ssdm": "41", "rs": 2, "zdx": 499.0, "ptx": 499.0, "zycc": "国家专项", "fsx": 499.0}, {"remarks": "", "schcode": "", "sex": "", "campus": "", "nf": "2018", "klmc": "理工", "ssmc": "河南", "zylx": "国家专项", "zymc": "生物工程类", "maxScore": 549.0, "minScore": 548.0, "avgScore": 548.5, "avgOrder": 49758, "minOrder": 50647, "maxOrder": 49758, "kl": "", "ssdm": "41", "rs": 2, "zdx": 499.0, "ptx": 499.0, "zycc": "国家专项", "fsx": 499.0}, {"remarks": "", "schcode": "", "sex": "", "campus": "", "nf": "2018", "klmc": "理工", "ssmc": "河南", "zylx": "国家专项", "zymc": "食品科学与工程类", "maxScore": 554.0, "minScore": 550.0, "avgScore": 552.0, "avgOrder": 47211, "minOrder": 48886, "maxOrder": 45525, "kl": "", "ssdm": "41", "rs": 2, "zdx": 499.0, "ptx": 499.0, "zycc": "国家专项", "fsx": 499.0}, {"remarks": "", "schcode": "", "sex": "", "campus": "", "nf": "2018", "klmc": "理工", "ssmc": "河南", "zylx": "国家专项", "zymc": "水利类", "maxScore": 554.0, "minScore": 548.0, "avgScore": 551.0, "avgOrder": 48043, "minOrder": 50647, "maxOrder": 45525, "kl": "", "ssdm": "41", "rs": 2, "zdx": 499.0, "ptx": 499.0, "zycc": "国家专项", "fsx": 499.0}, {"remarks": "", "schcode": "", "sex": "", "campus": "", "nf": "2018", "klmc": "理工", "ssmc": "河南", "zylx": "国家专项", "zymc": "统计学类", "maxScore": 553.0, "minScore": 551.0, "avgScore": 552.0, "avgOrder": 47211, "minOrder": 48043, "maxOrder": 46358, "kl": "", "ssdm": "41", "rs": 2, "zdx": 499.0, "ptx": 499.0, "zycc": "国家专项", "fsx": 499.0}], "withYsl": false}, "jessionid": "be6fea6da6d947ea968a0aa03c8d00d3"}