{"state": 1, "msg": "操作成功", "data": {"zsSsgradeList": [{"remarks": "", "schcode": "", "sex": "", "campus": "", "nf": "2018", "klmc": "理工", "ssmc": "天津", "zylx": "普通类", "kl": "5", "ssdm": "12", "rs": 14, "zdx": 407.0, "ptx": 407.0, "minScore": 553.0, "minOrder": 11780, "avgScore": 558.7, "avgOrder": 11028, "maxScore": 571.0, "maxOrder": 9476, "zycc": "普通类", "fsx": 407.0}], "sszygradeList": [{"remarks": "", "schcode": "", "sex": "", "campus": "", "nf": "2018", "klmc": "理工", "ssmc": "天津", "zylx": "普通类", "zymc": "农学", "maxScore": 557.0, "minScore": 553.0, "avgScore": 555.0, "avgOrder": 11531, "minOrder": 11780, "maxOrder": 11272, "kl": "", "ssdm": "12", "rs": 2, "zdx": 407.0, "ptx": 407.0, "zycc": "普通类", "fsx": 407.0}, {"remarks": "", "schcode": "", "sex": "", "campus": "", "nf": "2018", "klmc": "理工", "ssmc": "天津", "zylx": "普通类", "zymc": "机械类", "maxScore": 558.0, "minScore": 554.0, "avgScore": 555.7, "avgOrder": 11406, "minOrder": 11650, "maxOrder": 11161, "kl": "", "ssdm": "12", "rs": 3, "zdx": 407.0, "ptx": 407.0, "zycc": "普通类", "fsx": 407.0}, {"remarks": "", "schcode": "", "sex": "", "campus": "", "nf": "2018", "klmc": "理工", "ssmc": "天津", "zylx": "普通类", "zymc": "金融学类", "maxScore": 570.0, "minScore": 556.0, "avgScore": 560.5, "avgOrder": 10752, "minOrder": 11406, "maxOrder": 9602, "kl": "", "ssdm": "12", "rs": 4, "zdx": 407.0, "ptx": 407.0, "zycc": "普通类", "fsx": 407.0}, {"remarks": "", "schcode": "", "sex": "", "campus": "", "nf": "2018", "klmc": "理工", "ssmc": "天津", "zylx": "普通类", "zymc": "食品科学与工程类", "maxScore": 571.0, "minScore": 557.0, "avgScore": 564.0, "avgOrder": 10374, "minOrder": 11272, "maxOrder": 9476, "kl": "", "ssdm": "12", "rs": 3, "zdx": 407.0, "ptx": 407.0, "zycc": "普通类", "fsx": 407.0}, {"remarks": "", "schcode": "", "sex": "", "campus": "", "nf": "2018", "klmc": "理工", "ssmc": "天津", "zylx": "普通类", "zymc": "土木工程", "maxScore": 558.0, "minScore": 553.0, "avgScore": 555.5, "avgOrder": 11406, "minOrder": 11780, "maxOrder": 11161, "kl": "", "ssdm": "12", "rs": 2, "zdx": 407.0, "ptx": 407.0, "zycc": "普通类", "fsx": 407.0}], "withYsl": false}, "jessionid": "be6fea6da6d947ea968a0aa03c8d00d3"}