{"state": 1, "msg": "操作成功", "data": {"zsSsgradeList": [{"remarks": "", "schcode": "", "sex": "", "campus": "", "nf": "2018", "klmc": "文史", "ssmc": "黑龙江", "zylx": "中美121项目", "kl": "1", "ssdm": "23", "rs": 8, "zdx": 490.0, "ptx": 490.0, "minScore": 506.0, "minOrder": 5385, "avgScore": 514.9, "avgOrder": 4459, "maxScore": 526.0, "maxOrder": 3492, "zycc": "中美121项目", "fsx": 490.0}], "sszygradeList": [{"remarks": "", "schcode": "", "sex": "", "campus": "", "nf": "2018", "klmc": "文史", "ssmc": "黑龙江", "zylx": "中美121项目", "zymc": "工商管理（中美121双学位项目）", "maxScore": 526.0, "minScore": 506.0, "avgScore": 514.9, "avgOrder": 4459, "minOrder": 5385, "maxOrder": 3492, "kl": "", "ssdm": "23", "rs": 8, "zdx": 490.0, "ptx": 490.0, "zycc": "中美121项目", "fsx": 490.0}], "withYsl": false}, "jessionid": "be6fea6da6d947ea968a0aa03c8d00d3"}