{"state": 1, "msg": "操作成功", "data": {"zsSsgradeList": [{"remarks": "", "schcode": "", "sex": "", "campus": "", "nf": "2020", "klmc": "理工", "ssmc": "江苏", "zylx": "普通类", "kl": "5", "ssdm": "32", "rs": 16, "zdx": 347.0, "ptx": 347.0, "minScore": 369.0, "minOrder": 36361, "avgScore": 369.8, "avgOrder": 34611, "maxScore": 373.0, "maxOrder": 29861, "zycc": "普通类", "fsx": 347.0}], "sszygradeList": [{"remarks": "", "schcode": "", "sex": "", "campus": "", "nf": "2020", "klmc": "理工", "ssmc": "江苏", "zylx": "普通类", "zymc": "软件工程", "maxScore": 373.0, "minScore": 371.0, "avgScore": 372.0, "avgOrder": 31418, "minOrder": 33028, "maxOrder": 29861, "kl": "", "ssdm": "32", "rs": 2, "zdx": 347.0, "ptx": 347.0, "zycc": "普通类", "fsx": 347.0}, {"remarks": "", "schcode": "", "sex": "", "campus": "", "nf": "2020", "klmc": "理工", "ssmc": "江苏", "zylx": "普通类", "zymc": "农业电气化", "maxScore": 371.0, "minScore": 369.0, "avgScore": 370.0, "avgOrder": 34611, "minOrder": 36361, "maxOrder": 33028, "kl": "", "ssdm": "32", "rs": 2, "zdx": 347.0, "ptx": 347.0, "zycc": "普通类", "fsx": 347.0}, {"remarks": "", "schcode": "", "sex": "", "campus": "", "nf": "2020", "klmc": "理工", "ssmc": "江苏", "zylx": "普通类", "zymc": "金融学类", "maxScore": 371.0, "minScore": 369.0, "avgScore": 370.0, "avgOrder": 34611, "minOrder": 36361, "maxOrder": 33028, "kl": "", "ssdm": "32", "rs": 3, "zdx": 347.0, "ptx": 347.0, "zycc": "普通类", "fsx": 347.0}, {"remarks": "", "schcode": "", "sex": "", "campus": "", "nf": "2020", "klmc": "理工", "ssmc": "江苏", "zylx": "普通类", "zymc": "食品科学与工程类", "maxScore": 370.0, "minScore": 369.0, "avgScore": 369.3, "avgOrder": 36361, "minOrder": 36361, "maxOrder": 34611, "kl": "", "ssdm": "32", "rs": 3, "zdx": 347.0, "ptx": 347.0, "zycc": "普通类", "fsx": 347.0}, {"remarks": "", "schcode": "", "sex": "", "campus": "", "nf": "2020", "klmc": "理工", "ssmc": "江苏", "zylx": "普通类", "zymc": "土木工程", "maxScore": 370.0, "minScore": 369.0, "avgScore": 369.5, "avgOrder": 34611, "minOrder": 36361, "maxOrder": 34611, "kl": "", "ssdm": "32", "rs": 2, "zdx": 347.0, "ptx": 347.0, "zycc": "普通类", "fsx": 347.0}, {"remarks": "", "schcode": "", "sex": "", "campus": "", "nf": "2020", "klmc": "理工", "ssmc": "江苏", "zylx": "普通类", "zymc": "工程管理", "maxScore": 369.0, "minScore": 369.0, "avgScore": 369.0, "avgOrder": 36361, "minOrder": 36361, "maxOrder": 36361, "kl": "", "ssdm": "32", "rs": 2, "zdx": 347.0, "ptx": 347.0, "zycc": "普通类", "fsx": 347.0}, {"remarks": "", "schcode": "", "sex": "", "campus": "", "nf": "2020", "klmc": "理工", "ssmc": "江苏", "zylx": "普通类", "zymc": "化学生物学", "maxScore": 369.0, "minScore": 369.0, "avgScore": 369.0, "avgOrder": 36361, "minOrder": 36361, "maxOrder": 36361, "kl": "", "ssdm": "32", "rs": 2, "zdx": 347.0, "ptx": 347.0, "zycc": "普通类", "fsx": 347.0}], "withYsl": false}, "jessionid": "be6fea6da6d947ea968a0aa03c8d00d3"}