{"state": 1, "msg": "操作成功", "data": {"zsSsgradeList": [{"remarks": "", "schcode": "", "sex": "", "campus": "", "nf": "2017", "klmc": "理工", "ssmc": "黑龙江", "zylx": "中俄合作办学", "kl": "5", "ssdm": "23", "rs": 102, "zdx": 455.0, "ptx": 455.0, "minScore": 462.0, "minOrder": 26638, "avgScore": 481.1, "avgOrder": 25348, "maxScore": 533.0, "maxOrder": 13483, "zycc": "中俄合作办学", "fsx": 455.0}], "sszygradeList": [{"remarks": "", "schcode": "", "sex": "", "campus": "", "nf": "2017", "klmc": "理工", "ssmc": "黑龙江", "zylx": "中俄合作办学", "zymc": "金融学(中俄合作办学)", "maxScore": 533.0, "minScore": 481.0, "avgScore": 492.6, "avgOrder": 22245, "minOrder": 25348, "maxOrder": 13483, "kl": "", "ssdm": "23", "rs": 32, "zdx": 455.0, "ptx": 455.0, "zycc": "中俄合作办学", "fsx": 455.0}, {"remarks": "", "schcode": "", "sex": "", "campus": "", "nf": "2017", "klmc": "理工", "ssmc": "黑龙江", "zylx": "中俄合作办学", "zymc": "国际经济与贸易(中俄合作办学)", "maxScore": 491.0, "minScore": 472.0, "avgScore": 479.4, "avgOrder": 25849, "minOrder": 26638, "maxOrder": 22747, "kl": "", "ssdm": "23", "rs": 34, "zdx": 455.0, "ptx": 455.0, "zycc": "中俄合作办学", "fsx": 455.0}, {"remarks": "", "schcode": "", "sex": "", "campus": "", "nf": "2017", "klmc": "理工", "ssmc": "黑龙江", "zylx": "中俄合作办学", "zymc": "工商管理(中俄合作办学)", "maxScore": 520.0, "minScore": 462.0, "avgScore": 472.5, "minOrder": 26638, "maxOrder": 16225, "kl": "", "ssdm": "23", "rs": 36, "zdx": 455.0, "ptx": 455.0, "zycc": "中俄合作办学", "fsx": 455.0}], "withYsl": false}, "jessionid": "be6fea6da6d947ea968a0aa03c8d00d3"}