{"state": 1, "msg": "操作成功", "data": {"zsSsgradeList": [{"remarks": "", "schcode": "", "sex": "", "campus": "", "nf": "2019", "klmc": "艺术(不分文理)", "ssmc": "黑龙江", "zylx": "艺术批", "kl": "A", "ssdm": "23", "zycc": "艺术批"}], "sszygradeList": [{"remarks": "专业成绩；控制线：理科236，文科254，器乐113；小项最低分：钢琴156，二胡133", "schcode": "", "sex": "", "campus": "", "nf": "2019", "klmc": "艺术(不分文理)", "ssmc": "黑龙江", "zylx": "艺术批", "zymc": "音乐表演（器乐）", "maxScore": 167.0, "minScore": 133.0, "avgScore": 152.0, "kl": "", "ssdm": "23", "rs": 3, "zycc": "艺术批"}, {"remarks": "专业成绩；控制线：理科236，文科254，声乐113", "schcode": "", "sex": "", "campus": "", "nf": "2019", "klmc": "艺术(不分文理)", "ssmc": "黑龙江", "zylx": "艺术批", "zymc": "音乐表演（声乐）", "maxScore": 154.0, "minScore": 149.0, "avgScore": 150.67, "kl": "", "ssdm": "23", "rs": 3, "zycc": "艺术批"}], "withYsl": false}, "jessionid": "be6fea6da6d947ea968a0aa03c8d00d3"}