{"state": 1, "msg": "操作成功", "data": {"zsSsgradeList": [{"remarks": "", "schcode": "", "sex": "", "campus": "", "nf": "2020", "klmc": "文史", "ssmc": "甘肃", "zylx": "普通类", "kl": "1", "ssdm": "62", "rs": 4, "zdx": 520.0, "ptx": 520.0, "minScore": 556.0, "minOrder": 3043, "avgScore": 556.8, "avgOrder": 2961, "maxScore": 558.0, "maxOrder": 2872, "zycc": "普通类", "fsx": 520.0}], "sszygradeList": [{"remarks": "", "schcode": "", "sex": "", "campus": "", "nf": "2020", "klmc": "文史", "ssmc": "甘肃", "zylx": "普通类", "zymc": "工商管理类", "maxScore": 557.0, "minScore": 556.0, "avgScore": 556.5, "avgOrder": 3043, "minOrder": 3043, "maxOrder": 2961, "kl": "", "ssdm": "62", "rs": 2, "zdx": 520.0, "ptx": 520.0, "zycc": "普通类", "fsx": 520.0}, {"remarks": "", "schcode": "", "sex": "", "campus": "", "nf": "2020", "klmc": "文史", "ssmc": "甘肃", "zylx": "普通类", "zymc": "农林经济管理", "maxScore": 558.0, "minScore": 556.0, "avgScore": 557.0, "avgOrder": 2961, "minOrder": 3043, "maxOrder": 2872, "kl": "", "ssdm": "62", "rs": 2, "zdx": 520.0, "ptx": 520.0, "zycc": "普通类", "fsx": 520.0}], "withYsl": false}, "jessionid": "be6fea6da6d947ea968a0aa03c8d00d3"}