{"state": 1, "msg": "操作成功", "data": {"zsSsgradeList": [{"remarks": "", "schcode": "", "sex": "", "campus": "", "nf": "2018", "klmc": "文史", "ssmc": "黑龙江", "zylx": "国家专项", "kl": "1", "ssdm": "23", "rs": 4, "zdx": 490.0, "ptx": 490.0, "minScore": 519.0, "minOrder": 4095, "avgScore": 524.5, "avgOrder": 3582, "maxScore": 532.0, "maxOrder": 3052, "zycc": "国家专项", "fsx": 490.0}], "sszygradeList": [{"remarks": "", "schcode": "", "sex": "", "campus": "", "nf": "2018", "klmc": "文史", "ssmc": "黑龙江", "zylx": "国家专项", "zymc": "工商管理类", "maxScore": 532.0, "minScore": 521.0, "avgScore": 526.5, "avgOrder": 3416, "minOrder": 3904, "maxOrder": 3052, "kl": "", "ssdm": "23", "rs": 2, "zdx": 490.0, "ptx": 490.0, "zycc": "国家专项", "fsx": 490.0}, {"remarks": "", "schcode": "", "sex": "", "campus": "", "nf": "2018", "klmc": "文史", "ssmc": "黑龙江", "zylx": "国家专项", "zymc": "法学类", "maxScore": 526.0, "minScore": 519.0, "avgScore": 522.5, "avgOrder": 3748, "minOrder": 4095, "maxOrder": 3492, "kl": "", "ssdm": "23", "rs": 2, "zdx": 490.0, "ptx": 490.0, "zycc": "国家专项", "fsx": 490.0}], "withYsl": false}, "jessionid": "be6fea6da6d947ea968a0aa03c8d00d3"}