{"state": 1, "msg": "操作成功", "data": {"zsSsgradeList": [{"remarks": "", "schcode": "", "sex": "", "campus": "", "nf": "2020", "klmc": "理工", "ssmc": "甘肃", "zylx": "普通类", "kl": "5", "ssdm": "62", "rs": 27, "zdx": 458.0, "ptx": 458.0, "minScore": 504.0, "minOrder": 17706, "avgScore": 507.1, "avgOrder": 16815, "maxScore": 511.0, "maxOrder": 15690, "zycc": "普通类", "fsx": 458.0}], "sszygradeList": [{"remarks": "", "schcode": "", "sex": "", "campus": "", "nf": "2020", "klmc": "理工", "ssmc": "甘肃", "zylx": "普通类", "zymc": "自然保护与环境生态类", "maxScore": 508.0, "minScore": 507.0, "avgScore": 507.5, "avgOrder": 16533, "minOrder": 16815, "maxOrder": 16533, "kl": "", "ssdm": "62", "rs": 2, "zdx": 458.0, "ptx": 458.0, "zycc": "普通类", "fsx": 458.0}, {"remarks": "", "schcode": "", "sex": "", "campus": "", "nf": "2020", "klmc": "理工", "ssmc": "甘肃", "zylx": "普通类", "zymc": "动物科学", "maxScore": 505.0, "minScore": 505.0, "avgScore": 505.0, "avgOrder": 17406, "minOrder": 17406, "maxOrder": 17406, "kl": "", "ssdm": "62", "rs": 2, "zdx": 458.0, "ptx": 458.0, "zycc": "普通类", "fsx": 458.0}, {"remarks": "", "schcode": "", "sex": "", "campus": "", "nf": "2020", "klmc": "理工", "ssmc": "甘肃", "zylx": "普通类", "zymc": "动物医学", "maxScore": 507.0, "minScore": 504.0, "avgScore": 505.5, "avgOrder": 17110, "minOrder": 17706, "maxOrder": 16815, "kl": "", "ssdm": "62", "rs": 2, "zdx": 458.0, "ptx": 458.0, "zycc": "普通类", "fsx": 458.0}, {"remarks": "", "schcode": "", "sex": "", "campus": "", "nf": "2020", "klmc": "理工", "ssmc": "甘肃", "zylx": "普通类", "zymc": "动物药学", "maxScore": 506.0, "minScore": 505.0, "avgScore": 505.5, "avgOrder": 17110, "minOrder": 17406, "maxOrder": 17110, "kl": "", "ssdm": "62", "rs": 2, "zdx": 458.0, "ptx": 458.0, "zycc": "普通类", "fsx": 458.0}, {"remarks": "", "schcode": "", "sex": "", "campus": "", "nf": "2020", "klmc": "理工", "ssmc": "甘肃", "zylx": "普通类", "zymc": "机械类", "maxScore": 508.0, "minScore": 508.0, "avgScore": 508.0, "avgOrder": 16533, "minOrder": 16533, "maxOrder": 16533, "kl": "", "ssdm": "62", "rs": 2, "zdx": 458.0, "ptx": 458.0, "zycc": "普通类", "fsx": 458.0}, {"remarks": "", "schcode": "", "sex": "", "campus": "", "nf": "2020", "klmc": "理工", "ssmc": "甘肃", "zylx": "普通类", "zymc": "能源动力类", "maxScore": 507.0, "minScore": 505.0, "avgScore": 506.0, "avgOrder": 17110, "minOrder": 17406, "maxOrder": 16815, "kl": "", "ssdm": "62", "rs": 2, "zdx": 458.0, "ptx": 458.0, "zycc": "普通类", "fsx": 458.0}, {"remarks": "", "schcode": "", "sex": "", "campus": "", "nf": "2020", "klmc": "理工", "ssmc": "甘肃", "zylx": "普通类", "zymc": "电气工程及其自动化", "maxScore": 509.0, "minScore": 507.0, "avgScore": 508.0, "avgOrder": 16533, "minOrder": 16815, "maxOrder": 16231, "kl": "", "ssdm": "62", "rs": 2, "zdx": 458.0, "ptx": 458.0, "zycc": "普通类", "fsx": 458.0}, {"remarks": "", "schcode": "", "sex": "", "campus": "", "nf": "2020", "klmc": "理工", "ssmc": "甘肃", "zylx": "普通类", "zymc": "计算机科学与技术", "maxScore": 511.0, "minScore": 510.0, "avgScore": 510.5, "avgOrder": 15966, "minOrder": 15966, "maxOrder": 15690, "kl": "", "ssdm": "62", "rs": 2, "zdx": 458.0, "ptx": 458.0, "zycc": "普通类", "fsx": 458.0}, {"remarks": "", "schcode": "", "sex": "", "campus": "", "nf": "2020", "klmc": "理工", "ssmc": "甘肃", "zylx": "普通类", "zymc": "农业电气化", "maxScore": 505.0, "minScore": 504.0, "avgScore": 504.5, "avgOrder": 17706, "minOrder": 17706, "maxOrder": 17406, "kl": "", "ssdm": "62", "rs": 2, "zdx": 458.0, "ptx": 458.0, "zycc": "普通类", "fsx": 458.0}, {"remarks": "", "schcode": "", "sex": "", "campus": "", "nf": "2020", "klmc": "理工", "ssmc": "甘肃", "zylx": "普通类", "zymc": "金融学类", "maxScore": 507.0, "minScore": 506.0, "avgScore": 506.5, "avgOrder": 17110, "minOrder": 17110, "maxOrder": 16815, "kl": "", "ssdm": "62", "rs": 2, "zdx": 458.0, "ptx": 458.0, "zycc": "普通类", "fsx": 458.0}, {"remarks": "", "schcode": "", "sex": "", "campus": "", "nf": "2020", "klmc": "理工", "ssmc": "甘肃", "zylx": "普通类", "zymc": "生物科学类", "maxScore": 509.0, "minScore": 507.0, "avgScore": 507.7, "avgOrder": 16533, "minOrder": 16815, "maxOrder": 16231, "kl": "", "ssdm": "62", "rs": 3, "zdx": 458.0, "ptx": 458.0, "zycc": "普通类", "fsx": 458.0}, {"remarks": "", "schcode": "", "sex": "", "campus": "", "nf": "2020", "klmc": "理工", "ssmc": "甘肃", "zylx": "普通类", "zymc": "食品科学与工程类", "maxScore": 511.0, "minScore": 507.0, "avgScore": 509.0, "avgOrder": 16231, "minOrder": 16815, "maxOrder": 15690, "kl": "", "ssdm": "62", "rs": 2, "zdx": 458.0, "ptx": 458.0, "zycc": "普通类", "fsx": 458.0}, {"remarks": "", "schcode": "", "sex": "", "campus": "", "nf": "2020", "klmc": "理工", "ssmc": "甘肃", "zylx": "普通类", "zymc": "水利类", "maxScore": 511.0, "minScore": 507.0, "avgScore": 509.0, "avgOrder": 16231, "minOrder": 16815, "maxOrder": 15690, "kl": "", "ssdm": "62", "rs": 2, "zdx": 458.0, "ptx": 458.0, "zycc": "普通类", "fsx": 458.0}], "withYsl": false}, "jessionid": "be6fea6da6d947ea968a0aa03c8d00d3"}