{"state": 1, "msg": "操作成功", "data": {"zsSsgradeList": [{"remarks": "", "schcode": "", "sex": "", "campus": "", "nf": "2019", "klmc": "理工", "ssmc": "河南", "zylx": "普通类", "kl": "5", "ssdm": "41", "rs": 183, "zdx": 502.0, "ptx": 502.0, "minScore": 561.0, "minOrder": 42168, "avgScore": 566.0, "avgOrder": 37938, "maxScore": 581.0, "maxOrder": 27095, "zycc": "普通类", "fsx": 502.0}], "sszygradeList": [{"remarks": "", "schcode": "", "sex": "", "campus": "", "nf": "2019", "klmc": "理工", "ssmc": "河南", "zylx": "普通类", "zymc": "农学", "maxScore": 566.0, "minScore": 561.0, "avgScore": 563.4, "avgOrder": 40404, "minOrder": 42168, "maxOrder": 37938, "kl": "", "ssdm": "41", "rs": 5, "zdx": 502.0, "ptx": 502.0, "zycc": "普通类", "fsx": 502.0}, {"remarks": "", "schcode": "", "sex": "", "campus": "", "nf": "2019", "klmc": "理工", "ssmc": "河南", "zylx": "普通类", "zymc": "植物保护", "maxScore": 565.0, "minScore": 561.0, "avgScore": 563.8, "avgOrder": 39606, "minOrder": 42168, "maxOrder": 38753, "kl": "", "ssdm": "41", "rs": 6, "zdx": 502.0, "ptx": 502.0, "zycc": "普通类", "fsx": 502.0}, {"remarks": "", "schcode": "", "sex": "", "campus": "", "nf": "2019", "klmc": "理工", "ssmc": "河南", "zylx": "普通类", "zymc": "植物科学与技术", "maxScore": 563.0, "minScore": 563.0, "avgScore": 563.0, "avgOrder": 40404, "minOrder": 40404, "maxOrder": 40404, "kl": "", "ssdm": "41", "rs": 2, "zdx": 502.0, "ptx": 502.0, "zycc": "普通类", "fsx": 502.0}, {"remarks": "", "schcode": "", "sex": "", "campus": "", "nf": "2019", "klmc": "理工", "ssmc": "河南", "zylx": "普通类", "zymc": "种子科学与工程", "maxScore": 563.0, "minScore": 562.0, "avgScore": 562.7, "avgOrder": 40404, "minOrder": 41266, "maxOrder": 40404, "kl": "", "ssdm": "41", "rs": 3, "zdx": 502.0, "ptx": 502.0, "zycc": "普通类", "fsx": 502.0}, {"remarks": "", "schcode": "", "sex": "", "campus": "", "nf": "2019", "klmc": "理工", "ssmc": "河南", "zylx": "普通类", "zymc": "风景园林", "maxScore": 567.0, "minScore": 564.0, "avgScore": 566.0, "avgOrder": 37938, "minOrder": 39606, "maxOrder": 37129, "kl": "", "ssdm": "41", "rs": 4, "zdx": 502.0, "ptx": 502.0, "zycc": "普通类", "fsx": 502.0}, {"remarks": "", "schcode": "", "sex": "", "campus": "", "nf": "2019", "klmc": "理工", "ssmc": "河南", "zylx": "普通类", "zymc": "园艺", "maxScore": 566.0, "minScore": 563.0, "avgScore": 564.5, "avgOrder": 38753, "minOrder": 40404, "maxOrder": 37938, "kl": "", "ssdm": "41", "rs": 4, "zdx": 502.0, "ptx": 502.0, "zycc": "普通类", "fsx": 502.0}, {"remarks": "", "schcode": "", "sex": "", "campus": "", "nf": "2019", "klmc": "理工", "ssmc": "河南", "zylx": "普通类", "zymc": "园艺（本硕博班）", "maxScore": 570.0, "minScore": 570.0, "avgScore": 570.0, "avgOrder": 34852, "minOrder": 34852, "maxOrder": 34852, "kl": "", "ssdm": "41", "rs": 2, "zdx": 502.0, "ptx": 502.0, "zycc": "普通类", "fsx": 502.0}, {"remarks": "", "schcode": "", "sex": "", "campus": "", "nf": "2019", "klmc": "理工", "ssmc": "河南", "zylx": "普通类", "zymc": "设施农业科学与工程", "maxScore": 565.0, "minScore": 563.0, "avgScore": 563.5, "avgOrder": 39606, "minOrder": 40404, "maxOrder": 38753, "kl": "", "ssdm": "41", "rs": 4, "zdx": 502.0, "ptx": 502.0, "zycc": "普通类", "fsx": 502.0}, {"remarks": "", "schcode": "", "sex": "", "campus": "", "nf": "2019", "klmc": "理工", "ssmc": "河南", "zylx": "普通类", "zymc": "园林", "maxScore": 565.0, "minScore": 561.0, "avgScore": 563.4, "avgOrder": 40404, "minOrder": 42168, "maxOrder": 38753, "kl": "", "ssdm": "41", "rs": 7, "zdx": 502.0, "ptx": 502.0, "zycc": "普通类", "fsx": 502.0}, {"remarks": "", "schcode": "", "sex": "", "campus": "", "nf": "2019", "klmc": "理工", "ssmc": "河南", "zylx": "普通类", "zymc": "应用气象学", "maxScore": 563.0, "minScore": 561.0, "avgScore": 562.0, "avgOrder": 41266, "minOrder": 42168, "maxOrder": 40404, "kl": "", "ssdm": "41", "rs": 3, "zdx": 502.0, "ptx": 502.0, "zycc": "普通类", "fsx": 502.0}, {"remarks": "", "schcode": "", "sex": "", "campus": "", "nf": "2019", "klmc": "理工", "ssmc": "河南", "zylx": "普通类", "zymc": "生态学", "maxScore": 569.0, "minScore": 562.0, "avgScore": 566.2, "avgOrder": 37938, "minOrder": 41266, "maxOrder": 35574, "kl": "", "ssdm": "41", "rs": 4, "zdx": 502.0, "ptx": 502.0, "zycc": "普通类", "fsx": 502.0}, {"remarks": "", "schcode": "", "sex": "", "campus": "", "nf": "2019", "klmc": "理工", "ssmc": "河南", "zylx": "普通类", "zymc": "环境科学与工程类", "maxScore": 567.0, "minScore": 563.0, "avgScore": 564.8, "avgOrder": 38753, "minOrder": 40404, "maxOrder": 37129, "kl": "", "ssdm": "41", "rs": 6, "zdx": 502.0, "ptx": 502.0, "zycc": "普通类", "fsx": 502.0}, {"remarks": "", "schcode": "", "sex": "", "campus": "", "nf": "2019", "klmc": "理工", "ssmc": "河南", "zylx": "普通类", "zymc": "自然保护与环境生态类", "maxScore": 563.0, "minScore": 561.0, "avgScore": 561.9, "avgOrder": 41266, "minOrder": 42168, "maxOrder": 40404, "kl": "", "ssdm": "41", "rs": 8, "zdx": 502.0, "ptx": 502.0, "zycc": "普通类", "fsx": 502.0}, {"remarks": "", "schcode": "", "sex": "", "campus": "", "nf": "2019", "klmc": "理工", "ssmc": "河南", "zylx": "普通类", "zymc": "农业资源与环境（本硕博班）", "maxScore": 577.0, "minScore": 577.0, "avgScore": 577.0, "avgOrder": 29841, "minOrder": 29841, "maxOrder": 29841, "kl": "", "ssdm": "41", "rs": 1, "zdx": 502.0, "ptx": 502.0, "zycc": "普通类", "fsx": 502.0}, {"remarks": "", "schcode": "", "sex": "", "campus": "", "nf": "2019", "klmc": "理工", "ssmc": "河南", "zylx": "普通类", "zymc": "动物科学", "maxScore": 562.0, "minScore": 561.0, "avgScore": 561.8, "avgOrder": 41266, "minOrder": 42168, "maxOrder": 41266, "kl": "", "ssdm": "41", "rs": 6, "zdx": 502.0, "ptx": 502.0, "zycc": "普通类", "fsx": 502.0}, {"remarks": "", "schcode": "", "sex": "", "campus": "", "nf": "2019", "klmc": "理工", "ssmc": "河南", "zylx": "普通类", "zymc": "水产养殖学", "maxScore": 561.0, "minScore": 561.0, "avgScore": 561.0, "avgOrder": 42168, "minOrder": 42168, "maxOrder": 42168, "kl": "", "ssdm": "41", "rs": 4, "zdx": 502.0, "ptx": 502.0, "zycc": "普通类", "fsx": 502.0}, {"remarks": "", "schcode": "", "sex": "", "campus": "", "nf": "2019", "klmc": "理工", "ssmc": "河南", "zylx": "普通类", "zymc": "草业科学", "maxScore": 567.0, "minScore": 552.0, "avgScore": 560.0, "avgOrder": 43018, "minOrder": 50338, "maxOrder": 37129, "kl": "", "ssdm": "41", "rs": 3, "zdx": 502.0, "ptx": 502.0, "zycc": "普通类", "fsx": 502.0}, {"remarks": "", "schcode": "", "sex": "", "campus": "", "nf": "2019", "klmc": "理工", "ssmc": "河南", "zylx": "普通类", "zymc": "动物医学", "maxScore": 573.0, "minScore": 564.0, "avgScore": 568.0, "avgOrder": 36336, "minOrder": 39606, "maxOrder": 32636, "kl": "", "ssdm": "41", "rs": 3, "zdx": 502.0, "ptx": 502.0, "zycc": "普通类", "fsx": 502.0}, {"remarks": "", "schcode": "", "sex": "", "campus": "", "nf": "2019", "klmc": "理工", "ssmc": "河南", "zylx": "普通类", "zymc": "动物药学", "maxScore": 562.0, "minScore": 561.0, "avgScore": 561.5, "avgOrder": 41266, "minOrder": 42168, "maxOrder": 41266, "kl": "", "ssdm": "41", "rs": 2, "zdx": 502.0, "ptx": 502.0, "zycc": "普通类", "fsx": 502.0}, {"remarks": "", "schcode": "", "sex": "", "campus": "", "nf": "2019", "klmc": "理工", "ssmc": "河南", "zylx": "普通类", "zymc": "机械类", "maxScore": 577.0, "minScore": 568.0, "avgScore": 571.2, "avgOrder": 34124, "minOrder": 36336, "maxOrder": 29841, "kl": "", "ssdm": "41", "rs": 9, "zdx": 502.0, "ptx": 502.0, "zycc": "普通类", "fsx": 502.0}, {"remarks": "", "schcode": "", "sex": "", "campus": "", "nf": "2019", "klmc": "理工", "ssmc": "河南", "zylx": "普通类", "zymc": "农业机械化及其自动化（本硕博班）", "maxScore": 581.0, "minScore": 581.0, "avgScore": 581.0, "avgOrder": 27095, "minOrder": 27095, "maxOrder": 27095, "kl": "", "ssdm": "41", "rs": 1, "zdx": 502.0, "ptx": 502.0, "zycc": "普通类", "fsx": 502.0}, {"remarks": "", "schcode": "", "sex": "", "campus": "", "nf": "2019", "klmc": "理工", "ssmc": "河南", "zylx": "普通类", "zymc": "能源动力类", "maxScore": 570.0, "minScore": 568.0, "avgScore": 568.5, "avgOrder": 35574, "minOrder": 36336, "maxOrder": 34852, "kl": "", "ssdm": "41", "rs": 4, "zdx": 502.0, "ptx": 502.0, "zycc": "普通类", "fsx": 502.0}, {"remarks": "", "schcode": "", "sex": "", "campus": "", "nf": "2019", "klmc": "理工", "ssmc": "河南", "zylx": "普通类", "zymc": "工业工程类", "maxScore": 567.0, "minScore": 563.0, "avgScore": 564.8, "avgOrder": 38753, "minOrder": 40404, "maxOrder": 37129, "kl": "", "ssdm": "41", "rs": 4, "zdx": 502.0, "ptx": 502.0, "zycc": "普通类", "fsx": 502.0}, {"remarks": "", "schcode": "", "sex": "", "campus": "", "nf": "2019", "klmc": "理工", "ssmc": "河南", "zylx": "普通类", "zymc": "电气工程及其自动化", "maxScore": 573.0, "minScore": 571.0, "avgScore": 571.8, "avgOrder": 33407, "minOrder": 34124, "maxOrder": 32636, "kl": "", "ssdm": "41", "rs": 4, "zdx": 502.0, "ptx": 502.0, "zycc": "普通类", "fsx": 502.0}, {"remarks": "", "schcode": "", "sex": "", "campus": "", "nf": "2019", "klmc": "理工", "ssmc": "河南", "zylx": "普通类", "zymc": "计算机科学与技术", "maxScore": 573.0, "minScore": 570.0, "avgScore": 571.2, "avgOrder": 34124, "minOrder": 34852, "maxOrder": 32636, "kl": "", "ssdm": "41", "rs": 4, "zdx": 502.0, "ptx": 502.0, "zycc": "普通类", "fsx": 502.0}, {"remarks": "", "schcode": "", "sex": "", "campus": "", "nf": "2019", "klmc": "理工", "ssmc": "河南", "zylx": "普通类", "zymc": "软件工程", "maxScore": 570.0, "minScore": 567.0, "avgScore": 568.2, "avgOrder": 36336, "minOrder": 37129, "maxOrder": 34852, "kl": "", "ssdm": "41", "rs": 5, "zdx": 502.0, "ptx": 502.0, "zycc": "普通类", "fsx": 502.0}, {"remarks": "", "schcode": "", "sex": "", "campus": "", "nf": "2019", "klmc": "理工", "ssmc": "河南", "zylx": "普通类", "zymc": "物联网工程", "maxScore": 573.0, "minScore": 570.0, "avgScore": 571.4, "avgOrder": 34124, "minOrder": 34852, "maxOrder": 32636, "kl": "", "ssdm": "41", "rs": 5, "zdx": 502.0, "ptx": 502.0, "zycc": "普通类", "fsx": 502.0}, {"remarks": "", "schcode": "", "sex": "", "campus": "", "nf": "2019", "klmc": "理工", "ssmc": "河南", "zylx": "普通类", "zymc": "金融学类", "maxScore": 573.0, "minScore": 568.0, "avgScore": 569.8, "avgOrder": 34852, "minOrder": 36336, "maxOrder": 32636, "kl": "", "ssdm": "41", "rs": 9, "zdx": 502.0, "ptx": 502.0, "zycc": "普通类", "fsx": 502.0}, {"remarks": "", "schcode": "", "sex": "", "campus": "", "nf": "2019", "klmc": "理工", "ssmc": "河南", "zylx": "普通类", "zymc": "生物科学类", "maxScore": 568.0, "minScore": 561.0, "avgScore": 564.7, "avgOrder": 38753, "minOrder": 42168, "maxOrder": 36336, "kl": "", "ssdm": "41", "rs": 9, "zdx": 502.0, "ptx": 502.0, "zycc": "普通类", "fsx": 502.0}, {"remarks": "", "schcode": "", "sex": "", "campus": "", "nf": "2019", "klmc": "理工", "ssmc": "河南", "zylx": "普通类", "zymc": "生物科学（本硕博班）", "maxScore": 574.0, "minScore": 572.0, "avgScore": 573.0, "avgOrder": 32636, "minOrder": 33407, "maxOrder": 31945, "kl": "", "ssdm": "41", "rs": 2, "zdx": 502.0, "ptx": 502.0, "zycc": "普通类", "fsx": 502.0}, {"remarks": "", "schcode": "", "sex": "", "campus": "", "nf": "2019", "klmc": "理工", "ssmc": "河南", "zylx": "普通类", "zymc": "生物工程类", "maxScore": 565.0, "minScore": 561.0, "avgScore": 562.6, "avgOrder": 40404, "minOrder": 42168, "maxOrder": 38753, "kl": "", "ssdm": "41", "rs": 7, "zdx": 502.0, "ptx": 502.0, "zycc": "普通类", "fsx": 502.0}, {"remarks": "", "schcode": "", "sex": "", "campus": "", "nf": "2019", "klmc": "理工", "ssmc": "河南", "zylx": "普通类", "zymc": "食品科学与工程类", "maxScore": 568.0, "minScore": 563.0, "avgScore": 564.8, "avgOrder": 38753, "minOrder": 40404, "maxOrder": 36336, "kl": "", "ssdm": "41", "rs": 10, "zdx": 502.0, "ptx": 502.0, "zycc": "普通类", "fsx": 502.0}, {"remarks": "", "schcode": "", "sex": "", "campus": "", "nf": "2019", "klmc": "理工", "ssmc": "河南", "zylx": "普通类", "zymc": "食品科学与工程（本硕博班）", "maxScore": 573.0, "minScore": 573.0, "avgScore": 573.0, "avgOrder": 32636, "minOrder": 32636, "maxOrder": 32636, "kl": "", "ssdm": "41", "rs": 1, "zdx": 502.0, "ptx": 502.0, "zycc": "普通类", "fsx": 502.0}, {"remarks": "", "schcode": "", "sex": "", "campus": "", "nf": "2019", "klmc": "理工", "ssmc": "河南", "zylx": "普通类", "zymc": "人文地理与城乡规划", "maxScore": 567.0, "minScore": 564.0, "avgScore": 565.0, "avgOrder": 38753, "minOrder": 39606, "maxOrder": 37129, "kl": "", "ssdm": "41", "rs": 3, "zdx": 502.0, "ptx": 502.0, "zycc": "普通类", "fsx": 502.0}, {"remarks": "", "schcode": "", "sex": "", "campus": "", "nf": "2019", "klmc": "理工", "ssmc": "河南", "zylx": "普通类", "zymc": "土地整治工程", "maxScore": 566.0, "minScore": 565.0, "avgScore": 565.5, "avgOrder": 37938, "minOrder": 38753, "maxOrder": 37938, "kl": "", "ssdm": "41", "rs": 2, "zdx": 502.0, "ptx": 502.0, "zycc": "普通类", "fsx": 502.0}, {"remarks": "", "schcode": "", "sex": "", "campus": "", "nf": "2019", "klmc": "理工", "ssmc": "河南", "zylx": "普通类", "zymc": "土地资源管理", "maxScore": 567.0, "minScore": 553.0, "avgScore": 560.8, "avgOrder": 42168, "minOrder": 49387, "maxOrder": 37129, "kl": "", "ssdm": "41", "rs": 4, "zdx": 502.0, "ptx": 502.0, "zycc": "普通类", "fsx": 502.0}, {"remarks": "", "schcode": "", "sex": "", "campus": "", "nf": "2019", "klmc": "理工", "ssmc": "河南", "zylx": "普通类", "zymc": "水利类", "maxScore": 572.0, "minScore": 565.0, "avgScore": 567.6, "avgOrder": 36336, "minOrder": 38753, "maxOrder": 33407, "kl": "", "ssdm": "41", "rs": 9, "zdx": 502.0, "ptx": 502.0, "zycc": "普通类", "fsx": 502.0}, {"remarks": "", "schcode": "", "sex": "", "campus": "", "nf": "2019", "klmc": "理工", "ssmc": "河南", "zylx": "普通类", "zymc": "土木工程", "maxScore": 569.0, "minScore": 565.0, "avgScore": 566.8, "avgOrder": 37129, "minOrder": 38753, "maxOrder": 35574, "kl": "", "ssdm": "41", "rs": 4, "zdx": 502.0, "ptx": 502.0, "zycc": "普通类", "fsx": 502.0}, {"remarks": "", "schcode": "", "sex": "", "campus": "", "nf": "2019", "klmc": "理工", "ssmc": "河南", "zylx": "普通类", "zymc": "工程管理", "maxScore": 565.0, "minScore": 561.0, "avgScore": 562.8, "avgOrder": 40404, "minOrder": 42168, "maxOrder": 38753, "kl": "", "ssdm": "41", "rs": 5, "zdx": 502.0, "ptx": 502.0, "zycc": "普通类", "fsx": 502.0}, {"remarks": "", "schcode": "", "sex": "", "campus": "", "nf": "2019", "klmc": "理工", "ssmc": "河南", "zylx": "普通类", "zymc": "统计学类", "maxScore": 569.0, "minScore": 567.0, "avgScore": 567.5, "avgOrder": 36336, "minOrder": 37129, "maxOrder": 35574, "kl": "", "ssdm": "41", "rs": 4, "zdx": 502.0, "ptx": 502.0, "zycc": "普通类", "fsx": 502.0}, {"remarks": "", "schcode": "", "sex": "", "campus": "", "nf": "2019", "klmc": "理工", "ssmc": "河南", "zylx": "普通类", "zymc": "应用化学", "maxScore": 566.0, "minScore": 564.0, "avgScore": 564.7, "avgOrder": 38753, "minOrder": 39606, "maxOrder": 37938, "kl": "", "ssdm": "41", "rs": 3, "zdx": 502.0, "ptx": 502.0, "zycc": "普通类", "fsx": 502.0}, {"remarks": "", "schcode": "", "sex": "", "campus": "", "nf": "2019", "klmc": "理工", "ssmc": "河南", "zylx": "普通类", "zymc": "化学生物学", "maxScore": 567.0, "minScore": 562.0, "avgScore": 565.3, "avgOrder": 38753, "minOrder": 41266, "maxOrder": 37129, "kl": "", "ssdm": "41", "rs": 3, "zdx": 502.0, "ptx": 502.0, "zycc": "普通类", "fsx": 502.0}], "withYsl": false}, "jessionid": "be6fea6da6d947ea968a0aa03c8d00d3"}