{"state": 1, "msg": "操作成功", "data": {"zsSsgradeList": [{"remarks": "", "schcode": "", "sex": "", "campus": "", "nf": "2019", "klmc": "理工", "ssmc": "辽宁", "zylx": "中俄合作办学", "kl": "5", "ssdm": "21", "rs": 7, "zdx": 369.0, "ptx": 369.0, "minScore": 535.0, "minOrder": 30804, "avgScore": 541.3, "avgOrder": 28471, "maxScore": 559.0, "maxOrder": 21706, "zycc": "中俄合作办学", "fsx": 369.0}], "sszygradeList": [{"remarks": "", "schcode": "", "sex": "", "campus": "", "nf": "2019", "klmc": "理工", "ssmc": "辽宁", "zylx": "中俄合作办学", "zymc": "金融学（中俄合作办学）", "maxScore": 541.0, "minScore": 540.0, "avgScore": 540.3, "avgOrder": 28861, "minOrder": 28861, "maxOrder": 28471, "kl": "", "ssdm": "21", "rs": 3, "zdx": 369.0, "ptx": 369.0, "zycc": "中俄合作办学", "fsx": 369.0}, {"remarks": "", "schcode": "", "sex": "", "campus": "", "nf": "2019", "klmc": "理工", "ssmc": "辽宁", "zylx": "中俄合作办学", "zymc": "国际经济与贸易（中俄合作办学）", "maxScore": 559.0, "minScore": 535.0, "avgScore": 547.0, "avgOrder": 26105, "minOrder": 30804, "maxOrder": 21706, "kl": "", "ssdm": "21", "rs": 2, "zdx": 369.0, "ptx": 369.0, "zycc": "中俄合作办学", "fsx": 369.0}, {"remarks": "", "schcode": "", "sex": "", "campus": "", "nf": "2019", "klmc": "理工", "ssmc": "辽宁", "zylx": "中俄合作办学", "zymc": "工商管理（中俄合作办学）", "maxScore": 539.0, "minScore": 535.0, "avgScore": 537.0, "avgOrder": 30050, "minOrder": 30804, "maxOrder": 29252, "kl": "", "ssdm": "21", "rs": 2, "zdx": 369.0, "ptx": 369.0, "zycc": "中俄合作办学", "fsx": 369.0}], "withYsl": false}, "jessionid": "be6fea6da6d947ea968a0aa03c8d00d3"}