{"state": 1, "msg": "操作成功", "data": {"zsSsgradeList": [{"remarks": "", "schcode": "", "sex": "", "campus": "", "nf": "2020", "klmc": "理工", "ssmc": "宁夏", "zylx": "普通类", "kl": "5", "ssdm": "64", "rs": 11, "zdx": 434.0, "ptx": 434.0, "minScore": 442.0, "minOrder": 11452, "avgScore": 456.9, "avgOrder": 9338, "maxScore": 483.0, "maxOrder": 6384, "zycc": "普通类", "fsx": 434.0}], "sszygradeList": [{"remarks": "", "schcode": "", "sex": "", "campus": "", "nf": "2020", "klmc": "理工", "ssmc": "宁夏", "zylx": "普通类", "zymc": "动物科学", "maxScore": 451.0, "minScore": 443.0, "avgScore": 447.0, "avgOrder": 10720, "minOrder": 11307, "maxOrder": 10147, "kl": "", "ssdm": "64", "rs": 2, "zdx": 434.0, "ptx": 434.0, "zycc": "普通类", "fsx": 434.0}, {"remarks": "", "schcode": "", "sex": "", "campus": "", "nf": "2020", "klmc": "理工", "ssmc": "宁夏", "zylx": "普通类", "zymc": "工业工程类", "maxScore": 451.0, "minScore": 448.0, "avgScore": 449.5, "avgOrder": 10268, "minOrder": 10577, "maxOrder": 10147, "kl": "", "ssdm": "64", "rs": 2, "zdx": 434.0, "ptx": 434.0, "zycc": "普通类", "fsx": 434.0}, {"remarks": "", "schcode": "", "sex": "", "campus": "", "nf": "2020", "klmc": "理工", "ssmc": "宁夏", "zylx": "普通类", "zymc": "电气工程及其自动化", "maxScore": 483.0, "minScore": 468.0, "avgScore": 475.5, "avgOrder": 7105, "minOrder": 7939, "maxOrder": 6384, "kl": "", "ssdm": "64", "rs": 2, "zdx": 434.0, "ptx": 434.0, "zycc": "普通类", "fsx": 434.0}, {"remarks": "", "schcode": "", "sex": "", "campus": "", "nf": "2020", "klmc": "理工", "ssmc": "宁夏", "zylx": "普通类", "zymc": "金融学类", "maxScore": 478.0, "minScore": 455.0, "avgScore": 466.5, "avgOrder": 8205, "minOrder": 9578, "maxOrder": 6908, "kl": "", "ssdm": "64", "rs": 2, "zdx": 434.0, "ptx": 434.0, "zycc": "普通类", "fsx": 434.0}, {"remarks": "", "schcode": "", "sex": "", "campus": "", "nf": "2020", "klmc": "理工", "ssmc": "宁夏", "zylx": "普通类", "zymc": "水利类", "maxScore": 454.0, "minScore": 442.0, "avgScore": 449.7, "avgOrder": 10268, "minOrder": 11452, "maxOrder": 9712, "kl": "", "ssdm": "64", "rs": 3, "zdx": 434.0, "ptx": 434.0, "zycc": "普通类", "fsx": 434.0}], "withYsl": false}, "jessionid": "be6fea6da6d947ea968a0aa03c8d00d3"}