{"state": 1, "msg": "操作成功", "data": {"zsSsgradeList": [{"schcode": "", "sex": "", "campus": "", "nf": "2020", "klmc": "理工", "ssmc": "黑龙江", "zylx": "民族预科", "kl": "5", "ssdm": "23", "rs": 70, "zdx": 455.0, "ptx": 455.0, "minScore": 453.0, "minOrder": 39812, "avgScore": 476.1, "avgOrder": 32838, "maxScore": 516.0, "maxOrder": 21896, "zycc": "民族预科", "fsx": 455.0}], "sszygradeList": [{"schcode": "", "sex": "", "campus": "", "nf": "2020", "klmc": "理工", "ssmc": "黑龙江", "zylx": "民族预科", "zymc": "农学", "maxScore": 496.0, "minScore": 461.0, "avgScore": 475.7, "avgOrder": 32838, "minOrder": 37318, "maxOrder": 27063, "kl": "5", "ssdm": "23", "zydm": "090101", "rs": 3, "zdx": 455.0, "ptx": 455.0, "zycc": "民族预科", "fsx": 455.0}, {"schcode": "", "sex": "", "campus": "", "nf": "2020", "klmc": "理工", "ssmc": "黑龙江", "zylx": "民族预科", "zymc": "植物保护", "maxScore": 463.0, "minScore": 459.0, "avgScore": 460.7, "avgOrder": 37318, "minOrder": 37938, "maxOrder": 36755, "kl": "5", "ssdm": "23", "zydm": "090103", "rs": 3, "zdx": 455.0, "ptx": 455.0, "zycc": "民族预科", "fsx": 455.0}, {"schcode": "", "sex": "", "campus": "", "nf": "2020", "klmc": "理工", "ssmc": "黑龙江", "zylx": "民族预科", "zymc": "园艺", "maxScore": 458.0, "minScore": 455.0, "avgScore": 456.3, "avgOrder": 38868, "minOrder": 39172, "maxOrder": 38255, "kl": "5", "ssdm": "23", "zydm": "090102", "rs": 3, "zdx": 455.0, "ptx": 455.0, "zycc": "民族预科", "fsx": 455.0}, {"schcode": "", "sex": "", "campus": "", "nf": "2020", "klmc": "理工", "ssmc": "黑龙江", "zylx": "民族预科", "zymc": "设施农业科学与工程", "maxScore": 454.0, "minScore": 453.0, "avgScore": 453.5, "avgOrder": 39492, "minOrder": 39812, "maxOrder": 39492, "kl": "5", "ssdm": "23", "zydm": "090106", "rs": 2, "zdx": 455.0, "ptx": 455.0, "zycc": "民族预科", "fsx": 455.0}, {"schcode": "", "sex": "", "campus": "", "nf": "2020", "klmc": "理工", "ssmc": "黑龙江", "zylx": "民族预科", "zymc": "园林", "maxScore": 470.0, "minScore": 464.0, "avgScore": 467.7, "avgOrder": 35246, "minOrder": 36437, "maxOrder": 34635, "kl": "5", "ssdm": "23", "zydm": "090502", "rs": 3, "zdx": 455.0, "ptx": 455.0, "zycc": "民族预科", "fsx": 455.0}, {"schcode": "", "sex": "", "campus": "", "nf": "2020", "klmc": "理工", "ssmc": "黑龙江", "zylx": "民族预科", "zymc": "环境科学与工程类", "maxScore": 470.0, "minScore": 466.0, "avgScore": 467.4, "avgOrder": 35546, "minOrder": 35868, "maxOrder": 34635, "kl": "5", "ssdm": "23", "zydm": "0825", "rs": 5, "zdx": 455.0, "ptx": 455.0, "zycc": "民族预科", "fsx": 455.0}, {"schcode": "", "sex": "", "campus": "", "nf": "2020", "klmc": "理工", "ssmc": "黑龙江", "zylx": "民族预科", "zymc": "动物科学", "maxScore": 477.0, "minScore": 471.0, "avgScore": 473.3, "avgOrder": 33741, "minOrder": 34345, "maxOrder": 32524, "kl": "5", "ssdm": "23", "zydm": "090301", "rs": 3, "zdx": 455.0, "ptx": 455.0, "zycc": "民族预科", "fsx": 455.0}, {"schcode": "", "sex": "", "campus": "", "nf": "2020", "klmc": "理工", "ssmc": "黑龙江", "zylx": "民族预科", "zymc": "机械类", "maxScore": 502.0, "minScore": 477.0, "avgScore": 484.0, "avgOrder": 30377, "minOrder": 32524, "maxOrder": 25462, "kl": "5", "ssdm": "23", "zydm": "0802", "rs": 6, "zdx": 455.0, "ptx": 455.0, "zycc": "民族预科", "fsx": 455.0}, {"schcode": "", "sex": "", "campus": "", "nf": "2020", "klmc": "理工", "ssmc": "黑龙江", "zylx": "民族预科", "zymc": "电气工程及其自动化", "maxScore": 494.0, "minScore": 487.0, "avgScore": 491.7, "avgOrder": 28172, "minOrder": 29517, "maxOrder": 27638, "kl": "5", "ssdm": "23", "zydm": "080601", "rs": 3, "zdx": 455.0, "ptx": 455.0, "zycc": "民族预科", "fsx": 455.0}, {"schcode": "", "sex": "", "campus": "", "nf": "2020", "klmc": "理工", "ssmc": "黑龙江", "zylx": "民族预科", "zymc": "计算机科学与技术", "maxScore": 496.0, "minScore": 485.0, "avgScore": 492.6, "avgOrder": 27900, "minOrder": 30091, "maxOrder": 27063, "kl": "5", "ssdm": "23", "zydm": "080901", "rs": 5, "zdx": 455.0, "ptx": 455.0, "zycc": "民族预科", "fsx": 455.0}, {"schcode": "", "sex": "", "campus": "", "nf": "2020", "klmc": "理工", "ssmc": "黑龙江", "zylx": "民族预科", "zymc": "农业电气化", "maxScore": 477.0, "minScore": 476.0, "avgScore": 476.5, "avgOrder": 32524, "minOrder": 32838, "maxOrder": 32524, "kl": "5", "ssdm": "23", "zydm": "082303", "rs": 2, "zdx": 455.0, "ptx": 455.0, "zycc": "民族预科", "fsx": 455.0}, {"schcode": "", "sex": "", "campus": "", "nf": "2020", "klmc": "理工", "ssmc": "黑龙江", "zylx": "民族预科", "zymc": "金融学类", "maxScore": 516.0, "minScore": 479.0, "avgScore": 491.0, "avgOrder": 28431, "minOrder": 31894, "maxOrder": 21896, "kl": "5", "ssdm": "23", "zydm": "0203", "rs": 8, "zdx": 455.0, "ptx": 455.0, "zycc": "民族预科", "fsx": 455.0}, {"schcode": "", "sex": "", "campus": "", "nf": "2020", "klmc": "理工", "ssmc": "黑龙江", "zylx": "民族预科", "zymc": "生物工程类", "maxScore": 481.0, "minScore": 469.0, "avgScore": 473.2, "avgOrder": 33741, "minOrder": 34936, "maxOrder": 31275, "kl": "5", "ssdm": "23", "zydm": "0830", "rs": 5, "zdx": 455.0, "ptx": 455.0, "zycc": "民族预科", "fsx": 455.0}, {"schcode": "", "sex": "", "campus": "", "nf": "2020", "klmc": "理工", "ssmc": "黑龙江", "zylx": "民族预科", "zymc": "食品科学与工程类", "maxScore": 490.0, "minScore": 475.0, "avgScore": 480.1, "avgOrder": 31570, "minOrder": 33141, "maxOrder": 28709, "kl": "5", "ssdm": "23", "zydm": "0827", "rs": 8, "zdx": 455.0, "ptx": 455.0, "zycc": "民族预科", "fsx": 455.0}, {"schcode": "", "sex": "", "campus": "", "nf": "2020", "klmc": "理工", "ssmc": "黑龙江", "zylx": "民族预科", "zymc": "土地资源管理", "maxScore": 456.0, "minScore": 454.0, "avgScore": 455.0, "avgOrder": 39172, "minOrder": 39492, "maxOrder": 38868, "kl": "5", "ssdm": "23", "zydm": "120404", "rs": 3, "zdx": 455.0, "ptx": 455.0, "zycc": "民族预科", "fsx": 455.0}, {"schcode": "", "sex": "", "campus": "", "nf": "2020", "klmc": "理工", "ssmc": "黑龙江", "zylx": "民族预科", "zymc": "水利类", "maxScore": 474.0, "minScore": 465.0, "avgScore": 469.2, "avgOrder": 34936, "minOrder": 36162, "maxOrder": 33444, "kl": "5", "ssdm": "23", "zydm": "0811", "rs": 5, "zdx": 455.0, "ptx": 455.0, "zycc": "民族预科", "fsx": 455.0}, {"schcode": "", "sex": "", "campus": "", "nf": "2020", "klmc": "理工", "ssmc": "黑龙江", "zylx": "民族预科", "zymc": "应用化学", "maxScore": 485.0, "minScore": 472.0, "avgScore": 480.0, "avgOrder": 31570, "minOrder": 34027, "maxOrder": 30091, "kl": "5", "ssdm": "23", "zydm": "070302", "rs": 3, "zdx": 455.0, "ptx": 455.0, "zycc": "民族预科", "fsx": 455.0}], "withYsl": false}, "jessionid": "be6fea6da6d947ea968a0aa03c8d00d3"}