{"state": 1, "msg": "操作成功", "data": {"zsSsgradeList": [{"remarks": "", "schcode": "", "sex": "", "campus": "", "nf": "2020", "klmc": "文史", "ssmc": "河北", "zylx": "普通类", "kl": "1", "ssdm": "13", "rs": 7, "zdx": 465.0, "ptx": 465.0, "minScore": 601.0, "minOrder": 3513, "avgScore": 601.1, "avgOrder": 3513, "maxScore": 602.0, "maxOrder": 3374, "zycc": "普通类", "fsx": 465.0}], "sszygradeList": [{"remarks": "", "schcode": "", "sex": "", "campus": "", "nf": "2020", "klmc": "文史", "ssmc": "河北", "zylx": "普通类", "zymc": "工商管理类", "maxScore": 602.0, "minScore": 601.0, "avgScore": 601.2, "avgOrder": 3513, "minOrder": 3513, "maxOrder": 3374, "kl": "", "ssdm": "13", "rs": 4, "zdx": 465.0, "ptx": 465.0, "zycc": "普通类", "fsx": 465.0}, {"remarks": "", "schcode": "", "sex": "", "campus": "", "nf": "2020", "klmc": "文史", "ssmc": "河北", "zylx": "普通类", "zymc": "法学类", "maxScore": 601.0, "minScore": 601.0, "avgScore": 601.0, "avgOrder": 3513, "minOrder": 3513, "maxOrder": 3513, "kl": "", "ssdm": "13", "rs": 3, "zdx": 465.0, "ptx": 465.0, "zycc": "普通类", "fsx": 465.0}], "withYsl": false}, "jessionid": "be6fea6da6d947ea968a0aa03c8d00d3"}