{"state": 1, "msg": "操作成功", "data": {"zsSsgradeList": [{"remarks": "", "schcode": "", "sex": "", "campus": "", "nf": "2019", "klmc": "文史", "ssmc": "吉林", "zylx": "普通类", "kl": "1", "ssdm": "22", "rs": 7, "zdx": 544.0, "ptx": 544.0, "minScore": 556.0, "minOrder": 2456, "avgScore": 557.9, "avgOrder": 2324, "maxScore": 562.0, "maxOrder": 2065, "zycc": "普通类", "fsx": 544.0}], "sszygradeList": [{"remarks": "", "schcode": "", "sex": "", "campus": "", "nf": "2019", "klmc": "文史", "ssmc": "吉林", "zylx": "普通类", "zymc": "工商管理类", "maxScore": 562.0, "minScore": 556.0, "avgScore": 559.3, "avgOrder": 2239, "minOrder": 2456, "maxOrder": 2065, "kl": "", "ssdm": "22", "rs": 3, "zdx": 544.0, "ptx": 544.0, "zycc": "普通类", "fsx": 544.0}, {"remarks": "", "schcode": "", "sex": "", "campus": "", "nf": "2019", "klmc": "文史", "ssmc": "吉林", "zylx": "普通类", "zymc": "法学类", "maxScore": 558.0, "minScore": 557.0, "avgScore": 557.5, "avgOrder": 2324, "minOrder": 2391, "maxOrder": 2324, "kl": "", "ssdm": "22", "rs": 2, "zdx": 544.0, "ptx": 544.0, "zycc": "普通类", "fsx": 544.0}, {"remarks": "", "schcode": "", "sex": "", "campus": "", "nf": "2019", "klmc": "文史", "ssmc": "吉林", "zylx": "普通类", "zymc": "英语", "maxScore": 556.0, "minScore": 556.0, "avgScore": 556.0, "avgOrder": 2456, "minOrder": 2456, "maxOrder": 2456, "kl": "", "ssdm": "22", "rs": 2, "zdx": 544.0, "ptx": 544.0, "zycc": "普通类", "fsx": 544.0}], "withYsl": false}, "jessionid": "be6fea6da6d947ea968a0aa03c8d00d3"}