{"state": 1, "msg": "操作成功", "data": {"zsSsgradeList": [{"remarks": "", "schcode": "", "sex": "", "campus": "", "nf": "2019", "klmc": "理工", "ssmc": "江苏", "zylx": "普通类", "kl": "5", "ssdm": "32", "rs": 16, "zdx": 345.0, "ptx": 345.0, "minScore": 362.0, "minOrder": 38103, "avgScore": 363.5, "avgOrder": 34469, "maxScore": 366.0, "maxOrder": 31193, "zycc": "普通类", "fsx": 345.0}], "sszygradeList": [{"remarks": "", "schcode": "", "sex": "", "campus": "", "nf": "2019", "klmc": "理工", "ssmc": "江苏", "zylx": "普通类", "zymc": "风景园林", "maxScore": 363.0, "minScore": 362.0, "avgScore": 362.5, "avgOrder": 36294, "minOrder": 38103, "maxOrder": 36294, "kl": "", "ssdm": "32", "rs": 2, "zdx": 345.0, "ptx": 345.0, "zycc": "普通类", "fsx": 345.0}, {"remarks": "", "schcode": "", "sex": "", "campus": "", "nf": "2019", "klmc": "理工", "ssmc": "江苏", "zylx": "普通类", "zymc": "园林", "maxScore": 363.0, "minScore": 363.0, "avgScore": 363.0, "avgOrder": 36294, "minOrder": 36294, "maxOrder": 36294, "kl": "", "ssdm": "32", "rs": 2, "zdx": 345.0, "ptx": 345.0, "zycc": "普通类", "fsx": 345.0}, {"remarks": "", "schcode": "", "sex": "", "campus": "", "nf": "2019", "klmc": "理工", "ssmc": "江苏", "zylx": "普通类", "zymc": "计算机科学与技术", "maxScore": 366.0, "minScore": 366.0, "avgScore": 366.0, "avgOrder": 31193, "minOrder": 31193, "maxOrder": 31193, "kl": "", "ssdm": "32", "rs": 2, "zdx": 345.0, "ptx": 345.0, "zycc": "普通类", "fsx": 345.0}, {"remarks": "", "schcode": "", "sex": "", "campus": "", "nf": "2019", "klmc": "理工", "ssmc": "江苏", "zylx": "普通类", "zymc": "食品科学与工程类", "maxScore": 364.0, "minScore": 363.0, "avgScore": 363.5, "avgOrder": 34469, "minOrder": 36294, "maxOrder": 34469, "kl": "", "ssdm": "32", "rs": 2, "zdx": 345.0, "ptx": 345.0, "zycc": "普通类", "fsx": 345.0}, {"remarks": "", "schcode": "", "sex": "", "campus": "", "nf": "2019", "klmc": "理工", "ssmc": "江苏", "zylx": "普通类", "zymc": "土地资源管理", "maxScore": 364.0, "minScore": 363.0, "avgScore": 363.5, "avgOrder": 34469, "minOrder": 36294, "maxOrder": 34469, "kl": "", "ssdm": "32", "rs": 2, "zdx": 345.0, "ptx": 345.0, "zycc": "普通类", "fsx": 345.0}, {"remarks": "", "schcode": "", "sex": "", "campus": "", "nf": "2019", "klmc": "理工", "ssmc": "江苏", "zylx": "普通类", "zymc": "土木工程", "maxScore": 364.0, "minScore": 363.0, "avgScore": 363.5, "avgOrder": 34469, "minOrder": 36294, "maxOrder": 34469, "kl": "", "ssdm": "32", "rs": 2, "zdx": 345.0, "ptx": 345.0, "zycc": "普通类", "fsx": 345.0}, {"remarks": "", "schcode": "", "sex": "", "campus": "", "nf": "2019", "klmc": "理工", "ssmc": "江苏", "zylx": "普通类", "zymc": "工程管理", "maxScore": 364.0, "minScore": 363.0, "avgScore": 363.5, "avgOrder": 34469, "minOrder": 36294, "maxOrder": 34469, "kl": "", "ssdm": "32", "rs": 2, "zdx": 345.0, "ptx": 345.0, "zycc": "普通类", "fsx": 345.0}, {"remarks": "", "schcode": "", "sex": "", "campus": "", "nf": "2019", "klmc": "理工", "ssmc": "江苏", "zylx": "普通类", "zymc": "化学生物学", "maxScore": 363.0, "minScore": 362.0, "avgScore": 362.5, "avgOrder": 36294, "minOrder": 38103, "maxOrder": 36294, "kl": "", "ssdm": "32", "rs": 2, "zdx": 345.0, "ptx": 345.0, "zycc": "普通类", "fsx": 345.0}], "withYsl": false}, "jessionid": "be6fea6da6d947ea968a0aa03c8d00d3"}