{"state": 1, "msg": "操作成功", "data": {"zsSsgradeList": [{"remarks": "", "schcode": "", "sex": "", "campus": "", "nf": "2018", "klmc": "理工", "ssmc": "安徽", "zylx": "普通类", "kl": "5", "ssdm": "34", "rs": 66, "zdx": 505.0, "ptx": 505.0, "minScore": 563.0, "minOrder": 30250, "avgScore": 565.7, "avgOrder": 28486, "maxScore": 577.0, "maxOrder": 22724, "zycc": "普通类", "fsx": 505.0}], "sszygradeList": [{"remarks": "", "schcode": "", "sex": "", "campus": "", "nf": "2018", "klmc": "理工", "ssmc": "安徽", "zylx": "普通类", "zymc": "农学", "maxScore": 559.0, "minScore": 559.0, "avgScore": 559.0, "avgOrder": 32729, "minOrder": 32729, "maxOrder": 32729, "kl": "", "ssdm": "34", "rs": 1, "zdx": 505.0, "ptx": 505.0, "zycc": "普通类", "fsx": 505.0}, {"remarks": "", "schcode": "", "sex": "", "campus": "", "nf": "2018", "klmc": "理工", "ssmc": "安徽", "zylx": "普通类", "zymc": "植物保护", "maxScore": 568.0, "minScore": 563.0, "avgScore": 564.7, "avgOrder": 29088, "minOrder": 30250, "maxOrder": 27422, "kl": "", "ssdm": "34", "rs": 3, "zdx": 505.0, "ptx": 505.0, "zycc": "普通类", "fsx": 505.0}, {"remarks": "", "schcode": "", "sex": "", "campus": "", "nf": "2018", "klmc": "理工", "ssmc": "安徽", "zylx": "普通类", "zymc": "植物科学与技术", "maxScore": 563.0, "minScore": 563.0, "avgScore": 563.0, "avgOrder": 30250, "minOrder": 30250, "maxOrder": 30250, "kl": "", "ssdm": "34", "rs": 2, "zdx": 505.0, "ptx": 505.0, "zycc": "普通类", "fsx": 505.0}, {"remarks": "", "schcode": "", "sex": "", "campus": "", "nf": "2018", "klmc": "理工", "ssmc": "安徽", "zylx": "普通类", "zymc": "种子科学与工程", "maxScore": 564.0, "minScore": 564.0, "avgScore": 564.0, "avgOrder": 29634, "minOrder": 29634, "maxOrder": 29634, "kl": "", "ssdm": "34", "rs": 2, "zdx": 505.0, "ptx": 505.0, "zycc": "普通类", "fsx": 505.0}, {"remarks": "", "schcode": "", "sex": "", "campus": "", "nf": "2018", "klmc": "理工", "ssmc": "安徽", "zylx": "普通类", "zymc": "风景园林", "maxScore": 568.0, "minScore": 566.0, "avgScore": 567.0, "avgOrder": 27935, "minOrder": 28486, "maxOrder": 27422, "kl": "", "ssdm": "34", "rs": 3, "zdx": 505.0, "ptx": 505.0, "zycc": "普通类", "fsx": 505.0}, {"remarks": "", "schcode": "", "sex": "", "campus": "", "nf": "2018", "klmc": "理工", "ssmc": "安徽", "zylx": "普通类", "zymc": "园艺", "maxScore": 566.0, "minScore": 565.0, "avgScore": 565.5, "avgOrder": 28486, "minOrder": 29088, "maxOrder": 28486, "kl": "", "ssdm": "34", "rs": 2, "zdx": 505.0, "ptx": 505.0, "zycc": "普通类", "fsx": 505.0}, {"remarks": "", "schcode": "", "sex": "", "campus": "", "nf": "2018", "klmc": "理工", "ssmc": "安徽", "zylx": "普通类", "zymc": "园林", "maxScore": 569.0, "minScore": 564.0, "avgScore": 565.5, "avgOrder": 28486, "minOrder": 29634, "maxOrder": 26845, "kl": "", "ssdm": "34", "rs": 4, "zdx": 505.0, "ptx": 505.0, "zycc": "普通类", "fsx": 505.0}, {"remarks": "", "schcode": "", "sex": "", "campus": "", "nf": "2018", "klmc": "理工", "ssmc": "安徽", "zylx": "普通类", "zymc": "应用气象学", "maxScore": 564.0, "minScore": 564.0, "avgScore": 564.0, "avgOrder": 29634, "minOrder": 29634, "maxOrder": 29634, "kl": "", "ssdm": "34", "rs": 2, "zdx": 505.0, "ptx": 505.0, "zycc": "普通类", "fsx": 505.0}, {"remarks": "", "schcode": "", "sex": "", "campus": "", "nf": "2018", "klmc": "理工", "ssmc": "安徽", "zylx": "普通类", "zymc": "生态学", "maxScore": 566.0, "minScore": 564.0, "avgScore": 565.0, "avgOrder": 29088, "minOrder": 29634, "maxOrder": 28486, "kl": "", "ssdm": "34", "rs": 2, "zdx": 505.0, "ptx": 505.0, "zycc": "普通类", "fsx": 505.0}, {"remarks": "", "schcode": "", "sex": "", "campus": "", "nf": "2018", "klmc": "理工", "ssmc": "安徽", "zylx": "普通类", "zymc": "环境科学与工程类", "maxScore": 567.0, "minScore": 563.0, "avgScore": 564.2, "avgOrder": 29634, "minOrder": 30250, "maxOrder": 27935, "kl": "", "ssdm": "34", "rs": 5, "zdx": 505.0, "ptx": 505.0, "zycc": "普通类", "fsx": 505.0}, {"remarks": "", "schcode": "", "sex": "", "campus": "", "nf": "2018", "klmc": "理工", "ssmc": "安徽", "zylx": "普通类", "zymc": "自然保护与环境生态类", "maxScore": 564.0, "minScore": 564.0, "avgScore": 564.0, "avgOrder": 29634, "minOrder": 29634, "maxOrder": 29634, "kl": "", "ssdm": "34", "rs": 2, "zdx": 505.0, "ptx": 505.0, "zycc": "普通类", "fsx": 505.0}, {"remarks": "", "schcode": "", "sex": "", "campus": "", "nf": "2018", "klmc": "理工", "ssmc": "安徽", "zylx": "普通类", "zymc": "水产养殖学", "maxScore": 564.0, "minScore": 563.0, "avgScore": 563.5, "avgOrder": 29634, "minOrder": 30250, "maxOrder": 29634, "kl": "", "ssdm": "34", "rs": 2, "zdx": 505.0, "ptx": 505.0, "zycc": "普通类", "fsx": 505.0}, {"remarks": "", "schcode": "", "sex": "", "campus": "", "nf": "2018", "klmc": "理工", "ssmc": "安徽", "zylx": "普通类", "zymc": "动物药学", "maxScore": 566.0, "minScore": 564.0, "avgScore": 565.0, "avgOrder": 29088, "minOrder": 29634, "maxOrder": 28486, "kl": "", "ssdm": "34", "rs": 2, "zdx": 505.0, "ptx": 505.0, "zycc": "普通类", "fsx": 505.0}, {"remarks": "", "schcode": "", "sex": "", "campus": "", "nf": "2018", "klmc": "理工", "ssmc": "安徽", "zylx": "普通类", "zymc": "机械类", "maxScore": 577.0, "minScore": 566.0, "avgScore": 568.2, "avgOrder": 27422, "minOrder": 28486, "maxOrder": 22724, "kl": "", "ssdm": "34", "rs": 6, "zdx": 505.0, "ptx": 505.0, "zycc": "普通类", "fsx": 505.0}, {"remarks": "", "schcode": "", "sex": "", "campus": "", "nf": "2018", "klmc": "理工", "ssmc": "安徽", "zylx": "普通类", "zymc": "能源动力类", "maxScore": 570.0, "minScore": 566.0, "avgScore": 568.0, "avgOrder": 27422, "minOrder": 28486, "maxOrder": 26315, "kl": "", "ssdm": "34", "rs": 2, "zdx": 505.0, "ptx": 505.0, "zycc": "普通类", "fsx": 505.0}, {"remarks": "", "schcode": "", "sex": "", "campus": "", "nf": "2018", "klmc": "理工", "ssmc": "安徽", "zylx": "普通类", "zymc": "电气工程及其自动化", "maxScore": 570.0, "minScore": 567.0, "avgScore": 568.0, "avgOrder": 27422, "minOrder": 27935, "maxOrder": 26315, "kl": "", "ssdm": "34", "rs": 3, "zdx": 505.0, "ptx": 505.0, "zycc": "普通类", "fsx": 505.0}, {"remarks": "", "schcode": "", "sex": "", "campus": "", "nf": "2018", "klmc": "理工", "ssmc": "安徽", "zylx": "普通类", "zymc": "计算机类", "maxScore": 569.0, "minScore": 568.0, "avgScore": 568.3, "avgOrder": 27422, "minOrder": 27422, "maxOrder": 26845, "kl": "", "ssdm": "34", "rs": 3, "zdx": 505.0, "ptx": 505.0, "zycc": "普通类", "fsx": 505.0}, {"remarks": "", "schcode": "", "sex": "", "campus": "", "nf": "2018", "klmc": "理工", "ssmc": "安徽", "zylx": "普通类", "zymc": "金融学类", "maxScore": 567.0, "minScore": 566.0, "avgScore": 566.8, "avgOrder": 27935, "minOrder": 28486, "maxOrder": 27935, "kl": "", "ssdm": "34", "rs": 4, "zdx": 505.0, "ptx": 505.0, "zycc": "普通类", "fsx": 505.0}, {"remarks": "", "schcode": "", "sex": "", "campus": "", "nf": "2018", "klmc": "理工", "ssmc": "安徽", "zylx": "普通类", "zymc": "食品科学与工程类", "maxScore": 566.0, "minScore": 566.0, "avgScore": 566.0, "avgOrder": 28486, "minOrder": 28486, "maxOrder": 28486, "kl": "", "ssdm": "34", "rs": 2, "zdx": 505.0, "ptx": 505.0, "zycc": "普通类", "fsx": 505.0}, {"remarks": "", "schcode": "", "sex": "", "campus": "", "nf": "2018", "klmc": "理工", "ssmc": "安徽", "zylx": "普通类", "zymc": "人文地理与城乡规划", "maxScore": 564.0, "minScore": 563.0, "avgScore": 563.5, "avgOrder": 29634, "minOrder": 30250, "maxOrder": 29634, "kl": "", "ssdm": "34", "rs": 2, "zdx": 505.0, "ptx": 505.0, "zycc": "普通类", "fsx": 505.0}, {"remarks": "", "schcode": "", "sex": "", "campus": "", "nf": "2018", "klmc": "理工", "ssmc": "安徽", "zylx": "普通类", "zymc": "土地整治工程", "maxScore": 564.0, "minScore": 563.0, "avgScore": 563.5, "avgOrder": 29634, "minOrder": 30250, "maxOrder": 29634, "kl": "", "ssdm": "34", "rs": 2, "zdx": 505.0, "ptx": 505.0, "zycc": "普通类", "fsx": 505.0}, {"remarks": "", "schcode": "", "sex": "", "campus": "", "nf": "2018", "klmc": "理工", "ssmc": "安徽", "zylx": "普通类", "zymc": "水利类", "maxScore": 570.0, "minScore": 565.0, "avgScore": 567.0, "avgOrder": 27935, "minOrder": 29088, "maxOrder": 26315, "kl": "", "ssdm": "34", "rs": 3, "zdx": 505.0, "ptx": 505.0, "zycc": "普通类", "fsx": 505.0}, {"remarks": "", "schcode": "", "sex": "", "campus": "", "nf": "2018", "klmc": "理工", "ssmc": "安徽", "zylx": "普通类", "zymc": "土木工程", "maxScore": 569.0, "minScore": 565.0, "avgScore": 566.3, "avgOrder": 28486, "minOrder": 29088, "maxOrder": 26845, "kl": "", "ssdm": "34", "rs": 3, "zdx": 505.0, "ptx": 505.0, "zycc": "普通类", "fsx": 505.0}, {"remarks": "", "schcode": "", "sex": "", "campus": "", "nf": "2018", "klmc": "理工", "ssmc": "安徽", "zylx": "普通类", "zymc": "统计学类", "maxScore": 565.0, "minScore": 565.0, "avgScore": 565.0, "avgOrder": 29088, "minOrder": 29088, "maxOrder": 29088, "kl": "", "ssdm": "34", "rs": 3, "zdx": 505.0, "ptx": 505.0, "zycc": "普通类", "fsx": 505.0}, {"remarks": "", "schcode": "", "sex": "", "campus": "", "nf": "2018", "klmc": "理工", "ssmc": "安徽", "zylx": "普通类", "zymc": "应用化学", "maxScore": 565.0, "minScore": 564.0, "avgScore": 564.5, "avgOrder": 29088, "minOrder": 29634, "maxOrder": 29088, "kl": "", "ssdm": "34", "rs": 2, "zdx": 505.0, "ptx": 505.0, "zycc": "普通类", "fsx": 505.0}], "withYsl": false}, "jessionid": "be6fea6da6d947ea968a0aa03c8d00d3"}