{"state": 1, "msg": "操作成功", "data": {"zsSsgradeList": [{"remarks": "", "schcode": "", "sex": "", "campus": "", "nf": "2020", "klmc": "文史", "ssmc": "青海", "zylx": "普通类", "kl": "1", "ssdm": "63", "rs": 2, "zdx": 439.0, "ptx": 439.0, "minScore": 495.0, "minOrder": 1346, "avgScore": 497.0, "avgOrder": 1288, "maxScore": 499.0, "maxOrder": 1242, "zycc": "普通类", "fsx": 439.0}], "sszygradeList": [{"remarks": "", "schcode": "", "sex": "", "campus": "", "nf": "2020", "klmc": "文史", "ssmc": "青海", "zylx": "普通类", "zymc": "工商管理类", "maxScore": 499.0, "minScore": 495.0, "avgScore": 497.0, "avgOrder": 1288, "minOrder": 1346, "maxOrder": 1242, "kl": "", "ssdm": "63", "rs": 2, "zdx": 439.0, "ptx": 439.0, "zycc": "普通类", "fsx": 439.0}], "withYsl": false}, "jessionid": "be6fea6da6d947ea968a0aa03c8d00d3"}