{"state": 1, "msg": "操作成功", "data": {"zsSsgradeList": [{"remarks": "", "schcode": "", "sex": "", "campus": "", "nf": "2017", "klmc": "理工", "ssmc": "江西", "zylx": "普通类", "kl": "5", "ssdm": "36", "rs": 30, "zdx": 503.0, "ptx": 503.0, "minScore": 521.0, "avgScore": 522.8, "maxScore": 529.0, "zycc": "普通类", "fsx": 503.0}], "sszygradeList": [{"remarks": "", "schcode": "", "sex": "", "campus": "", "nf": "2017", "klmc": "理工", "ssmc": "江西", "zylx": "普通类", "zymc": "园林", "maxScore": 524.0, "minScore": 524.0, "avgScore": 524.0, "kl": "", "ssdm": "36", "rs": 2, "zdx": 503.0, "ptx": 503.0, "zycc": "普通类", "fsx": 503.0}, {"remarks": "", "schcode": "", "sex": "", "campus": "", "nf": "2017", "klmc": "理工", "ssmc": "江西", "zylx": "普通类", "zymc": "应用气象学", "maxScore": 522.0, "minScore": 521.0, "avgScore": 521.2, "kl": "", "ssdm": "36", "rs": 5, "zdx": 503.0, "ptx": 503.0, "zycc": "普通类", "fsx": 503.0}, {"remarks": "", "schcode": "", "sex": "", "campus": "", "nf": "2017", "klmc": "理工", "ssmc": "江西", "zylx": "普通类", "zymc": "环境科学与工程类", "maxScore": 522.0, "minScore": 522.0, "avgScore": 522.0, "kl": "", "ssdm": "36", "rs": 2, "zdx": 503.0, "ptx": 503.0, "zycc": "普通类", "fsx": 503.0}, {"remarks": "", "schcode": "", "sex": "", "campus": "", "nf": "2017", "klmc": "理工", "ssmc": "江西", "zylx": "普通类", "zymc": "自然保护与环境生态类（农学）", "maxScore": 522.0, "minScore": 522.0, "avgScore": 522.0, "kl": "", "ssdm": "36", "rs": 2, "zdx": 503.0, "ptx": 503.0, "zycc": "普通类", "fsx": 503.0}, {"remarks": "", "schcode": "", "sex": "", "campus": "", "nf": "2017", "klmc": "理工", "ssmc": "江西", "zylx": "普通类", "zymc": "动物科学", "maxScore": 522.0, "minScore": 522.0, "avgScore": 522.0, "kl": "", "ssdm": "36", "rs": 2, "zdx": 503.0, "ptx": 503.0, "zycc": "普通类", "fsx": 503.0}, {"remarks": "", "schcode": "", "sex": "", "campus": "", "nf": "2017", "klmc": "理工", "ssmc": "江西", "zylx": "普通类", "zymc": "动物医学", "maxScore": 522.0, "minScore": 521.0, "avgScore": 521.5, "kl": "", "ssdm": "36", "rs": 2, "zdx": 503.0, "ptx": 503.0, "zycc": "普通类", "fsx": 503.0}, {"remarks": "", "schcode": "", "sex": "", "campus": "", "nf": "2017", "klmc": "理工", "ssmc": "江西", "zylx": "普通类", "zymc": "机械类（工学Ⅰ）", "maxScore": 523.0, "minScore": 523.0, "avgScore": 523.0, "kl": "", "ssdm": "36", "rs": 2, "zdx": 503.0, "ptx": 503.0, "zycc": "普通类", "fsx": 503.0}, {"remarks": "", "schcode": "", "sex": "", "campus": "", "nf": "2017", "klmc": "理工", "ssmc": "江西", "zylx": "普通类", "zymc": "工业工程类（管理学Ⅰ）", "maxScore": 522.0, "minScore": 521.0, "avgScore": 521.5, "kl": "", "ssdm": "36", "rs": 2, "zdx": 503.0, "ptx": 503.0, "zycc": "普通类", "fsx": 503.0}, {"remarks": "", "schcode": "", "sex": "", "campus": "", "nf": "2017", "klmc": "理工", "ssmc": "江西", "zylx": "普通类", "zymc": "计算机类", "maxScore": 528.0, "minScore": 526.0, "avgScore": 527.0, "kl": "", "ssdm": "36", "rs": 2, "zdx": 503.0, "ptx": 503.0, "zycc": "普通类", "fsx": 503.0}, {"remarks": "", "schcode": "", "sex": "", "campus": "", "nf": "2017", "klmc": "理工", "ssmc": "江西", "zylx": "普通类", "zymc": "金融学类（经济学）", "maxScore": 529.0, "minScore": 523.0, "avgScore": 525.3, "kl": "", "ssdm": "36", "rs": 3, "zdx": 503.0, "ptx": 503.0, "zycc": "普通类", "fsx": 503.0}, {"remarks": "", "schcode": "", "sex": "", "campus": "", "nf": "2017", "klmc": "理工", "ssmc": "江西", "zylx": "普通类", "zymc": "食品科学与工程类", "maxScore": 524.0, "minScore": 523.0, "avgScore": 523.5, "kl": "", "ssdm": "36", "rs": 2, "zdx": 503.0, "ptx": 503.0, "zycc": "普通类", "fsx": 503.0}, {"remarks": "", "schcode": "", "sex": "", "campus": "", "nf": "2017", "klmc": "理工", "ssmc": "江西", "zylx": "普通类", "zymc": "人文地理与城乡规划", "maxScore": 522.0, "minScore": 521.0, "avgScore": 521.5, "kl": "", "ssdm": "36", "rs": 2, "zdx": 503.0, "ptx": 503.0, "zycc": "普通类", "fsx": 503.0}, {"remarks": "", "schcode": "", "sex": "", "campus": "", "nf": "2017", "klmc": "理工", "ssmc": "江西", "zylx": "普通类", "zymc": "水利类（工学Ⅴ）", "maxScore": 523.0, "minScore": 523.0, "avgScore": 523.0, "kl": "", "ssdm": "36", "rs": 2, "zdx": 503.0, "ptx": 503.0, "zycc": "普通类", "fsx": 503.0}], "withYsl": false}, "jessionid": "be6fea6da6d947ea968a0aa03c8d00d3"}