{"state": 1, "msg": "操作成功", "data": {"zsSsgradeList": [{"remarks": "", "schcode": "", "sex": "", "campus": "", "nf": "2020", "klmc": "文史", "ssmc": "湖南", "zylx": "国家专项", "kl": "1", "ssdm": "43", "rs": 1, "zdx": 550.0, "ptx": 550.0, "minScore": 600.0, "minOrder": 4085, "avgScore": 600.0, "avgOrder": 4085, "maxScore": 600.0, "maxOrder": 4085, "zycc": "国家专项", "fsx": 550.0}], "sszygradeList": [{"remarks": "", "schcode": "", "sex": "", "campus": "", "nf": "2020", "klmc": "文史", "ssmc": "湖南", "zylx": "国家专项", "zymc": "工商管理类", "maxScore": 600.0, "minScore": 600.0, "avgScore": 600.0, "avgOrder": 4085, "minOrder": 4085, "maxOrder": 4085, "kl": "", "ssdm": "43", "rs": 1, "zdx": 550.0, "ptx": 550.0, "zycc": "国家专项", "fsx": 550.0}], "withYsl": false}, "jessionid": "be6fea6da6d947ea968a0aa03c8d00d3"}