{"state": 1, "msg": "操作成功", "data": {"zsSsgradeList": [{"remarks": "", "schcode": "", "sex": "", "campus": "", "nf": "2018", "klmc": "理工", "ssmc": "湖北", "zylx": "普通类", "kl": "5", "ssdm": "42", "rs": 25, "zdx": 512.0, "ptx": 512.0, "minScore": 569.0, "minOrder": 24548, "avgScore": 572.4, "avgOrder": 23333, "maxScore": 581.0, "maxOrder": 19792, "zycc": "普通类", "fsx": 512.0}], "sszygradeList": [{"remarks": "", "schcode": "", "sex": "", "campus": "", "nf": "2018", "klmc": "理工", "ssmc": "湖北", "zylx": "普通类", "zymc": "园艺", "maxScore": 572.0, "minScore": 569.0, "avgScore": 570.3, "avgOrder": 24164, "minOrder": 24548, "maxOrder": 23333, "kl": "", "ssdm": "42", "rs": 3, "zdx": 512.0, "ptx": 512.0, "zycc": "普通类", "fsx": 512.0}, {"remarks": "", "schcode": "", "sex": "", "campus": "", "nf": "2018", "klmc": "理工", "ssmc": "湖北", "zylx": "普通类", "zymc": "自然保护与环境生态类", "maxScore": 573.0, "minScore": 570.0, "avgScore": 571.3, "avgOrder": 23769, "minOrder": 24164, "maxOrder": 22924, "kl": "", "ssdm": "42", "rs": 3, "zdx": 512.0, "ptx": 512.0, "zycc": "普通类", "fsx": 512.0}, {"remarks": "", "schcode": "", "sex": "", "campus": "", "nf": "2018", "klmc": "理工", "ssmc": "湖北", "zylx": "普通类", "zymc": "动物科学（本硕博班）", "maxScore": 575.0, "minScore": 573.0, "avgScore": 574.0, "avgOrder": 22479, "minOrder": 22924, "maxOrder": 22082, "kl": "", "ssdm": "42", "rs": 2, "zdx": 512.0, "ptx": 512.0, "zycc": "普通类", "fsx": 512.0}, {"remarks": "", "schcode": "", "sex": "", "campus": "", "nf": "2018", "klmc": "理工", "ssmc": "湖北", "zylx": "普通类", "zymc": "机械类", "maxScore": 578.0, "minScore": 574.0, "avgScore": 575.3, "avgOrder": 22082, "minOrder": 22479, "maxOrder": 20889, "kl": "", "ssdm": "42", "rs": 3, "zdx": 512.0, "ptx": 512.0, "zycc": "普通类", "fsx": 512.0}, {"remarks": "", "schcode": "", "sex": "", "campus": "", "nf": "2018", "klmc": "理工", "ssmc": "湖北", "zylx": "普通类", "zymc": "金融学类", "maxScore": 576.0, "minScore": 571.0, "avgScore": 573.0, "avgOrder": 22924, "minOrder": 23769, "maxOrder": 21661, "kl": "", "ssdm": "42", "rs": 4, "zdx": 512.0, "ptx": 512.0, "zycc": "普通类", "fsx": 512.0}, {"remarks": "", "schcode": "", "sex": "", "campus": "", "nf": "2018", "klmc": "理工", "ssmc": "湖北", "zylx": "普通类", "zymc": "食品科学与工程类", "maxScore": 581.0, "minScore": 569.0, "avgScore": 572.8, "avgOrder": 22924, "minOrder": 24548, "maxOrder": 19792, "kl": "", "ssdm": "42", "rs": 5, "zdx": 512.0, "ptx": 512.0, "zycc": "普通类", "fsx": 512.0}, {"remarks": "", "schcode": "", "sex": "", "campus": "", "nf": "2018", "klmc": "理工", "ssmc": "湖北", "zylx": "普通类", "zymc": "工程管理", "maxScore": 574.0, "minScore": 570.0, "avgScore": 571.2, "avgOrder": 23769, "minOrder": 24164, "maxOrder": 22479, "kl": "", "ssdm": "42", "rs": 5, "zdx": 512.0, "ptx": 512.0, "zycc": "普通类", "fsx": 512.0}], "withYsl": false}, "jessionid": "be6fea6da6d947ea968a0aa03c8d00d3"}