{"state": 1, "msg": "操作成功", "data": {"zsSsgradeList": [{"remarks": "", "schcode": "", "sex": "", "campus": "", "nf": "2017", "klmc": "文史", "ssmc": "黑龙江", "zylx": "地方专项", "kl": "1", "ssdm": "23", "rs": 2, "zdx": 481.0, "ptx": 481.0, "minScore": 485.0, "minOrder": 6492, "avgScore": 491.5, "avgOrder": 5755, "maxScore": 498.0, "maxOrder": 5178, "zycc": "地方专项", "fsx": 481.0}], "sszygradeList": [{"remarks": "", "schcode": "", "sex": "", "campus": "", "nf": "2017", "klmc": "文史", "ssmc": "黑龙江", "zylx": "地方专项", "zymc": "金融学类（经济学）", "maxScore": 485.0, "minScore": 476.0, "avgScore": 480.0, "avgOrder": 7065, "minOrder": 7522, "maxOrder": 6492, "kl": "", "ssdm": "23", "rs": 4, "zdx": 481.0, "ptx": 481.0, "zycc": "地方专项", "fsx": 481.0}, {"remarks": "", "schcode": "", "sex": "", "campus": "", "nf": "2017", "klmc": "文史", "ssmc": "黑龙江", "zylx": "地方专项", "zymc": "工商管理类（管理学Ⅱ）", "maxScore": 498.0, "minScore": 464.0, "avgScore": 474.2, "avgOrder": 7777, "minOrder": 9070, "maxOrder": 5178, "kl": "", "ssdm": "23", "rs": 6, "zdx": 481.0, "ptx": 481.0, "zycc": "地方专项", "fsx": 481.0}, {"remarks": "", "schcode": "", "sex": "", "campus": "", "nf": "2017", "klmc": "文史", "ssmc": "黑龙江", "zylx": "地方专项", "zymc": "法学类（法学）", "maxScore": 480.0, "minScore": 471.0, "avgScore": 474.7, "avgOrder": 7655, "minOrder": 8146, "maxOrder": 7065, "kl": "", "ssdm": "23", "rs": 3, "zdx": 481.0, "ptx": 481.0, "zycc": "地方专项", "fsx": 481.0}, {"remarks": "", "schcode": "", "sex": "", "campus": "", "nf": "2017", "klmc": "文史", "ssmc": "黑龙江", "zylx": "地方专项", "zymc": "英语", "maxScore": 480.0, "minScore": 467.0, "avgScore": 471.3, "avgOrder": 8146, "minOrder": 8688, "maxOrder": 7065, "kl": "", "ssdm": "23", "rs": 3, "zdx": 481.0, "ptx": 481.0, "zycc": "地方专项", "fsx": 481.0}], "withYsl": false}, "jessionid": "be6fea6da6d947ea968a0aa03c8d00d3"}