{"state": 1, "msg": "操作成功", "data": {"zsSsgradeList": [{"remarks": "", "schcode": "", "sex": "", "campus": "", "nf": "2019", "klmc": "理工", "ssmc": "甘肃", "zylx": "国家专项", "kl": "5", "ssdm": "62", "rs": 7, "zdx": 470.0, "ptx": 470.0, "minScore": 523.0, "minOrder": 15185, "avgScore": 526.1, "avgOrder": 14357, "maxScore": 532.0, "maxOrder": 12831, "zycc": "国家专项", "fsx": 470.0}], "sszygradeList": [{"remarks": "", "schcode": "", "sex": "", "campus": "", "nf": "2019", "klmc": "理工", "ssmc": "甘肃", "zylx": "国家专项", "zymc": "植物保护", "maxScore": 530.0, "minScore": 523.0, "avgScore": 526.5, "avgOrder": 14089, "minOrder": 15185, "maxOrder": 13317, "kl": "", "ssdm": "62", "rs": 2, "zdx": 470.0, "ptx": 470.0, "zycc": "国家专项", "fsx": 470.0}, {"remarks": "", "schcode": "", "sex": "", "campus": "", "nf": "2019", "klmc": "理工", "ssmc": "甘肃", "zylx": "国家专项", "zymc": "风景园林", "maxScore": 532.0, "minScore": 532.0, "avgScore": 532.0, "avgOrder": 12831, "minOrder": 12831, "maxOrder": 12831, "kl": "", "ssdm": "62", "rs": 1, "zdx": 470.0, "ptx": 470.0, "zycc": "国家专项", "fsx": 470.0}, {"remarks": "", "schcode": "", "sex": "", "campus": "", "nf": "2019", "klmc": "理工", "ssmc": "甘肃", "zylx": "国家专项", "zymc": "机械类", "maxScore": 525.0, "minScore": 525.0, "avgScore": 525.0, "avgOrder": 14622, "minOrder": 14622, "maxOrder": 14622, "kl": "", "ssdm": "62", "rs": 2, "zdx": 470.0, "ptx": 470.0, "zycc": "国家专项", "fsx": 470.0}, {"remarks": "", "schcode": "", "sex": "", "campus": "", "nf": "2019", "klmc": "理工", "ssmc": "甘肃", "zylx": "国家专项", "zymc": "金融学类", "maxScore": 525.0, "minScore": 523.0, "avgScore": 524.0, "avgOrder": 14893, "minOrder": 15185, "maxOrder": 14622, "kl": "", "ssdm": "62", "rs": 2, "zdx": 470.0, "ptx": 470.0, "zycc": "国家专项", "fsx": 470.0}], "withYsl": false}, "jessionid": "be6fea6da6d947ea968a0aa03c8d00d3"}