{"state": 1, "msg": "操作成功", "data": {"zsSsgradeList": [{"remarks": "", "schcode": "", "sex": "", "campus": "", "nf": "2020", "klmc": "文史", "ssmc": "湖北", "zylx": "普通类", "kl": "1", "ssdm": "42", "rs": 8, "zdx": 531.0, "ptx": 531.0, "minScore": 571.0, "minOrder": 4494, "avgScore": 571.6, "avgOrder": 4337, "maxScore": 573.0, "maxOrder": 4182, "zycc": "普通类", "fsx": 531.0}], "sszygradeList": [{"remarks": "", "schcode": "", "sex": "", "campus": "", "nf": "2020", "klmc": "文史", "ssmc": "湖北", "zylx": "普通类", "zymc": "工商管理类", "maxScore": 572.0, "minScore": 571.0, "avgScore": 571.2, "avgOrder": 4494, "minOrder": 4494, "maxOrder": 4337, "kl": "", "ssdm": "42", "rs": 4, "zdx": 531.0, "ptx": 531.0, "zycc": "普通类", "fsx": 531.0}, {"remarks": "", "schcode": "", "sex": "", "campus": "", "nf": "2020", "klmc": "文史", "ssmc": "湖北", "zylx": "普通类", "zymc": "法学类", "maxScore": 573.0, "minScore": 572.0, "avgScore": 572.5, "avgOrder": 4337, "minOrder": 4337, "maxOrder": 4182, "kl": "", "ssdm": "42", "rs": 2, "zdx": 531.0, "ptx": 531.0, "zycc": "普通类", "fsx": 531.0}, {"remarks": "", "schcode": "", "sex": "", "campus": "", "nf": "2020", "klmc": "文史", "ssmc": "湖北", "zylx": "普通类", "zymc": "英语", "maxScore": 572.0, "minScore": 571.0, "avgScore": 571.5, "avgOrder": 4337, "minOrder": 4494, "maxOrder": 4337, "kl": "", "ssdm": "42", "rs": 2, "zdx": 531.0, "ptx": 531.0, "zycc": "普通类", "fsx": 531.0}], "withYsl": false}, "jessionid": "be6fea6da6d947ea968a0aa03c8d00d3"}