{"state": 1, "msg": "操作成功", "data": {"zsSsgradeList": [{"remarks": "", "schcode": "", "sex": "", "campus": "", "nf": "2019", "klmc": "理工", "ssmc": "吉林", "zylx": "普通类", "kl": "5", "ssdm": "22", "rs": 42, "zdx": 530.0, "ptx": 530.0, "minScore": 547.0, "minOrder": 13909, "avgScore": 554.2, "avgOrder": 12511, "maxScore": 569.0, "maxOrder": 9867, "zycc": "普通类", "fsx": 530.0}], "sszygradeList": [{"remarks": "", "schcode": "", "sex": "", "campus": "", "nf": "2019", "klmc": "理工", "ssmc": "吉林", "zylx": "普通类", "zymc": "农学", "maxScore": 561.0, "minScore": 551.0, "avgScore": 556.0, "avgOrder": 12151, "minOrder": 13094, "maxOrder": 11241, "kl": "", "ssdm": "22", "rs": 3, "zdx": 530.0, "ptx": 530.0, "zycc": "普通类", "fsx": 530.0}, {"remarks": "", "schcode": "", "sex": "", "campus": "", "nf": "2019", "klmc": "理工", "ssmc": "吉林", "zylx": "普通类", "zymc": "植物保护", "maxScore": 549.0, "minScore": 547.0, "avgScore": 548.0, "avgOrder": 13695, "minOrder": 13909, "maxOrder": 13512, "kl": "", "ssdm": "22", "rs": 2, "zdx": 530.0, "ptx": 530.0, "zycc": "普通类", "fsx": 530.0}, {"remarks": "", "schcode": "", "sex": "", "campus": "", "nf": "2019", "klmc": "理工", "ssmc": "吉林", "zylx": "普通类", "zymc": "风景园林", "maxScore": 556.0, "minScore": 550.0, "avgScore": 553.0, "avgOrder": 12690, "minOrder": 13309, "maxOrder": 12151, "kl": "", "ssdm": "22", "rs": 2, "zdx": 530.0, "ptx": 530.0, "zycc": "普通类", "fsx": 530.0}, {"remarks": "", "schcode": "", "sex": "", "campus": "", "nf": "2019", "klmc": "理工", "ssmc": "吉林", "zylx": "普通类", "zymc": "园艺", "maxScore": 549.0, "minScore": 531.0, "avgScore": 540.0, "avgOrder": 15327, "minOrder": 17149, "maxOrder": 13512, "kl": "", "ssdm": "22", "rs": 2, "zdx": 530.0, "ptx": 530.0, "zycc": "普通类", "fsx": 530.0}, {"remarks": "", "schcode": "", "sex": "", "campus": "", "nf": "2019", "klmc": "理工", "ssmc": "吉林", "zylx": "普通类", "zymc": "应用气象学", "maxScore": 560.0, "minScore": 557.0, "avgScore": 558.5, "avgOrder": 11585, "minOrder": 11955, "maxOrder": 11409, "kl": "", "ssdm": "22", "rs": 2, "zdx": 530.0, "ptx": 530.0, "zycc": "普通类", "fsx": 530.0}, {"remarks": "", "schcode": "", "sex": "", "campus": "", "nf": "2019", "klmc": "理工", "ssmc": "吉林", "zylx": "普通类", "zymc": "环境科学与工程类", "maxScore": 558.0, "minScore": 554.0, "avgScore": 556.0, "avgOrder": 12151, "minOrder": 12511, "maxOrder": 11768, "kl": "", "ssdm": "22", "rs": 2, "zdx": 530.0, "ptx": 530.0, "zycc": "普通类", "fsx": 530.0}, {"remarks": "", "schcode": "", "sex": "", "campus": "", "nf": "2019", "klmc": "理工", "ssmc": "吉林", "zylx": "普通类", "zymc": "动物科学", "maxScore": 553.0, "minScore": 551.0, "avgScore": 551.7, "avgOrder": 12896, "minOrder": 13094, "maxOrder": 12690, "kl": "", "ssdm": "22", "rs": 3, "zdx": 530.0, "ptx": 530.0, "zycc": "普通类", "fsx": 530.0}, {"remarks": "", "schcode": "", "sex": "", "campus": "", "nf": "2019", "klmc": "理工", "ssmc": "吉林", "zylx": "普通类", "zymc": "机械类", "maxScore": 562.0, "minScore": 558.0, "avgScore": 560.0, "avgOrder": 11409, "minOrder": 11768, "maxOrder": 11052, "kl": "", "ssdm": "22", "rs": 2, "zdx": 530.0, "ptx": 530.0, "zycc": "普通类", "fsx": 530.0}, {"remarks": "", "schcode": "", "sex": "", "campus": "", "nf": "2019", "klmc": "理工", "ssmc": "吉林", "zylx": "普通类", "zymc": "工业工程类", "maxScore": 558.0, "minScore": 548.0, "avgScore": 553.0, "avgOrder": 12690, "minOrder": 13695, "maxOrder": 11768, "kl": "", "ssdm": "22", "rs": 2, "zdx": 530.0, "ptx": 530.0, "zycc": "普通类", "fsx": 530.0}, {"remarks": "", "schcode": "", "sex": "", "campus": "", "nf": "2019", "klmc": "理工", "ssmc": "吉林", "zylx": "普通类", "zymc": "金融学类", "maxScore": 569.0, "minScore": 559.0, "avgScore": 564.0, "avgOrder": 10715, "minOrder": 11585, "maxOrder": 9867, "kl": "", "ssdm": "22", "rs": 3, "zdx": 530.0, "ptx": 530.0, "zycc": "普通类", "fsx": 530.0}, {"remarks": "", "schcode": "", "sex": "", "campus": "", "nf": "2019", "klmc": "理工", "ssmc": "吉林", "zylx": "普通类", "zymc": "生物科学类", "maxScore": 555.0, "minScore": 547.0, "avgScore": 550.3, "avgOrder": 13309, "minOrder": 13909, "maxOrder": 12338, "kl": "", "ssdm": "22", "rs": 3, "zdx": 530.0, "ptx": 530.0, "zycc": "普通类", "fsx": 530.0}, {"remarks": "", "schcode": "", "sex": "", "campus": "", "nf": "2019", "klmc": "理工", "ssmc": "吉林", "zylx": "普通类", "zymc": "食品科学与工程类", "maxScore": 568.0, "minScore": 553.0, "avgScore": 560.5, "avgOrder": 11241, "minOrder": 12690, "maxOrder": 10040, "kl": "", "ssdm": "22", "rs": 2, "zdx": 530.0, "ptx": 530.0, "zycc": "普通类", "fsx": 530.0}, {"remarks": "", "schcode": "", "sex": "", "campus": "", "nf": "2019", "klmc": "理工", "ssmc": "吉林", "zylx": "普通类", "zymc": "土地整治工程", "maxScore": 548.0, "minScore": 537.0, "avgScore": 542.5, "avgOrder": 14708, "minOrder": 15954, "maxOrder": 13695, "kl": "", "ssdm": "22", "rs": 2, "zdx": 530.0, "ptx": 530.0, "zycc": "普通类", "fsx": 530.0}, {"remarks": "", "schcode": "", "sex": "", "campus": "", "nf": "2019", "klmc": "理工", "ssmc": "吉林", "zylx": "普通类", "zymc": "水利类", "maxScore": 559.0, "minScore": 550.0, "avgScore": 553.2, "avgOrder": 12690, "minOrder": 13309, "maxOrder": 11585, "kl": "", "ssdm": "22", "rs": 4, "zdx": 530.0, "ptx": 530.0, "zycc": "普通类", "fsx": 530.0}, {"remarks": "", "schcode": "", "sex": "", "campus": "", "nf": "2019", "klmc": "理工", "ssmc": "吉林", "zylx": "普通类", "zymc": "土木工程", "maxScore": 556.0, "minScore": 549.0, "avgScore": 552.5, "avgOrder": 12690, "minOrder": 13512, "maxOrder": 12151, "kl": "", "ssdm": "22", "rs": 2, "zdx": 530.0, "ptx": 530.0, "zycc": "普通类", "fsx": 530.0}, {"remarks": "", "schcode": "", "sex": "", "campus": "", "nf": "2019", "klmc": "理工", "ssmc": "吉林", "zylx": "普通类", "zymc": "工程管理", "maxScore": 554.0, "minScore": 553.0, "avgScore": 553.5, "avgOrder": 12511, "minOrder": 12690, "maxOrder": 12511, "kl": "", "ssdm": "22", "rs": 2, "zdx": 530.0, "ptx": 530.0, "zycc": "普通类", "fsx": 530.0}, {"remarks": "", "schcode": "", "sex": "", "campus": "", "nf": "2019", "klmc": "理工", "ssmc": "吉林", "zylx": "普通类", "zymc": "俄语", "maxScore": 558.0, "minScore": 550.0, "avgScore": 553.0, "avgOrder": 12690, "minOrder": 13309, "maxOrder": 11768, "kl": "", "ssdm": "22", "rs": 4, "zdx": 530.0, "ptx": 530.0, "zycc": "普通类", "fsx": 530.0}, {"remarks": "", "schcode": "", "sex": "", "campus": "", "nf": "2019", "klmc": "理工", "ssmc": "吉林", "zylx": "普通类", "zymc": "化学生物学", "maxScore": 549.0, "minScore": 548.0, "avgScore": 548.5, "avgOrder": 13512, "minOrder": 13695, "maxOrder": 13512, "kl": "", "ssdm": "22", "rs": 2, "zdx": 530.0, "ptx": 530.0, "zycc": "普通类", "fsx": 530.0}], "withYsl": false}, "jessionid": "be6fea6da6d947ea968a0aa03c8d00d3"}