{"state": 1, "msg": "操作成功", "data": {"zsSsgradeList": [{"remarks": "", "schcode": "", "sex": "", "campus": "", "nf": "2018", "klmc": "艺术(理)", "ssmc": "山东", "zylx": "艺术批", "kl": "7", "ssdm": "37", "rs": 5, "minScore": 448.0, "avgScore": 461.2, "maxScore": 476.0, "zycc": "艺术批"}], "sszygradeList": [{"remarks": "文化课成绩；控制线：理科282分，美术198分", "schcode": "", "sex": "", "campus": "", "nf": "2018", "klmc": "艺术(理)", "ssmc": "山东", "zylx": "艺术批", "zymc": "视觉传达设计", "maxScore": 459.0, "minScore": 448.0, "avgScore": 454.7, "kl": "", "ssdm": "37", "rs": 3, "zycc": "艺术批"}, {"remarks": "文化课成绩；控制线：理科282分，美术198分", "schcode": "", "sex": "", "campus": "", "nf": "2018", "klmc": "艺术(理)", "ssmc": "山东", "zylx": "艺术批", "zymc": "环境设计", "maxScore": 476.0, "minScore": 466.0, "avgScore": 471.0, "kl": "", "ssdm": "37", "rs": 2, "zycc": "艺术批"}], "withYsl": false}, "jessionid": "be6fea6da6d947ea968a0aa03c8d00d3"}