{"state": 1, "msg": "操作成功", "data": {"zsSsgradeList": [{"remarks": "", "schcode": "", "sex": "", "campus": "", "nf": "2018", "klmc": "理工", "ssmc": "河北", "zylx": "普通类", "kl": "5", "ssdm": "13", "rs": 78, "zdx": 511.0, "ptx": 511.0, "minScore": 583.0, "minOrder": 32159, "avgScore": 589.6, "avgOrder": 28311, "maxScore": 601.0, "maxOrder": 22696, "zycc": "普通类", "fsx": 511.0}], "sszygradeList": [{"remarks": "", "schcode": "", "sex": "", "campus": "", "nf": "2018", "klmc": "理工", "ssmc": "河北", "zylx": "普通类", "zymc": "农学", "maxScore": 592.0, "minScore": 587.0, "avgScore": 589.5, "avgOrder": 28311, "minOrder": 29944, "maxOrder": 27273, "kl": "", "ssdm": "13", "rs": 2, "zdx": 511.0, "ptx": 511.0, "zycc": "普通类", "fsx": 511.0}, {"remarks": "", "schcode": "", "sex": "", "campus": "", "nf": "2018", "klmc": "理工", "ssmc": "河北", "zylx": "普通类", "zymc": "农学（本硕博班）", "maxScore": 595.0, "minScore": 590.0, "avgScore": 592.5, "avgOrder": 26751, "minOrder": 28311, "maxOrder": 25725, "kl": "", "ssdm": "13", "rs": 2, "zdx": 511.0, "ptx": 511.0, "zycc": "普通类", "fsx": 511.0}, {"remarks": "", "schcode": "", "sex": "", "campus": "", "nf": "2018", "klmc": "理工", "ssmc": "河北", "zylx": "普通类", "zymc": "植物保护", "maxScore": 593.0, "minScore": 583.0, "avgScore": 588.0, "avgOrder": 29411, "minOrder": 32159, "maxOrder": 26751, "kl": "", "ssdm": "13", "rs": 2, "zdx": 511.0, "ptx": 511.0, "zycc": "普通类", "fsx": 511.0}, {"remarks": "", "schcode": "", "sex": "", "campus": "", "nf": "2018", "klmc": "理工", "ssmc": "河北", "zylx": "普通类", "zymc": "植物科学与技术", "maxScore": 586.0, "minScore": 586.0, "avgScore": 586.0, "avgOrder": 30497, "minOrder": 30497, "maxOrder": 30497, "kl": "", "ssdm": "13", "rs": 2, "zdx": 511.0, "ptx": 511.0, "zycc": "普通类", "fsx": 511.0}, {"remarks": "", "schcode": "", "sex": "", "campus": "", "nf": "2018", "klmc": "理工", "ssmc": "河北", "zylx": "普通类", "zymc": "种子科学与工程", "maxScore": 590.0, "minScore": 587.0, "avgScore": 588.5, "avgOrder": 28858, "minOrder": 29944, "maxOrder": 28311, "kl": "", "ssdm": "13", "rs": 2, "zdx": 511.0, "ptx": 511.0, "zycc": "普通类", "fsx": 511.0}, {"remarks": "", "schcode": "", "sex": "", "campus": "", "nf": "2018", "klmc": "理工", "ssmc": "河北", "zylx": "普通类", "zymc": "园艺", "maxScore": 590.0, "minScore": 589.0, "avgScore": 589.5, "avgOrder": 28311, "minOrder": 28858, "maxOrder": 28311, "kl": "", "ssdm": "13", "rs": 2, "zdx": 511.0, "ptx": 511.0, "zycc": "普通类", "fsx": 511.0}, {"remarks": "", "schcode": "", "sex": "", "campus": "", "nf": "2018", "klmc": "理工", "ssmc": "河北", "zylx": "普通类", "zymc": "园艺（本硕博班）", "maxScore": 596.0, "minScore": 584.0, "avgScore": 590.0, "avgOrder": 28311, "minOrder": 31595, "maxOrder": 25190, "kl": "", "ssdm": "13", "rs": 2, "zdx": 511.0, "ptx": 511.0, "zycc": "普通类", "fsx": 511.0}, {"remarks": "", "schcode": "", "sex": "", "campus": "", "nf": "2018", "klmc": "理工", "ssmc": "河北", "zylx": "普通类", "zymc": "设施农业科学与工程", "maxScore": 590.0, "minScore": 585.0, "avgScore": 586.7, "avgOrder": 29944, "minOrder": 31039, "maxOrder": 28311, "kl": "", "ssdm": "13", "rs": 3, "zdx": 511.0, "ptx": 511.0, "zycc": "普通类", "fsx": 511.0}, {"remarks": "", "schcode": "", "sex": "", "campus": "", "nf": "2018", "klmc": "理工", "ssmc": "河北", "zylx": "普通类", "zymc": "园林", "maxScore": 588.0, "minScore": 587.0, "avgScore": 587.5, "avgOrder": 29411, "minOrder": 29944, "maxOrder": 29411, "kl": "", "ssdm": "13", "rs": 2, "zdx": 511.0, "ptx": 511.0, "zycc": "普通类", "fsx": 511.0}, {"remarks": "", "schcode": "", "sex": "", "campus": "", "nf": "2018", "klmc": "理工", "ssmc": "河北", "zylx": "普通类", "zymc": "应用气象学", "maxScore": 590.0, "minScore": 587.0, "avgScore": 588.5, "avgOrder": 28858, "minOrder": 29944, "maxOrder": 28311, "kl": "", "ssdm": "13", "rs": 2, "zdx": 511.0, "ptx": 511.0, "zycc": "普通类", "fsx": 511.0}, {"remarks": "", "schcode": "", "sex": "", "campus": "", "nf": "2018", "klmc": "理工", "ssmc": "河北", "zylx": "普通类", "zymc": "生态学", "maxScore": 587.0, "minScore": 587.0, "avgScore": 587.0, "avgOrder": 29944, "minOrder": 29944, "maxOrder": 29944, "kl": "", "ssdm": "13", "rs": 2, "zdx": 511.0, "ptx": 511.0, "zycc": "普通类", "fsx": 511.0}, {"remarks": "", "schcode": "", "sex": "", "campus": "", "nf": "2018", "klmc": "理工", "ssmc": "河北", "zylx": "普通类", "zymc": "自然保护与环境生态类", "maxScore": 587.0, "minScore": 586.0, "avgScore": 586.5, "avgOrder": 29944, "minOrder": 30497, "maxOrder": 29944, "kl": "", "ssdm": "13", "rs": 2, "zdx": 511.0, "ptx": 511.0, "zycc": "普通类", "fsx": 511.0}, {"remarks": "", "schcode": "", "sex": "", "campus": "", "nf": "2018", "klmc": "理工", "ssmc": "河北", "zylx": "普通类", "zymc": "农业资源与环境（本硕博班）", "maxScore": 588.0, "minScore": 587.0, "avgScore": 587.5, "avgOrder": 29411, "minOrder": 29944, "maxOrder": 29411, "kl": "", "ssdm": "13", "rs": 2, "zdx": 511.0, "ptx": 511.0, "zycc": "普通类", "fsx": 511.0}, {"remarks": "", "schcode": "", "sex": "", "campus": "", "nf": "2018", "klmc": "理工", "ssmc": "河北", "zylx": "普通类", "zymc": "动物科学", "maxScore": 585.0, "minScore": 584.0, "avgScore": 584.3, "avgOrder": 31595, "minOrder": 31595, "maxOrder": 31039, "kl": "", "ssdm": "13", "rs": 3, "zdx": 511.0, "ptx": 511.0, "zycc": "普通类", "fsx": 511.0}, {"remarks": "", "schcode": "", "sex": "", "campus": "", "nf": "2018", "klmc": "理工", "ssmc": "河北", "zylx": "普通类", "zymc": "动物医学（本硕博班）", "maxScore": 601.0, "minScore": 586.0, "avgScore": 593.5, "avgOrder": 26228, "minOrder": 30497, "maxOrder": 22696, "kl": "", "ssdm": "13", "rs": 2, "zdx": 511.0, "ptx": 511.0, "zycc": "普通类", "fsx": 511.0}, {"remarks": "", "schcode": "", "sex": "", "campus": "", "nf": "2018", "klmc": "理工", "ssmc": "河北", "zylx": "普通类", "zymc": "动物药学", "maxScore": 586.0, "minScore": 585.0, "avgScore": 585.5, "avgOrder": 30497, "minOrder": 31039, "maxOrder": 30497, "kl": "", "ssdm": "13", "rs": 2, "zdx": 511.0, "ptx": 511.0, "zycc": "普通类", "fsx": 511.0}, {"remarks": "", "schcode": "", "sex": "", "campus": "", "nf": "2018", "klmc": "理工", "ssmc": "河北", "zylx": "普通类", "zymc": "机械类", "maxScore": 594.0, "minScore": 590.0, "avgScore": 592.0, "avgOrder": 27273, "minOrder": 28311, "maxOrder": 26228, "kl": "", "ssdm": "13", "rs": 5, "zdx": 511.0, "ptx": 511.0, "zycc": "普通类", "fsx": 511.0}, {"remarks": "", "schcode": "", "sex": "", "campus": "", "nf": "2018", "klmc": "理工", "ssmc": "河北", "zylx": "普通类", "zymc": "农业机械化及其自动化（本硕博班）", "maxScore": 597.0, "minScore": 596.0, "avgScore": 596.5, "avgOrder": 24681, "minOrder": 25190, "maxOrder": 24681, "kl": "", "ssdm": "13", "rs": 2, "zdx": 511.0, "ptx": 511.0, "zycc": "普通类", "fsx": 511.0}, {"remarks": "", "schcode": "", "sex": "", "campus": "", "nf": "2018", "klmc": "理工", "ssmc": "河北", "zylx": "普通类", "zymc": "工业工程类", "maxScore": 588.0, "minScore": 588.0, "avgScore": 588.0, "avgOrder": 29411, "minOrder": 29411, "maxOrder": 29411, "kl": "", "ssdm": "13", "rs": 2, "zdx": 511.0, "ptx": 511.0, "zycc": "普通类", "fsx": 511.0}, {"remarks": "", "schcode": "", "sex": "", "campus": "", "nf": "2018", "klmc": "理工", "ssmc": "河北", "zylx": "普通类", "zymc": "电气工程及其自动化", "maxScore": 590.0, "minScore": 590.0, "avgScore": 590.0, "avgOrder": 28311, "minOrder": 28311, "maxOrder": 28311, "kl": "", "ssdm": "13", "rs": 2, "zdx": 511.0, "ptx": 511.0, "zycc": "普通类", "fsx": 511.0}, {"remarks": "", "schcode": "", "sex": "", "campus": "", "nf": "2018", "klmc": "理工", "ssmc": "河北", "zylx": "普通类", "zymc": "计算机类", "maxScore": 593.0, "minScore": 593.0, "avgScore": 593.0, "avgOrder": 26751, "minOrder": 26751, "maxOrder": 26751, "kl": "", "ssdm": "13", "rs": 2, "zdx": 511.0, "ptx": 511.0, "zycc": "普通类", "fsx": 511.0}, {"remarks": "", "schcode": "", "sex": "", "campus": "", "nf": "2018", "klmc": "理工", "ssmc": "河北", "zylx": "普通类", "zymc": "农业电气化", "maxScore": 598.0, "minScore": 586.0, "avgScore": 592.0, "avgOrder": 27273, "minOrder": 30497, "maxOrder": 24175, "kl": "", "ssdm": "13", "rs": 2, "zdx": 511.0, "ptx": 511.0, "zycc": "普通类", "fsx": 511.0}, {"remarks": "", "schcode": "", "sex": "", "campus": "", "nf": "2018", "klmc": "理工", "ssmc": "河北", "zylx": "普通类", "zymc": "金融学类", "maxScore": 598.0, "minScore": 591.0, "avgScore": 595.0, "avgOrder": 25725, "minOrder": 27770, "maxOrder": 24175, "kl": "", "ssdm": "13", "rs": 6, "zdx": 511.0, "ptx": 511.0, "zycc": "普通类", "fsx": 511.0}, {"remarks": "", "schcode": "", "sex": "", "campus": "", "nf": "2018", "klmc": "理工", "ssmc": "河北", "zylx": "普通类", "zymc": "农林经济管理（本硕博班）", "maxScore": 592.0, "minScore": 586.0, "avgScore": 589.0, "avgOrder": 28858, "minOrder": 30497, "maxOrder": 27273, "kl": "", "ssdm": "13", "rs": 2, "zdx": 511.0, "ptx": 511.0, "zycc": "普通类", "fsx": 511.0}, {"remarks": "", "schcode": "", "sex": "", "campus": "", "nf": "2018", "klmc": "理工", "ssmc": "河北", "zylx": "普通类", "zymc": "生物科学类", "maxScore": 588.0, "minScore": 583.0, "avgScore": 586.0, "avgOrder": 30497, "minOrder": 32159, "maxOrder": 29411, "kl": "", "ssdm": "13", "rs": 3, "zdx": 511.0, "ptx": 511.0, "zycc": "普通类", "fsx": 511.0}, {"remarks": "", "schcode": "", "sex": "", "campus": "", "nf": "2018", "klmc": "理工", "ssmc": "河北", "zylx": "普通类", "zymc": "生物工程类", "maxScore": 596.0, "minScore": 586.0, "avgScore": 589.7, "avgOrder": 28311, "minOrder": 30497, "maxOrder": 25190, "kl": "", "ssdm": "13", "rs": 3, "zdx": 511.0, "ptx": 511.0, "zycc": "普通类", "fsx": 511.0}, {"remarks": "", "schcode": "", "sex": "", "campus": "", "nf": "2018", "klmc": "理工", "ssmc": "河北", "zylx": "普通类", "zymc": "食品科学与工程类", "maxScore": 594.0, "minScore": 593.0, "avgScore": 593.7, "avgOrder": 26228, "minOrder": 26751, "maxOrder": 26228, "kl": "", "ssdm": "13", "rs": 3, "zdx": 511.0, "ptx": 511.0, "zycc": "普通类", "fsx": 511.0}, {"remarks": "", "schcode": "", "sex": "", "campus": "", "nf": "2018", "klmc": "理工", "ssmc": "河北", "zylx": "普通类", "zymc": "人文地理与城乡规划", "maxScore": 596.0, "minScore": 590.0, "avgScore": 593.0, "avgOrder": 26751, "minOrder": 28311, "maxOrder": 25190, "kl": "", "ssdm": "13", "rs": 2, "zdx": 511.0, "ptx": 511.0, "zycc": "普通类", "fsx": 511.0}, {"remarks": "", "schcode": "", "sex": "", "campus": "", "nf": "2018", "klmc": "理工", "ssmc": "河北", "zylx": "普通类", "zymc": "土地整治工程", "maxScore": 584.0, "minScore": 584.0, "avgScore": 584.0, "avgOrder": 31595, "minOrder": 31595, "maxOrder": 31595, "kl": "", "ssdm": "13", "rs": 2, "zdx": 511.0, "ptx": 511.0, "zycc": "普通类", "fsx": 511.0}, {"remarks": "", "schcode": "", "sex": "", "campus": "", "nf": "2018", "klmc": "理工", "ssmc": "河北", "zylx": "普通类", "zymc": "水利类", "maxScore": 591.0, "minScore": 589.0, "avgScore": 590.0, "avgOrder": 28311, "minOrder": 28858, "maxOrder": 27770, "kl": "", "ssdm": "13", "rs": 2, "zdx": 511.0, "ptx": 511.0, "zycc": "普通类", "fsx": 511.0}, {"remarks": "", "schcode": "", "sex": "", "campus": "", "nf": "2018", "klmc": "理工", "ssmc": "河北", "zylx": "普通类", "zymc": "土木工程", "maxScore": 589.0, "minScore": 589.0, "avgScore": 589.0, "avgOrder": 28858, "minOrder": 28858, "maxOrder": 28858, "kl": "", "ssdm": "13", "rs": 2, "zdx": 511.0, "ptx": 511.0, "zycc": "普通类", "fsx": 511.0}, {"remarks": "", "schcode": "", "sex": "", "campus": "", "nf": "2018", "klmc": "理工", "ssmc": "河北", "zylx": "普通类", "zymc": "工程管理", "maxScore": 588.0, "minScore": 587.0, "avgScore": 587.5, "avgOrder": 29411, "minOrder": 29944, "maxOrder": 29411, "kl": "", "ssdm": "13", "rs": 2, "zdx": 511.0, "ptx": 511.0, "zycc": "普通类", "fsx": 511.0}, {"remarks": "", "schcode": "", "sex": "", "campus": "", "nf": "2018", "klmc": "理工", "ssmc": "河北", "zylx": "普通类", "zymc": "应用化学", "maxScore": 590.0, "minScore": 586.0, "avgScore": 588.0, "avgOrder": 29411, "minOrder": 30497, "maxOrder": 28311, "kl": "", "ssdm": "13", "rs": 2, "zdx": 511.0, "ptx": 511.0, "zycc": "普通类", "fsx": 511.0}], "withYsl": false}, "jessionid": "be6fea6da6d947ea968a0aa03c8d00d3"}