{"state": 1, "msg": "操作成功", "data": {"zsSsgradeList": [{"remarks": "", "schcode": "", "sex": "", "campus": "", "nf": "2017", "klmc": "艺术(理)", "ssmc": "河北", "zylx": "艺术批", "kl": "7", "ssdm": "13", "rs": 5, "minScore": 333.0, "avgScore": 371.4, "maxScore": 408.0, "zycc": "艺术批"}], "sszygradeList": [{"remarks": "文化课成绩；控制线：文化课249分，美术（联考）180分。", "schcode": "", "sex": "", "campus": "", "nf": "2017", "klmc": "艺术(理)", "ssmc": "河北", "zylx": "艺术批", "zymc": "视觉传达设计", "maxScore": 408.0, "minScore": 344.0, "avgScore": 377.3, "kl": "", "ssdm": "13", "rs": 3, "zycc": "艺术批"}, {"remarks": "文化课成绩；控制线：文化课249分，美术（联考）180分。", "schcode": "", "sex": "", "campus": "", "nf": "2017", "klmc": "艺术(理)", "ssmc": "河北", "zylx": "艺术批", "zymc": "环境设计", "maxScore": 392.0, "minScore": 333.0, "avgScore": 362.5, "kl": "", "ssdm": "13", "rs": 2, "zycc": "艺术批"}], "withYsl": false}, "jessionid": "be6fea6da6d947ea968a0aa03c8d00d3"}