{"state": 1, "msg": "操作成功", "data": {"zsSsgradeList": [{"remarks": "", "schcode": "", "sex": "", "campus": "", "nf": "2018", "klmc": "艺术(不分文理)", "ssmc": "湖南", "zylx": "艺术批", "kl": "A", "ssdm": "43", "zycc": "艺术批"}], "sszygradeList": [{"remarks": "专业成绩；控制线：文科341分、理科292分，专业课150分；小项成绩：大提琴245，古筝261", "schcode": "", "sex": "", "campus": "", "nf": "2018", "klmc": "艺术(不分文理)", "ssmc": "湖南", "zylx": "艺术批", "zymc": "音乐表演（器乐）", "maxScore": 261.0, "minScore": 245.0, "avgScore": 253.0, "kl": "", "ssdm": "43", "rs": 2, "zycc": "艺术批"}, {"remarks": "专业成绩；控制线：文科341分、理科292分，专业课150分", "schcode": "", "sex": "", "campus": "", "nf": "2018", "klmc": "艺术(不分文理)", "ssmc": "湖南", "zylx": "艺术批", "zymc": "音乐表演（声乐）", "maxScore": 270.0, "minScore": 261.0, "avgScore": 266.2, "kl": "", "ssdm": "43", "rs": 4, "zycc": "艺术批"}], "withYsl": false}, "jessionid": "be6fea6da6d947ea968a0aa03c8d00d3"}