{"state": 1, "msg": "操作成功", "data": {"zsSsgradeList": [{"remarks": "", "schcode": "", "sex": "", "campus": "", "nf": "2017", "klmc": "文史", "ssmc": "云南", "zylx": "国家专项", "kl": "1", "ssdm": "53", "rs": 2, "zdx": 555.0, "ptx": 555.0, "minScore": 581.0, "minOrder": 4434, "avgScore": 584.0, "avgOrder": 4434, "maxScore": 587.0, "maxOrder": 3802, "zycc": "国家专项", "fsx": 555.0}], "sszygradeList": [{"remarks": "", "schcode": "", "sex": "", "campus": "", "nf": "2017", "klmc": "文史", "ssmc": "云南", "zylx": "国家专项", "zymc": "工商管理类（管理学Ⅱ）", "maxScore": 587.0, "minScore": 581.0, "avgScore": 584.0, "avgOrder": 4434, "minOrder": 4434, "maxOrder": 3802, "kl": "", "ssdm": "53", "rs": 2, "zdx": 555.0, "ptx": 555.0, "zycc": "国家专项", "fsx": 555.0}], "withYsl": false}, "jessionid": "be6fea6da6d947ea968a0aa03c8d00d3"}