{"state": 1, "msg": "操作成功", "data": {"zsSsgradeList": [{"remarks": "", "schcode": "", "sex": "", "campus": "", "nf": "2020", "klmc": "理工", "ssmc": "云南", "zylx": "国家专项", "kl": "5", "ssdm": "53", "rs": 8, "zdx": 535.0, "ptx": 535.0, "minScore": 558.0, "minOrder": 24975, "avgScore": 567.0, "avgOrder": 21581, "maxScore": 604.0, "maxOrder": 10653, "zycc": "国家专项", "fsx": 535.0}], "sszygradeList": [{"remarks": "", "schcode": "", "sex": "", "campus": "", "nf": "2020", "klmc": "理工", "ssmc": "云南", "zylx": "国家专项", "zymc": "机械类", "maxScore": 604.0, "minScore": 568.0, "avgScore": 586.0, "avgOrder": 15489, "minOrder": 21222, "maxOrder": 10653, "kl": "", "ssdm": "53", "rs": 2, "zdx": 535.0, "ptx": 535.0, "zycc": "国家专项", "fsx": 535.0}, {"remarks": "", "schcode": "", "sex": "", "campus": "", "nf": "2020", "klmc": "理工", "ssmc": "云南", "zylx": "国家专项", "zymc": "金融学类", "maxScore": 566.0, "minScore": 559.0, "avgScore": 562.5, "avgOrder": 23441, "minOrder": 24550, "maxOrder": 21945, "kl": "", "ssdm": "53", "rs": 2, "zdx": 535.0, "ptx": 535.0, "zycc": "国家专项", "fsx": 535.0}, {"remarks": "", "schcode": "", "sex": "", "campus": "", "nf": "2020", "klmc": "理工", "ssmc": "云南", "zylx": "国家专项", "zymc": "食品科学与工程类", "maxScore": 563.0, "minScore": 558.0, "avgScore": 560.5, "avgOrder": 24199, "minOrder": 24975, "maxOrder": 23055, "kl": "", "ssdm": "53", "rs": 2, "zdx": 535.0, "ptx": 535.0, "zycc": "国家专项", "fsx": 535.0}, {"remarks": "", "schcode": "", "sex": "", "campus": "", "nf": "2020", "klmc": "理工", "ssmc": "云南", "zylx": "国家专项", "zymc": "工程管理", "maxScore": 559.0, "minScore": 559.0, "avgScore": 559.0, "avgOrder": 24550, "minOrder": 24550, "maxOrder": 24550, "kl": "", "ssdm": "53", "rs": 2, "zdx": 535.0, "ptx": 535.0, "zycc": "国家专项", "fsx": 535.0}], "withYsl": false}, "jessionid": "be6fea6da6d947ea968a0aa03c8d00d3"}