{"state": 1, "msg": "操作成功", "data": {"zsSsgradeList": [{"remarks": "", "schcode": "", "sex": "", "campus": "", "nf": "2019", "klmc": "理工", "ssmc": "黑龙江", "zylx": "民族预科", "kl": "5", "ssdm": "23", "rs": 70, "zdx": 477.0, "ptx": 477.0, "minScore": 477.0, "minOrder": 37202, "avgScore": 491.7, "avgOrder": 32391, "maxScore": 521.0, "maxOrder": 23848, "zycc": "民族预科", "fsx": 477.0}], "sszygradeList": [{"remarks": "", "schcode": "", "sex": "", "campus": "", "nf": "2019", "klmc": "理工", "ssmc": "黑龙江", "zylx": "民族预科", "zymc": "农学", "maxScore": 480.0, "minScore": 478.0, "avgScore": 479.3, "avgOrder": 36543, "minOrder": 36867, "maxOrder": 36216, "kl": "", "ssdm": "23", "rs": 3, "zdx": 477.0, "ptx": 477.0, "zycc": "民族预科", "fsx": 477.0}, {"remarks": "", "schcode": "", "sex": "", "campus": "", "nf": "2019", "klmc": "理工", "ssmc": "黑龙江", "zylx": "民族预科", "zymc": "植物保护", "maxScore": 501.0, "minScore": 480.0, "avgScore": 487.0, "avgOrder": 34009, "minOrder": 36216, "maxOrder": 29629, "kl": "", "ssdm": "23", "rs": 3, "zdx": 477.0, "ptx": 477.0, "zycc": "民族预科", "fsx": 477.0}, {"remarks": "", "schcode": "", "sex": "", "campus": "", "nf": "2019", "klmc": "理工", "ssmc": "黑龙江", "zylx": "民族预科", "zymc": "园艺", "maxScore": 521.0, "minScore": 477.0, "avgScore": 493.3, "avgOrder": 32104, "minOrder": 37202, "maxOrder": 23848, "kl": "", "ssdm": "23", "rs": 3, "zdx": 477.0, "ptx": 477.0, "zycc": "民族预科", "fsx": 477.0}, {"remarks": "", "schcode": "", "sex": "", "campus": "", "nf": "2019", "klmc": "理工", "ssmc": "黑龙江", "zylx": "民族预科", "zymc": "设施农业科学与工程", "maxScore": 482.0, "minScore": 481.0, "avgScore": 481.5, "avgOrder": 35589, "minOrder": 35886, "maxOrder": 35589, "kl": "", "ssdm": "23", "rs": 2, "zdx": 477.0, "ptx": 477.0, "zycc": "民族预科", "fsx": 477.0}, {"remarks": "", "schcode": "", "sex": "", "campus": "", "nf": "2019", "klmc": "理工", "ssmc": "黑龙江", "zylx": "民族预科", "zymc": "园林", "maxScore": 485.0, "minScore": 481.0, "avgScore": 483.3, "avgOrder": 35264, "minOrder": 35886, "maxOrder": 34657, "kl": "", "ssdm": "23", "rs": 3, "zdx": 477.0, "ptx": 477.0, "zycc": "民族预科", "fsx": 477.0}, {"remarks": "", "schcode": "", "sex": "", "campus": "", "nf": "2019", "klmc": "理工", "ssmc": "黑龙江", "zylx": "民族预科", "zymc": "环境科学与工程类", "maxScore": 491.0, "minScore": 483.0, "avgScore": 486.0, "avgOrder": 34328, "minOrder": 35264, "maxOrder": 32696, "kl": "", "ssdm": "23", "rs": 5, "zdx": 477.0, "ptx": 477.0, "zycc": "民族预科", "fsx": 477.0}, {"remarks": "", "schcode": "", "sex": "", "campus": "", "nf": "2019", "klmc": "理工", "ssmc": "黑龙江", "zylx": "民族预科", "zymc": "动物科学", "maxScore": 497.0, "minScore": 482.0, "avgScore": 488.3, "avgOrder": 33662, "minOrder": 35589, "maxOrder": 30845, "kl": "", "ssdm": "23", "rs": 3, "zdx": 477.0, "ptx": 477.0, "zycc": "民族预科", "fsx": 477.0}, {"remarks": "", "schcode": "", "sex": "", "campus": "", "nf": "2019", "klmc": "理工", "ssmc": "黑龙江", "zylx": "民族预科", "zymc": "机械类", "maxScore": 499.0, "minScore": 491.0, "avgScore": 493.3, "avgOrder": 32104, "minOrder": 32696, "maxOrder": 30236, "kl": "", "ssdm": "23", "rs": 6, "zdx": 477.0, "ptx": 477.0, "zycc": "民族预科", "fsx": 477.0}, {"remarks": "", "schcode": "", "sex": "", "campus": "", "nf": "2019", "klmc": "理工", "ssmc": "黑龙江", "zylx": "民族预科", "zymc": "电气工程及其自动化", "maxScore": 508.0, "minScore": 492.0, "avgScore": 501.0, "avgOrder": 29629, "minOrder": 32391, "maxOrder": 27529, "kl": "", "ssdm": "23", "rs": 3, "zdx": 477.0, "ptx": 477.0, "zycc": "民族预科", "fsx": 477.0}, {"remarks": "", "schcode": "", "sex": "", "campus": "", "nf": "2019", "klmc": "理工", "ssmc": "黑龙江", "zylx": "民族预科", "zymc": "计算机科学与技术", "maxScore": 520.0, "minScore": 499.0, "avgScore": 506.6, "avgOrder": 27833, "minOrder": 30236, "maxOrder": 24120, "kl": "", "ssdm": "23", "rs": 5, "zdx": 477.0, "ptx": 477.0, "zycc": "民族预科", "fsx": 477.0}, {"remarks": "", "schcode": "", "sex": "", "campus": "", "nf": "2019", "klmc": "理工", "ssmc": "黑龙江", "zylx": "民族预科", "zymc": "农业电气化", "maxScore": 487.0, "minScore": 486.0, "avgScore": 486.5, "avgOrder": 34009, "minOrder": 34328, "maxOrder": 34009, "kl": "", "ssdm": "23", "rs": 2, "zdx": 477.0, "ptx": 477.0, "zycc": "民族预科", "fsx": 477.0}, {"remarks": "", "schcode": "", "sex": "", "campus": "", "nf": "2019", "klmc": "理工", "ssmc": "黑龙江", "zylx": "民族预科", "zymc": "金融学类", "maxScore": 511.0, "minScore": 496.0, "avgScore": 501.6, "avgOrder": 29347, "minOrder": 31149, "maxOrder": 26674, "kl": "", "ssdm": "23", "rs": 8, "zdx": 477.0, "ptx": 477.0, "zycc": "民族预科", "fsx": 477.0}, {"remarks": "", "schcode": "", "sex": "", "campus": "", "nf": "2019", "klmc": "理工", "ssmc": "黑龙江", "zylx": "民族预科", "zymc": "生物工程类", "maxScore": 496.0, "minScore": 480.0, "avgScore": 487.8, "avgOrder": 33662, "minOrder": 36216, "maxOrder": 31149, "kl": "", "ssdm": "23", "rs": 5, "zdx": 477.0, "ptx": 477.0, "zycc": "民族预科", "fsx": 477.0}, {"remarks": "", "schcode": "", "sex": "", "campus": "", "nf": "2019", "klmc": "理工", "ssmc": "黑龙江", "zylx": "民族预科", "zymc": "食品科学与工程类", "maxScore": 512.0, "minScore": 490.0, "avgScore": 497.8, "avgOrder": 30554, "minOrder": 33011, "maxOrder": 26367, "kl": "", "ssdm": "23", "rs": 8, "zdx": 477.0, "ptx": 477.0, "zycc": "民族预科", "fsx": 477.0}, {"remarks": "", "schcode": "", "sex": "", "campus": "", "nf": "2019", "klmc": "理工", "ssmc": "黑龙江", "zylx": "民族预科", "zymc": "土地资源管理", "maxScore": 495.0, "minScore": 482.0, "avgScore": 486.7, "avgOrder": 34009, "minOrder": 35589, "maxOrder": 31457, "kl": "", "ssdm": "23", "rs": 3, "zdx": 477.0, "ptx": 477.0, "zycc": "民族预科", "fsx": 477.0}, {"remarks": "", "schcode": "", "sex": "", "campus": "", "nf": "2019", "klmc": "理工", "ssmc": "黑龙江", "zylx": "民族预科", "zymc": "水利类", "maxScore": 490.0, "minScore": 484.0, "avgScore": 486.0, "avgOrder": 34328, "minOrder": 34966, "maxOrder": 33011, "kl": "", "ssdm": "23", "rs": 5, "zdx": 477.0, "ptx": 477.0, "zycc": "民族预科", "fsx": 477.0}, {"remarks": "", "schcode": "", "sex": "", "campus": "", "nf": "2019", "klmc": "理工", "ssmc": "黑龙江", "zylx": "民族预科", "zymc": "应用化学", "maxScore": 482.0, "minScore": 478.0, "avgScore": 479.7, "avgOrder": 36216, "minOrder": 36867, "maxOrder": 35589, "kl": "", "ssdm": "23", "rs": 3, "zdx": 477.0, "ptx": 477.0, "zycc": "民族预科", "fsx": 477.0}], "withYsl": false}, "jessionid": "be6fea6da6d947ea968a0aa03c8d00d3"}