{"state": 1, "msg": "操作成功", "data": {"zsSsgradeList": [{"remarks": "文化课成绩", "schcode": "", "sex": "", "campus": "", "nf": "2020", "klmc": "艺术(不分文理)", "ssmc": "山西", "zylx": "艺术批", "kl": "A", "ssdm": "14", "rs": 15, "minScore": 453.0, "avgScore": 462.5, "maxScore": 481.0, "zycc": "艺术批"}], "sszygradeList": [{"remarks": "文化课成绩", "schcode": "", "sex": "", "campus": "", "nf": "2020", "klmc": "艺术(不分文理)", "ssmc": "山西", "zylx": "艺术批", "zymc": "视觉传达设计", "maxScore": 474.0, "minScore": 458.0, "avgScore": 463.9, "kl": "", "ssdm": "14", "rs": 9, "zycc": "艺术批"}, {"remarks": "文化课成绩", "schcode": "", "sex": "", "campus": "", "nf": "2020", "klmc": "艺术(不分文理)", "ssmc": "山西", "zylx": "艺术批", "zymc": "环境设计", "maxScore": 481.0, "minScore": 453.0, "avgScore": 460.5, "kl": "", "ssdm": "14", "rs": 6, "zycc": "艺术批"}], "withYsl": false}, "jessionid": "be6fea6da6d947ea968a0aa03c8d00d3"}