{"state": 1, "msg": "操作成功", "data": {"zsSsgradeList": [{"remarks": "", "schcode": "", "sex": "", "campus": "", "nf": "2020", "klmc": "理工", "ssmc": "黑龙江", "zylx": "地方专项", "kl": "5", "ssdm": "23", "rs": 89, "zdx": 455.0, "ptx": 455.0, "minScore": 457.0, "minOrder": 38563, "avgScore": 481.3, "avgOrder": 31275, "maxScore": 532.0, "maxOrder": 18127, "zycc": "地方专项", "fsx": 455.0}], "sszygradeList": [{"remarks": "", "schcode": "", "sex": "", "campus": "", "nf": "2020", "klmc": "理工", "ssmc": "黑龙江", "zylx": "地方专项", "zymc": "农学", "maxScore": 491.0, "minScore": 477.0, "avgScore": 484.5, "avgOrder": 30377, "minOrder": 32524, "maxOrder": 28431, "kl": "", "ssdm": "23", "rs": 4, "zdx": 455.0, "ptx": 455.0, "zycc": "地方专项", "fsx": 455.0}, {"remarks": "", "schcode": "", "sex": "", "campus": "", "nf": "2020", "klmc": "理工", "ssmc": "黑龙江", "zylx": "地方专项", "zymc": "风景园林", "maxScore": 487.0, "minScore": 479.0, "avgScore": 483.0, "avgOrder": 30662, "minOrder": 31894, "maxOrder": 29517, "kl": "", "ssdm": "23", "rs": 2, "zdx": 455.0, "ptx": 455.0, "zycc": "地方专项", "fsx": 455.0}, {"remarks": "", "schcode": "", "sex": "", "campus": "", "nf": "2020", "klmc": "理工", "ssmc": "黑龙江", "zylx": "地方专项", "zymc": "园艺", "maxScore": 469.0, "minScore": 466.0, "avgScore": 467.3, "avgOrder": 35546, "minOrder": 35868, "maxOrder": 34936, "kl": "", "ssdm": "23", "rs": 3, "zdx": 455.0, "ptx": 455.0, "zycc": "地方专项", "fsx": 455.0}, {"remarks": "", "schcode": "", "sex": "", "campus": "", "nf": "2020", "klmc": "理工", "ssmc": "黑龙江", "zylx": "地方专项", "zymc": "园林", "maxScore": 470.0, "minScore": 464.0, "avgScore": 467.0, "avgOrder": 35546, "minOrder": 36437, "maxOrder": 34635, "kl": "", "ssdm": "23", "rs": 2, "zdx": 455.0, "ptx": 455.0, "zycc": "地方专项", "fsx": 455.0}, {"remarks": "", "schcode": "", "sex": "", "campus": "", "nf": "2020", "klmc": "理工", "ssmc": "黑龙江", "zylx": "地方专项", "zymc": "应用气象学", "maxScore": 497.0, "minScore": 488.0, "avgScore": 492.5, "avgOrder": 28172, "minOrder": 29274, "maxOrder": 26792, "kl": "", "ssdm": "23", "rs": 2, "zdx": 455.0, "ptx": 455.0, "zycc": "地方专项", "fsx": 455.0}, {"remarks": "", "schcode": "", "sex": "", "campus": "", "nf": "2020", "klmc": "理工", "ssmc": "黑龙江", "zylx": "地方专项", "zymc": "环境科学与工程类", "maxScore": 473.0, "minScore": 457.0, "avgScore": 465.2, "avgOrder": 36162, "minOrder": 38563, "maxOrder": 33741, "kl": "", "ssdm": "23", "rs": 4, "zdx": 455.0, "ptx": 455.0, "zycc": "地方专项", "fsx": 455.0}, {"remarks": "", "schcode": "", "sex": "", "campus": "", "nf": "2020", "klmc": "理工", "ssmc": "黑龙江", "zylx": "地方专项", "zymc": "自然保护与环境生态类", "maxScore": 475.0, "minScore": 458.0, "avgScore": 465.8, "avgOrder": 35868, "minOrder": 38255, "maxOrder": 33141, "kl": "", "ssdm": "23", "rs": 4, "zdx": 455.0, "ptx": 455.0, "zycc": "地方专项", "fsx": 455.0}, {"remarks": "", "schcode": "", "sex": "", "campus": "", "nf": "2020", "klmc": "理工", "ssmc": "黑龙江", "zylx": "地方专项", "zymc": "动物科学", "maxScore": 466.0, "minScore": 461.0, "avgScore": 463.5, "avgOrder": 36437, "minOrder": 37318, "maxOrder": 35868, "kl": "", "ssdm": "23", "rs": 4, "zdx": 455.0, "ptx": 455.0, "zycc": "地方专项", "fsx": 455.0}, {"remarks": "", "schcode": "", "sex": "", "campus": "", "nf": "2020", "klmc": "理工", "ssmc": "黑龙江", "zylx": "地方专项", "zymc": "动物医学", "maxScore": 492.0, "minScore": 478.0, "avgScore": 484.0, "avgOrder": 30377, "minOrder": 32205, "maxOrder": 28172, "kl": "", "ssdm": "23", "rs": 4, "zdx": 455.0, "ptx": 455.0, "zycc": "地方专项", "fsx": 455.0}, {"remarks": "", "schcode": "", "sex": "", "campus": "", "nf": "2020", "klmc": "理工", "ssmc": "黑龙江", "zylx": "地方专项", "zymc": "机械类", "maxScore": 485.0, "minScore": 481.0, "avgScore": 482.8, "avgOrder": 30662, "minOrder": 31275, "maxOrder": 30091, "kl": "", "ssdm": "23", "rs": 4, "zdx": 455.0, "ptx": 455.0, "zycc": "地方专项", "fsx": 455.0}, {"remarks": "", "schcode": "", "sex": "", "campus": "", "nf": "2020", "klmc": "理工", "ssmc": "黑龙江", "zylx": "地方专项", "zymc": "能源动力类", "maxScore": 471.0, "minScore": 468.0, "avgScore": 469.8, "avgOrder": 34635, "minOrder": 35246, "maxOrder": 34345, "kl": "", "ssdm": "23", "rs": 4, "zdx": 455.0, "ptx": 455.0, "zycc": "地方专项", "fsx": 455.0}, {"remarks": "", "schcode": "", "sex": "", "campus": "", "nf": "2020", "klmc": "理工", "ssmc": "黑龙江", "zylx": "地方专项", "zymc": "工业工程类", "maxScore": 462.0, "minScore": 458.0, "avgScore": 460.5, "avgOrder": 37617, "minOrder": 38255, "maxOrder": 37029, "kl": "", "ssdm": "23", "rs": 4, "zdx": 455.0, "ptx": 455.0, "zycc": "地方专项", "fsx": 455.0}, {"remarks": "", "schcode": "", "sex": "", "campus": "", "nf": "2020", "klmc": "理工", "ssmc": "黑龙江", "zylx": "地方专项", "zymc": "电气工程及其自动化", "maxScore": 521.0, "minScore": 485.0, "avgScore": 509.5, "avgOrder": 23416, "minOrder": 30091, "maxOrder": 20639, "kl": "", "ssdm": "23", "rs": 4, "zdx": 455.0, "ptx": 455.0, "zycc": "地方专项", "fsx": 455.0}, {"remarks": "", "schcode": "", "sex": "", "campus": "", "nf": "2020", "klmc": "理工", "ssmc": "黑龙江", "zylx": "地方专项", "zymc": "计算机科学与技术", "maxScore": 530.0, "minScore": 505.0, "avgScore": 515.0, "avgOrder": 22175, "minOrder": 24695, "maxOrder": 18577, "kl": "", "ssdm": "23", "rs": 4, "zdx": 455.0, "ptx": 455.0, "zycc": "地方专项", "fsx": 455.0}, {"remarks": "", "schcode": "", "sex": "", "campus": "", "nf": "2020", "klmc": "理工", "ssmc": "黑龙江", "zylx": "地方专项", "zymc": "金融学类", "maxScore": 532.0, "minScore": 521.0, "avgScore": 526.0, "avgOrder": 19487, "minOrder": 20639, "maxOrder": 18127, "kl": "", "ssdm": "23", "rs": 4, "zdx": 455.0, "ptx": 455.0, "zycc": "地方专项", "fsx": 455.0}, {"remarks": "", "schcode": "", "sex": "", "campus": "", "nf": "2020", "klmc": "理工", "ssmc": "黑龙江", "zylx": "地方专项", "zymc": "工商管理类", "maxScore": 492.0, "minScore": 482.0, "avgScore": 485.2, "avgOrder": 30091, "minOrder": 30957, "maxOrder": 28172, "kl": "", "ssdm": "23", "rs": 4, "zdx": 455.0, "ptx": 455.0, "zycc": "地方专项", "fsx": 455.0}, {"remarks": "", "schcode": "", "sex": "", "campus": "", "nf": "2020", "klmc": "理工", "ssmc": "黑龙江", "zylx": "地方专项", "zymc": "生物科学类", "maxScore": 479.0, "minScore": 469.0, "avgScore": 472.0, "avgOrder": 34027, "minOrder": 34936, "maxOrder": 31894, "kl": "", "ssdm": "23", "rs": 4, "zdx": 455.0, "ptx": 455.0, "zycc": "地方专项", "fsx": 455.0}, {"remarks": "", "schcode": "", "sex": "", "campus": "", "nf": "2020", "klmc": "理工", "ssmc": "黑龙江", "zylx": "地方专项", "zymc": "生物工程类", "maxScore": 480.0, "minScore": 471.0, "avgScore": 475.5, "avgOrder": 32838, "minOrder": 34345, "maxOrder": 31570, "kl": "", "ssdm": "23", "rs": 4, "zdx": 455.0, "ptx": 455.0, "zycc": "地方专项", "fsx": 455.0}, {"remarks": "", "schcode": "", "sex": "", "campus": "", "nf": "2020", "klmc": "理工", "ssmc": "黑龙江", "zylx": "地方专项", "zymc": "食品科学与工程类", "maxScore": 496.0, "minScore": 481.0, "avgScore": 487.7, "avgOrder": 29274, "minOrder": 31275, "maxOrder": 27063, "kl": "", "ssdm": "23", "rs": 6, "zdx": 455.0, "ptx": 455.0, "zycc": "地方专项", "fsx": 455.0}, {"remarks": "", "schcode": "", "sex": "", "campus": "", "nf": "2020", "klmc": "理工", "ssmc": "黑龙江", "zylx": "地方专项", "zymc": "人文地理与城乡规划", "maxScore": 475.0, "minScore": 473.0, "avgScore": 474.0, "avgOrder": 33444, "minOrder": 33741, "maxOrder": 33141, "kl": "", "ssdm": "23", "rs": 2, "zdx": 455.0, "ptx": 455.0, "zycc": "地方专项", "fsx": 455.0}, {"remarks": "", "schcode": "", "sex": "", "campus": "", "nf": "2020", "klmc": "理工", "ssmc": "黑龙江", "zylx": "地方专项", "zymc": "土地资源管理", "maxScore": 464.0, "minScore": 462.0, "avgScore": 463.0, "avgOrder": 36755, "minOrder": 37029, "maxOrder": 36437, "kl": "", "ssdm": "23", "rs": 2, "zdx": 455.0, "ptx": 455.0, "zycc": "地方专项", "fsx": 455.0}, {"remarks": "", "schcode": "", "sex": "", "campus": "", "nf": "2020", "klmc": "理工", "ssmc": "黑龙江", "zylx": "地方专项", "zymc": "水利类", "maxScore": 494.0, "minScore": 471.0, "avgScore": 479.2, "avgOrder": 31894, "minOrder": 34345, "maxOrder": 27638, "kl": "", "ssdm": "23", "rs": 4, "zdx": 455.0, "ptx": 455.0, "zycc": "地方专项", "fsx": 455.0}, {"remarks": "", "schcode": "", "sex": "", "campus": "", "nf": "2020", "klmc": "理工", "ssmc": "黑龙江", "zylx": "地方专项", "zymc": "土木工程", "maxScore": 470.0, "minScore": 463.0, "avgScore": 467.3, "avgOrder": 35546, "minOrder": 36755, "maxOrder": 34635, "kl": "", "ssdm": "23", "rs": 3, "zdx": 455.0, "ptx": 455.0, "zycc": "地方专项", "fsx": 455.0}, {"remarks": "", "schcode": "", "sex": "", "campus": "", "nf": "2020", "klmc": "理工", "ssmc": "黑龙江", "zylx": "地方专项", "zymc": "工程管理", "maxScore": 488.0, "minScore": 472.0, "avgScore": 479.0, "avgOrder": 31894, "minOrder": 34027, "maxOrder": 29274, "kl": "", "ssdm": "23", "rs": 3, "zdx": 455.0, "ptx": 455.0, "zycc": "地方专项", "fsx": 455.0}, {"remarks": "", "schcode": "", "sex": "", "campus": "", "nf": "2020", "klmc": "理工", "ssmc": "黑龙江", "zylx": "地方专项", "zymc": "统计学类", "maxScore": 515.0, "minScore": 480.0, "avgScore": 490.0, "avgOrder": 28709, "minOrder": 31570, "maxOrder": 22175, "kl": "", "ssdm": "23", "rs": 4, "zdx": 455.0, "ptx": 455.0, "zycc": "地方专项", "fsx": 455.0}], "withYsl": false}, "jessionid": "be6fea6da6d947ea968a0aa03c8d00d3"}