{"state": 1, "msg": "操作成功", "data": {"zsSsgradeList": [{"remarks": "", "schcode": "", "sex": "", "campus": "", "nf": "2017", "klmc": "理工", "ssmc": "黑龙江", "zylx": "民族预科", "kl": "5", "ssdm": "23", "rs": 70, "zdx": 455.0, "ptx": 455.0, "minScore": 450.0, "minOrder": 26638, "avgScore": 464.6, "maxScore": 502.0, "maxOrder": 20105, "zycc": "民族预科", "fsx": 455.0}], "sszygradeList": [{"remarks": "", "schcode": "", "sex": "", "campus": "", "nf": "2017", "klmc": "理工", "ssmc": "黑龙江", "zylx": "民族预科", "zymc": "植物生产类（Ⅰ）", "maxScore": 459.0, "minScore": 450.0, "avgScore": 453.3, "kl": "", "ssdm": "23", "rs": 6, "zdx": 455.0, "ptx": 455.0, "zycc": "民族预科", "fsx": 455.0}, {"remarks": "", "schcode": "", "sex": "", "campus": "", "nf": "2017", "klmc": "理工", "ssmc": "黑龙江", "zylx": "民族预科", "zymc": "植物生产类（Ⅱ）", "maxScore": 471.0, "minScore": 452.0, "avgScore": 458.8, "kl": "", "ssdm": "23", "rs": 5, "zdx": 455.0, "ptx": 455.0, "zycc": "民族预科", "fsx": 455.0}, {"remarks": "", "schcode": "", "sex": "", "campus": "", "nf": "2017", "klmc": "理工", "ssmc": "黑龙江", "zylx": "民族预科", "zymc": "园林", "maxScore": 462.0, "minScore": 454.0, "avgScore": 458.7, "kl": "", "ssdm": "23", "rs": 3, "zdx": 455.0, "ptx": 455.0, "zycc": "民族预科", "fsx": 455.0}, {"remarks": "", "schcode": "", "sex": "", "campus": "", "nf": "2017", "klmc": "理工", "ssmc": "黑龙江", "zylx": "民族预科", "zymc": "环境科学与工程类", "maxScore": 476.0, "minScore": 453.0, "avgScore": 458.6, "minOrder": 26638, "maxOrder": 26638, "kl": "", "ssdm": "23", "rs": 5, "zdx": 455.0, "ptx": 455.0, "zycc": "民族预科", "fsx": 455.0}, {"remarks": "", "schcode": "", "sex": "", "campus": "", "nf": "2017", "klmc": "理工", "ssmc": "黑龙江", "zylx": "民族预科", "zymc": "动物科学", "maxScore": 461.0, "minScore": 451.0, "avgScore": 456.7, "kl": "", "ssdm": "23", "rs": 3, "zdx": 455.0, "ptx": 455.0, "zycc": "民族预科", "fsx": 455.0}, {"remarks": "", "schcode": "", "sex": "", "campus": "", "nf": "2017", "klmc": "理工", "ssmc": "黑龙江", "zylx": "民族预科", "zymc": "机械类（工学Ⅰ）", "maxScore": 480.0, "minScore": 461.0, "avgScore": 467.5, "minOrder": 25613, "maxOrder": 25613, "kl": "", "ssdm": "23", "rs": 6, "zdx": 455.0, "ptx": 455.0, "zycc": "民族预科", "fsx": 455.0}, {"remarks": "", "schcode": "", "sex": "", "campus": "", "nf": "2017", "klmc": "理工", "ssmc": "黑龙江", "zylx": "民族预科", "zymc": "电气类（工学Ⅲ）", "maxScore": 477.0, "minScore": 461.0, "avgScore": 469.0, "minOrder": 26368, "maxOrder": 26368, "kl": "", "ssdm": "23", "rs": 5, "zdx": 455.0, "ptx": 455.0, "zycc": "民族预科", "fsx": 455.0}, {"remarks": "", "schcode": "", "sex": "", "campus": "", "nf": "2017", "klmc": "理工", "ssmc": "黑龙江", "zylx": "民族预科", "zymc": "计算机类", "maxScore": 494.0, "minScore": 463.0, "avgScore": 474.2, "minOrder": 25613, "maxOrder": 22010, "kl": "", "ssdm": "23", "rs": 5, "zdx": 455.0, "ptx": 455.0, "zycc": "民族预科", "fsx": 455.0}, {"remarks": "", "schcode": "", "sex": "", "campus": "", "nf": "2017", "klmc": "理工", "ssmc": "黑龙江", "zylx": "民族预科", "zymc": "金融学类（经济学）", "maxScore": 487.0, "minScore": 464.0, "avgScore": 473.4, "minOrder": 26368, "maxOrder": 23750, "kl": "", "ssdm": "23", "rs": 8, "zdx": 455.0, "ptx": 455.0, "zycc": "民族预科", "fsx": 455.0}, {"remarks": "", "schcode": "", "sex": "", "campus": "", "nf": "2017", "klmc": "理工", "ssmc": "黑龙江", "zylx": "民族预科", "zymc": "生物工程类（工学Ⅳ）", "maxScore": 467.0, "minScore": 455.0, "avgScore": 460.6, "kl": "", "ssdm": "23", "rs": 5, "zdx": 455.0, "ptx": 455.0, "zycc": "民族预科", "fsx": 455.0}, {"remarks": "", "schcode": "", "sex": "", "campus": "", "nf": "2017", "klmc": "理工", "ssmc": "黑龙江", "zylx": "民族预科", "zymc": "食品科学与工程类", "maxScore": 502.0, "minScore": 462.0, "avgScore": 478.6, "avgOrder": 25849, "minOrder": 25849, "maxOrder": 20105, "kl": "", "ssdm": "23", "rs": 8, "zdx": 455.0, "ptx": 455.0, "zycc": "民族预科", "fsx": 455.0}, {"remarks": "", "schcode": "", "sex": "", "campus": "", "nf": "2017", "klmc": "理工", "ssmc": "黑龙江", "zylx": "民族预科", "zymc": "土地资源管理", "maxScore": 459.0, "minScore": 451.0, "avgScore": 454.3, "kl": "", "ssdm": "23", "rs": 3, "zdx": 455.0, "ptx": 455.0, "zycc": "民族预科", "fsx": 455.0}, {"remarks": "", "schcode": "", "sex": "", "campus": "", "nf": "2017", "klmc": "理工", "ssmc": "黑龙江", "zylx": "民族预科", "zymc": "水利类（工学Ⅴ）", "maxScore": 461.0, "minScore": 452.0, "avgScore": 456.4, "kl": "", "ssdm": "23", "rs": 5, "zdx": 455.0, "ptx": 455.0, "zycc": "民族预科", "fsx": 455.0}, {"remarks": "", "schcode": "", "sex": "", "campus": "", "nf": "2017", "klmc": "理工", "ssmc": "黑龙江", "zylx": "民族预科", "zymc": "应用化学", "maxScore": 463.0, "minScore": 460.0, "avgScore": 461.3, "kl": "", "ssdm": "23", "rs": 3, "zdx": 455.0, "ptx": 455.0, "zycc": "民族预科", "fsx": 455.0}], "withYsl": false}, "jessionid": "be6fea6da6d947ea968a0aa03c8d00d3"}