{"state": 1, "msg": "操作成功", "data": {"zsSsgradeList": [{"remarks": "", "schcode": "", "sex": "", "campus": "", "nf": "2019", "klmc": "理工", "ssmc": "黑龙江", "zylx": "普通类", "kl": "5", "ssdm": "23", "rs": 2945, "zdx": 477.0, "ptx": 477.0, "minScore": 519.0, "minOrder": 24391, "avgScore": 539.4, "avgOrder": 18870, "maxScore": 587.0, "maxOrder": 8109, "zycc": "普通类", "fsx": 477.0}], "sszygradeList": [{"remarks": "", "schcode": "", "sex": "", "campus": "", "nf": "2019", "klmc": "理工", "ssmc": "黑龙江", "zylx": "普通类", "zymc": "农学", "maxScore": 552.0, "minScore": 519.0, "avgScore": 527.0, "avgOrder": 22171, "minOrder": 24391, "maxOrder": 15525, "kl": "", "ssdm": "23", "rs": 132, "zdx": 477.0, "ptx": 477.0, "zycc": "普通类", "fsx": 477.0}, {"remarks": "", "schcode": "", "sex": "", "campus": "", "nf": "2019", "klmc": "理工", "ssmc": "黑龙江", "zylx": "普通类", "zymc": "农学（本硕博班）", "maxScore": 572.0, "minScore": 558.0, "avgScore": 561.5, "avgOrder": 13228, "minOrder": 14137, "maxOrder": 11025, "kl": "", "ssdm": "23", "rs": 14, "zdx": 477.0, "ptx": 477.0, "zycc": "普通类", "fsx": 477.0}, {"remarks": "", "schcode": "", "sex": "", "campus": "", "nf": "2019", "klmc": "理工", "ssmc": "黑龙江", "zylx": "普通类", "zymc": "植物保护", "maxScore": 541.0, "minScore": 519.0, "avgScore": 528.6, "avgOrder": 21637, "minOrder": 24391, "maxOrder": 18347, "kl": "", "ssdm": "23", "rs": 118, "zdx": 477.0, "ptx": 477.0, "zycc": "普通类", "fsx": 477.0}, {"remarks": "", "schcode": "", "sex": "", "campus": "", "nf": "2019", "klmc": "理工", "ssmc": "黑龙江", "zylx": "普通类", "zymc": "植物科学与技术", "maxScore": 538.0, "minScore": 519.0, "avgScore": 524.5, "avgOrder": 23018, "minOrder": 24391, "maxOrder": 19120, "kl": "", "ssdm": "23", "rs": 45, "zdx": 477.0, "ptx": 477.0, "zycc": "普通类", "fsx": 477.0}, {"remarks": "", "schcode": "", "sex": "", "campus": "", "nf": "2019", "klmc": "理工", "ssmc": "黑龙江", "zylx": "普通类", "zymc": "种子科学与工程", "maxScore": 537.0, "minScore": 519.0, "avgScore": 524.3, "avgOrder": 23018, "minOrder": 24391, "maxOrder": 19409, "kl": "", "ssdm": "23", "rs": 70, "zdx": 477.0, "ptx": 477.0, "zycc": "普通类", "fsx": 477.0}, {"remarks": "", "schcode": "", "sex": "", "campus": "", "nf": "2019", "klmc": "理工", "ssmc": "黑龙江", "zylx": "普通类", "zymc": "风景园林", "maxScore": 562.0, "minScore": 538.0, "avgScore": 546.4, "avgOrder": 17044, "minOrder": 19120, "maxOrder": 13228, "kl": "", "ssdm": "23", "rs": 41, "zdx": 477.0, "ptx": 477.0, "zycc": "普通类", "fsx": 477.0}, {"remarks": "", "schcode": "", "sex": "", "campus": "", "nf": "2019", "klmc": "理工", "ssmc": "黑龙江", "zylx": "普通类", "zymc": "园艺", "maxScore": 552.0, "minScore": 527.0, "avgScore": 532.6, "avgOrder": 20489, "minOrder": 22171, "maxOrder": 15525, "kl": "", "ssdm": "23", "rs": 47, "zdx": 477.0, "ptx": 477.0, "zycc": "普通类", "fsx": 477.0}, {"remarks": "", "schcode": "", "sex": "", "campus": "", "nf": "2019", "klmc": "理工", "ssmc": "黑龙江", "zylx": "普通类", "zymc": "园艺（本硕博班）", "maxScore": 566.0, "minScore": 557.0, "avgScore": 560.4, "avgOrder": 13691, "minOrder": 14359, "maxOrder": 12307, "kl": "", "ssdm": "23", "rs": 9, "zdx": 477.0, "ptx": 477.0, "zycc": "普通类", "fsx": 477.0}, {"remarks": "", "schcode": "", "sex": "", "campus": "", "nf": "2019", "klmc": "理工", "ssmc": "黑龙江", "zylx": "普通类", "zymc": "设施农业科学与工程", "maxScore": 545.0, "minScore": 519.0, "avgScore": 524.3, "avgOrder": 23018, "minOrder": 24391, "maxOrder": 17321, "kl": "", "ssdm": "23", "rs": 58, "zdx": 477.0, "ptx": 477.0, "zycc": "普通类", "fsx": 477.0}, {"remarks": "", "schcode": "", "sex": "", "campus": "", "nf": "2019", "klmc": "理工", "ssmc": "黑龙江", "zylx": "普通类", "zymc": "园林", "maxScore": 548.0, "minScore": 532.0, "avgScore": 535.7, "avgOrder": 19683, "minOrder": 20777, "maxOrder": 16518, "kl": "", "ssdm": "23", "rs": 44, "zdx": 477.0, "ptx": 477.0, "zycc": "普通类", "fsx": 477.0}, {"remarks": "", "schcode": "", "sex": "", "campus": "", "nf": "2019", "klmc": "理工", "ssmc": "黑龙江", "zylx": "普通类", "zymc": "应用气象学", "maxScore": 553.0, "minScore": 537.0, "avgScore": 542.8, "avgOrder": 17821, "minOrder": 19409, "maxOrder": 15272, "kl": "", "ssdm": "23", "rs": 22, "zdx": 477.0, "ptx": 477.0, "zycc": "普通类", "fsx": 477.0}, {"remarks": "", "schcode": "", "sex": "", "campus": "", "nf": "2019", "klmc": "理工", "ssmc": "黑龙江", "zylx": "普通类", "zymc": "生态学", "maxScore": 553.0, "minScore": 523.0, "avgScore": 529.1, "avgOrder": 21637, "minOrder": 23291, "maxOrder": 15272, "kl": "", "ssdm": "23", "rs": 37, "zdx": 477.0, "ptx": 477.0, "zycc": "普通类", "fsx": 477.0}, {"remarks": "", "schcode": "", "sex": "", "campus": "", "nf": "2019", "klmc": "理工", "ssmc": "黑龙江", "zylx": "普通类", "zymc": "环境科学与工程类", "maxScore": 552.0, "minScore": 530.0, "avgScore": 534.8, "avgOrder": 19945, "minOrder": 21359, "maxOrder": 15525, "kl": "", "ssdm": "23", "rs": 57, "zdx": 477.0, "ptx": 477.0, "zycc": "普通类", "fsx": 477.0}, {"remarks": "", "schcode": "", "sex": "", "campus": "", "nf": "2019", "klmc": "理工", "ssmc": "黑龙江", "zylx": "普通类", "zymc": "自然保护与环境生态类", "maxScore": 547.0, "minScore": 519.0, "avgScore": 524.5, "avgOrder": 22751, "minOrder": 24391, "maxOrder": 16780, "kl": "", "ssdm": "23", "rs": 99, "zdx": 477.0, "ptx": 477.0, "zycc": "普通类", "fsx": 477.0}, {"remarks": "", "schcode": "", "sex": "", "campus": "", "nf": "2019", "klmc": "理工", "ssmc": "黑龙江", "zylx": "普通类", "zymc": "农业资源与环境（本硕博班）", "maxScore": 561.0, "minScore": 556.0, "avgScore": 557.4, "avgOrder": 14359, "minOrder": 14599, "maxOrder": 13461, "kl": "", "ssdm": "23", "rs": 10, "zdx": 477.0, "ptx": 477.0, "zycc": "普通类", "fsx": 477.0}, {"remarks": "", "schcode": "", "sex": "", "campus": "", "nf": "2019", "klmc": "理工", "ssmc": "黑龙江", "zylx": "普通类", "zymc": "动物科学", "maxScore": 551.0, "minScore": 521.0, "avgScore": 527.5, "avgOrder": 21889, "minOrder": 23848, "maxOrder": 15788, "kl": "", "ssdm": "23", "rs": 88, "zdx": 477.0, "ptx": 477.0, "zycc": "普通类", "fsx": 477.0}, {"remarks": "", "schcode": "", "sex": "", "campus": "", "nf": "2019", "klmc": "理工", "ssmc": "黑龙江", "zylx": "普通类", "zymc": "动物科学（本硕博班）", "maxScore": 585.0, "minScore": 555.0, "avgScore": 560.7, "avgOrder": 13461, "minOrder": 14818, "maxOrder": 8478, "kl": "", "ssdm": "23", "rs": 16, "zdx": 477.0, "ptx": 477.0, "zycc": "普通类", "fsx": 477.0}, {"remarks": "", "schcode": "", "sex": "", "campus": "", "nf": "2019", "klmc": "理工", "ssmc": "黑龙江", "zylx": "普通类", "zymc": "水产养殖学", "maxScore": 536.0, "minScore": 519.0, "avgScore": 520.8, "avgOrder": 23848, "minOrder": 24391, "maxOrder": 19683, "kl": "", "ssdm": "23", "rs": 42, "zdx": 477.0, "ptx": 477.0, "zycc": "普通类", "fsx": 477.0}, {"remarks": "", "schcode": "", "sex": "", "campus": "", "nf": "2019", "klmc": "理工", "ssmc": "黑龙江", "zylx": "普通类", "zymc": "草业科学", "maxScore": 533.0, "minScore": 519.0, "avgScore": 522.1, "avgOrder": 23558, "minOrder": 24391, "maxOrder": 20489, "kl": "", "ssdm": "23", "rs": 18, "zdx": 477.0, "ptx": 477.0, "zycc": "普通类", "fsx": 477.0}, {"remarks": "", "schcode": "", "sex": "", "campus": "", "nf": "2019", "klmc": "理工", "ssmc": "黑龙江", "zylx": "普通类", "zymc": "动物医学", "maxScore": 560.0, "minScore": 536.0, "avgScore": 544.9, "avgOrder": 17321, "minOrder": 19683, "maxOrder": 13691, "kl": "", "ssdm": "23", "rs": 73, "zdx": 477.0, "ptx": 477.0, "zycc": "普通类", "fsx": 477.0}, {"remarks": "", "schcode": "", "sex": "", "campus": "", "nf": "2019", "klmc": "理工", "ssmc": "黑龙江", "zylx": "普通类", "zymc": "动物医学（本硕博班）", "maxScore": 587.0, "minScore": 561.0, "avgScore": 567.4, "avgOrder": 12102, "minOrder": 13461, "maxOrder": 8109, "kl": "", "ssdm": "23", "rs": 16, "zdx": 477.0, "ptx": 477.0, "zycc": "普通类", "fsx": 477.0}, {"remarks": "", "schcode": "", "sex": "", "campus": "", "nf": "2019", "klmc": "理工", "ssmc": "黑龙江", "zylx": "普通类", "zymc": "动物药学", "maxScore": 564.0, "minScore": 526.0, "avgScore": 532.9, "avgOrder": 20489, "minOrder": 22472, "maxOrder": 12732, "kl": "", "ssdm": "23", "rs": 34, "zdx": 477.0, "ptx": 477.0, "zycc": "普通类", "fsx": 477.0}, {"remarks": "", "schcode": "", "sex": "", "campus": "", "nf": "2019", "klmc": "理工", "ssmc": "黑龙江", "zylx": "普通类", "zymc": "机械类", "maxScore": 561.0, "minScore": 539.0, "avgScore": 545.3, "avgOrder": 17321, "minOrder": 18870, "maxOrder": 13461, "kl": "", "ssdm": "23", "rs": 188, "zdx": 477.0, "ptx": 477.0, "zycc": "普通类", "fsx": 477.0}, {"remarks": "", "schcode": "", "sex": "", "campus": "", "nf": "2019", "klmc": "理工", "ssmc": "黑龙江", "zylx": "普通类", "zymc": "农业机械化及其自动化（本硕博班）", "maxScore": 586.0, "minScore": 563.0, "avgScore": 571.1, "avgOrder": 11228, "minOrder": 12969, "maxOrder": 8308, "kl": "", "ssdm": "23", "rs": 14, "zdx": 477.0, "ptx": 477.0, "zycc": "普通类", "fsx": 477.0}, {"remarks": "", "schcode": "", "sex": "", "campus": "", "nf": "2019", "klmc": "理工", "ssmc": "黑龙江", "zylx": "普通类", "zymc": "能源动力类", "maxScore": 557.0, "minScore": 539.0, "avgScore": 544.8, "avgOrder": 17321, "minOrder": 18870, "maxOrder": 14359, "kl": "", "ssdm": "23", "rs": 52, "zdx": 477.0, "ptx": 477.0, "zycc": "普通类", "fsx": 477.0}, {"remarks": "", "schcode": "", "sex": "", "campus": "", "nf": "2019", "klmc": "理工", "ssmc": "黑龙江", "zylx": "普通类", "zymc": "工业工程类", "maxScore": 547.0, "minScore": 531.0, "avgScore": 535.3, "avgOrder": 19945, "minOrder": 21070, "maxOrder": 16780, "kl": "", "ssdm": "23", "rs": 53, "zdx": 477.0, "ptx": 477.0, "zycc": "普通类", "fsx": 477.0}, {"remarks": "", "schcode": "", "sex": "", "campus": "", "nf": "2019", "klmc": "理工", "ssmc": "黑龙江", "zylx": "普通类", "zymc": "电气工程及其自动化", "maxScore": 586.0, "minScore": 553.0, "avgScore": 559.2, "avgOrder": 13930, "minOrder": 15272, "maxOrder": 8308, "kl": "", "ssdm": "23", "rs": 40, "zdx": 477.0, "ptx": 477.0, "zycc": "普通类", "fsx": 477.0}, {"remarks": "", "schcode": "", "sex": "", "campus": "", "nf": "2019", "klmc": "理工", "ssmc": "黑龙江", "zylx": "普通类", "zymc": "计算机科学与技术", "maxScore": 578.0, "minScore": 554.0, "avgScore": 559.0, "avgOrder": 13930, "minOrder": 15047, "maxOrder": 9831, "kl": "", "ssdm": "23", "rs": 96, "zdx": 477.0, "ptx": 477.0, "zycc": "普通类", "fsx": 477.0}, {"remarks": "", "schcode": "", "sex": "", "campus": "", "nf": "2019", "klmc": "理工", "ssmc": "黑龙江", "zylx": "普通类", "zymc": "软件工程", "maxScore": 565.0, "minScore": 548.0, "avgScore": 552.3, "avgOrder": 15525, "minOrder": 16518, "maxOrder": 12518, "kl": "", "ssdm": "23", "rs": 64, "zdx": 477.0, "ptx": 477.0, "zycc": "普通类", "fsx": 477.0}, {"remarks": "", "schcode": "", "sex": "", "campus": "", "nf": "2019", "klmc": "理工", "ssmc": "黑龙江", "zylx": "普通类", "zymc": "物联网工程", "maxScore": 565.0, "minScore": 548.0, "avgScore": 553.8, "avgOrder": 15047, "minOrder": 16518, "maxOrder": 12518, "kl": "", "ssdm": "23", "rs": 40, "zdx": 477.0, "ptx": 477.0, "zycc": "普通类", "fsx": 477.0}, {"remarks": "", "schcode": "", "sex": "", "campus": "", "nf": "2019", "klmc": "理工", "ssmc": "黑龙江", "zylx": "普通类", "zymc": "农业电气化", "maxScore": 553.0, "minScore": 543.0, "avgScore": 547.2, "avgOrder": 16780, "minOrder": 17821, "maxOrder": 15272, "kl": "", "ssdm": "23", "rs": 12, "zdx": 477.0, "ptx": 477.0, "zycc": "普通类", "fsx": 477.0}, {"remarks": "", "schcode": "", "sex": "", "campus": "", "nf": "2019", "klmc": "理工", "ssmc": "黑龙江", "zylx": "普通类", "zymc": "金融学类", "maxScore": 577.0, "minScore": 548.0, "avgScore": 554.3, "avgOrder": 15047, "minOrder": 16518, "maxOrder": 10025, "kl": "", "ssdm": "23", "rs": 103, "zdx": 477.0, "ptx": 477.0, "zycc": "普通类", "fsx": 477.0}, {"remarks": "", "schcode": "", "sex": "", "campus": "", "nf": "2019", "klmc": "理工", "ssmc": "黑龙江", "zylx": "普通类", "zymc": "工商管理类", "maxScore": 569.0, "minScore": 543.0, "avgScore": 548.5, "avgOrder": 16518, "minOrder": 17821, "maxOrder": 11645, "kl": "", "ssdm": "23", "rs": 101, "zdx": 477.0, "ptx": 477.0, "zycc": "普通类", "fsx": 477.0}, {"remarks": "", "schcode": "", "sex": "", "campus": "", "nf": "2019", "klmc": "理工", "ssmc": "黑龙江", "zylx": "普通类", "zymc": "农林经济管理", "maxScore": 559.0, "minScore": 544.0, "avgScore": 547.7, "avgOrder": 16518, "minOrder": 17585, "maxOrder": 13930, "kl": "", "ssdm": "23", "rs": 21, "zdx": 477.0, "ptx": 477.0, "zycc": "普通类", "fsx": 477.0}, {"remarks": "", "schcode": "", "sex": "", "campus": "", "nf": "2019", "klmc": "理工", "ssmc": "黑龙江", "zylx": "普通类", "zymc": "农林经济管理（本硕博班）", "maxScore": 566.0, "minScore": 563.0, "avgScore": 563.9, "avgOrder": 12732, "minOrder": 12969, "maxOrder": 12307, "kl": "", "ssdm": "23", "rs": 7, "zdx": 477.0, "ptx": 477.0, "zycc": "普通类", "fsx": 477.0}, {"remarks": "", "schcode": "", "sex": "", "campus": "", "nf": "2019", "klmc": "理工", "ssmc": "黑龙江", "zylx": "普通类", "zymc": "生物科学类", "maxScore": 561.0, "minScore": 531.0, "avgScore": 539.6, "avgOrder": 18608, "minOrder": 21070, "maxOrder": 13461, "kl": "", "ssdm": "23", "rs": 97, "zdx": 477.0, "ptx": 477.0, "zycc": "普通类", "fsx": 477.0}, {"remarks": "", "schcode": "", "sex": "", "campus": "", "nf": "2019", "klmc": "理工", "ssmc": "黑龙江", "zylx": "普通类", "zymc": "生物科学（本硕博班）", "maxScore": 585.0, "minScore": 562.0, "avgScore": 568.9, "avgOrder": 11645, "minOrder": 13228, "maxOrder": 8478, "kl": "", "ssdm": "23", "rs": 18, "zdx": 477.0, "ptx": 477.0, "zycc": "普通类", "fsx": 477.0}, {"remarks": "", "schcode": "", "sex": "", "campus": "", "nf": "2019", "klmc": "理工", "ssmc": "黑龙江", "zylx": "普通类", "zymc": "生物工程类", "maxScore": 551.0, "minScore": 525.0, "avgScore": 530.9, "avgOrder": 21070, "minOrder": 22751, "maxOrder": 15788, "kl": "", "ssdm": "23", "rs": 98, "zdx": 477.0, "ptx": 477.0, "zycc": "普通类", "fsx": 477.0}, {"remarks": "", "schcode": "", "sex": "", "campus": "", "nf": "2019", "klmc": "理工", "ssmc": "黑龙江", "zylx": "普通类", "zymc": "食品科学与工程类", "maxScore": 567.0, "minScore": 537.0, "avgScore": 544.6, "avgOrder": 17321, "minOrder": 19409, "maxOrder": 12102, "kl": "", "ssdm": "23", "rs": 228, "zdx": 477.0, "ptx": 477.0, "zycc": "普通类", "fsx": 477.0}, {"remarks": "", "schcode": "", "sex": "", "campus": "", "nf": "2019", "klmc": "理工", "ssmc": "黑龙江", "zylx": "普通类", "zymc": "食品科学与工程（本硕博班）", "maxScore": 587.0, "minScore": 567.0, "avgScore": 572.3, "avgOrder": 11025, "minOrder": 12102, "maxOrder": 8109, "kl": "", "ssdm": "23", "rs": 15, "zdx": 477.0, "ptx": 477.0, "zycc": "普通类", "fsx": 477.0}, {"remarks": "", "schcode": "", "sex": "", "campus": "", "nf": "2019", "klmc": "理工", "ssmc": "黑龙江", "zylx": "普通类", "zymc": "法学类", "maxScore": 559.0, "minScore": 542.0, "avgScore": 547.5, "avgOrder": 16518, "minOrder": 18088, "maxOrder": 13930, "kl": "", "ssdm": "23", "rs": 26, "zdx": 477.0, "ptx": 477.0, "zycc": "普通类", "fsx": 477.0}, {"remarks": "", "schcode": "", "sex": "", "campus": "", "nf": "2019", "klmc": "理工", "ssmc": "黑龙江", "zylx": "普通类", "zymc": "人文地理与城乡规划", "maxScore": 542.0, "minScore": 528.0, "avgScore": 533.2, "avgOrder": 20489, "minOrder": 21889, "maxOrder": 18088, "kl": "", "ssdm": "23", "rs": 28, "zdx": 477.0, "ptx": 477.0, "zycc": "普通类", "fsx": 477.0}, {"remarks": "", "schcode": "", "sex": "", "campus": "", "nf": "2019", "klmc": "理工", "ssmc": "黑龙江", "zylx": "普通类", "zymc": "土地整治工程", "maxScore": 543.0, "minScore": 519.0, "avgScore": 528.2, "avgOrder": 21889, "minOrder": 24391, "maxOrder": 17821, "kl": "", "ssdm": "23", "rs": 38, "zdx": 477.0, "ptx": 477.0, "zycc": "普通类", "fsx": 477.0}, {"remarks": "", "schcode": "", "sex": "", "campus": "", "nf": "2019", "klmc": "理工", "ssmc": "黑龙江", "zylx": "普通类", "zymc": "行政管理", "maxScore": 546.0, "minScore": 538.0, "avgScore": 540.4, "avgOrder": 18608, "minOrder": 19120, "maxOrder": 17044, "kl": "", "ssdm": "23", "rs": 15, "zdx": 477.0, "ptx": 477.0, "zycc": "普通类", "fsx": 477.0}, {"remarks": "", "schcode": "", "sex": "", "campus": "", "nf": "2019", "klmc": "理工", "ssmc": "黑龙江", "zylx": "普通类", "zymc": "土地资源管理", "maxScore": 554.0, "minScore": 529.0, "avgScore": 533.9, "avgOrder": 20210, "minOrder": 21637, "maxOrder": 15047, "kl": "", "ssdm": "23", "rs": 58, "zdx": 477.0, "ptx": 477.0, "zycc": "普通类", "fsx": 477.0}, {"remarks": "", "schcode": "", "sex": "", "campus": "", "nf": "2019", "klmc": "理工", "ssmc": "黑龙江", "zylx": "普通类", "zymc": "水利类", "maxScore": 559.0, "minScore": 526.0, "avgScore": 532.2, "avgOrder": 20777, "minOrder": 22472, "maxOrder": 13930, "kl": "", "ssdm": "23", "rs": 148, "zdx": 477.0, "ptx": 477.0, "zycc": "普通类", "fsx": 477.0}, {"remarks": "", "schcode": "", "sex": "", "campus": "", "nf": "2019", "klmc": "理工", "ssmc": "黑龙江", "zylx": "普通类", "zymc": "土木工程", "maxScore": 552.0, "minScore": 532.0, "avgScore": 536.7, "avgOrder": 19409, "minOrder": 20777, "maxOrder": 15525, "kl": "", "ssdm": "23", "rs": 69, "zdx": 477.0, "ptx": 477.0, "zycc": "普通类", "fsx": 477.0}, {"remarks": "", "schcode": "", "sex": "", "campus": "", "nf": "2019", "klmc": "理工", "ssmc": "黑龙江", "zylx": "普通类", "zymc": "工程管理", "maxScore": 545.0, "minScore": 526.0, "avgScore": 533.6, "avgOrder": 20210, "minOrder": 22472, "maxOrder": 17321, "kl": "", "ssdm": "23", "rs": 67, "zdx": 477.0, "ptx": 477.0, "zycc": "普通类", "fsx": 477.0}, {"remarks": "", "schcode": "", "sex": "", "campus": "", "nf": "2019", "klmc": "理工", "ssmc": "黑龙江", "zylx": "普通类", "zymc": "统计学类", "maxScore": 576.0, "minScore": 545.0, "avgScore": 549.0, "avgOrder": 16274, "minOrder": 17321, "maxOrder": 10215, "kl": "", "ssdm": "23", "rs": 41, "zdx": 477.0, "ptx": 477.0, "zycc": "普通类", "fsx": 477.0}, {"remarks": "", "schcode": "", "sex": "", "campus": "", "nf": "2019", "klmc": "理工", "ssmc": "黑龙江", "zylx": "普通类", "zymc": "英语", "maxScore": 562.0, "minScore": 554.0, "avgScore": 556.2, "avgOrder": 14599, "minOrder": 15047, "maxOrder": 13228, "kl": "", "ssdm": "23", "rs": 9, "zdx": 477.0, "ptx": 477.0, "zycc": "普通类", "fsx": 477.0}, {"remarks": "", "schcode": "", "sex": "", "campus": "", "nf": "2019", "klmc": "理工", "ssmc": "黑龙江", "zylx": "普通类", "zymc": "俄语", "maxScore": 555.0, "minScore": 526.0, "avgScore": 533.9, "avgOrder": 20210, "minOrder": 22472, "maxOrder": 14818, "kl": "", "ssdm": "23", "rs": 21, "zdx": 477.0, "ptx": 477.0, "zycc": "普通类", "fsx": 477.0}, {"remarks": "", "schcode": "", "sex": "", "campus": "", "nf": "2019", "klmc": "理工", "ssmc": "黑龙江", "zylx": "普通类", "zymc": "应用化学", "maxScore": 553.0, "minScore": 535.0, "avgScore": 540.9, "avgOrder": 18347, "minOrder": 19945, "maxOrder": 15272, "kl": "", "ssdm": "23", "rs": 38, "zdx": 477.0, "ptx": 477.0, "zycc": "普通类", "fsx": 477.0}, {"remarks": "", "schcode": "", "sex": "", "campus": "", "nf": "2019", "klmc": "理工", "ssmc": "黑龙江", "zylx": "普通类", "zymc": "化学生物学", "maxScore": 555.0, "minScore": 530.0, "avgScore": 536.4, "avgOrder": 19683, "minOrder": 21359, "maxOrder": 14818, "kl": "", "ssdm": "23", "rs": 31, "zdx": 477.0, "ptx": 477.0, "zycc": "普通类", "fsx": 477.0}, {"remarks": "", "schcode": "", "sex": "", "campus": "", "nf": "2019", "klmc": "理工", "ssmc": "黑龙江", "zylx": "普通类", "zymc": "汉语国际教育", "maxScore": 564.0, "minScore": 537.0, "avgScore": 545.7, "avgOrder": 17044, "minOrder": 19409, "maxOrder": 12732, "kl": "", "ssdm": "23", "rs": 19, "zdx": 477.0, "ptx": 477.0, "zycc": "普通类", "fsx": 477.0}], "withYsl": false}, "jessionid": "be6fea6da6d947ea968a0aa03c8d00d3"}