{"state": 1, "msg": "操作成功", "data": {"zsSsgradeList": [{"remarks": "", "schcode": "", "sex": "", "campus": "", "nf": "2020", "klmc": "文史", "ssmc": "湖北", "zylx": "国家专项", "kl": "1", "ssdm": "42", "rs": 2, "zdx": 531.0, "ptx": 531.0, "minScore": 569.0, "minOrder": 4773, "avgScore": 569.5, "avgOrder": 4641, "maxScore": 570.0, "maxOrder": 4641, "zycc": "国家专项", "fsx": 531.0}], "sszygradeList": [{"remarks": "", "schcode": "", "sex": "", "campus": "", "nf": "2020", "klmc": "文史", "ssmc": "湖北", "zylx": "国家专项", "zymc": "工商管理类", "maxScore": 570.0, "minScore": 569.0, "avgScore": 569.5, "avgOrder": 4641, "minOrder": 4773, "maxOrder": 4641, "kl": "", "ssdm": "42", "rs": 2, "zdx": 531.0, "ptx": 531.0, "zycc": "国家专项", "fsx": 531.0}], "withYsl": false}, "jessionid": "be6fea6da6d947ea968a0aa03c8d00d3"}