{"state": 1, "msg": "操作成功", "data": {"zsSsgradeList": [{"remarks": "", "schcode": "", "sex": "", "campus": "", "nf": "2019", "klmc": "理工", "ssmc": "辽宁", "zylx": "普通类", "kl": "5", "ssdm": "21", "rs": 115, "zdx": 369.0, "ptx": 369.0, "minScore": 557.0, "minOrder": 22445, "avgScore": 562.3, "avgOrder": 20689, "maxScore": 577.0, "maxOrder": 15773, "zycc": "普通类", "fsx": 369.0}], "sszygradeList": [{"remarks": "", "schcode": "", "sex": "", "campus": "", "nf": "2019", "klmc": "理工", "ssmc": "辽宁", "zylx": "普通类", "zymc": "农学", "maxScore": 572.0, "minScore": 564.0, "avgScore": 566.2, "avgOrder": 19342, "minOrder": 20017, "maxOrder": 17321, "kl": "", "ssdm": "21", "rs": 4, "zdx": 369.0, "ptx": 369.0, "zycc": "普通类", "fsx": 369.0}, {"remarks": "", "schcode": "", "sex": "", "campus": "", "nf": "2019", "klmc": "理工", "ssmc": "辽宁", "zylx": "普通类", "zymc": "农学（本硕博班）", "maxScore": 574.0, "minScore": 570.0, "avgScore": 572.0, "avgOrder": 17321, "minOrder": 17963, "maxOrder": 16725, "kl": "", "ssdm": "21", "rs": 2, "zdx": 369.0, "ptx": 369.0, "zycc": "普通类", "fsx": 369.0}, {"remarks": "", "schcode": "", "sex": "", "campus": "", "nf": "2019", "klmc": "理工", "ssmc": "辽宁", "zylx": "普通类", "zymc": "植物保护", "maxScore": 561.0, "minScore": 558.0, "avgScore": 559.7, "avgOrder": 21373, "minOrder": 22065, "maxOrder": 21023, "kl": "", "ssdm": "21", "rs": 3, "zdx": 369.0, "ptx": 369.0, "zycc": "普通类", "fsx": 369.0}, {"remarks": "", "schcode": "", "sex": "", "campus": "", "nf": "2019", "klmc": "理工", "ssmc": "辽宁", "zylx": "普通类", "zymc": "植物科学与技术", "maxScore": 559.0, "minScore": 558.0, "avgScore": 558.5, "avgOrder": 21706, "minOrder": 22065, "maxOrder": 21706, "kl": "", "ssdm": "21", "rs": 2, "zdx": 369.0, "ptx": 369.0, "zycc": "普通类", "fsx": 369.0}, {"remarks": "", "schcode": "", "sex": "", "campus": "", "nf": "2019", "klmc": "理工", "ssmc": "辽宁", "zylx": "普通类", "zymc": "种子科学与工程", "maxScore": 559.0, "minScore": 558.0, "avgScore": 558.3, "avgOrder": 22065, "minOrder": 22065, "maxOrder": 21706, "kl": "", "ssdm": "21", "rs": 3, "zdx": 369.0, "ptx": 369.0, "zycc": "普通类", "fsx": 369.0}, {"remarks": "", "schcode": "", "sex": "", "campus": "", "nf": "2019", "klmc": "理工", "ssmc": "辽宁", "zylx": "普通类", "zymc": "风景园林", "maxScore": 565.0, "minScore": 561.0, "avgScore": 562.7, "avgOrder": 20337, "minOrder": 21023, "maxOrder": 19658, "kl": "", "ssdm": "21", "rs": 3, "zdx": 369.0, "ptx": 369.0, "zycc": "普通类", "fsx": 369.0}, {"remarks": "", "schcode": "", "sex": "", "campus": "", "nf": "2019", "klmc": "理工", "ssmc": "辽宁", "zylx": "普通类", "zymc": "园艺", "maxScore": 561.0, "minScore": 559.0, "avgScore": 560.0, "avgOrder": 21373, "minOrder": 21706, "maxOrder": 21023, "kl": "", "ssdm": "21", "rs": 2, "zdx": 369.0, "ptx": 369.0, "zycc": "普通类", "fsx": 369.0}, {"remarks": "", "schcode": "", "sex": "", "campus": "", "nf": "2019", "klmc": "理工", "ssmc": "辽宁", "zylx": "普通类", "zymc": "设施农业科学与工程", "maxScore": 559.0, "minScore": 557.0, "avgScore": 558.0, "avgOrder": 22065, "minOrder": 22445, "maxOrder": 21706, "kl": "", "ssdm": "21", "rs": 2, "zdx": 369.0, "ptx": 369.0, "zycc": "普通类", "fsx": 369.0}, {"remarks": "", "schcode": "", "sex": "", "campus": "", "nf": "2019", "klmc": "理工", "ssmc": "辽宁", "zylx": "普通类", "zymc": "应用气象学", "maxScore": 572.0, "minScore": 561.0, "avgScore": 566.0, "avgOrder": 19342, "minOrder": 21023, "maxOrder": 17321, "kl": "", "ssdm": "21", "rs": 3, "zdx": 369.0, "ptx": 369.0, "zycc": "普通类", "fsx": 369.0}, {"remarks": "", "schcode": "", "sex": "", "campus": "", "nf": "2019", "klmc": "理工", "ssmc": "辽宁", "zylx": "普通类", "zymc": "生态学", "maxScore": 559.0, "minScore": 557.0, "avgScore": 558.0, "avgOrder": 22065, "minOrder": 22445, "maxOrder": 21706, "kl": "", "ssdm": "21", "rs": 2, "zdx": 369.0, "ptx": 369.0, "zycc": "普通类", "fsx": 369.0}, {"remarks": "", "schcode": "", "sex": "", "campus": "", "nf": "2019", "klmc": "理工", "ssmc": "辽宁", "zylx": "普通类", "zymc": "环境科学与工程类", "maxScore": 566.0, "minScore": 558.0, "avgScore": 560.8, "avgOrder": 21023, "minOrder": 22065, "maxOrder": 19342, "kl": "", "ssdm": "21", "rs": 4, "zdx": 369.0, "ptx": 369.0, "zycc": "普通类", "fsx": 369.0}, {"remarks": "", "schcode": "", "sex": "", "campus": "", "nf": "2019", "klmc": "理工", "ssmc": "辽宁", "zylx": "普通类", "zymc": "自然保护与环境生态类", "maxScore": 562.0, "minScore": 559.0, "avgScore": 560.0, "avgOrder": 21373, "minOrder": 21706, "maxOrder": 20689, "kl": "", "ssdm": "21", "rs": 4, "zdx": 369.0, "ptx": 369.0, "zycc": "普通类", "fsx": 369.0}, {"remarks": "", "schcode": "", "sex": "", "campus": "", "nf": "2019", "klmc": "理工", "ssmc": "辽宁", "zylx": "普通类", "zymc": "动物科学", "maxScore": 571.0, "minScore": 557.0, "avgScore": 562.2, "avgOrder": 20689, "minOrder": 22445, "maxOrder": 17656, "kl": "", "ssdm": "21", "rs": 4, "zdx": 369.0, "ptx": 369.0, "zycc": "普通类", "fsx": 369.0}, {"remarks": "", "schcode": "", "sex": "", "campus": "", "nf": "2019", "klmc": "理工", "ssmc": "辽宁", "zylx": "普通类", "zymc": "水产养殖学", "maxScore": 561.0, "minScore": 557.0, "avgScore": 558.7, "avgOrder": 21706, "minOrder": 22445, "maxOrder": 21023, "kl": "", "ssdm": "21", "rs": 3, "zdx": 369.0, "ptx": 369.0, "zycc": "普通类", "fsx": 369.0}, {"remarks": "", "schcode": "", "sex": "", "campus": "", "nf": "2019", "klmc": "理工", "ssmc": "辽宁", "zylx": "普通类", "zymc": "草业科学", "maxScore": 559.0, "minScore": 557.0, "avgScore": 558.0, "avgOrder": 22065, "minOrder": 22445, "maxOrder": 21706, "kl": "", "ssdm": "21", "rs": 2, "zdx": 369.0, "ptx": 369.0, "zycc": "普通类", "fsx": 369.0}, {"remarks": "", "schcode": "", "sex": "", "campus": "", "nf": "2019", "klmc": "理工", "ssmc": "辽宁", "zylx": "普通类", "zymc": "动物医学", "maxScore": 572.0, "minScore": 567.0, "avgScore": 570.0, "avgOrder": 17963, "minOrder": 18997, "maxOrder": 17321, "kl": "", "ssdm": "21", "rs": 3, "zdx": 369.0, "ptx": 369.0, "zycc": "普通类", "fsx": 369.0}, {"remarks": "", "schcode": "", "sex": "", "campus": "", "nf": "2019", "klmc": "理工", "ssmc": "辽宁", "zylx": "普通类", "zymc": "机械类", "maxScore": 571.0, "minScore": 561.0, "avgScore": 563.7, "avgOrder": 20017, "minOrder": 21023, "maxOrder": 17656, "kl": "", "ssdm": "21", "rs": 7, "zdx": 369.0, "ptx": 369.0, "zycc": "普通类", "fsx": 369.0}, {"remarks": "", "schcode": "", "sex": "", "campus": "", "nf": "2019", "klmc": "理工", "ssmc": "辽宁", "zylx": "普通类", "zymc": "农业机械化及其自动化（本硕博班）", "maxScore": 577.0, "minScore": 572.0, "avgScore": 574.5, "avgOrder": 16435, "minOrder": 17321, "maxOrder": 15773, "kl": "", "ssdm": "21", "rs": 2, "zdx": 369.0, "ptx": 369.0, "zycc": "普通类", "fsx": 369.0}, {"remarks": "", "schcode": "", "sex": "", "campus": "", "nf": "2019", "klmc": "理工", "ssmc": "辽宁", "zylx": "普通类", "zymc": "能源动力类", "maxScore": 565.0, "minScore": 563.0, "avgScore": 564.0, "avgOrder": 20017, "minOrder": 20337, "maxOrder": 19658, "kl": "", "ssdm": "21", "rs": 2, "zdx": 369.0, "ptx": 369.0, "zycc": "普通类", "fsx": 369.0}, {"remarks": "", "schcode": "", "sex": "", "campus": "", "nf": "2019", "klmc": "理工", "ssmc": "辽宁", "zylx": "普通类", "zymc": "电气工程及其自动化", "maxScore": 571.0, "minScore": 571.0, "avgScore": 571.0, "avgOrder": 17656, "minOrder": 17656, "maxOrder": 17656, "kl": "", "ssdm": "21", "rs": 3, "zdx": 369.0, "ptx": 369.0, "zycc": "普通类", "fsx": 369.0}, {"remarks": "", "schcode": "", "sex": "", "campus": "", "nf": "2019", "klmc": "理工", "ssmc": "辽宁", "zylx": "普通类", "zymc": "计算机科学与技术", "maxScore": 572.0, "minScore": 571.0, "avgScore": 571.5, "avgOrder": 17321, "minOrder": 17656, "maxOrder": 17321, "kl": "", "ssdm": "21", "rs": 2, "zdx": 369.0, "ptx": 369.0, "zycc": "普通类", "fsx": 369.0}, {"remarks": "", "schcode": "", "sex": "", "campus": "", "nf": "2019", "klmc": "理工", "ssmc": "辽宁", "zylx": "普通类", "zymc": "软件工程", "maxScore": 566.0, "minScore": 563.0, "avgScore": 564.5, "avgOrder": 19658, "minOrder": 20337, "maxOrder": 19342, "kl": "", "ssdm": "21", "rs": 2, "zdx": 369.0, "ptx": 369.0, "zycc": "普通类", "fsx": 369.0}, {"remarks": "", "schcode": "", "sex": "", "campus": "", "nf": "2019", "klmc": "理工", "ssmc": "辽宁", "zylx": "普通类", "zymc": "物联网工程", "maxScore": 567.0, "minScore": 563.0, "avgScore": 565.0, "avgOrder": 19658, "minOrder": 20337, "maxOrder": 18997, "kl": "", "ssdm": "21", "rs": 3, "zdx": 369.0, "ptx": 369.0, "zycc": "普通类", "fsx": 369.0}, {"remarks": "", "schcode": "", "sex": "", "campus": "", "nf": "2019", "klmc": "理工", "ssmc": "辽宁", "zylx": "普通类", "zymc": "农业电气化", "maxScore": 563.0, "minScore": 558.0, "avgScore": 560.5, "avgOrder": 21023, "minOrder": 22065, "maxOrder": 20337, "kl": "", "ssdm": "21", "rs": 2, "zdx": 369.0, "ptx": 369.0, "zycc": "普通类", "fsx": 369.0}, {"remarks": "", "schcode": "", "sex": "", "campus": "", "nf": "2019", "klmc": "理工", "ssmc": "辽宁", "zylx": "普通类", "zymc": "金融学类", "maxScore": 567.0, "minScore": 561.0, "avgScore": 563.4, "avgOrder": 20337, "minOrder": 21023, "maxOrder": 18997, "kl": "", "ssdm": "21", "rs": 8, "zdx": 369.0, "ptx": 369.0, "zycc": "普通类", "fsx": 369.0}, {"remarks": "", "schcode": "", "sex": "", "campus": "", "nf": "2019", "klmc": "理工", "ssmc": "辽宁", "zylx": "普通类", "zymc": "生物科学类", "maxScore": 567.0, "minScore": 560.0, "avgScore": 562.3, "avgOrder": 20689, "minOrder": 21373, "maxOrder": 18997, "kl": "", "ssdm": "21", "rs": 3, "zdx": 369.0, "ptx": 369.0, "zycc": "普通类", "fsx": 369.0}, {"remarks": "", "schcode": "", "sex": "", "campus": "", "nf": "2019", "klmc": "理工", "ssmc": "辽宁", "zylx": "普通类", "zymc": "生物工程类", "maxScore": 566.0, "minScore": 560.0, "avgScore": 562.7, "avgOrder": 20337, "minOrder": 21373, "maxOrder": 19342, "kl": "", "ssdm": "21", "rs": 3, "zdx": 369.0, "ptx": 369.0, "zycc": "普通类", "fsx": 369.0}, {"remarks": "", "schcode": "", "sex": "", "campus": "", "nf": "2019", "klmc": "理工", "ssmc": "辽宁", "zylx": "普通类", "zymc": "食品科学与工程类", "maxScore": 566.0, "minScore": 558.0, "avgScore": 560.0, "avgOrder": 21373, "minOrder": 22065, "maxOrder": 19342, "kl": "", "ssdm": "21", "rs": 8, "zdx": 369.0, "ptx": 369.0, "zycc": "普通类", "fsx": 369.0}, {"remarks": "", "schcode": "", "sex": "", "campus": "", "nf": "2019", "klmc": "理工", "ssmc": "辽宁", "zylx": "普通类", "zymc": "人文地理与城乡规划", "maxScore": 559.0, "minScore": 557.0, "avgScore": 558.0, "avgOrder": 22065, "minOrder": 22445, "maxOrder": 21706, "kl": "", "ssdm": "21", "rs": 2, "zdx": 369.0, "ptx": 369.0, "zycc": "普通类", "fsx": 369.0}, {"remarks": "", "schcode": "", "sex": "", "campus": "", "nf": "2019", "klmc": "理工", "ssmc": "辽宁", "zylx": "普通类", "zymc": "土地整治工程", "maxScore": 558.0, "minScore": 558.0, "avgScore": 558.0, "avgOrder": 22065, "minOrder": 22065, "maxOrder": 22065, "kl": "", "ssdm": "21", "rs": 2, "zdx": 369.0, "ptx": 369.0, "zycc": "普通类", "fsx": 369.0}, {"remarks": "", "schcode": "", "sex": "", "campus": "", "nf": "2019", "klmc": "理工", "ssmc": "辽宁", "zylx": "普通类", "zymc": "土地资源管理", "maxScore": 559.0, "minScore": 557.0, "avgScore": 558.0, "avgOrder": 22065, "minOrder": 22445, "maxOrder": 21706, "kl": "", "ssdm": "21", "rs": 2, "zdx": 369.0, "ptx": 369.0, "zycc": "普通类", "fsx": 369.0}, {"remarks": "", "schcode": "", "sex": "", "campus": "", "nf": "2019", "klmc": "理工", "ssmc": "辽宁", "zylx": "普通类", "zymc": "水利类", "maxScore": 568.0, "minScore": 561.0, "avgScore": 563.0, "avgOrder": 20337, "minOrder": 21023, "maxOrder": 18640, "kl": "", "ssdm": "21", "rs": 4, "zdx": 369.0, "ptx": 369.0, "zycc": "普通类", "fsx": 369.0}, {"remarks": "", "schcode": "", "sex": "", "campus": "", "nf": "2019", "klmc": "理工", "ssmc": "辽宁", "zylx": "普通类", "zymc": "土木工程", "maxScore": 561.0, "minScore": 560.0, "avgScore": 560.5, "avgOrder": 21023, "minOrder": 21373, "maxOrder": 21023, "kl": "", "ssdm": "21", "rs": 2, "zdx": 369.0, "ptx": 369.0, "zycc": "普通类", "fsx": 369.0}, {"remarks": "", "schcode": "", "sex": "", "campus": "", "nf": "2019", "klmc": "理工", "ssmc": "辽宁", "zylx": "普通类", "zymc": "工程管理", "maxScore": 559.0, "minScore": 557.0, "avgScore": 558.0, "avgOrder": 22065, "minOrder": 22445, "maxOrder": 21706, "kl": "", "ssdm": "21", "rs": 3, "zdx": 369.0, "ptx": 369.0, "zycc": "普通类", "fsx": 369.0}, {"remarks": "", "schcode": "", "sex": "", "campus": "", "nf": "2019", "klmc": "理工", "ssmc": "辽宁", "zylx": "普通类", "zymc": "统计学类", "maxScore": 561.0, "minScore": 560.0, "avgScore": 560.7, "avgOrder": 21023, "minOrder": 21373, "maxOrder": 21023, "kl": "", "ssdm": "21", "rs": 3, "zdx": 369.0, "ptx": 369.0, "zycc": "普通类", "fsx": 369.0}, {"remarks": "", "schcode": "", "sex": "", "campus": "", "nf": "2019", "klmc": "理工", "ssmc": "辽宁", "zylx": "普通类", "zymc": "俄语", "maxScore": 561.0, "minScore": 559.0, "avgScore": 560.0, "avgOrder": 21373, "minOrder": 21706, "maxOrder": 21023, "kl": "", "ssdm": "21", "rs": 3, "zdx": 369.0, "ptx": 369.0, "zycc": "普通类", "fsx": 369.0}, {"remarks": "", "schcode": "", "sex": "", "campus": "", "nf": "2019", "klmc": "理工", "ssmc": "辽宁", "zylx": "普通类", "zymc": "化学生物学", "maxScore": 560.0, "minScore": 557.0, "avgScore": 558.3, "avgOrder": 22065, "minOrder": 22445, "maxOrder": 21373, "kl": "", "ssdm": "21", "rs": 3, "zdx": 369.0, "ptx": 369.0, "zycc": "普通类", "fsx": 369.0}], "withYsl": false}, "jessionid": "be6fea6da6d947ea968a0aa03c8d00d3"}