{"state": 1, "msg": "操作成功", "data": {"zsSsgradeList": [{"remarks": "", "schcode": "", "sex": "", "campus": "", "nf": "2020", "klmc": "理工", "ssmc": "安徽", "zylx": "国家专项", "kl": "5", "ssdm": "34", "rs": 11, "zdx": 515.0, "ptx": 515.0, "minScore": 586.0, "minOrder": 29794, "avgScore": 590.2, "avgOrder": 27439, "maxScore": 600.0, "maxOrder": 22036, "zycc": "国家专项", "fsx": 515.0}], "sszygradeList": [{"remarks": "", "schcode": "", "sex": "", "campus": "", "nf": "2020", "klmc": "理工", "ssmc": "安徽", "zylx": "国家专项", "zymc": "农学", "maxScore": 584.0, "minScore": 584.0, "avgScore": 584.0, "avgOrder": 30966, "minOrder": 30966, "maxOrder": 30966, "kl": "", "ssdm": "34", "rs": 1, "zdx": 515.0, "ptx": 515.0, "zycc": "国家专项", "fsx": 515.0}, {"remarks": "", "schcode": "", "sex": "", "campus": "", "nf": "2020", "klmc": "理工", "ssmc": "安徽", "zylx": "国家专项", "zymc": "风景园林", "maxScore": 585.0, "minScore": 584.0, "avgScore": 584.5, "avgOrder": 30966, "minOrder": 30966, "maxOrder": 30386, "kl": "", "ssdm": "34", "rs": 2, "zdx": 515.0, "ptx": 515.0, "zycc": "国家专项", "fsx": 515.0}, {"remarks": "", "schcode": "", "sex": "", "campus": "", "nf": "2020", "klmc": "理工", "ssmc": "安徽", "zylx": "国家专项", "zymc": "设施农业科学与工程", "maxScore": 587.0, "minScore": 586.0, "avgScore": 586.5, "avgOrder": 29794, "minOrder": 29794, "maxOrder": 29180, "kl": "", "ssdm": "34", "rs": 2, "zdx": 515.0, "ptx": 515.0, "zycc": "国家专项", "fsx": 515.0}, {"remarks": "", "schcode": "", "sex": "", "campus": "", "nf": "2020", "klmc": "理工", "ssmc": "安徽", "zylx": "国家专项", "zymc": "计算机科学与技术", "maxScore": 600.0, "minScore": 596.0, "avgScore": 598.0, "avgOrder": 23097, "minOrder": 24199, "maxOrder": 22036, "kl": "", "ssdm": "34", "rs": 2, "zdx": 515.0, "ptx": 515.0, "zycc": "国家专项", "fsx": 515.0}, {"remarks": "", "schcode": "", "sex": "", "campus": "", "nf": "2020", "klmc": "理工", "ssmc": "安徽", "zylx": "国家专项", "zymc": "农业电气化", "maxScore": 587.0, "minScore": 587.0, "avgScore": 587.0, "avgOrder": 29180, "minOrder": 29180, "maxOrder": 29180, "kl": "", "ssdm": "34", "rs": 2, "zdx": 515.0, "ptx": 515.0, "zycc": "国家专项", "fsx": 515.0}, {"remarks": "", "schcode": "", "sex": "", "campus": "", "nf": "2020", "klmc": "理工", "ssmc": "安徽", "zylx": "国家专项", "zymc": "金融学类", "maxScore": 597.0, "minScore": 590.0, "avgScore": 593.5, "avgOrder": 25235, "minOrder": 27439, "maxOrder": 23641, "kl": "", "ssdm": "34", "rs": 2, "zdx": 515.0, "ptx": 515.0, "zycc": "国家专项", "fsx": 515.0}, {"remarks": "", "schcode": "", "sex": "", "campus": "", "nf": "2020", "klmc": "理工", "ssmc": "安徽", "zylx": "国家专项", "zymc": "应用化学", "maxScore": 588.0, "minScore": 586.0, "avgScore": 587.0, "avgOrder": 29180, "minOrder": 29794, "maxOrder": 28602, "kl": "", "ssdm": "34", "rs": 2, "zdx": 515.0, "ptx": 515.0, "zycc": "国家专项", "fsx": 515.0}], "withYsl": false}, "jessionid": "be6fea6da6d947ea968a0aa03c8d00d3"}