{"state": 1, "msg": "操作成功", "data": {"zsSsgradeList": [{"remarks": "", "schcode": "", "sex": "", "campus": "", "nf": "2018", "klmc": "理工", "ssmc": "甘肃", "zylx": "国家专项", "kl": "5", "ssdm": "62", "rs": 7, "zdx": 483.0, "ptx": 483.0, "minScore": 525.0, "avgScore": 528.1, "maxScore": 533.0, "zycc": "国家专项", "fsx": 483.0}], "sszygradeList": [{"remarks": "", "schcode": "", "sex": "", "campus": "", "nf": "2018", "klmc": "理工", "ssmc": "甘肃", "zylx": "国家专项", "zymc": "植物保护", "maxScore": 533.0, "minScore": 525.0, "avgScore": 529.0, "kl": "", "ssdm": "62", "rs": 2, "zdx": 483.0, "ptx": 483.0, "zycc": "国家专项", "fsx": 483.0}, {"remarks": "", "schcode": "", "sex": "", "campus": "", "nf": "2018", "klmc": "理工", "ssmc": "甘肃", "zylx": "国家专项", "zymc": "风景园林", "maxScore": 525.0, "minScore": 525.0, "avgScore": 525.0, "kl": "", "ssdm": "62", "rs": 1, "zdx": 483.0, "ptx": 483.0, "zycc": "国家专项", "fsx": 483.0}, {"remarks": "", "schcode": "", "sex": "", "campus": "", "nf": "2018", "klmc": "理工", "ssmc": "甘肃", "zylx": "国家专项", "zymc": "机械类", "maxScore": 532.0, "minScore": 528.0, "avgScore": 530.0, "kl": "", "ssdm": "62", "rs": 2, "zdx": 483.0, "ptx": 483.0, "zycc": "国家专项", "fsx": 483.0}, {"remarks": "", "schcode": "", "sex": "", "campus": "", "nf": "2018", "klmc": "理工", "ssmc": "甘肃", "zylx": "国家专项", "zymc": "金融学类", "maxScore": 528.0, "minScore": 526.0, "avgScore": 527.0, "kl": "", "ssdm": "62", "rs": 2, "zdx": 483.0, "ptx": 483.0, "zycc": "国家专项", "fsx": 483.0}], "withYsl": false}, "jessionid": "be6fea6da6d947ea968a0aa03c8d00d3"}