{
  "state": 1,
  "msg": "操作成功",
  "data": {
    "zsSsgradeList": [
      {
        "remarks": "",
        "schcode": "",
        "sex": "",
        "campus": "",
        "nf": "2017",
        "klmc": "综合改革",
        "ssmc": "上海",
        "zylx": "普通类",
        "kl": "Z",
        "ssdm": "31",
        "rs": 5,
        "zdx": 402.0,
        "ptx": 402.0,
        "minScore": 447.0,
        "minOrder": 27226,
        "avgScore": 459.2,
        "avgOrder": 24472,
        "maxScore": 478.0,
        "maxOrder": 20019,
        "zycc": "普通类",
        "fsx": 402.0
      }
    ],
    "sszygradeList": [
      {
        "remarks": "",
        "schcode": "",
        "sex": "",
        "campus": "",
        "nf": "2017",
        "klmc": "综合改革",
        "ssmc": "上海",
        "zylx": "普通类",
        "zymc": "金融学类（经济学）",
        "maxScore": 469.0,
        "minScore": 469.0,
        "avgScore": 469.0,
        "avgOrder": 22153,
        "minOrder": 22153,
        "maxOrder": 22153,
        "kl": "",
        "ssdm": "31",
        "rs": 1,
        "zdx": 402.0,
        "ptx": 402.0,
        "zycc": "普通类",
        "fsx": 402.0
      },
      {
        "remarks": "",
        "schcode": "",
        "sex": "",
        "campus": "",
        "nf": "2017",
        "klmc": "综合改革",
        "ssmc": "上海",
        "zylx": "普通类",
        "zymc": "工商管理类（管理学Ⅱ）",
        "maxScore": 450.0,
        "minScore": 450.0,
        "avgScore": 450.0,
        "avgOrder": 26550,
        "minOrder": 26550,
        "maxOrder": 26550,
        "kl": "",
        "ssdm": "31",
        "rs": 1,
        "zdx": 402.0,
        "ptx": 402.0,
        "zycc": "普通类",
        "fsx": 402.0
      },
      {
        "remarks": "",
        "schcode": "",
        "sex": "",
        "campus": "",
        "nf": "2017",
        "klmc": "综合改革",
        "ssmc": "上海",
        "zylx": "普通类",
        "zymc": "食品科学与工程类",
        "maxScore": 478.0,
        "minScore": 452.0,
        "avgScore": 465.0,
        "avgOrder": 23079,
        "minOrder": 26066,
        "maxOrder": 20019,
        "kl": "",
        "ssdm": "31",
        "rs": 2,
        "zdx": 402.0,
        "ptx": 402.0,
        "zycc": "普通类",
        "fsx": 402.0
      },
      {
        "remarks": "",
        "schcode": "",
        "sex": "",
        "campus": "",
        "nf": "2017",
        "klmc": "综合改革",
        "ssmc": "上海",
        "zylx": "普通类",
        "zymc": "土木工程",
        "maxScore": 447.0,
        "minScore": 447.0,
        "avgScore": 447.0,
        "avgOrder": 27226,
        "minOrder": 27226,
        "maxOrder": 27226,
        "kl": "",
        "ssdm": "31",
        "rs": 1,
        "zdx": 402.0,
        "ptx": 402.0,
        "zycc": "普通类",
        "fsx": 402.0
      }
    ],
    "withYsl": false
  },
  "jessionid": "be6fea6da6d947ea968a0aa03c8d00d3"
}