{"state": 1, "msg": "操作成功", "data": {"zsSsgradeList": [{"remarks": "", "schcode": "", "sex": "", "campus": "", "nf": "2017", "klmc": "文史", "ssmc": "福建", "zylx": "普通类", "kl": "1", "ssdm": "35", "rs": 4, "zdx": 489.0, "ptx": 489.0, "minScore": 515.0, "avgScore": 519.2, "maxScore": 524.0, "zycc": "普通类", "fsx": 489.0}], "sszygradeList": [{"remarks": "", "schcode": "", "sex": "", "campus": "", "nf": "2017", "klmc": "文史", "ssmc": "福建", "zylx": "普通类", "zymc": "工商管理类（管理学Ⅱ）", "maxScore": 524.0, "minScore": 519.0, "avgScore": 521.5, "kl": "", "ssdm": "35", "rs": 2, "zdx": 489.0, "ptx": 489.0, "zycc": "普通类", "fsx": 489.0}, {"remarks": "", "schcode": "", "sex": "", "campus": "", "nf": "2017", "klmc": "文史", "ssmc": "福建", "zylx": "普通类", "zymc": "法学类（法学）", "maxScore": 519.0, "minScore": 515.0, "avgScore": 517.0, "kl": "", "ssdm": "35", "rs": 2, "zdx": 489.0, "ptx": 489.0, "zycc": "普通类", "fsx": 489.0}], "withYsl": false}, "jessionid": "be6fea6da6d947ea968a0aa03c8d00d3"}