{"state": 1, "msg": "操作成功", "data": {"zsSsgradeList": [{"remarks": "", "schcode": "", "sex": "", "campus": "", "nf": "2020", "klmc": "理工", "ssmc": "重庆", "zylx": "国家专项", "kl": "5", "ssdm": "50", "rs": 5, "zdx": 500.0, "ptx": 500.0, "minScore": 529.0, "minOrder": 28910, "avgScore": 537.6, "avgOrder": 25363, "maxScore": 545.0, "maxOrder": 22733, "zycc": "国家专项", "fsx": 500.0}], "sszygradeList": [{"remarks": "", "schcode": "", "sex": "", "campus": "", "nf": "2020", "klmc": "理工", "ssmc": "重庆", "zylx": "国家专项", "zymc": "动物科学", "maxScore": 545.0, "minScore": 545.0, "avgScore": 545.0, "avgOrder": 22733, "minOrder": 22733, "maxOrder": 22733, "kl": "", "ssdm": "50", "rs": 1, "zdx": 500.0, "ptx": 500.0, "zycc": "国家专项", "fsx": 500.0}, {"remarks": "", "schcode": "", "sex": "", "campus": "", "nf": "2020", "klmc": "理工", "ssmc": "重庆", "zylx": "国家专项", "zymc": "金融学类", "maxScore": 544.0, "minScore": 538.0, "avgScore": 541.0, "avgOrder": 24261, "minOrder": 25363, "maxOrder": 23104, "kl": "", "ssdm": "50", "rs": 2, "zdx": 500.0, "ptx": 500.0, "zycc": "国家专项", "fsx": 500.0}, {"remarks": "", "schcode": "", "sex": "", "campus": "", "nf": "2020", "klmc": "理工", "ssmc": "重庆", "zylx": "国家专项", "zymc": "水利类", "maxScore": 532.0, "minScore": 529.0, "avgScore": 530.5, "avgOrder": 28493, "minOrder": 28910, "maxOrder": 27726, "kl": "", "ssdm": "50", "rs": 2, "zdx": 500.0, "ptx": 500.0, "zycc": "国家专项", "fsx": 500.0}], "withYsl": false}, "jessionid": "be6fea6da6d947ea968a0aa03c8d00d3"}