{"state": 1, "msg": "操作成功", "data": {"zsSsgradeList": [{"remarks": "", "schcode": "", "sex": "", "campus": "", "nf": "2018", "klmc": "理工", "ssmc": "陕西", "zylx": "普通类", "kl": "5", "ssdm": "61", "rs": 35, "zdx": 474.0, "ptx": 474.0, "minScore": 522.0, "minOrder": 29355, "avgScore": 529.8, "avgOrder": 26276, "maxScore": 548.0, "maxOrder": 20328, "zycc": "普通类", "fsx": 474.0}], "sszygradeList": [{"remarks": "", "schcode": "", "sex": "", "campus": "", "nf": "2018", "klmc": "理工", "ssmc": "陕西", "zylx": "普通类", "zymc": "农学", "maxScore": 536.0, "minScore": 532.0, "avgScore": 533.3, "avgOrder": 25185, "minOrder": 25545, "maxOrder": 24142, "kl": "", "ssdm": "61", "rs": 3, "zdx": 474.0, "ptx": 474.0, "zycc": "普通类", "fsx": 474.0}, {"remarks": "", "schcode": "", "sex": "", "campus": "", "nf": "2018", "klmc": "理工", "ssmc": "陕西", "zylx": "普通类", "zymc": "应用气象学", "maxScore": 548.0, "minScore": 522.0, "avgScore": 531.7, "avgOrder": 25545, "minOrder": 29355, "maxOrder": 20328, "kl": "", "ssdm": "61", "rs": 3, "zdx": 474.0, "ptx": 474.0, "zycc": "普通类", "fsx": 474.0}, {"remarks": "", "schcode": "", "sex": "", "campus": "", "nf": "2018", "klmc": "理工", "ssmc": "陕西", "zylx": "普通类", "zymc": "动物科学", "maxScore": 531.0, "minScore": 492.0, "avgScore": 516.8, "avgOrder": 31365, "minOrder": 43211, "maxOrder": 25894, "kl": "", "ssdm": "61", "rs": 4, "zdx": 474.0, "ptx": 474.0, "zycc": "普通类", "fsx": 474.0}, {"remarks": "", "schcode": "", "sex": "", "campus": "", "nf": "2018", "klmc": "理工", "ssmc": "陕西", "zylx": "普通类", "zymc": "机械类", "maxScore": 542.0, "minScore": 524.0, "avgScore": 530.4, "avgOrder": 26276, "minOrder": 28530, "maxOrder": 22185, "kl": "", "ssdm": "61", "rs": 5, "zdx": 474.0, "ptx": 474.0, "zycc": "普通类", "fsx": 474.0}, {"remarks": "", "schcode": "", "sex": "", "campus": "", "nf": "2018", "klmc": "理工", "ssmc": "陕西", "zylx": "普通类", "zymc": "工业工程类", "maxScore": 523.0, "minScore": 523.0, "avgScore": 523.0, "avgOrder": 28934, "minOrder": 28934, "maxOrder": 28934, "kl": "", "ssdm": "61", "rs": 2, "zdx": 474.0, "ptx": 474.0, "zycc": "普通类", "fsx": 474.0}, {"remarks": "", "schcode": "", "sex": "", "campus": "", "nf": "2018", "klmc": "理工", "ssmc": "陕西", "zylx": "普通类", "zymc": "电气工程及其自动化", "maxScore": 533.0, "minScore": 529.0, "avgScore": 531.0, "avgOrder": 25894, "minOrder": 26669, "maxOrder": 25185, "kl": "", "ssdm": "61", "rs": 2, "zdx": 474.0, "ptx": 474.0, "zycc": "普通类", "fsx": 474.0}, {"remarks": "", "schcode": "", "sex": "", "campus": "", "nf": "2018", "klmc": "理工", "ssmc": "陕西", "zylx": "普通类", "zymc": "计算机类", "maxScore": 533.0, "minScore": 531.0, "avgScore": 532.0, "avgOrder": 25545, "minOrder": 25894, "maxOrder": 25185, "kl": "", "ssdm": "61", "rs": 2, "zdx": 474.0, "ptx": 474.0, "zycc": "普通类", "fsx": 474.0}, {"remarks": "", "schcode": "", "sex": "", "campus": "", "nf": "2018", "klmc": "理工", "ssmc": "陕西", "zylx": "普通类", "zymc": "金融学类", "maxScore": 542.0, "minScore": 529.0, "avgScore": 533.2, "avgOrder": 25185, "minOrder": 26669, "maxOrder": 22185, "kl": "", "ssdm": "61", "rs": 4, "zdx": 474.0, "ptx": 474.0, "zycc": "普通类", "fsx": 474.0}, {"remarks": "", "schcode": "", "sex": "", "campus": "", "nf": "2018", "klmc": "理工", "ssmc": "陕西", "zylx": "普通类", "zymc": "生物科学类", "maxScore": 535.0, "minScore": 529.0, "avgScore": 532.0, "avgOrder": 25545, "minOrder": 26669, "maxOrder": 24501, "kl": "", "ssdm": "61", "rs": 2, "zdx": 474.0, "ptx": 474.0, "zycc": "普通类", "fsx": 474.0}, {"remarks": "", "schcode": "", "sex": "", "campus": "", "nf": "2018", "klmc": "理工", "ssmc": "陕西", "zylx": "普通类", "zymc": "生物工程类", "maxScore": 526.0, "minScore": 525.0, "avgScore": 525.5, "avgOrder": 27787, "minOrder": 28162, "maxOrder": 27787, "kl": "", "ssdm": "61", "rs": 2, "zdx": 474.0, "ptx": 474.0, "zycc": "普通类", "fsx": 474.0}, {"remarks": "", "schcode": "", "sex": "", "campus": "", "nf": "2018", "klmc": "理工", "ssmc": "陕西", "zylx": "普通类", "zymc": "食品科学与工程类", "maxScore": 530.0, "minScore": 530.0, "avgScore": 530.0, "avgOrder": 26276, "minOrder": 26276, "maxOrder": 26276, "kl": "", "ssdm": "61", "rs": 3, "zdx": 474.0, "ptx": 474.0, "zycc": "普通类", "fsx": 474.0}, {"remarks": "", "schcode": "", "sex": "", "campus": "", "nf": "2018", "klmc": "理工", "ssmc": "陕西", "zylx": "普通类", "zymc": "水利类", "maxScore": 528.0, "minScore": 528.0, "avgScore": 528.0, "avgOrder": 27056, "minOrder": 27056, "maxOrder": 27056, "kl": "", "ssdm": "61", "rs": 2, "zdx": 474.0, "ptx": 474.0, "zycc": "普通类", "fsx": 474.0}, {"remarks": "", "schcode": "", "sex": "", "campus": "", "nf": "2018", "klmc": "理工", "ssmc": "陕西", "zylx": "普通类", "zymc": "工程管理", "maxScore": 529.0, "minScore": 527.0, "avgScore": 528.0, "avgOrder": 27056, "minOrder": 27430, "maxOrder": 26669, "kl": "", "ssdm": "61", "rs": 2, "zdx": 474.0, "ptx": 474.0, "zycc": "普通类", "fsx": 474.0}], "withYsl": false}, "jessionid": "be6fea6da6d947ea968a0aa03c8d00d3"}