{"state": 1, "msg": "操作成功", "data": {"zsSsgradeList": [{"remarks": "详见分专业录取情况", "schcode": "", "sex": "", "campus": "", "nf": "2020", "klmc": "艺术(理)", "ssmc": "黑龙江", "zylx": "艺术批", "kl": "7", "ssdm": "23", "rs": 3, "zycc": "艺术批"}], "sszygradeList": [{"remarks": "文化课成绩", "schcode": "", "sex": "", "campus": "", "nf": "2020", "klmc": "艺术(理)", "ssmc": "黑龙江", "zylx": "艺术批", "zymc": "广播电视编导", "maxScore": 458.0, "minScore": 437.0, "avgScore": 446.0, "kl": "", "ssdm": "23", "rs": 3, "zycc": "艺术批"}, {"remarks": "综合分", "schcode": "", "sex": "", "campus": "", "nf": "2020", "klmc": "艺术(理)", "ssmc": "黑龙江", "zylx": "艺术批", "zymc": "视觉传达设计", "maxScore": 509.0, "minScore": 500.0, "avgScore": 504.5, "kl": "", "ssdm": "23", "zydm": "", "rs": 2, "zycc": "艺术批"}, {"remarks": "综合分", "schcode": "", "sex": "", "campus": "", "nf": "2020", "klmc": "艺术(理)", "ssmc": "黑龙江", "zylx": "艺术批", "zymc": "环境设计", "maxScore": 506.0, "minScore": 501.0, "avgScore": 503.5, "kl": "", "ssdm": "23", "zydm": "", "rs": 2, "zycc": "艺术批"}], "withYsl": false}, "jessionid": "be6fea6da6d947ea968a0aa03c8d00d3"}