{"state": 1, "msg": "操作成功", "data": {"zsSsgradeList": [{"remarks": "", "schcode": "", "sex": "", "campus": "", "nf": "2020", "klmc": "文史", "ssmc": "江西", "zylx": "普通类", "kl": "1", "ssdm": "36", "rs": 6, "zdx": 547.0, "ptx": 547.0, "minScore": 570.0, "minOrder": 4851, "avgScore": 572.3, "avgOrder": 4497, "maxScore": 575.0, "maxOrder": 3977, "zycc": "普通类", "fsx": 547.0}], "sszygradeList": [{"remarks": "", "schcode": "", "sex": "", "campus": "", "nf": "2020", "klmc": "文史", "ssmc": "江西", "zylx": "普通类", "zymc": "工商管理类", "maxScore": 574.0, "minScore": 570.0, "avgScore": 571.3, "avgOrder": 4655, "minOrder": 4851, "maxOrder": 4143, "kl": "", "ssdm": "36", "rs": 3, "zdx": 547.0, "ptx": 547.0, "zycc": "普通类", "fsx": 547.0}, {"remarks": "", "schcode": "", "sex": "", "campus": "", "nf": "2020", "klmc": "文史", "ssmc": "江西", "zylx": "普通类", "zymc": "法学类", "maxScore": 575.0, "minScore": 572.0, "avgScore": 573.3, "avgOrder": 4330, "minOrder": 4497, "maxOrder": 3977, "kl": "", "ssdm": "36", "rs": 3, "zdx": 547.0, "ptx": 547.0, "zycc": "普通类", "fsx": 547.0}], "withYsl": false}, "jessionid": "be6fea6da6d947ea968a0aa03c8d00d3"}