{"state": 1, "msg": "操作成功", "data": {"zsSsgradeList": [{"remarks": "", "schcode": "", "sex": "", "campus": "", "nf": "2018", "klmc": "文史", "ssmc": "湖北", "zylx": "国家专项", "kl": "1", "ssdm": "42", "rs": 2, "zdx": 561.0, "ptx": 561.0, "minScore": 598.0, "minOrder": 4869, "avgScore": 598.5, "avgOrder": 4730, "maxScore": 599.0, "maxOrder": 4730, "zycc": "国家专项", "fsx": 561.0}], "sszygradeList": [{"remarks": "", "schcode": "", "sex": "", "campus": "", "nf": "2018", "klmc": "文史", "ssmc": "湖北", "zylx": "国家专项", "zymc": "工商管理类", "maxScore": 599.0, "minScore": 598.0, "avgScore": 598.5, "avgOrder": 4730, "minOrder": 4869, "maxOrder": 4730, "kl": "", "ssdm": "42", "rs": 2, "zdx": 561.0, "ptx": 561.0, "zycc": "国家专项", "fsx": 561.0}], "withYsl": false}, "jessionid": "be6fea6da6d947ea968a0aa03c8d00d3"}