{"state": 1, "msg": "操作成功", "data": {"zsSsgradeList": [{"remarks": "", "schcode": "", "sex": "", "campus": "", "nf": "2017", "klmc": "艺术(文)", "ssmc": "山西", "zylx": "艺术批", "kl": "3", "ssdm": "14", "rs": 9, "minScore": 354.0, "avgScore": 367.8, "maxScore": 379.0, "zycc": "艺术批"}], "sszygradeList": [{"remarks": "文化课成绩；控制线：文科337分，术科（联考）194分", "schcode": "", "sex": "", "campus": "", "nf": "2017", "klmc": "艺术(文)", "ssmc": "山西", "zylx": "艺术批", "zymc": "视觉传达设计", "maxScore": 379.0, "minScore": 354.0, "avgScore": 365.8, "kl": "", "ssdm": "14", "rs": 5, "zycc": "艺术批"}, {"remarks": "文化课成绩；控制线：文科337分，术科（联考）194分", "schcode": "", "sex": "", "campus": "", "nf": "2017", "klmc": "艺术(文)", "ssmc": "山西", "zylx": "艺术批", "zymc": "环境设计", "maxScore": 375.0, "minScore": 364.0, "avgScore": 370.2, "kl": "", "ssdm": "14", "rs": 4, "zycc": "艺术批"}], "withYsl": false}, "jessionid": "be6fea6da6d947ea968a0aa03c8d00d3"}