{"state": 1, "msg": "操作成功", "data": {"zsSsgradeList": [{"remarks": "", "schcode": "", "sex": "", "campus": "", "nf": "2017", "klmc": "文史", "ssmc": "江西", "zylx": "普通类", "kl": "1", "ssdm": "36", "rs": 5, "zdx": 533.0, "ptx": 533.0, "minScore": 548.0, "avgScore": 548.4, "maxScore": 549.0, "zycc": "普通类", "fsx": 533.0}], "sszygradeList": [{"remarks": "", "schcode": "", "sex": "", "campus": "", "nf": "2017", "klmc": "文史", "ssmc": "江西", "zylx": "普通类", "zymc": "工商管理类（管理学Ⅱ）", "maxScore": 549.0, "minScore": 549.0, "avgScore": 549.0, "kl": "", "ssdm": "36", "rs": 2, "zdx": 533.0, "ptx": 533.0, "zycc": "普通类", "fsx": 533.0}, {"remarks": "", "schcode": "", "sex": "", "campus": "", "nf": "2017", "klmc": "文史", "ssmc": "江西", "zylx": "普通类", "zymc": "法学类（法学）", "maxScore": 548.0, "minScore": 548.0, "avgScore": 548.0, "kl": "", "ssdm": "36", "rs": 3, "zdx": 533.0, "ptx": 533.0, "zycc": "普通类", "fsx": 533.0}], "withYsl": false}, "jessionid": "be6fea6da6d947ea968a0aa03c8d00d3"}