{"state": 1, "msg": "操作成功", "data": {"zsSsgradeList": [{"remarks": "", "schcode": "", "sex": "", "campus": "", "nf": "2017", "klmc": "理工", "ssmc": "河南", "zylx": "普通类", "kl": "5", "ssdm": "41", "rs": 162, "zdx": 484.0, "ptx": 484.0, "minScore": 528.0, "minOrder": 44062, "avgScore": 532.6, "avgOrder": 40222, "maxScore": 552.0, "maxOrder": 27258, "zycc": "普通类", "fsx": 484.0}], "sszygradeList": [{"remarks": "", "schcode": "", "sex": "", "campus": "", "nf": "2017", "klmc": "理工", "ssmc": "河南", "zylx": "普通类", "zymc": "植物生产类（Ⅰ）", "maxScore": 533.0, "minScore": 528.0, "avgScore": 530.2, "avgOrder": 42570, "minOrder": 44062, "maxOrder": 40222, "kl": "", "ssdm": "41", "rs": 12, "zdx": 484.0, "ptx": 484.0, "zycc": "普通类", "fsx": 484.0}, {"remarks": "", "schcode": "", "sex": "", "campus": "", "nf": "2017", "klmc": "理工", "ssmc": "河南", "zylx": "普通类", "zymc": "风景园林", "maxScore": 552.0, "minScore": 530.0, "avgScore": 537.8, "avgOrder": 36597, "minOrder": 42570, "maxOrder": 27258, "kl": "", "ssdm": "41", "rs": 4, "zdx": 484.0, "ptx": 484.0, "zycc": "普通类", "fsx": 484.0}, {"remarks": "", "schcode": "", "sex": "", "campus": "", "nf": "2017", "klmc": "理工", "ssmc": "河南", "zylx": "普通类", "zymc": "植物生产类（Ⅱ）", "maxScore": 530.0, "minScore": 529.0, "avgScore": 529.2, "avgOrder": 43306, "minOrder": 43306, "maxOrder": 42570, "kl": "", "ssdm": "41", "rs": 5, "zdx": 484.0, "ptx": 484.0, "zycc": "普通类", "fsx": 484.0}, {"remarks": "", "schcode": "", "sex": "", "campus": "", "nf": "2017", "klmc": "理工", "ssmc": "河南", "zylx": "普通类", "zymc": "园艺（本硕博班）", "maxScore": 530.0, "minScore": 530.0, "avgScore": 530.0, "avgOrder": 42570, "minOrder": 42570, "maxOrder": 42570, "kl": "", "ssdm": "41", "rs": 2, "zdx": 484.0, "ptx": 484.0, "zycc": "普通类", "fsx": 484.0}, {"remarks": "", "schcode": "", "sex": "", "campus": "", "nf": "2017", "klmc": "理工", "ssmc": "河南", "zylx": "普通类", "zymc": "园林", "maxScore": 532.0, "minScore": 528.0, "avgScore": 529.3, "avgOrder": 43306, "minOrder": 44062, "maxOrder": 41026, "kl": "", "ssdm": "41", "rs": 7, "zdx": 484.0, "ptx": 484.0, "zycc": "普通类", "fsx": 484.0}, {"remarks": "", "schcode": "", "sex": "", "campus": "", "nf": "2017", "klmc": "理工", "ssmc": "河南", "zylx": "普通类", "zymc": "应用气象学", "maxScore": 534.0, "minScore": 529.0, "avgScore": 530.5, "avgOrder": 41790, "minOrder": 43306, "maxOrder": 39472, "kl": "", "ssdm": "41", "rs": 4, "zdx": 484.0, "ptx": 484.0, "zycc": "普通类", "fsx": 484.0}, {"remarks": "", "schcode": "", "sex": "", "campus": "", "nf": "2017", "klmc": "理工", "ssmc": "河南", "zylx": "普通类", "zymc": "生态学", "maxScore": 535.0, "minScore": 529.0, "avgScore": 531.8, "avgOrder": 41026, "minOrder": 43306, "maxOrder": 38770, "kl": "", "ssdm": "41", "rs": 4, "zdx": 484.0, "ptx": 484.0, "zycc": "普通类", "fsx": 484.0}, {"remarks": "", "schcode": "", "sex": "", "campus": "", "nf": "2017", "klmc": "理工", "ssmc": "河南", "zylx": "普通类", "zymc": "环境科学与工程类", "maxScore": 531.0, "minScore": 529.0, "avgScore": 530.0, "avgOrder": 42570, "minOrder": 43306, "maxOrder": 41790, "kl": "", "ssdm": "41", "rs": 6, "zdx": 484.0, "ptx": 484.0, "zycc": "普通类", "fsx": 484.0}, {"remarks": "", "schcode": "", "sex": "", "campus": "", "nf": "2017", "klmc": "理工", "ssmc": "河南", "zylx": "普通类", "zymc": "自然保护与环境生态类（农学）", "maxScore": 543.0, "minScore": 528.0, "avgScore": 532.8, "avgOrder": 40222, "minOrder": 44062, "maxOrder": 33135, "kl": "", "ssdm": "41", "rs": 6, "zdx": 484.0, "ptx": 484.0, "zycc": "普通类", "fsx": 484.0}, {"remarks": "", "schcode": "", "sex": "", "campus": "", "nf": "2017", "klmc": "理工", "ssmc": "河南", "zylx": "普通类", "zymc": "动物科学", "maxScore": 529.0, "minScore": 528.0, "avgScore": 528.3, "avgOrder": 44062, "minOrder": 44062, "maxOrder": 43306, "kl": "", "ssdm": "41", "rs": 6, "zdx": 484.0, "ptx": 484.0, "zycc": "普通类", "fsx": 484.0}, {"remarks": "", "schcode": "", "sex": "", "campus": "", "nf": "2017", "klmc": "理工", "ssmc": "河南", "zylx": "普通类", "zymc": "水产养殖学", "maxScore": 530.0, "minScore": 528.0, "avgScore": 528.5, "avgOrder": 43306, "minOrder": 44062, "maxOrder": 42570, "kl": "", "ssdm": "41", "rs": 4, "zdx": 484.0, "ptx": 484.0, "zycc": "普通类", "fsx": 484.0}, {"remarks": "", "schcode": "", "sex": "", "campus": "", "nf": "2017", "klmc": "理工", "ssmc": "河南", "zylx": "普通类", "zymc": "草业科学", "maxScore": 532.0, "minScore": 528.0, "avgScore": 529.3, "avgOrder": 43306, "minOrder": 44062, "maxOrder": 41026, "kl": "", "ssdm": "41", "rs": 3, "zdx": 484.0, "ptx": 484.0, "zycc": "普通类", "fsx": 484.0}, {"remarks": "", "schcode": "", "sex": "", "campus": "", "nf": "2017", "klmc": "理工", "ssmc": "河南", "zylx": "普通类", "zymc": "动物医学", "maxScore": 547.0, "minScore": 531.0, "avgScore": 536.7, "avgOrder": 37276, "minOrder": 41790, "maxOrder": 30474, "kl": "", "ssdm": "41", "rs": 3, "zdx": 484.0, "ptx": 484.0, "zycc": "普通类", "fsx": 484.0}, {"remarks": "", "schcode": "", "sex": "", "campus": "", "nf": "2017", "klmc": "理工", "ssmc": "河南", "zylx": "普通类", "zymc": "动物药学", "maxScore": 528.0, "minScore": 528.0, "avgScore": 528.0, "avgOrder": 44062, "minOrder": 44062, "maxOrder": 44062, "kl": "", "ssdm": "41", "rs": 2, "zdx": 484.0, "ptx": 484.0, "zycc": "普通类", "fsx": 484.0}, {"remarks": "", "schcode": "", "sex": "", "campus": "", "nf": "2017", "klmc": "理工", "ssmc": "河南", "zylx": "普通类", "zymc": "机械类（工学Ⅰ）", "maxScore": 541.0, "minScore": 533.0, "avgScore": 535.8, "avgOrder": 38034, "minOrder": 40222, "maxOrder": 34502, "kl": "", "ssdm": "41", "rs": 8, "zdx": 484.0, "ptx": 484.0, "zycc": "普通类", "fsx": 484.0}, {"remarks": "", "schcode": "", "sex": "", "campus": "", "nf": "2017", "klmc": "理工", "ssmc": "河南", "zylx": "普通类", "zymc": "农业机械化及其自动化（本硕博班）", "maxScore": 539.0, "minScore": 539.0, "avgScore": 539.0, "avgOrder": 35870, "minOrder": 35870, "maxOrder": 35870, "kl": "", "ssdm": "41", "rs": 1, "zdx": 484.0, "ptx": 484.0, "zycc": "普通类", "fsx": 484.0}, {"remarks": "", "schcode": "", "sex": "", "campus": "", "nf": "2017", "klmc": "理工", "ssmc": "河南", "zylx": "普通类", "zymc": "能源动力类（工学Ⅱ）", "maxScore": 538.0, "minScore": 532.0, "avgScore": 534.2, "avgOrder": 39472, "minOrder": 41026, "maxOrder": 36597, "kl": "", "ssdm": "41", "rs": 4, "zdx": 484.0, "ptx": 484.0, "zycc": "普通类", "fsx": 484.0}, {"remarks": "", "schcode": "", "sex": "", "campus": "", "nf": "2017", "klmc": "理工", "ssmc": "河南", "zylx": "普通类", "zymc": "工业工程类（管理学Ⅰ）", "maxScore": 545.0, "minScore": 530.0, "avgScore": 534.8, "avgOrder": 38770, "minOrder": 42570, "maxOrder": 31818, "kl": "", "ssdm": "41", "rs": 4, "zdx": 484.0, "ptx": 484.0, "zycc": "普通类", "fsx": 484.0}, {"remarks": "", "schcode": "", "sex": "", "campus": "", "nf": "2017", "klmc": "理工", "ssmc": "河南", "zylx": "普通类", "zymc": "电气类（工学Ⅲ）", "maxScore": 545.0, "minScore": 541.0, "avgScore": 542.7, "avgOrder": 33135, "minOrder": 34502, "maxOrder": 31818, "kl": "", "ssdm": "41", "rs": 3, "zdx": 484.0, "ptx": 484.0, "zycc": "普通类", "fsx": 484.0}, {"remarks": "", "schcode": "", "sex": "", "campus": "", "nf": "2017", "klmc": "理工", "ssmc": "河南", "zylx": "普通类", "zymc": "计算机类", "maxScore": 538.0, "minScore": 538.0, "avgScore": 538.0, "avgOrder": 36597, "minOrder": 36597, "maxOrder": 36597, "kl": "", "ssdm": "41", "rs": 3, "zdx": 484.0, "ptx": 484.0, "zycc": "普通类", "fsx": 484.0}, {"remarks": "", "schcode": "", "sex": "", "campus": "", "nf": "2017", "klmc": "理工", "ssmc": "河南", "zylx": "普通类", "zymc": "金融学类（经济学）", "maxScore": 542.0, "minScore": 532.0, "avgScore": 536.2, "avgOrder": 38034, "minOrder": 41026, "maxOrder": 33844, "kl": "", "ssdm": "41", "rs": 12, "zdx": 484.0, "ptx": 484.0, "zycc": "普通类", "fsx": 484.0}, {"remarks": "", "schcode": "", "sex": "", "campus": "", "nf": "2017", "klmc": "理工", "ssmc": "河南", "zylx": "普通类", "zymc": "生物科学类", "maxScore": 542.0, "minScore": 529.0, "avgScore": 533.4, "avgOrder": 40222, "minOrder": 43306, "maxOrder": 33844, "kl": "", "ssdm": "41", "rs": 8, "zdx": 484.0, "ptx": 484.0, "zycc": "普通类", "fsx": 484.0}, {"remarks": "", "schcode": "", "sex": "", "campus": "", "nf": "2017", "klmc": "理工", "ssmc": "河南", "zylx": "普通类", "zymc": "生物科学（理科实验班）", "maxScore": 542.0, "minScore": 541.0, "avgScore": 541.5, "avgOrder": 33844, "minOrder": 34502, "maxOrder": 33844, "kl": "", "ssdm": "41", "rs": 2, "zdx": 484.0, "ptx": 484.0, "zycc": "普通类", "fsx": 484.0}, {"remarks": "", "schcode": "", "sex": "", "campus": "", "nf": "2017", "klmc": "理工", "ssmc": "河南", "zylx": "普通类", "zymc": "生物工程类（工学Ⅳ）", "maxScore": 533.0, "minScore": 529.0, "avgScore": 530.2, "avgOrder": 42570, "minOrder": 43306, "maxOrder": 40222, "kl": "", "ssdm": "41", "rs": 8, "zdx": 484.0, "ptx": 484.0, "zycc": "普通类", "fsx": 484.0}, {"remarks": "", "schcode": "", "sex": "", "campus": "", "nf": "2017", "klmc": "理工", "ssmc": "河南", "zylx": "普通类", "zymc": "食品科学与工程类", "maxScore": 539.0, "minScore": 531.0, "avgScore": 533.4, "avgOrder": 40222, "minOrder": 41790, "maxOrder": 35870, "kl": "", "ssdm": "41", "rs": 10, "zdx": 484.0, "ptx": 484.0, "zycc": "普通类", "fsx": 484.0}, {"remarks": "", "schcode": "", "sex": "", "campus": "", "nf": "2017", "klmc": "理工", "ssmc": "河南", "zylx": "普通类", "zymc": "食品科学与工程（本硕博班）", "maxScore": 540.0, "minScore": 540.0, "avgScore": 540.0, "avgOrder": 35233, "minOrder": 35233, "maxOrder": 35233, "kl": "", "ssdm": "41", "rs": 1, "zdx": 484.0, "ptx": 484.0, "zycc": "普通类", "fsx": 484.0}, {"remarks": "", "schcode": "", "sex": "", "campus": "", "nf": "2017", "klmc": "理工", "ssmc": "河南", "zylx": "普通类", "zymc": "人文地理与城乡规划", "maxScore": 530.0, "minScore": 528.0, "avgScore": 529.0, "avgOrder": 43306, "minOrder": 44062, "maxOrder": 42570, "kl": "", "ssdm": "41", "rs": 2, "zdx": 484.0, "ptx": 484.0, "zycc": "普通类", "fsx": 484.0}, {"remarks": "", "schcode": "", "sex": "", "campus": "", "nf": "2017", "klmc": "理工", "ssmc": "河南", "zylx": "普通类", "zymc": "土地资源管理", "maxScore": 530.0, "minScore": 529.0, "avgScore": 529.2, "avgOrder": 43306, "minOrder": 43306, "maxOrder": 42570, "kl": "", "ssdm": "41", "rs": 4, "zdx": 484.0, "ptx": 484.0, "zycc": "普通类", "fsx": 484.0}, {"remarks": "", "schcode": "", "sex": "", "campus": "", "nf": "2017", "klmc": "理工", "ssmc": "河南", "zylx": "普通类", "zymc": "水利类（工学Ⅴ）", "maxScore": 540.0, "minScore": 531.0, "avgScore": 533.7, "avgOrder": 39472, "minOrder": 41790, "maxOrder": 35233, "kl": "", "ssdm": "41", "rs": 9, "zdx": 484.0, "ptx": 484.0, "zycc": "普通类", "fsx": 484.0}, {"remarks": "", "schcode": "", "sex": "", "campus": "", "nf": "2017", "klmc": "理工", "ssmc": "河南", "zylx": "普通类", "zymc": "土木工程", "maxScore": 538.0, "minScore": 534.0, "avgScore": 536.5, "avgOrder": 37276, "minOrder": 39472, "maxOrder": 36597, "kl": "", "ssdm": "41", "rs": 4, "zdx": 484.0, "ptx": 484.0, "zycc": "普通类", "fsx": 484.0}, {"remarks": "", "schcode": "", "sex": "", "campus": "", "nf": "2017", "klmc": "理工", "ssmc": "河南", "zylx": "普通类", "zymc": "工程管理", "maxScore": 535.0, "minScore": 530.0, "avgScore": 532.6, "avgOrder": 40222, "minOrder": 42570, "maxOrder": 38770, "kl": "", "ssdm": "41", "rs": 5, "zdx": 484.0, "ptx": 484.0, "zycc": "普通类", "fsx": 484.0}, {"remarks": "", "schcode": "", "sex": "", "campus": "", "nf": "2017", "klmc": "理工", "ssmc": "河南", "zylx": "普通类", "zymc": "统计学类（理学）", "maxScore": 532.0, "minScore": 530.0, "avgScore": 530.8, "avgOrder": 41790, "minOrder": 42570, "maxOrder": 41026, "kl": "", "ssdm": "41", "rs": 4, "zdx": 484.0, "ptx": 484.0, "zycc": "普通类", "fsx": 484.0}, {"remarks": "", "schcode": "", "sex": "", "campus": "", "nf": "2017", "klmc": "理工", "ssmc": "河南", "zylx": "普通类", "zymc": "应用化学", "maxScore": 532.0, "minScore": 530.0, "avgScore": 530.7, "avgOrder": 41790, "minOrder": 42570, "maxOrder": 41026, "kl": "", "ssdm": "41", "rs": 3, "zdx": 484.0, "ptx": 484.0, "zycc": "普通类", "fsx": 484.0}, {"remarks": "", "schcode": "", "sex": "", "campus": "", "nf": "2017", "klmc": "理工", "ssmc": "河南", "zylx": "普通类", "zymc": "化学生物学", "maxScore": 531.0, "minScore": 530.0, "avgScore": 530.5, "avgOrder": 41790, "minOrder": 42570, "maxOrder": 41790, "kl": "", "ssdm": "41", "rs": 2, "zdx": 484.0, "ptx": 484.0, "zycc": "普通类", "fsx": 484.0}], "withYsl": false}, "jessionid": "be6fea6da6d947ea968a0aa03c8d00d3"}