{"state": 1, "msg": "操作成功", "data": {"zsSsgradeList": [{"remarks": "", "schcode": "", "sex": "", "campus": "", "nf": "2019", "klmc": "文史", "ssmc": "甘肃", "zylx": "普通类", "kl": "1", "ssdm": "62", "rs": 4, "zdx": 519.0, "ptx": 519.0, "minScore": 550.0, "minOrder": 3177, "avgScore": 552.2, "avgOrder": 2975, "maxScore": 556.0, "maxOrder": 2620, "zycc": "普通类", "fsx": 519.0}], "sszygradeList": [{"remarks": "", "schcode": "", "sex": "", "campus": "", "nf": "2019", "klmc": "文史", "ssmc": "甘肃", "zylx": "普通类", "zymc": "工商管理类", "maxScore": 552.0, "minScore": 551.0, "avgScore": 551.5, "avgOrder": 2975, "minOrder": 3075, "maxOrder": 2975, "kl": "", "ssdm": "62", "rs": 2, "zdx": 519.0, "ptx": 519.0, "zycc": "普通类", "fsx": 519.0}, {"remarks": "", "schcode": "", "sex": "", "campus": "", "nf": "2019", "klmc": "文史", "ssmc": "甘肃", "zylx": "普通类", "zymc": "农林经济管理", "maxScore": 556.0, "minScore": 550.0, "avgScore": 553.0, "avgOrder": 2884, "minOrder": 3177, "maxOrder": 2620, "kl": "", "ssdm": "62", "rs": 2, "zdx": 519.0, "ptx": 519.0, "zycc": "普通类", "fsx": 519.0}], "withYsl": false}, "jessionid": "be6fea6da6d947ea968a0aa03c8d00d3"}