{"state": 1, "msg": "操作成功", "data": {"zsSsgradeList": [{"remarks": "", "schcode": "", "sex": "", "campus": "", "nf": "2017", "klmc": "文史", "ssmc": "吉林", "zylx": "普通类", "kl": "1", "ssdm": "22", "rs": 8, "zdx": 528.0, "ptx": 528.0, "minScore": 536.0, "minOrder": 2526, "avgScore": 543.1, "avgOrder": 2147, "maxScore": 560.0, "maxOrder": 1372, "zycc": "普通类", "fsx": 528.0}], "sszygradeList": [{"remarks": "", "schcode": "", "sex": "", "campus": "", "nf": "2017", "klmc": "文史", "ssmc": "吉林", "zylx": "普通类", "zymc": "工商管理类（管理学Ⅱ）", "maxScore": 552.0, "minScore": 537.0, "avgScore": 541.6, "avgOrder": 2185, "minOrder": 2466, "maxOrder": 1715, "kl": "", "ssdm": "22", "rs": 5, "zdx": 528.0, "ptx": 528.0, "zycc": "普通类", "fsx": 528.0}, {"remarks": "", "schcode": "", "sex": "", "campus": "", "nf": "2017", "klmc": "文史", "ssmc": "吉林", "zylx": "普通类", "zymc": "法学类（法学）", "maxScore": 560.0, "minScore": 536.0, "avgScore": 548.0, "avgOrder": 1904, "minOrder": 2526, "maxOrder": 1372, "kl": "", "ssdm": "22", "rs": 2, "zdx": 528.0, "ptx": 528.0, "zycc": "普通类", "fsx": 528.0}, {"remarks": "", "schcode": "", "sex": "", "campus": "", "nf": "2017", "klmc": "文史", "ssmc": "吉林", "zylx": "普通类", "zymc": "英语", "maxScore": 541.0, "minScore": 541.0, "avgScore": 541.0, "avgOrder": 2243, "minOrder": 2243, "maxOrder": 2243, "kl": "", "ssdm": "22", "rs": 1, "zdx": 528.0, "ptx": 528.0, "zycc": "普通类", "fsx": 528.0}], "withYsl": false}, "jessionid": "be6fea6da6d947ea968a0aa03c8d00d3"}