{"state": 1, "msg": "操作成功", "data": {"zsSsgradeList": [{"remarks": "", "schcode": "", "sex": "", "campus": "", "nf": "2020", "klmc": "理工", "ssmc": "新疆", "zylx": "国家专项", "kl": "5", "ssdm": "65", "rs": 4, "zdx": 431.0, "ptx": 431.0, "minScore": 439.0, "avgScore": 451.75, "maxScore": 475.0, "zycc": "国家专项", "fsx": 431.0}], "sszygradeList": [{"remarks": "", "schcode": "", "sex": "", "campus": "", "nf": "2020", "klmc": "理工", "ssmc": "新疆", "zylx": "国家专项", "zymc": "电气工程及其自动化", "maxScore": 475.0, "minScore": 450.0, "avgScore": 462.5, "kl": "", "ssdm": "65", "rs": 2, "zdx": 431.0, "ptx": 431.0, "zycc": "国家专项", "fsx": 431.0}, {"remarks": "", "schcode": "", "sex": "", "campus": "", "nf": "2020", "klmc": "理工", "ssmc": "新疆", "zylx": "国家专项", "zymc": "食品科学与工程类", "maxScore": 443.0, "minScore": 439.0, "avgScore": 441.0, "kl": "", "ssdm": "65", "rs": 2, "zdx": 431.0, "ptx": 431.0, "zycc": "国家专项", "fsx": 431.0}], "withYsl": false}, "jessionid": "be6fea6da6d947ea968a0aa03c8d00d3"}