{"state": 1, "msg": "操作成功", "data": {"zsSsgradeList": [{"remarks": "", "schcode": "", "sex": "", "campus": "", "nf": "2019", "klmc": "文史", "ssmc": "重庆", "zylx": "国家专项", "kl": "1", "ssdm": "50", "rs": 2, "zdx": 545.0, "ptx": 545.0, "minScore": 551.0, "minOrder": 8128, "avgScore": 553.5, "avgOrder": 7481, "maxScore": 556.0, "maxOrder": 7089, "zycc": "国家专项", "fsx": 545.0}], "sszygradeList": [{"remarks": "", "schcode": "", "sex": "", "campus": "", "nf": "2019", "klmc": "文史", "ssmc": "重庆", "zylx": "国家专项", "zymc": "工商管理类", "maxScore": 556.0, "minScore": 551.0, "avgScore": 553.5, "avgOrder": 7481, "minOrder": 8128, "maxOrder": 7089, "kl": "", "ssdm": "50", "rs": 2, "zdx": 545.0, "ptx": 545.0, "zycc": "国家专项", "fsx": 545.0}], "withYsl": false}, "jessionid": "be6fea6da6d947ea968a0aa03c8d00d3"}