{"state": 1, "msg": "操作成功", "data": {"zsSsgradeList": [{"remarks": "", "schcode": "", "sex": "", "campus": "", "nf": "2018", "klmc": "理工", "ssmc": "湖南", "zylx": "普通类", "kl": "5", "ssdm": "43", "rs": 34, "zdx": 513.0, "ptx": 513.0, "minScore": 561.0, "minOrder": 27008, "avgScore": 565.5, "avgOrder": 24689, "maxScore": 581.0, "maxOrder": 18358, "zycc": "普通类", "fsx": 513.0}], "sszygradeList": [{"remarks": "", "schcode": "", "sex": "", "campus": "", "nf": "2018", "klmc": "理工", "ssmc": "湖南", "zylx": "普通类", "zymc": "风景园林", "maxScore": 567.0, "minScore": 564.0, "avgScore": 565.5, "avgOrder": 24689, "minOrder": 25612, "maxOrder": 24247, "kl": "", "ssdm": "43", "rs": 2, "zdx": 513.0, "ptx": 513.0, "zycc": "普通类", "fsx": 513.0}, {"remarks": "", "schcode": "", "sex": "", "campus": "", "nf": "2018", "klmc": "理工", "ssmc": "湖南", "zylx": "普通类", "zymc": "园艺", "maxScore": 563.0, "minScore": 561.0, "avgScore": 562.0, "avgOrder": 26551, "minOrder": 27008, "maxOrder": 26074, "kl": "", "ssdm": "43", "rs": 3, "zdx": 513.0, "ptx": 513.0, "zycc": "普通类", "fsx": 513.0}, {"remarks": "", "schcode": "", "sex": "", "campus": "", "nf": "2018", "klmc": "理工", "ssmc": "湖南", "zylx": "普通类", "zymc": "应用气象学", "maxScore": 562.0, "minScore": 561.0, "avgScore": 561.7, "avgOrder": 26551, "minOrder": 27008, "maxOrder": 26551, "kl": "", "ssdm": "43", "rs": 3, "zdx": 513.0, "ptx": 513.0, "zycc": "普通类", "fsx": 513.0}, {"remarks": "", "schcode": "", "sex": "", "campus": "", "nf": "2018", "klmc": "理工", "ssmc": "湖南", "zylx": "普通类", "zymc": "环境科学与工程类", "maxScore": 581.0, "minScore": 564.0, "avgScore": 570.3, "avgOrder": 22907, "minOrder": 25612, "maxOrder": 18358, "kl": "", "ssdm": "43", "rs": 3, "zdx": 513.0, "ptx": 513.0, "zycc": "普通类", "fsx": 513.0}, {"remarks": "", "schcode": "", "sex": "", "campus": "", "nf": "2018", "klmc": "理工", "ssmc": "湖南", "zylx": "普通类", "zymc": "自然保护与环境生态类", "maxScore": 563.0, "minScore": 562.0, "avgScore": 562.7, "avgOrder": 26074, "minOrder": 26551, "maxOrder": 26074, "kl": "", "ssdm": "43", "rs": 3, "zdx": 513.0, "ptx": 513.0, "zycc": "普通类", "fsx": 513.0}, {"remarks": "", "schcode": "", "sex": "", "campus": "", "nf": "2018", "klmc": "理工", "ssmc": "湖南", "zylx": "普通类", "zymc": "动物医学", "maxScore": 563.0, "minScore": 562.0, "avgScore": 562.5, "avgOrder": 26074, "minOrder": 26551, "maxOrder": 26074, "kl": "", "ssdm": "43", "rs": 2, "zdx": 513.0, "ptx": 513.0, "zycc": "普通类", "fsx": 513.0}, {"remarks": "", "schcode": "", "sex": "", "campus": "", "nf": "2018", "klmc": "理工", "ssmc": "湖南", "zylx": "普通类", "zymc": "动物药学", "maxScore": 563.0, "minScore": 561.0, "avgScore": 562.0, "avgOrder": 26551, "minOrder": 27008, "maxOrder": 26074, "kl": "", "ssdm": "43", "rs": 2, "zdx": 513.0, "ptx": 513.0, "zycc": "普通类", "fsx": 513.0}, {"remarks": "", "schcode": "", "sex": "", "campus": "", "nf": "2018", "klmc": "理工", "ssmc": "湖南", "zylx": "普通类", "zymc": "机械类", "maxScore": 575.0, "minScore": 565.0, "avgScore": 568.0, "avgOrder": 23768, "minOrder": 25150, "maxOrder": 20778, "kl": "", "ssdm": "43", "rs": 5, "zdx": 513.0, "ptx": 513.0, "zycc": "普通类", "fsx": 513.0}, {"remarks": "", "schcode": "", "sex": "", "campus": "", "nf": "2018", "klmc": "理工", "ssmc": "湖南", "zylx": "普通类", "zymc": "金融学类", "maxScore": 573.0, "minScore": 565.0, "avgScore": 568.2, "avgOrder": 23768, "minOrder": 25150, "maxOrder": 21641, "kl": "", "ssdm": "43", "rs": 5, "zdx": 513.0, "ptx": 513.0, "zycc": "普通类", "fsx": 513.0}, {"remarks": "", "schcode": "", "sex": "", "campus": "", "nf": "2018", "klmc": "理工", "ssmc": "湖南", "zylx": "普通类", "zymc": "生物科学类", "maxScore": 576.0, "minScore": 567.0, "avgScore": 571.5, "avgOrder": 22070, "minOrder": 24247, "maxOrder": 20356, "kl": "", "ssdm": "43", "rs": 2, "zdx": 513.0, "ptx": 513.0, "zycc": "普通类", "fsx": 513.0}, {"remarks": "", "schcode": "", "sex": "", "campus": "", "nf": "2018", "klmc": "理工", "ssmc": "湖南", "zylx": "普通类", "zymc": "土木工程", "maxScore": 566.0, "minScore": 563.0, "avgScore": 564.5, "avgOrder": 25150, "minOrder": 26074, "maxOrder": 24689, "kl": "", "ssdm": "43", "rs": 2, "zdx": 513.0, "ptx": 513.0, "zycc": "普通类", "fsx": 513.0}, {"remarks": "", "schcode": "", "sex": "", "campus": "", "nf": "2018", "klmc": "理工", "ssmc": "湖南", "zylx": "普通类", "zymc": "工程管理", "maxScore": 562.0, "minScore": 562.0, "avgScore": 562.0, "avgOrder": 26551, "minOrder": 26551, "maxOrder": 26551, "kl": "", "ssdm": "43", "rs": 2, "zdx": 513.0, "ptx": 513.0, "zycc": "普通类", "fsx": 513.0}], "withYsl": false}, "jessionid": "be6fea6da6d947ea968a0aa03c8d00d3"}