{"state": 1, "msg": "操作成功", "data": {"zsSsgradeList": [{"remarks": "", "schcode": "", "sex": "", "campus": "", "nf": "2020", "klmc": "理工", "ssmc": "内蒙古", "zylx": "蒙授", "kl": "5", "ssdm": "15", "rs": 6, "zdx": 452.0, "ptx": 452.0, "minScore": 473.0, "avgScore": 487.8, "maxScore": 500.0, "zycc": "蒙授", "fsx": 452.0}], "sszygradeList": [{"remarks": "", "schcode": "", "sex": "", "campus": "", "nf": "2020", "klmc": "理工", "ssmc": "内蒙古", "zylx": "蒙授", "zymc": "园林", "maxScore": 500.0, "minScore": 497.0, "avgScore": 498.5, "kl": "", "ssdm": "15", "rs": 2, "zycc": "蒙授"}, {"remarks": "", "schcode": "", "sex": "", "campus": "", "nf": "2020", "klmc": "理工", "ssmc": "内蒙古", "zylx": "蒙授", "zymc": "食品科学与工程类", "maxScore": 490.0, "minScore": 473.0, "avgScore": 482.5, "kl": "", "ssdm": "15", "rs": 4, "zycc": "蒙授"}], "withYsl": false}, "jessionid": "be6fea6da6d947ea968a0aa03c8d00d3"}