{"state": 1, "msg": "操作成功", "data": {"zsSsgradeList": [{"remarks": "", "schcode": "", "sex": "", "campus": "", "nf": "2018", "klmc": "理工", "ssmc": "北京", "zylx": "普通类", "kl": "5", "ssdm": "11", "rs": 8, "zdx": 532.0, "ptx": 532.0, "minScore": 549.0, "minOrder": 14774, "avgScore": 555.0, "avgOrder": 13990, "maxScore": 567.0, "maxOrder": 12355, "zycc": "普通类", "fsx": 532.0}], "sszygradeList": [{"remarks": "", "schcode": "", "sex": "", "campus": "", "nf": "2018", "klmc": "理工", "ssmc": "北京", "zylx": "普通类", "zymc": "风景园林", "maxScore": 554.0, "minScore": 550.0, "avgScore": 552.0, "avgOrder": 14386, "minOrder": 14632, "maxOrder": 14122, "kl": "", "ssdm": "11", "rs": 2, "zdx": 532.0, "ptx": 532.0, "zycc": "普通类", "fsx": 532.0}, {"remarks": "", "schcode": "", "sex": "", "campus": "", "nf": "2018", "klmc": "理工", "ssmc": "北京", "zylx": "普通类", "zymc": "金融学类", "maxScore": 559.0, "minScore": 555.0, "avgScore": 557.0, "avgOrder": 13694, "minOrder": 13990, "maxOrder": 13426, "kl": "", "ssdm": "11", "rs": 2, "zdx": 532.0, "ptx": 532.0, "zycc": "普通类", "fsx": 532.0}, {"remarks": "", "schcode": "", "sex": "", "campus": "", "nf": "2018", "klmc": "理工", "ssmc": "北京", "zylx": "普通类", "zymc": "食品科学与工程类", "maxScore": 555.0, "minScore": 551.0, "avgScore": 553.0, "avgOrder": 14247, "minOrder": 14504, "maxOrder": 13990, "kl": "", "ssdm": "11", "rs": 2, "zdx": 532.0, "ptx": 532.0, "zycc": "普通类", "fsx": 532.0}, {"remarks": "", "schcode": "", "sex": "", "campus": "", "nf": "2018", "klmc": "理工", "ssmc": "北京", "zylx": "普通类", "zymc": "水利类", "maxScore": 567.0, "minScore": 549.0, "avgScore": 558.0, "avgOrder": 13559, "minOrder": 14774, "maxOrder": 12355, "kl": "", "ssdm": "11", "rs": 2, "zdx": 532.0, "ptx": 532.0, "zycc": "普通类", "fsx": 532.0}], "withYsl": false}, "jessionid": "be6fea6da6d947ea968a0aa03c8d00d3"}