{"state": 1, "msg": "操作成功", "data": {"zsSsgradeList": [{"remarks": "", "schcode": "", "sex": "", "campus": "", "nf": "2020", "klmc": "理工", "ssmc": "辽宁", "zylx": "中俄合作办学", "kl": "5", "ssdm": "21", "rs": 7, "zdx": 359.0, "ptx": 359.0, "minScore": 517.0, "minOrder": 35516, "avgScore": 523.0, "avgOrder": 33198, "maxScore": 527.0, "maxOrder": 31678, "zycc": "中俄合作办学", "fsx": 359.0}], "sszygradeList": [{"remarks": "", "schcode": "", "sex": "", "campus": "", "nf": "2020", "klmc": "理工", "ssmc": "辽宁", "zylx": "中俄合作办学", "zymc": "金融学（中俄合作办学）", "maxScore": 527.0, "minScore": 522.0, "avgScore": 525.0, "avgOrder": 32431, "minOrder": 33583, "maxOrder": 31678, "kl": "", "ssdm": "21", "rs": 3, "zdx": 359.0, "ptx": 359.0, "zycc": "中俄合作办学", "fsx": 359.0}, {"remarks": "", "schcode": "", "sex": "", "campus": "", "nf": "2020", "klmc": "理工", "ssmc": "辽宁", "zylx": "中俄合作办学", "zymc": "国际经济与贸易（中俄合作办学）", "maxScore": 527.0, "minScore": 521.0, "avgScore": 524.0, "avgOrder": 32809, "minOrder": 33939, "maxOrder": 31678, "kl": "", "ssdm": "21", "rs": 2, "zdx": 359.0, "ptx": 359.0, "zycc": "中俄合作办学", "fsx": 359.0}, {"remarks": "", "schcode": "", "sex": "", "campus": "", "nf": "2020", "klmc": "理工", "ssmc": "辽宁", "zylx": "中俄合作办学", "zymc": "工商管理（中俄合作办学）", "maxScore": 521.0, "minScore": 517.0, "avgScore": 519.0, "avgOrder": 34724, "minOrder": 35516, "maxOrder": 33939, "kl": "", "ssdm": "21", "rs": 2, "zdx": 359.0, "ptx": 359.0, "zycc": "中俄合作办学", "fsx": 359.0}], "withYsl": false}, "jessionid": "be6fea6da6d947ea968a0aa03c8d00d3"}