{"state": 1, "msg": "操作成功", "data": {"zsSsgradeList": [{"remarks": "", "schcode": "", "sex": "", "campus": "", "nf": "2019", "klmc": "理工", "ssmc": "河南", "zylx": "国家专项", "kl": "5", "ssdm": "41", "rs": 21, "zdx": 502.0, "ptx": 502.0, "minScore": 558.0, "minOrder": 44724, "avgScore": 561.5, "avgOrder": 41266, "maxScore": 572.0, "maxOrder": 33407, "zycc": "国家专项", "fsx": 502.0}], "sszygradeList": [{"remarks": "", "schcode": "", "sex": "", "campus": "", "nf": "2019", "klmc": "理工", "ssmc": "河南", "zylx": "国家专项", "zymc": "种子科学与工程", "maxScore": 560.0, "minScore": 559.0, "avgScore": 559.5, "avgOrder": 43018, "minOrder": 43868, "maxOrder": 43018, "kl": "", "ssdm": "41", "rs": 2, "zdx": 502.0, "ptx": 502.0, "zycc": "国家专项", "fsx": 502.0}, {"remarks": "", "schcode": "", "sex": "", "campus": "", "nf": "2019", "klmc": "理工", "ssmc": "河南", "zylx": "国家专项", "zymc": "设施农业科学与工程", "maxScore": 559.0, "minScore": 558.0, "avgScore": 558.5, "avgOrder": 43868, "minOrder": 44724, "maxOrder": 43868, "kl": "", "ssdm": "41", "rs": 2, "zdx": 502.0, "ptx": 502.0, "zycc": "国家专项", "fsx": 502.0}, {"remarks": "", "schcode": "", "sex": "", "campus": "", "nf": "2019", "klmc": "理工", "ssmc": "河南", "zylx": "国家专项", "zymc": "环境科学与工程类", "maxScore": 561.0, "minScore": 561.0, "avgScore": 561.0, "avgOrder": 42168, "minOrder": 42168, "maxOrder": 42168, "kl": "", "ssdm": "41", "rs": 2, "zdx": 502.0, "ptx": 502.0, "zycc": "国家专项", "fsx": 502.0}, {"remarks": "", "schcode": "", "sex": "", "campus": "", "nf": "2019", "klmc": "理工", "ssmc": "河南", "zylx": "国家专项", "zymc": "机械类", "maxScore": 565.0, "minScore": 563.0, "avgScore": 564.0, "avgOrder": 39606, "minOrder": 40404, "maxOrder": 38753, "kl": "", "ssdm": "41", "rs": 3, "zdx": 502.0, "ptx": 502.0, "zycc": "国家专项", "fsx": 502.0}, {"remarks": "", "schcode": "", "sex": "", "campus": "", "nf": "2019", "klmc": "理工", "ssmc": "河南", "zylx": "国家专项", "zymc": "农业电气化", "maxScore": 560.0, "minScore": 558.0, "avgScore": 559.0, "avgOrder": 43868, "minOrder": 44724, "maxOrder": 43018, "kl": "", "ssdm": "41", "rs": 2, "zdx": 502.0, "ptx": 502.0, "zycc": "国家专项", "fsx": 502.0}, {"remarks": "", "schcode": "", "sex": "", "campus": "", "nf": "2019", "klmc": "理工", "ssmc": "河南", "zylx": "国家专项", "zymc": "金融学类", "maxScore": 572.0, "minScore": 565.0, "avgScore": 568.5, "avgOrder": 35574, "minOrder": 38753, "maxOrder": 33407, "kl": "", "ssdm": "41", "rs": 2, "zdx": 502.0, "ptx": 502.0, "zycc": "国家专项", "fsx": 502.0}, {"remarks": "", "schcode": "", "sex": "", "campus": "", "nf": "2019", "klmc": "理工", "ssmc": "河南", "zylx": "国家专项", "zymc": "生物工程类", "maxScore": 561.0, "minScore": 561.0, "avgScore": 561.0, "avgOrder": 42168, "minOrder": 42168, "maxOrder": 42168, "kl": "", "ssdm": "41", "rs": 2, "zdx": 502.0, "ptx": 502.0, "zycc": "国家专项", "fsx": 502.0}, {"remarks": "", "schcode": "", "sex": "", "campus": "", "nf": "2019", "klmc": "理工", "ssmc": "河南", "zylx": "国家专项", "zymc": "食品科学与工程类", "maxScore": 560.0, "minScore": 560.0, "avgScore": 560.0, "avgOrder": 43018, "minOrder": 43018, "maxOrder": 43018, "kl": "", "ssdm": "41", "rs": 2, "zdx": 502.0, "ptx": 502.0, "zycc": "国家专项", "fsx": 502.0}, {"remarks": "", "schcode": "", "sex": "", "campus": "", "nf": "2019", "klmc": "理工", "ssmc": "河南", "zylx": "国家专项", "zymc": "水利类", "maxScore": 561.0, "minScore": 560.0, "avgScore": 560.5, "avgOrder": 42168, "minOrder": 43018, "maxOrder": 42168, "kl": "", "ssdm": "41", "rs": 2, "zdx": 502.0, "ptx": 502.0, "zycc": "国家专项", "fsx": 502.0}, {"remarks": "", "schcode": "", "sex": "", "campus": "", "nf": "2019", "klmc": "理工", "ssmc": "河南", "zylx": "国家专项", "zymc": "统计学类", "maxScore": 563.0, "minScore": 561.0, "avgScore": 562.0, "avgOrder": 41266, "minOrder": 42168, "maxOrder": 40404, "kl": "", "ssdm": "41", "rs": 2, "zdx": 502.0, "ptx": 502.0, "zycc": "国家专项", "fsx": 502.0}], "withYsl": false}, "jessionid": "be6fea6da6d947ea968a0aa03c8d00d3"}