{"state": 1, "msg": "操作成功", "data": {"zsSsgradeList": [{"remarks": "", "schcode": "", "sex": "", "campus": "", "nf": "2019", "klmc": "理工", "ssmc": "重庆", "zylx": "国家专项", "kl": "5", "ssdm": "50", "rs": 5, "zdx": 525.0, "ptx": 525.0, "minScore": 555.0, "minOrder": 25707, "avgScore": 557.4, "avgOrder": 24844, "maxScore": 562.0, "maxOrder": 22779, "zycc": "国家专项", "fsx": 525.0}], "sszygradeList": [{"remarks": "", "schcode": "", "sex": "", "campus": "", "nf": "2019", "klmc": "理工", "ssmc": "重庆", "zylx": "国家专项", "zymc": "动物科学", "maxScore": 556.0, "minScore": 556.0, "avgScore": 556.0, "avgOrder": 25284, "minOrder": 25284, "maxOrder": 25284, "kl": "", "ssdm": "50", "rs": 1, "zdx": 525.0, "ptx": 525.0, "zycc": "国家专项", "fsx": 525.0}, {"remarks": "", "schcode": "", "sex": "", "campus": "", "nf": "2019", "klmc": "理工", "ssmc": "重庆", "zylx": "国家专项", "zymc": "金融学类", "maxScore": 558.0, "minScore": 556.0, "avgScore": 557.0, "avgOrder": 24844, "minOrder": 25284, "maxOrder": 24454, "kl": "", "ssdm": "50", "rs": 2, "zdx": 525.0, "ptx": 525.0, "zycc": "国家专项", "fsx": 525.0}, {"remarks": "", "schcode": "", "sex": "", "campus": "", "nf": "2019", "klmc": "理工", "ssmc": "重庆", "zylx": "国家专项", "zymc": "水利类", "maxScore": 562.0, "minScore": 555.0, "avgScore": 558.5, "avgOrder": 24019, "minOrder": 25707, "maxOrder": 22779, "kl": "", "ssdm": "50", "rs": 2, "zdx": 525.0, "ptx": 525.0, "zycc": "国家专项", "fsx": 525.0}], "withYsl": false}, "jessionid": "be6fea6da6d947ea968a0aa03c8d00d3"}