{"state": 1, "msg": "操作成功", "data": {"zsSsgradeList": [{"remarks": "", "schcode": "", "sex": "", "campus": "", "nf": "2017", "klmc": "艺术(文)", "ssmc": "黑龙江", "zylx": "艺术批", "kl": "3", "ssdm": "23", "zycc": "艺术批"}], "sszygradeList": [{"remarks": "文化课成绩；控制线：文科239，电编240", "schcode": "", "sex": "", "campus": "", "nf": "2017", "klmc": "艺术(文)", "ssmc": "黑龙江", "zylx": "艺术批", "zymc": "广播电视编导", "maxScore": 492.0, "minScore": 381.0, "avgScore": 436.1, "kl": "", "ssdm": "23", "rs": 17, "zycc": "艺术批"}, {"remarks": "文化课成绩；控制线：文科239，美术180", "schcode": "", "sex": "", "campus": "", "nf": "2017", "klmc": "艺术(文)", "ssmc": "黑龙江", "zylx": "艺术批", "zymc": "视觉传达设计", "maxScore": 461.0, "minScore": 445.0, "avgScore": 452.0, "kl": "", "ssdm": "23", "rs": 7, "zycc": "艺术批"}, {"remarks": "文化课成绩；控制线：文科239，美术180", "schcode": "", "sex": "", "campus": "", "nf": "2017", "klmc": "艺术(文)", "ssmc": "黑龙江", "zylx": "艺术批", "zymc": "环境设计", "maxScore": 457.0, "minScore": 437.0, "avgScore": 445.6, "kl": "", "ssdm": "23", "rs": 5, "zycc": "艺术批"}], "withYsl": false}, "jessionid": "be6fea6da6d947ea968a0aa03c8d00d3"}