{"state": 1, "msg": "操作成功", "data": {"zsSsgradeList": [{"remarks": "", "schcode": "", "sex": "", "campus": "", "nf": "2018", "klmc": "文史", "ssmc": "重庆", "zylx": "国家专项", "kl": "1", "ssdm": "50", "rs": 2, "zdx": 524.0, "ptx": 524.0, "minScore": 541.0, "minOrder": 5872, "avgScore": 541.5, "avgOrder": 5685, "maxScore": 542.0, "maxOrder": 5685, "zycc": "国家专项", "fsx": 524.0}], "sszygradeList": [{"remarks": "", "schcode": "", "sex": "", "campus": "", "nf": "2018", "klmc": "文史", "ssmc": "重庆", "zylx": "国家专项", "zymc": "工商管理类", "maxScore": 542.0, "minScore": 541.0, "avgScore": 541.5, "avgOrder": 5685, "minOrder": 5872, "maxOrder": 5685, "kl": "", "ssdm": "50", "rs": 2, "zdx": 524.0, "ptx": 524.0, "zycc": "国家专项", "fsx": 524.0}], "withYsl": false}, "jessionid": "be6fea6da6d947ea968a0aa03c8d00d3"}