{"state": 1, "msg": "操作成功", "data": {"zsSsgradeList": [{"remarks": "", "schcode": "", "sex": "", "campus": "", "nf": "2020", "klmc": "理工", "ssmc": "吉林", "zylx": "普通类", "kl": "5", "ssdm": "22", "rs": 46, "zdx": 517.0, "ptx": 517.0, "minScore": 525.0, "minOrder": 16139, "avgScore": 537.7, "avgOrder": 13629, "maxScore": 555.0, "maxOrder": 10733, "zycc": "普通类", "fsx": 517.0}], "sszygradeList": [{"remarks": "", "schcode": "", "sex": "", "campus": "", "nf": "2020", "klmc": "理工", "ssmc": "吉林", "zylx": "普通类", "zymc": "农学", "maxScore": 548.0, "minScore": 535.0, "avgScore": 541.7, "avgOrder": 12932, "minOrder": 14196, "maxOrder": 11872, "kl": "", "ssdm": "22", "rs": 3, "zdx": 517.0, "ptx": 517.0, "zycc": "普通类", "fsx": 517.0}, {"remarks": "", "schcode": "", "sex": "", "campus": "", "nf": "2020", "klmc": "理工", "ssmc": "吉林", "zylx": "普通类", "zymc": "植物保护", "maxScore": 537.0, "minScore": 530.0, "avgScore": 533.5, "avgOrder": 14406, "minOrder": 15162, "maxOrder": 13802, "kl": "", "ssdm": "22", "rs": 2, "zdx": 517.0, "ptx": 517.0, "zycc": "普通类", "fsx": 517.0}, {"remarks": "", "schcode": "", "sex": "", "campus": "", "nf": "2020", "klmc": "理工", "ssmc": "吉林", "zylx": "普通类", "zymc": "风景园林", "maxScore": 542.0, "minScore": 540.0, "avgScore": 541.0, "avgOrder": 13086, "minOrder": 13267, "maxOrder": 12932, "kl": "", "ssdm": "22", "rs": 2, "zdx": 517.0, "ptx": 517.0, "zycc": "普通类", "fsx": 517.0}, {"remarks": "", "schcode": "", "sex": "", "campus": "", "nf": "2020", "klmc": "理工", "ssmc": "吉林", "zylx": "普通类", "zymc": "园艺", "maxScore": 537.0, "minScore": 535.0, "avgScore": 536.0, "avgOrder": 13996, "minOrder": 14196, "maxOrder": 13802, "kl": "", "ssdm": "22", "rs": 2, "zdx": 517.0, "ptx": 517.0, "zycc": "普通类", "fsx": 517.0}, {"remarks": "", "schcode": "", "sex": "", "campus": "", "nf": "2020", "klmc": "理工", "ssmc": "吉林", "zylx": "普通类", "zymc": "应用气象学", "maxScore": 554.0, "minScore": 542.0, "avgScore": 548.0, "avgOrder": 11872, "minOrder": 12932, "maxOrder": 10879, "kl": "", "ssdm": "22", "rs": 2, "zdx": 517.0, "ptx": 517.0, "zycc": "普通类", "fsx": 517.0}, {"remarks": "", "schcode": "", "sex": "", "campus": "", "nf": "2020", "klmc": "理工", "ssmc": "吉林", "zylx": "普通类", "zymc": "环境科学与工程类", "maxScore": 537.0, "minScore": 536.0, "avgScore": 536.5, "avgOrder": 13996, "minOrder": 13996, "maxOrder": 13802, "kl": "", "ssdm": "22", "rs": 2, "zdx": 517.0, "ptx": 517.0, "zycc": "普通类", "fsx": 517.0}, {"remarks": "", "schcode": "", "sex": "", "campus": "", "nf": "2020", "klmc": "理工", "ssmc": "吉林", "zylx": "普通类", "zymc": "动物科学", "maxScore": 540.0, "minScore": 529.0, "avgScore": 535.3, "avgOrder": 14196, "minOrder": 15353, "maxOrder": 13267, "kl": "", "ssdm": "22", "rs": 3, "zdx": 517.0, "ptx": 517.0, "zycc": "普通类", "fsx": 517.0}, {"remarks": "", "schcode": "", "sex": "", "campus": "", "nf": "2020", "klmc": "理工", "ssmc": "吉林", "zylx": "普通类", "zymc": "机械类", "maxScore": 555.0, "minScore": 546.0, "avgScore": 549.7, "avgOrder": 11542, "minOrder": 12257, "maxOrder": 10733, "kl": "", "ssdm": "22", "rs": 3, "zdx": 517.0, "ptx": 517.0, "zycc": "普通类", "fsx": 517.0}, {"remarks": "", "schcode": "", "sex": "", "campus": "", "nf": "2020", "klmc": "理工", "ssmc": "吉林", "zylx": "普通类", "zymc": "工业工程类", "maxScore": 531.0, "minScore": 526.0, "avgScore": 528.5, "avgOrder": 15539, "minOrder": 15938, "maxOrder": 14970, "kl": "", "ssdm": "22", "rs": 2, "zdx": 517.0, "ptx": 517.0, "zycc": "普通类", "fsx": 517.0}, {"remarks": "", "schcode": "", "sex": "", "campus": "", "nf": "2020", "klmc": "理工", "ssmc": "吉林", "zylx": "普通类", "zymc": "金融学类", "maxScore": 549.0, "minScore": 537.0, "avgScore": 544.0, "avgOrder": 12579, "minOrder": 13802, "maxOrder": 11693, "kl": "", "ssdm": "22", "rs": 3, "zdx": 517.0, "ptx": 517.0, "zycc": "普通类", "fsx": 517.0}, {"remarks": "", "schcode": "", "sex": "", "campus": "", "nf": "2020", "klmc": "理工", "ssmc": "吉林", "zylx": "普通类", "zymc": "生物科学类", "maxScore": 548.0, "minScore": 539.0, "avgScore": 544.3, "avgOrder": 12579, "minOrder": 13439, "maxOrder": 11872, "kl": "", "ssdm": "22", "rs": 3, "zdx": 517.0, "ptx": 517.0, "zycc": "普通类", "fsx": 517.0}, {"remarks": "", "schcode": "", "sex": "", "campus": "", "nf": "2020", "klmc": "理工", "ssmc": "吉林", "zylx": "普通类", "zymc": "食品科学与工程类", "maxScore": 554.0, "minScore": 544.0, "avgScore": 549.0, "avgOrder": 11693, "minOrder": 12579, "maxOrder": 10879, "kl": "", "ssdm": "22", "rs": 2, "zdx": 517.0, "ptx": 517.0, "zycc": "普通类", "fsx": 517.0}, {"remarks": "", "schcode": "", "sex": "", "campus": "", "nf": "2020", "klmc": "理工", "ssmc": "吉林", "zylx": "普通类", "zymc": "土地整治工程", "maxScore": 531.0, "minScore": 525.0, "avgScore": 528.0, "avgOrder": 15539, "minOrder": 16139, "maxOrder": 14970, "kl": "", "ssdm": "22", "rs": 3, "zdx": 517.0, "ptx": 517.0, "zycc": "普通类", "fsx": 517.0}, {"remarks": "", "schcode": "", "sex": "", "campus": "", "nf": "2020", "klmc": "理工", "ssmc": "吉林", "zylx": "普通类", "zymc": "水利类", "maxScore": 545.0, "minScore": 534.0, "avgScore": 538.8, "avgOrder": 13439, "minOrder": 14406, "maxOrder": 12420, "kl": "", "ssdm": "22", "rs": 4, "zdx": 517.0, "ptx": 517.0, "zycc": "普通类", "fsx": 517.0}, {"remarks": "", "schcode": "", "sex": "", "campus": "", "nf": "2020", "klmc": "理工", "ssmc": "吉林", "zylx": "普通类", "zymc": "土木工程", "maxScore": 529.0, "minScore": 528.0, "avgScore": 528.5, "avgOrder": 15539, "minOrder": 15539, "maxOrder": 15353, "kl": "", "ssdm": "22", "rs": 2, "zdx": 517.0, "ptx": 517.0, "zycc": "普通类", "fsx": 517.0}, {"remarks": "", "schcode": "", "sex": "", "campus": "", "nf": "2020", "klmc": "理工", "ssmc": "吉林", "zylx": "普通类", "zymc": "工程管理", "maxScore": 529.0, "minScore": 529.0, "avgScore": 529.0, "avgOrder": 15353, "minOrder": 15353, "maxOrder": 15353, "kl": "", "ssdm": "22", "rs": 2, "zdx": 517.0, "ptx": 517.0, "zycc": "普通类", "fsx": 517.0}, {"remarks": "", "schcode": "", "sex": "", "campus": "", "nf": "2020", "klmc": "理工", "ssmc": "吉林", "zylx": "普通类", "zymc": "俄语", "maxScore": 531.0, "minScore": 529.0, "avgScore": 530.0, "avgOrder": 15162, "minOrder": 15353, "maxOrder": 14970, "kl": "", "ssdm": "22", "rs": 4, "zdx": 517.0, "ptx": 517.0, "zycc": "普通类", "fsx": 517.0}, {"remarks": "", "schcode": "", "sex": "", "campus": "", "nf": "2020", "klmc": "理工", "ssmc": "吉林", "zylx": "普通类", "zymc": "化学生物学", "maxScore": 538.0, "minScore": 531.0, "avgScore": 534.5, "avgOrder": 14406, "minOrder": 14970, "maxOrder": 13629, "kl": "", "ssdm": "22", "rs": 2, "zdx": 517.0, "ptx": 517.0, "zycc": "普通类", "fsx": 517.0}], "withYsl": false}, "jessionid": "be6fea6da6d947ea968a0aa03c8d00d3"}