{"state": 1, "msg": "操作成功", "data": {"zsSsgradeList": [{"remarks": "", "schcode": "", "sex": "", "campus": "", "nf": "2020", "klmc": "文史", "ssmc": "江苏", "zylx": "普通类", "kl": "1", "ssdm": "32", "rs": 4, "zdx": 343.0, "ptx": 343.0, "minScore": 364.0, "minOrder": 8289, "avgScore": 366.0, "avgOrder": 7445, "maxScore": 368.0, "maxOrder": 6665, "zycc": "普通类", "fsx": 343.0}], "sszygradeList": [{"remarks": "", "schcode": "", "sex": "", "campus": "", "nf": "2020", "klmc": "文史", "ssmc": "江苏", "zylx": "普通类", "zymc": "行政管理", "maxScore": 365.0, "minScore": 364.0, "avgScore": 364.5, "avgOrder": 8289, "minOrder": 8289, "maxOrder": 7856, "kl": "", "ssdm": "32", "rs": 2, "zdx": 343.0, "ptx": 343.0, "zycc": "普通类", "fsx": 343.0}, {"remarks": "", "schcode": "", "sex": "", "campus": "", "nf": "2020", "klmc": "文史", "ssmc": "江苏", "zylx": "普通类", "zymc": "英语", "maxScore": 368.0, "minScore": 367.0, "avgScore": 367.5, "avgOrder": 6665, "minOrder": 7038, "maxOrder": 6665, "kl": "", "ssdm": "32", "rs": 2, "zdx": 343.0, "ptx": 343.0, "zycc": "普通类", "fsx": 343.0}], "withYsl": false}, "jessionid": "be6fea6da6d947ea968a0aa03c8d00d3"}