{"state": 1, "msg": "操作成功", "data": {"zsSsgradeList": [{"remarks": "", "schcode": "", "sex": "", "campus": "", "nf": "2020", "klmc": "文史", "ssmc": "黑龙江", "zylx": "国家专项", "kl": "1", "ssdm": "23", "rs": 6, "zdx": 483.0, "ptx": 483.0, "minScore": 526.0, "minOrder": 4142, "avgScore": 533.0, "avgOrder": 3643, "maxScore": 538.0, "maxOrder": 3283, "zycc": "国家专项", "fsx": 483.0}], "sszygradeList": [{"remarks": "", "schcode": "", "sex": "", "campus": "", "nf": "2020", "klmc": "文史", "ssmc": "黑龙江", "zylx": "国家专项", "zymc": "工商管理类", "maxScore": 538.0, "minScore": 532.0, "avgScore": 534.7, "avgOrder": 3482, "minOrder": 3721, "maxOrder": 3283, "kl": "", "ssdm": "23", "rs": 3, "zdx": 483.0, "ptx": 483.0, "zycc": "国家专项", "fsx": 483.0}, {"remarks": "", "schcode": "", "sex": "", "campus": "", "nf": "2020", "klmc": "文史", "ssmc": "黑龙江", "zylx": "国家专项", "zymc": "法学类", "maxScore": 535.0, "minScore": 526.0, "avgScore": 531.3, "avgOrder": 3794, "minOrder": 4142, "maxOrder": 3482, "kl": "", "ssdm": "23", "rs": 3, "zdx": 483.0, "ptx": 483.0, "zycc": "国家专项", "fsx": 483.0}], "withYsl": false}, "jessionid": "be6fea6da6d947ea968a0aa03c8d00d3"}