{"state": 1, "msg": "操作成功", "data": {"zsSsgradeList": [{"remarks": "", "schcode": "", "sex": "", "campus": "", "nf": "2017", "klmc": "文史", "ssmc": "天津", "zylx": "普通类", "kl": "1", "ssdm": "12", "rs": 6, "zdx": 531.0, "ptx": 531.0, "minScore": 537.0, "minOrder": 2807, "avgScore": 540.8, "avgOrder": 2632, "maxScore": 550.0, "maxOrder": 2206, "zycc": "普通类", "fsx": 531.0}], "sszygradeList": [{"remarks": "", "schcode": "", "sex": "", "campus": "", "nf": "2017", "klmc": "文史", "ssmc": "天津", "zylx": "普通类", "zymc": "工商管理类（管理学Ⅱ）", "maxScore": 550.0, "minScore": 538.0, "avgScore": 542.5, "avgOrder": 2529, "minOrder": 2764, "maxOrder": 2206, "kl": "", "ssdm": "12", "rs": 4, "zdx": 531.0, "ptx": 531.0, "zycc": "普通类", "fsx": 531.0}, {"remarks": "", "schcode": "", "sex": "", "campus": "", "nf": "2017", "klmc": "文史", "ssmc": "天津", "zylx": "普通类", "zymc": "法学类（法学）", "maxScore": 538.0, "minScore": 537.0, "avgScore": 537.5, "avgOrder": 2764, "minOrder": 2807, "maxOrder": 2764, "kl": "", "ssdm": "12", "rs": 2, "zdx": 531.0, "ptx": 531.0, "zycc": "普通类", "fsx": 531.0}], "withYsl": false}, "jessionid": "be6fea6da6d947ea968a0aa03c8d00d3"}