{"state": 1, "msg": "操作成功", "data": {"zsSsgradeList": [{"remarks": "", "schcode": "", "sex": "", "campus": "", "nf": "2019", "klmc": "文史", "ssmc": "广东", "zylx": "普通类", "kl": "1", "ssdm": "44", "rs": 4, "zdx": 455.0, "ptx": 455.0, "minScore": 555.0, "minOrder": 15576, "avgScore": 555.2, "avgOrder": 15576, "maxScore": 556.0, "maxOrder": 15084, "zycc": "普通类", "fsx": 455.0}], "sszygradeList": [{"remarks": "", "schcode": "", "sex": "", "campus": "", "nf": "2019", "klmc": "文史", "ssmc": "广东", "zylx": "普通类", "zymc": "工商管理类", "maxScore": 556.0, "minScore": 555.0, "avgScore": 555.5, "avgOrder": 15084, "minOrder": 15576, "maxOrder": 15084, "kl": "", "ssdm": "44", "rs": 2, "zdx": 455.0, "ptx": 455.0, "zycc": "普通类", "fsx": 455.0}, {"remarks": "", "schcode": "", "sex": "", "campus": "", "nf": "2019", "klmc": "文史", "ssmc": "广东", "zylx": "普通类", "zymc": "法学类", "maxScore": 555.0, "minScore": 555.0, "avgScore": 555.0, "avgOrder": 15576, "minOrder": 15576, "maxOrder": 15576, "kl": "", "ssdm": "44", "rs": 2, "zdx": 455.0, "ptx": 455.0, "zycc": "普通类", "fsx": 455.0}], "withYsl": false}, "jessionid": "be6fea6da6d947ea968a0aa03c8d00d3"}