{"state": 1, "msg": "操作成功", "data": {"zsSsgradeList": [{"remarks": "", "schcode": "", "sex": "", "campus": "", "nf": "2018", "klmc": "理工", "ssmc": "宁夏", "zylx": "普通类", "kl": "5", "ssdm": "64", "rs": 1, "zdx": 463.0, "ptx": 463.0, "minScore": 464.0, "minOrder": 10802, "avgScore": 464.0, "avgOrder": 10802, "maxScore": 464.0, "maxOrder": 10802, "zycc": "普通类", "fsx": 463.0}], "sszygradeList": [{"remarks": "", "schcode": "", "sex": "", "campus": "", "nf": "2018", "klmc": "理工", "ssmc": "宁夏", "zylx": "普通类", "zymc": "电气工程及其自动化", "maxScore": 483.0, "minScore": 482.0, "avgScore": 482.5, "avgOrder": 8178, "minOrder": 8314, "maxOrder": 8178, "kl": "", "ssdm": "64", "rs": 2, "zdx": 463.0, "ptx": 463.0, "zycc": "普通类", "fsx": 463.0}, {"remarks": "", "schcode": "", "sex": "", "campus": "", "nf": "2018", "klmc": "理工", "ssmc": "宁夏", "zylx": "普通类", "zymc": "金融学类", "maxScore": 464.0, "minScore": 464.0, "avgScore": 464.0, "avgOrder": 10802, "minOrder": 10802, "maxOrder": 10802, "kl": "", "ssdm": "64", "rs": 1, "zdx": 463.0, "ptx": 463.0, "zycc": "普通类", "fsx": 463.0}, {"remarks": "", "schcode": "", "sex": "", "campus": "", "nf": "2018", "klmc": "理工", "ssmc": "宁夏", "zylx": "普通类", "zymc": "食品科学与工程类", "maxScore": 476.0, "minScore": 476.0, "avgScore": 476.0, "avgOrder": 9100, "minOrder": 9100, "maxOrder": 9100, "kl": "", "ssdm": "64", "rs": 1, "zdx": 463.0, "ptx": 463.0, "zycc": "普通类", "fsx": 463.0}], "withYsl": false}, "jessionid": "be6fea6da6d947ea968a0aa03c8d00d3"}