{"state": 1, "msg": "操作成功", "data": {"zsSsgradeList": [{"remarks": "文化课成绩（艺术本科提前批）", "schcode": "", "sex": "", "campus": "", "nf": "2020", "klmc": "艺术(理)", "ssmc": "湖南", "zylx": "艺术批", "kl": "7", "ssdm": "43", "rs": 3, "minScore": 448.0, "avgScore": 469.3, "maxScore": 480.0, "zycc": "艺术批"}], "sszygradeList": [{"remarks": "文化课成绩（艺术本科提前批）", "schcode": "", "sex": "", "campus": "", "nf": "2020", "klmc": "艺术(理)", "ssmc": "湖南", "zylx": "艺术批", "zymc": "视觉传达设计", "maxScore": 480.0, "minScore": 448.0, "avgScore": 464.0, "kl": "", "ssdm": "43", "rs": 2, "zycc": "艺术批"}, {"remarks": "文化课成绩（艺术本科提前批）", "schcode": "", "sex": "", "campus": "", "nf": "2020", "klmc": "艺术(理)", "ssmc": "湖南", "zylx": "艺术批", "zymc": "环境设计", "maxScore": 480.0, "minScore": 480.0, "avgScore": 480.0, "kl": "", "ssdm": "43", "rs": 1, "zycc": "艺术批"}], "withYsl": false}, "jessionid": "be6fea6da6d947ea968a0aa03c8d00d3"}