{"state": 1, "msg": "操作成功", "data": {"zsSsgradeList": [{"remarks": "", "schcode": "", "sex": "", "campus": "", "nf": "2017", "klmc": "理工", "ssmc": "辽宁", "zylx": "普通类", "kl": "5", "ssdm": "21", "rs": 108, "zdx": 480.0, "ptx": 480.0, "minScore": 524.0, "minOrder": 24219, "avgScore": 538.3, "avgOrder": 20110, "maxScore": 567.0, "maxOrder": 12589, "zycc": "普通类", "fsx": 480.0}], "sszygradeList": [{"remarks": "", "schcode": "", "sex": "", "campus": "", "nf": "2017", "klmc": "理工", "ssmc": "辽宁", "zylx": "普通类", "zymc": "植物生产类（Ⅰ）", "maxScore": 549.0, "minScore": 528.0, "avgScore": 537.4, "avgOrder": 20387, "minOrder": 23027, "maxOrder": 17046, "kl": "", "ssdm": "21", "rs": 11, "zdx": 480.0, "ptx": 480.0, "zycc": "普通类", "fsx": 480.0}, {"remarks": "", "schcode": "", "sex": "", "campus": "", "nf": "2017", "klmc": "理工", "ssmc": "辽宁", "zylx": "普通类", "zymc": "农学（本硕博班）", "maxScore": 555.0, "minScore": 553.0, "avgScore": 554.0, "avgOrder": 15694, "minOrder": 15966, "maxOrder": 15422, "kl": "", "ssdm": "21", "rs": 2, "zdx": 480.0, "ptx": 480.0, "zycc": "普通类", "fsx": 480.0}, {"remarks": "", "schcode": "", "sex": "", "campus": "", "nf": "2017", "klmc": "理工", "ssmc": "辽宁", "zylx": "普通类", "zymc": "风景园林", "maxScore": 567.0, "minScore": 535.0, "avgScore": 548.0, "avgOrder": 17293, "minOrder": 20946, "maxOrder": 12589, "kl": "", "ssdm": "21", "rs": 3, "zdx": 480.0, "ptx": 480.0, "zycc": "普通类", "fsx": 480.0}, {"remarks": "", "schcode": "", "sex": "", "campus": "", "nf": "2017", "klmc": "理工", "ssmc": "辽宁", "zylx": "普通类", "zymc": "植物生产类（Ⅱ）", "maxScore": 546.0, "minScore": 534.0, "avgScore": 539.7, "avgOrder": 19541, "minOrder": 21256, "maxOrder": 17835, "kl": "", "ssdm": "21", "rs": 3, "zdx": 480.0, "ptx": 480.0, "zycc": "普通类", "fsx": 480.0}, {"remarks": "", "schcode": "", "sex": "", "campus": "", "nf": "2017", "klmc": "理工", "ssmc": "辽宁", "zylx": "普通类", "zymc": "应用气象学", "maxScore": 537.0, "minScore": 533.0, "avgScore": 535.0, "avgOrder": 20946, "minOrder": 21562, "maxOrder": 20387, "kl": "", "ssdm": "21", "rs": 2, "zdx": 480.0, "ptx": 480.0, "zycc": "普通类", "fsx": 480.0}, {"remarks": "", "schcode": "", "sex": "", "campus": "", "nf": "2017", "klmc": "理工", "ssmc": "辽宁", "zylx": "普通类", "zymc": "生态学", "maxScore": 530.0, "minScore": 525.0, "avgScore": 527.5, "avgOrder": 23027, "minOrder": 23912, "maxOrder": 22465, "kl": "", "ssdm": "21", "rs": 2, "zdx": 480.0, "ptx": 480.0, "zycc": "普通类", "fsx": 480.0}, {"remarks": "", "schcode": "", "sex": "", "campus": "", "nf": "2017", "klmc": "理工", "ssmc": "辽宁", "zylx": "普通类", "zymc": "环境科学与工程类", "maxScore": 542.0, "minScore": 533.0, "avgScore": 536.5, "avgOrder": 20387, "minOrder": 21562, "maxOrder": 18947, "kl": "", "ssdm": "21", "rs": 4, "zdx": 480.0, "ptx": 480.0, "zycc": "普通类", "fsx": 480.0}, {"remarks": "", "schcode": "", "sex": "", "campus": "", "nf": "2017", "klmc": "理工", "ssmc": "辽宁", "zylx": "普通类", "zymc": "自然保护与环境生态类（农学）", "maxScore": 530.0, "minScore": 525.0, "avgScore": 527.8, "avgOrder": 23027, "minOrder": 23912, "maxOrder": 22465, "kl": "", "ssdm": "21", "rs": 4, "zdx": 480.0, "ptx": 480.0, "zycc": "普通类", "fsx": 480.0}, {"remarks": "", "schcode": "", "sex": "", "campus": "", "nf": "2017", "klmc": "理工", "ssmc": "辽宁", "zylx": "普通类", "zymc": "动物科学", "maxScore": 533.0, "minScore": 527.0, "avgScore": 529.6, "avgOrder": 22465, "minOrder": 23301, "maxOrder": 21562, "kl": "", "ssdm": "21", "rs": 5, "zdx": 480.0, "ptx": 480.0, "zycc": "普通类", "fsx": 480.0}, {"remarks": "", "schcode": "", "sex": "", "campus": "", "nf": "2017", "klmc": "理工", "ssmc": "辽宁", "zylx": "普通类", "zymc": "水产养殖学", "maxScore": 528.0, "minScore": 525.0, "avgScore": 526.7, "avgOrder": 23301, "minOrder": 23912, "maxOrder": 23027, "kl": "", "ssdm": "21", "rs": 3, "zdx": 480.0, "ptx": 480.0, "zycc": "普通类", "fsx": 480.0}, {"remarks": "", "schcode": "", "sex": "", "campus": "", "nf": "2017", "klmc": "理工", "ssmc": "辽宁", "zylx": "普通类", "zymc": "草业科学", "maxScore": 529.0, "minScore": 527.0, "avgScore": 528.0, "avgOrder": 23027, "minOrder": 23301, "maxOrder": 22753, "kl": "", "ssdm": "21", "rs": 2, "zdx": 480.0, "ptx": 480.0, "zycc": "普通类", "fsx": 480.0}, {"remarks": "", "schcode": "", "sex": "", "campus": "", "nf": "2017", "klmc": "理工", "ssmc": "辽宁", "zylx": "普通类", "zymc": "动物医学", "maxScore": 534.0, "minScore": 524.0, "avgScore": 529.7, "avgOrder": 22465, "minOrder": 24219, "maxOrder": 21256, "kl": "", "ssdm": "21", "rs": 3, "zdx": 480.0, "ptx": 480.0, "zycc": "普通类", "fsx": 480.0}, {"remarks": "", "schcode": "", "sex": "", "campus": "", "nf": "2017", "klmc": "理工", "ssmc": "辽宁", "zylx": "普通类", "zymc": "机械类（工学Ⅰ）", "maxScore": 561.0, "minScore": 532.0, "avgScore": 540.9, "avgOrder": 19238, "minOrder": 21845, "maxOrder": 13965, "kl": "", "ssdm": "21", "rs": 8, "zdx": 480.0, "ptx": 480.0, "zycc": "普通类", "fsx": 480.0}, {"remarks": "", "schcode": "", "sex": "", "campus": "", "nf": "2017", "klmc": "理工", "ssmc": "辽宁", "zylx": "普通类", "zymc": "农业机械化及其自动化（本硕博班）", "maxScore": 552.0, "minScore": 548.0, "avgScore": 550.0, "avgOrder": 16785, "minOrder": 17293, "maxOrder": 16219, "kl": "", "ssdm": "21", "rs": 2, "zdx": 480.0, "ptx": 480.0, "zycc": "普通类", "fsx": 480.0}, {"remarks": "", "schcode": "", "sex": "", "campus": "", "nf": "2017", "klmc": "理工", "ssmc": "辽宁", "zylx": "普通类", "zymc": "能源动力类（工学Ⅱ）", "maxScore": 540.0, "minScore": 535.0, "avgScore": 537.5, "avgOrder": 20110, "minOrder": 20946, "maxOrder": 19541, "kl": "", "ssdm": "21", "rs": 2, "zdx": 480.0, "ptx": 480.0, "zycc": "普通类", "fsx": 480.0}, {"remarks": "", "schcode": "", "sex": "", "campus": "", "nf": "2017", "klmc": "理工", "ssmc": "辽宁", "zylx": "普通类", "zymc": "电气类（工学Ⅲ）", "maxScore": 552.0, "minScore": 548.0, "avgScore": 550.0, "avgOrder": 16785, "minOrder": 17293, "maxOrder": 16219, "kl": "", "ssdm": "21", "rs": 4, "zdx": 480.0, "ptx": 480.0, "zycc": "普通类", "fsx": 480.0}, {"remarks": "", "schcode": "", "sex": "", "campus": "", "nf": "2017", "klmc": "理工", "ssmc": "辽宁", "zylx": "普通类", "zymc": "计算机类", "maxScore": 549.0, "minScore": 543.0, "avgScore": 546.0, "avgOrder": 17835, "minOrder": 18655, "maxOrder": 17046, "kl": "", "ssdm": "21", "rs": 3, "zdx": 480.0, "ptx": 480.0, "zycc": "普通类", "fsx": 480.0}, {"remarks": "", "schcode": "", "sex": "", "campus": "", "nf": "2017", "klmc": "理工", "ssmc": "辽宁", "zylx": "普通类", "zymc": "金融学类（经济学）", "maxScore": 550.0, "minScore": 538.0, "avgScore": 544.9, "avgOrder": 18100, "minOrder": 20110, "maxOrder": 16785, "kl": "", "ssdm": "21", "rs": 10, "zdx": 480.0, "ptx": 480.0, "zycc": "普通类", "fsx": 480.0}, {"remarks": "", "schcode": "", "sex": "", "campus": "", "nf": "2017", "klmc": "理工", "ssmc": "辽宁", "zylx": "普通类", "zymc": "生物科学类", "maxScore": 534.0, "minScore": 527.0, "avgScore": 531.0, "avgOrder": 22165, "minOrder": 23301, "maxOrder": 21256, "kl": "", "ssdm": "21", "rs": 3, "zdx": 480.0, "ptx": 480.0, "zycc": "普通类", "fsx": 480.0}, {"remarks": "", "schcode": "", "sex": "", "campus": "", "nf": "2017", "klmc": "理工", "ssmc": "辽宁", "zylx": "普通类", "zymc": "生物工程类（工学Ⅳ）", "maxScore": 533.0, "minScore": 530.0, "avgScore": 531.0, "avgOrder": 22165, "minOrder": 22465, "maxOrder": 21562, "kl": "", "ssdm": "21", "rs": 3, "zdx": 480.0, "ptx": 480.0, "zycc": "普通类", "fsx": 480.0}, {"remarks": "", "schcode": "", "sex": "", "campus": "", "nf": "2017", "klmc": "理工", "ssmc": "辽宁", "zylx": "普通类", "zymc": "食品科学与工程类", "maxScore": 553.0, "minScore": 538.0, "avgScore": 544.6, "avgOrder": 18100, "minOrder": 20110, "maxOrder": 15966, "kl": "", "ssdm": "21", "rs": 8, "zdx": 480.0, "ptx": 480.0, "zycc": "普通类", "fsx": 480.0}, {"remarks": "", "schcode": "", "sex": "", "campus": "", "nf": "2017", "klmc": "理工", "ssmc": "辽宁", "zylx": "普通类", "zymc": "人文地理与城乡规划", "maxScore": 531.0, "minScore": 531.0, "avgScore": 531.0, "avgOrder": 22165, "minOrder": 22165, "maxOrder": 22165, "kl": "", "ssdm": "21", "rs": 2, "zdx": 480.0, "ptx": 480.0, "zycc": "普通类", "fsx": 480.0}, {"remarks": "", "schcode": "", "sex": "", "campus": "", "nf": "2017", "klmc": "理工", "ssmc": "辽宁", "zylx": "普通类", "zymc": "土地资源管理", "maxScore": 541.0, "minScore": 531.0, "avgScore": 536.0, "avgOrder": 20662, "minOrder": 22165, "maxOrder": 19238, "kl": "", "ssdm": "21", "rs": 2, "zdx": 480.0, "ptx": 480.0, "zycc": "普通类", "fsx": 480.0}, {"remarks": "", "schcode": "", "sex": "", "campus": "", "nf": "2017", "klmc": "理工", "ssmc": "辽宁", "zylx": "普通类", "zymc": "水利类（工学Ⅴ）", "maxScore": 553.0, "minScore": 544.0, "avgScore": 547.8, "avgOrder": 17293, "minOrder": 18372, "maxOrder": 15966, "kl": "", "ssdm": "21", "rs": 4, "zdx": 480.0, "ptx": 480.0, "zycc": "普通类", "fsx": 480.0}, {"remarks": "", "schcode": "", "sex": "", "campus": "", "nf": "2017", "klmc": "理工", "ssmc": "辽宁", "zylx": "普通类", "zymc": "土木工程", "maxScore": 533.0, "minScore": 531.0, "avgScore": 532.0, "avgOrder": 21845, "minOrder": 22165, "maxOrder": 21562, "kl": "", "ssdm": "21", "rs": 2, "zdx": 480.0, "ptx": 480.0, "zycc": "普通类", "fsx": 480.0}, {"remarks": "", "schcode": "", "sex": "", "campus": "", "nf": "2017", "klmc": "理工", "ssmc": "辽宁", "zylx": "普通类", "zymc": "工程管理", "maxScore": 539.0, "minScore": 539.0, "avgScore": 539.0, "avgOrder": 19822, "minOrder": 19822, "maxOrder": 19822, "kl": "", "ssdm": "21", "rs": 3, "zdx": 480.0, "ptx": 480.0, "zycc": "普通类", "fsx": 480.0}, {"remarks": "", "schcode": "", "sex": "", "campus": "", "nf": "2017", "klmc": "理工", "ssmc": "辽宁", "zylx": "普通类", "zymc": "统计学类（理学）", "maxScore": 538.0, "minScore": 534.0, "avgScore": 535.7, "avgOrder": 20662, "minOrder": 21256, "maxOrder": 20110, "kl": "", "ssdm": "21", "rs": 3, "zdx": 480.0, "ptx": 480.0, "zycc": "普通类", "fsx": 480.0}, {"remarks": "", "schcode": "", "sex": "", "campus": "", "nf": "2017", "klmc": "理工", "ssmc": "辽宁", "zylx": "普通类", "zymc": "俄语", "maxScore": 536.0, "minScore": 526.0, "avgScore": 531.7, "avgOrder": 21845, "minOrder": 23593, "maxOrder": 20662, "kl": "", "ssdm": "21", "rs": 3, "zdx": 480.0, "ptx": 480.0, "zycc": "普通类", "fsx": 480.0}, {"remarks": "", "schcode": "", "sex": "", "campus": "", "nf": "2017", "klmc": "理工", "ssmc": "辽宁", "zylx": "普通类", "zymc": "化学生物学", "maxScore": 531.0, "minScore": 526.0, "avgScore": 528.5, "avgOrder": 22753, "minOrder": 23593, "maxOrder": 22165, "kl": "", "ssdm": "21", "rs": 2, "zdx": 480.0, "ptx": 480.0, "zycc": "普通类", "fsx": 480.0}], "withYsl": false}, "jessionid": "be6fea6da6d947ea968a0aa03c8d00d3"}