{"state": 1, "msg": "操作成功", "data": {"zsSsgradeList": [{"remarks": "", "schcode": "", "sex": "", "campus": "", "nf": "2020", "klmc": "文史", "ssmc": "河南", "zylx": "国家专项", "kl": "1", "ssdm": "41", "rs": 4, "zdx": 556.0, "ptx": 556.0, "minScore": 596.0, "minOrder": 6006, "avgScore": 597.0, "avgOrder": 5757, "maxScore": 599.0, "maxOrder": 5253, "zycc": "国家专项", "fsx": 556.0}], "sszygradeList": [{"remarks": "", "schcode": "", "sex": "", "campus": "", "nf": "2020", "klmc": "文史", "ssmc": "河南", "zylx": "国家专项", "zymc": "工商管理类", "maxScore": 599.0, "minScore": 596.0, "avgScore": 597.5, "avgOrder": 5502, "minOrder": 6006, "maxOrder": 5253, "kl": "", "ssdm": "41", "rs": 2, "zdx": 556.0, "ptx": 556.0, "zycc": "国家专项", "fsx": 556.0}, {"remarks": "", "schcode": "", "sex": "", "campus": "", "nf": "2020", "klmc": "文史", "ssmc": "河南", "zylx": "国家专项", "zymc": "法学类", "maxScore": 597.0, "minScore": 596.0, "avgScore": 596.5, "avgOrder": 6006, "minOrder": 6006, "maxOrder": 5757, "kl": "", "ssdm": "41", "rs": 2, "zdx": 556.0, "ptx": 556.0, "zycc": "国家专项", "fsx": 556.0}], "withYsl": false}, "jessionid": "be6fea6da6d947ea968a0aa03c8d00d3"}