{"state": 1, "msg": "操作成功", "data": {"zsSsgradeList": [{"remarks": "", "schcode": "", "sex": "", "campus": "", "nf": "2020", "klmc": "文史", "ssmc": "广西", "zylx": "普通类", "kl": "1", "ssdm": "45", "rs": 21, "zdx": 500.0, "ptx": 500.0, "minScore": 526.0, "minOrder": 5639, "avgScore": 530.2, "avgOrder": 5073, "maxScore": 538.0, "maxOrder": 4090, "zycc": "普通类", "fsx": 500.0}], "sszygradeList": [{"remarks": "", "schcode": "", "sex": "", "campus": "", "nf": "2020", "klmc": "文史", "ssmc": "广西", "zylx": "普通类", "zymc": "工商管理类", "maxScore": 534.0, "minScore": 527.0, "avgScore": 530.5, "avgOrder": 5073, "minOrder": 5510, "maxOrder": 4568, "kl": "", "ssdm": "45", "rs": 8, "zdx": 500.0, "ptx": 500.0, "zycc": "普通类", "fsx": 500.0}, {"remarks": "", "schcode": "", "sex": "", "campus": "", "nf": "2020", "klmc": "文史", "ssmc": "广西", "zylx": "普通类", "zymc": "农林经济管理", "maxScore": 531.0, "minScore": 528.0, "avgScore": 529.0, "avgOrder": 5206, "minOrder": 5371, "maxOrder": 4921, "kl": "", "ssdm": "45", "rs": 3, "zdx": 500.0, "ptx": 500.0, "zycc": "普通类", "fsx": 500.0}, {"remarks": "", "schcode": "", "sex": "", "campus": "", "nf": "2020", "klmc": "文史", "ssmc": "广西", "zylx": "普通类", "zymc": "法学类", "maxScore": 538.0, "minScore": 529.0, "avgScore": 533.2, "avgOrder": 4689, "minOrder": 5206, "maxOrder": 4090, "kl": "", "ssdm": "45", "rs": 4, "zdx": 500.0, "ptx": 500.0, "zycc": "普通类", "fsx": 500.0}, {"remarks": "", "schcode": "", "sex": "", "campus": "", "nf": "2020", "klmc": "文史", "ssmc": "广西", "zylx": "普通类", "zymc": "行政管理", "maxScore": 531.0, "minScore": 526.0, "avgScore": 527.8, "avgOrder": 5371, "minOrder": 5639, "maxOrder": 4921, "kl": "", "ssdm": "45", "rs": 4, "zdx": 500.0, "ptx": 500.0, "zycc": "普通类", "fsx": 500.0}, {"remarks": "", "schcode": "", "sex": "", "campus": "", "nf": "2020", "klmc": "文史", "ssmc": "广西", "zylx": "普通类", "zymc": "英语", "maxScore": 532.0, "minScore": 527.0, "avgScore": 529.5, "avgOrder": 5073, "minOrder": 5510, "maxOrder": 4808, "kl": "", "ssdm": "45", "rs": 2, "zdx": 500.0, "ptx": 500.0, "zycc": "普通类", "fsx": 500.0}], "withYsl": false}, "jessionid": "be6fea6da6d947ea968a0aa03c8d00d3"}