{"state": 1, "msg": "操作成功", "data": {"zsSsgradeList": [{"remarks": "", "schcode": "", "sex": "", "campus": "", "nf": "2018", "klmc": "文史", "ssmc": "云南", "zylx": "国家专项", "kl": "1", "ssdm": "53", "rs": 2, "zdx": 575.0, "ptx": 575.0, "minScore": 599.0, "minOrder": 4428, "avgScore": 600.0, "avgOrder": 4285, "maxScore": 601.0, "maxOrder": 4155, "zycc": "国家专项", "fsx": 575.0}], "sszygradeList": [{"remarks": "", "schcode": "", "sex": "", "campus": "", "nf": "2018", "klmc": "文史", "ssmc": "云南", "zylx": "国家专项", "zymc": "工商管理类", "maxScore": 601.0, "minScore": 599.0, "avgScore": 600.0, "avgOrder": 4285, "minOrder": 4428, "maxOrder": 4155, "kl": "", "ssdm": "53", "rs": 2, "zdx": 575.0, "ptx": 575.0, "zycc": "国家专项", "fsx": 575.0}], "withYsl": false}, "jessionid": "be6fea6da6d947ea968a0aa03c8d00d3"}