{"state": 1, "msg": "操作成功", "data": {"zsSsgradeList": [{"remarks": "", "schcode": "", "sex": "", "campus": "", "nf": "2017", "klmc": "理工", "ssmc": "湖北", "zylx": "国家专项", "kl": "5", "ssdm": "42", "rs": 13, "zdx": 484.0, "ptx": 484.0, "minScore": 523.0, "minOrder": 32218, "avgScore": 528.7, "avgOrder": 29517, "maxScore": 538.0, "maxOrder": 25668, "zycc": "国家专项", "fsx": 484.0}], "sszygradeList": [{"remarks": "", "schcode": "", "sex": "", "campus": "", "nf": "2017", "klmc": "理工", "ssmc": "湖北", "zylx": "国家专项", "zymc": "风景园林", "maxScore": 529.0, "minScore": 527.0, "avgScore": 528.0, "avgOrder": 29974, "minOrder": 30404, "maxOrder": 29517, "kl": "", "ssdm": "42", "rs": 2, "zdx": 484.0, "ptx": 484.0, "zycc": "国家专项", "fsx": 484.0}, {"remarks": "", "schcode": "", "sex": "", "campus": "", "nf": "2017", "klmc": "理工", "ssmc": "湖北", "zylx": "国家专项", "zymc": "动物科学", "maxScore": 538.0, "minScore": 528.0, "avgScore": 533.0, "avgOrder": 27830, "minOrder": 29974, "maxOrder": 25668, "kl": "", "ssdm": "42", "rs": 2, "zdx": 484.0, "ptx": 484.0, "zycc": "国家专项", "fsx": 484.0}, {"remarks": "", "schcode": "", "sex": "", "campus": "", "nf": "2017", "klmc": "理工", "ssmc": "湖北", "zylx": "国家专项", "zymc": "动物医学", "maxScore": 530.0, "minScore": 526.0, "avgScore": 528.0, "avgOrder": 29974, "minOrder": 30879, "maxOrder": 29071, "kl": "", "ssdm": "42", "rs": 2, "zdx": 484.0, "ptx": 484.0, "zycc": "国家专项", "fsx": 484.0}, {"remarks": "", "schcode": "", "sex": "", "campus": "", "nf": "2017", "klmc": "理工", "ssmc": "湖北", "zylx": "国家专项", "zymc": "机械类（工学Ⅰ）", "maxScore": 524.0, "minScore": 523.0, "avgScore": 523.5, "avgOrder": 31791, "minOrder": 32218, "maxOrder": 31791, "kl": "", "ssdm": "42", "rs": 2, "zdx": 484.0, "ptx": 484.0, "zycc": "国家专项", "fsx": 484.0}, {"remarks": "", "schcode": "", "sex": "", "campus": "", "nf": "2017", "klmc": "理工", "ssmc": "湖北", "zylx": "国家专项", "zymc": "计算机类", "maxScore": 527.0, "minScore": 524.0, "avgScore": 525.5, "avgOrder": 30879, "minOrder": 31791, "maxOrder": 30404, "kl": "", "ssdm": "42", "rs": 2, "zdx": 484.0, "ptx": 484.0, "zycc": "国家专项", "fsx": 484.0}, {"remarks": "", "schcode": "", "sex": "", "campus": "", "nf": "2017", "klmc": "理工", "ssmc": "湖北", "zylx": "国家专项", "zymc": "金融学类（经济学）", "maxScore": 530.0, "minScore": 530.0, "avgScore": 530.0, "avgOrder": 29071, "minOrder": 29071, "maxOrder": 29071, "kl": "", "ssdm": "42", "rs": 1, "zdx": 484.0, "ptx": 484.0, "zycc": "国家专项", "fsx": 484.0}, {"remarks": "", "schcode": "", "sex": "", "campus": "", "nf": "2017", "klmc": "理工", "ssmc": "湖北", "zylx": "国家专项", "zymc": "土木工程", "maxScore": 537.0, "minScore": 530.0, "avgScore": 533.5, "avgOrder": 27422, "minOrder": 29071, "maxOrder": 26126, "kl": "", "ssdm": "42", "rs": 2, "zdx": 484.0, "ptx": 484.0, "zycc": "国家专项", "fsx": 484.0}], "withYsl": false}, "jessionid": "be6fea6da6d947ea968a0aa03c8d00d3"}