{"state": 1, "msg": "操作成功", "data": {"zsSsgradeList": [{"remarks": "", "schcode": "", "sex": "", "campus": "", "nf": "2020", "klmc": "文史", "ssmc": "内蒙古", "zylx": "蒙授", "kl": "1", "ssdm": "15", "rs": 9, "zdx": 520.0, "ptx": 520.0, "minScore": 509.0, "avgScore": 524.7, "maxScore": 552.0, "zycc": "蒙授", "fsx": 520.0}], "sszygradeList": [{"remarks": "", "schcode": "", "sex": "", "campus": "", "nf": "2020", "klmc": "文史", "ssmc": "内蒙古", "zylx": "蒙授", "zymc": "工商管理类", "maxScore": 552.0, "minScore": 510.0, "avgScore": 524.1, "kl": "", "ssdm": "15", "rs": 7, "zycc": "蒙授"}, {"remarks": "", "schcode": "", "sex": "", "campus": "", "nf": "2020", "klmc": "文史", "ssmc": "内蒙古", "zylx": "蒙授", "zymc": "行政管理", "maxScore": 544.0, "minScore": 509.0, "avgScore": 526.5, "kl": "", "ssdm": "15", "rs": 2, "zycc": "蒙授"}], "withYsl": false}, "jessionid": "be6fea6da6d947ea968a0aa03c8d00d3"}