{"state": 1, "msg": "操作成功", "data": {"zsSsgradeList": [{"remarks": "", "schcode": "", "sex": "", "campus": "", "nf": "2019", "klmc": "文史", "ssmc": "甘肃", "zylx": "国家专项", "kl": "1", "ssdm": "62", "rs": 2, "zdx": 519.0, "ptx": 519.0, "minScore": 555.0, "minOrder": 2699, "avgScore": 561.0, "avgOrder": 2236, "maxScore": 567.0, "maxOrder": 1826, "zycc": "国家专项", "fsx": 519.0}], "sszygradeList": [{"remarks": "", "schcode": "", "sex": "", "campus": "", "nf": "2019", "klmc": "文史", "ssmc": "甘肃", "zylx": "国家专项", "zymc": "工商管理类", "maxScore": 567.0, "minScore": 555.0, "avgScore": 561.0, "avgOrder": 2236, "minOrder": 2699, "maxOrder": 1826, "kl": "", "ssdm": "62", "rs": 2, "zdx": 519.0, "ptx": 519.0, "zycc": "国家专项", "fsx": 519.0}], "withYsl": false}, "jessionid": "be6fea6da6d947ea968a0aa03c8d00d3"}