{"state": 1, "msg": "操作成功", "data": {"zsSsgradeList": [{"remarks": "", "schcode": "", "sex": "", "campus": "", "nf": "2017", "klmc": "文史", "ssmc": "江苏", "zylx": "普通类", "kl": "1", "ssdm": "32", "rs": 3, "zdx": 333.0, "ptx": 333.0, "minScore": 339.0, "minOrder": 11474, "avgScore": 339.7, "avgOrder": 10917, "maxScore": 340.0, "maxOrder": 10917, "zycc": "普通类", "fsx": 333.0}], "sszygradeList": [{"remarks": "", "schcode": "", "sex": "", "campus": "", "nf": "2017", "klmc": "文史", "ssmc": "江苏", "zylx": "普通类", "zymc": "行政管理", "maxScore": 341.0, "minScore": 340.0, "avgScore": 340.5, "avgOrder": 10362, "minOrder": 10917, "maxOrder": 10362, "kl": "", "ssdm": "32", "rs": 2, "zdx": 333.0, "ptx": 333.0, "zycc": "普通类", "fsx": 333.0}, {"remarks": "", "schcode": "", "sex": "", "campus": "", "nf": "2017", "klmc": "文史", "ssmc": "江苏", "zylx": "普通类", "zymc": "英语", "maxScore": 340.0, "minScore": 339.0, "avgScore": 339.5, "avgOrder": 10917, "minOrder": 11474, "maxOrder": 10917, "kl": "", "ssdm": "32", "rs": 2, "zdx": 333.0, "ptx": 333.0, "zycc": "普通类", "fsx": 333.0}], "withYsl": false}, "jessionid": "be6fea6da6d947ea968a0aa03c8d00d3"}