{"state": 1, "msg": "操作成功", "data": {"zsSsgradeList": [{"remarks": "", "schcode": "", "sex": "", "campus": "", "nf": "2020", "klmc": "艺术(不分文理)", "ssmc": "内蒙古", "zylx": "艺术批", "kl": "A", "ssdm": "15", "rs": 7, "minScore": 514.0, "avgScore": 518.4, "maxScore": 531.0, "zycc": "艺术批"}], "sszygradeList": [{"remarks": "文化课成绩", "schcode": "", "sex": "", "campus": "", "nf": "2020", "klmc": "艺术(不分文理)", "ssmc": "内蒙古", "zylx": "艺术批", "zymc": "广播电视编导", "maxScore": 531.0, "minScore": 514.0, "avgScore": 518.4, "kl": "", "ssdm": "15", "zydm": "", "rs": 7, "zycc": "艺术批"}], "withYsl": false}, "jessionid": "be6fea6da6d947ea968a0aa03c8d00d3"}