{"state": 1, "msg": "操作成功", "data": {"zsSsgradeList": [{"remarks": "", "schcode": "", "sex": "", "campus": "", "nf": "2020", "klmc": "理工", "ssmc": "黑龙江", "zylx": "中俄合作办学", "kl": "5", "ssdm": "23", "rs": 107, "zdx": 455.0, "ptx": 455.0, "minScore": 481.0, "minOrder": 31275, "avgScore": 495.0, "avgOrder": 27336, "maxScore": 529.0, "maxOrder": 18813, "zycc": "中俄合作办学", "fsx": 455.0}], "sszygradeList": [{"remarks": "", "schcode": "", "sex": "", "campus": "", "nf": "2020", "klmc": "理工", "ssmc": "黑龙江", "zylx": "中俄合作办学", "zymc": "金融学（中俄合作办学）", "maxScore": 529.0, "minScore": 495.0, "avgScore": 506.1, "avgOrder": 24437, "minOrder": 27336, "maxOrder": 18813, "kl": "", "ssdm": "23", "rs": 35, "zdx": 455.0, "ptx": 455.0, "zycc": "中俄合作办学", "fsx": 455.0}, {"remarks": "", "schcode": "", "sex": "", "campus": "", "nf": "2020", "klmc": "理工", "ssmc": "黑龙江", "zylx": "中俄合作办学", "zymc": "国际经济与贸易（中俄合作办学）", "maxScore": 524.0, "minScore": 483.0, "avgScore": 491.7, "avgOrder": 28172, "minOrder": 30662, "maxOrder": 19929, "kl": "", "ssdm": "23", "rs": 36, "zdx": 455.0, "ptx": 455.0, "zycc": "中俄合作办学", "fsx": 455.0}, {"remarks": "", "schcode": "", "sex": "", "campus": "", "nf": "2020", "klmc": "理工", "ssmc": "黑龙江", "zylx": "中俄合作办学", "zymc": "工商管理（中俄合作办学）", "maxScore": 523.0, "minScore": 481.0, "avgScore": 487.4, "avgOrder": 29517, "minOrder": 31275, "maxOrder": 20163, "kl": "", "ssdm": "23", "rs": 36, "zdx": 455.0, "ptx": 455.0, "zycc": "中俄合作办学", "fsx": 455.0}], "withYsl": false}, "jessionid": "be6fea6da6d947ea968a0aa03c8d00d3"}