{"state": 1, "msg": "操作成功", "data": {"zsSsgradeList": [{"remarks": "", "schcode": "", "sex": "", "campus": "", "nf": "2018", "klmc": "文史", "ssmc": "黑龙江", "zylx": "中俄合作办学", "kl": "1", "ssdm": "23", "rs": 36, "zdx": 490.0, "ptx": 490.0, "minScore": 498.0, "minOrder": 6240, "avgScore": 510.0, "avgOrder": 4958, "maxScore": 532.0, "maxOrder": 3052, "zycc": "中俄合作办学", "fsx": 490.0}], "sszygradeList": [{"remarks": "", "schcode": "", "sex": "", "campus": "", "nf": "2018", "klmc": "文史", "ssmc": "黑龙江", "zylx": "中俄合作办学", "zymc": "金融学（中俄合作办学）", "maxScore": 532.0, "minScore": 504.0, "avgScore": 512.8, "avgOrder": 4646, "minOrder": 5591, "maxOrder": 3052, "kl": "", "ssdm": "23", "rs": 12, "zdx": 490.0, "ptx": 490.0, "zycc": "中俄合作办学", "fsx": 490.0}, {"remarks": "", "schcode": "", "sex": "", "campus": "", "nf": "2018", "klmc": "文史", "ssmc": "黑龙江", "zylx": "中俄合作办学", "zymc": "国际经济与贸易（中俄合作办学）", "maxScore": 524.0, "minScore": 502.0, "avgScore": 512.8, "avgOrder": 4646, "minOrder": 5813, "maxOrder": 3666, "kl": "", "ssdm": "23", "rs": 12, "zdx": 490.0, "ptx": 490.0, "zycc": "中俄合作办学", "fsx": 490.0}, {"remarks": "", "schcode": "", "sex": "", "campus": "", "nf": "2018", "klmc": "文史", "ssmc": "黑龙江", "zylx": "中俄合作办学", "zymc": "工商管理（中俄合作办学）", "maxScore": 516.0, "minScore": 498.0, "avgScore": 504.4, "avgOrder": 5591, "minOrder": 6240, "maxOrder": 4370, "kl": "", "ssdm": "23", "rs": 12, "zdx": 490.0, "ptx": 490.0, "zycc": "中俄合作办学", "fsx": 490.0}], "withYsl": false}, "jessionid": "be6fea6da6d947ea968a0aa03c8d00d3"}