{"state": 1, "msg": "操作成功", "data": {"zsSsgradeList": [{"remarks": "", "schcode": "", "sex": "", "campus": "", "nf": "2020", "klmc": "理工", "ssmc": "内蒙古", "zylx": "普通类", "kl": "5", "ssdm": "15", "rs": 98, "zdx": 452.0, "ptx": 452.0, "minScore": 514.0, "minOrder": 14474, "avgScore": 533.7, "avgOrder": 10929, "maxScore": 569.0, "maxOrder": 5870, "zycc": "普通类", "fsx": 452.0}], "sszygradeList": [{"remarks": "", "schcode": "", "sex": "", "campus": "", "nf": "2020", "klmc": "理工", "ssmc": "内蒙古", "zylx": "普通类", "zymc": "农学", "maxScore": 542.0, "minScore": 523.0, "avgScore": 534.6, "avgOrder": 10745, "minOrder": 12808, "maxOrder": 9651, "kl": "", "ssdm": "15", "rs": 5, "zdx": 452.0, "ptx": 452.0, "zycc": "普通类", "fsx": 452.0}, {"remarks": "", "schcode": "", "sex": "", "campus": "", "nf": "2020", "klmc": "理工", "ssmc": "内蒙古", "zylx": "普通类", "zymc": "植物保护", "maxScore": 525.0, "minScore": 520.0, "avgScore": 522.0, "avgOrder": 12979, "minOrder": 13364, "maxOrder": 12443, "kl": "", "ssdm": "15", "rs": 4, "zdx": 452.0, "ptx": 452.0, "zycc": "普通类", "fsx": 452.0}, {"remarks": "", "schcode": "", "sex": "", "campus": "", "nf": "2020", "klmc": "理工", "ssmc": "内蒙古", "zylx": "普通类", "zymc": "植物科学与技术", "maxScore": 525.0, "minScore": 520.0, "avgScore": 522.5, "avgOrder": 12979, "minOrder": 13364, "maxOrder": 12443, "kl": "", "ssdm": "15", "rs": 2, "zdx": 452.0, "ptx": 452.0, "zycc": "普通类", "fsx": 452.0}, {"remarks": "", "schcode": "", "sex": "", "campus": "", "nf": "2020", "klmc": "理工", "ssmc": "内蒙古", "zylx": "普通类", "zymc": "种子科学与工程", "maxScore": 529.0, "minScore": 517.0, "avgScore": 522.0, "avgOrder": 12979, "minOrder": 13920, "maxOrder": 11802, "kl": "", "ssdm": "15", "rs": 3, "zdx": 452.0, "ptx": 452.0, "zycc": "普通类", "fsx": 452.0}, {"remarks": "", "schcode": "", "sex": "", "campus": "", "nf": "2020", "klmc": "理工", "ssmc": "内蒙古", "zylx": "普通类", "zymc": "风景园林", "maxScore": 539.0, "minScore": 517.0, "avgScore": 530.0, "avgOrder": 11633, "minOrder": 13920, "maxOrder": 10139, "kl": "", "ssdm": "15", "rs": 3, "zdx": 452.0, "ptx": 452.0, "zycc": "普通类", "fsx": 452.0}, {"remarks": "", "schcode": "", "sex": "", "campus": "", "nf": "2020", "klmc": "理工", "ssmc": "内蒙古", "zylx": "普通类", "zymc": "园艺", "maxScore": 531.0, "minScore": 524.0, "avgScore": 528.3, "avgOrder": 11970, "minOrder": 12613, "maxOrder": 11469, "kl": "", "ssdm": "15", "rs": 3, "zdx": 452.0, "ptx": 452.0, "zycc": "普通类", "fsx": 452.0}, {"remarks": "", "schcode": "", "sex": "", "campus": "", "nf": "2020", "klmc": "理工", "ssmc": "内蒙古", "zylx": "普通类", "zymc": "应用气象学", "maxScore": 548.0, "minScore": 518.0, "avgScore": 533.0, "avgOrder": 11132, "minOrder": 13731, "maxOrder": 8737, "kl": "", "ssdm": "15", "rs": 2, "zdx": 452.0, "ptx": 452.0, "zycc": "普通类", "fsx": 452.0}, {"remarks": "", "schcode": "", "sex": "", "campus": "", "nf": "2020", "klmc": "理工", "ssmc": "内蒙古", "zylx": "普通类", "zymc": "生态学", "maxScore": 530.0, "minScore": 523.0, "avgScore": 527.3, "avgOrder": 12113, "minOrder": 12808, "maxOrder": 11633, "kl": "", "ssdm": "15", "rs": 3, "zdx": 452.0, "ptx": 452.0, "zycc": "普通类", "fsx": 452.0}, {"remarks": "", "schcode": "", "sex": "", "campus": "", "nf": "2020", "klmc": "理工", "ssmc": "内蒙古", "zylx": "普通类", "zymc": "环境科学与工程类", "maxScore": 539.0, "minScore": 518.0, "avgScore": 528.5, "avgOrder": 11970, "minOrder": 13731, "maxOrder": 10139, "kl": "", "ssdm": "15", "rs": 2, "zdx": 452.0, "ptx": 452.0, "zycc": "普通类", "fsx": 452.0}, {"remarks": "", "schcode": "", "sex": "", "campus": "", "nf": "2020", "klmc": "理工", "ssmc": "内蒙古", "zylx": "普通类", "zymc": "自然保护与环境生态类", "maxScore": 524.0, "minScore": 516.0, "avgScore": 519.8, "avgOrder": 13364, "minOrder": 14100, "maxOrder": 12613, "kl": "", "ssdm": "15", "rs": 4, "zdx": 452.0, "ptx": 452.0, "zycc": "普通类", "fsx": 452.0}, {"remarks": "", "schcode": "", "sex": "", "campus": "", "nf": "2020", "klmc": "理工", "ssmc": "内蒙古", "zylx": "普通类", "zymc": "农业资源与环境（本硕博班）", "maxScore": 559.0, "minScore": 548.0, "avgScore": 553.5, "avgOrder": 7873, "minOrder": 8737, "maxOrder": 7150, "kl": "", "ssdm": "15", "rs": 2, "zdx": 452.0, "ptx": 452.0, "zycc": "普通类", "fsx": 452.0}, {"remarks": "", "schcode": "", "sex": "", "campus": "", "nf": "2020", "klmc": "理工", "ssmc": "内蒙古", "zylx": "普通类", "zymc": "动物科学", "maxScore": 538.0, "minScore": 517.0, "avgScore": 530.0, "avgOrder": 11633, "minOrder": 13920, "maxOrder": 10309, "kl": "", "ssdm": "15", "rs": 3, "zdx": 452.0, "ptx": 452.0, "zycc": "普通类", "fsx": 452.0}, {"remarks": "", "schcode": "", "sex": "", "campus": "", "nf": "2020", "klmc": "理工", "ssmc": "内蒙古", "zylx": "普通类", "zymc": "水产养殖学", "maxScore": 535.0, "minScore": 517.0, "avgScore": 526.0, "avgOrder": 12281, "minOrder": 13920, "maxOrder": 10745, "kl": "", "ssdm": "15", "rs": 2, "zdx": 452.0, "ptx": 452.0, "zycc": "普通类", "fsx": 452.0}, {"remarks": "", "schcode": "", "sex": "", "campus": "", "nf": "2020", "klmc": "理工", "ssmc": "内蒙古", "zylx": "普通类", "zymc": "草业科学", "maxScore": 529.0, "minScore": 506.0, "avgScore": 517.5, "avgOrder": 13731, "minOrder": 15998, "maxOrder": 11802, "kl": "", "ssdm": "15", "rs": 2, "zdx": 452.0, "ptx": 452.0, "zycc": "普通类", "fsx": 452.0}, {"remarks": "", "schcode": "", "sex": "", "campus": "", "nf": "2020", "klmc": "理工", "ssmc": "内蒙古", "zylx": "普通类", "zymc": "动物医学（本硕博班）", "maxScore": 569.0, "minScore": 555.0, "avgScore": 562.0, "avgOrder": 6775, "minOrder": 7731, "maxOrder": 5870, "kl": "", "ssdm": "15", "rs": 2, "zdx": 452.0, "ptx": 452.0, "zycc": "普通类", "fsx": 452.0}, {"remarks": "", "schcode": "", "sex": "", "campus": "", "nf": "2020", "klmc": "理工", "ssmc": "内蒙古", "zylx": "普通类", "zymc": "动物药学", "maxScore": 532.0, "minScore": 530.0, "avgScore": 531.0, "avgOrder": 11469, "minOrder": 11633, "maxOrder": 11313, "kl": "", "ssdm": "15", "rs": 2, "zdx": 452.0, "ptx": 452.0, "zycc": "普通类", "fsx": 452.0}, {"remarks": "", "schcode": "", "sex": "", "campus": "", "nf": "2020", "klmc": "理工", "ssmc": "内蒙古", "zylx": "普通类", "zymc": "机械类", "maxScore": 544.0, "minScore": 530.0, "avgScore": 538.5, "avgOrder": 10309, "minOrder": 11633, "maxOrder": 9344, "kl": "", "ssdm": "15", "rs": 6, "zdx": 452.0, "ptx": 452.0, "zycc": "普通类", "fsx": 452.0}, {"remarks": "", "schcode": "", "sex": "", "campus": "", "nf": "2020", "klmc": "理工", "ssmc": "内蒙古", "zylx": "普通类", "zymc": "能源动力类", "maxScore": 531.0, "minScore": 518.0, "avgScore": 524.5, "avgOrder": 12613, "minOrder": 13731, "maxOrder": 11469, "kl": "", "ssdm": "15", "rs": 2, "zdx": 452.0, "ptx": 452.0, "zycc": "普通类", "fsx": 452.0}, {"remarks": "", "schcode": "", "sex": "", "campus": "", "nf": "2020", "klmc": "理工", "ssmc": "内蒙古", "zylx": "普通类", "zymc": "电气工程及其自动化", "maxScore": 563.0, "minScore": 547.0, "avgScore": 555.3, "avgOrder": 7731, "minOrder": 8882, "maxOrder": 6650, "kl": "", "ssdm": "15", "rs": 3, "zdx": 452.0, "ptx": 452.0, "zycc": "普通类", "fsx": 452.0}, {"remarks": "", "schcode": "", "sex": "", "campus": "", "nf": "2020", "klmc": "理工", "ssmc": "内蒙古", "zylx": "普通类", "zymc": "计算机科学与技术", "maxScore": 562.0, "minScore": 548.0, "avgScore": 555.0, "avgOrder": 7731, "minOrder": 8737, "maxOrder": 6775, "kl": "", "ssdm": "15", "rs": 2, "zdx": 452.0, "ptx": 452.0, "zycc": "普通类", "fsx": 452.0}, {"remarks": "", "schcode": "", "sex": "", "campus": "", "nf": "2020", "klmc": "理工", "ssmc": "内蒙古", "zylx": "普通类", "zymc": "软件工程", "maxScore": 549.0, "minScore": 519.0, "avgScore": 534.0, "avgOrder": 10929, "minOrder": 13528, "maxOrder": 8574, "kl": "", "ssdm": "15", "rs": 2, "zdx": 452.0, "ptx": 452.0, "zycc": "普通类", "fsx": 452.0}, {"remarks": "", "schcode": "", "sex": "", "campus": "", "nf": "2020", "klmc": "理工", "ssmc": "内蒙古", "zylx": "普通类", "zymc": "农业电气化", "maxScore": 514.0, "minScore": 514.0, "avgScore": 514.0, "avgOrder": 14474, "minOrder": 14474, "maxOrder": 14474, "kl": "", "ssdm": "15", "rs": 1, "zdx": 452.0, "ptx": 452.0, "zycc": "普通类", "fsx": 452.0}, {"remarks": "", "schcode": "", "sex": "", "campus": "", "nf": "2020", "klmc": "理工", "ssmc": "内蒙古", "zylx": "普通类", "zymc": "工商管理类", "maxScore": 542.0, "minScore": 528.0, "avgScore": 537.0, "avgOrder": 10464, "minOrder": 11970, "maxOrder": 9651, "kl": "", "ssdm": "15", "rs": 3, "zdx": 452.0, "ptx": 452.0, "zycc": "普通类", "fsx": 452.0}, {"remarks": "", "schcode": "", "sex": "", "campus": "", "nf": "2020", "klmc": "理工", "ssmc": "内蒙古", "zylx": "普通类", "zymc": "农林经济管理（本硕博班）", "maxScore": 560.0, "minScore": 548.0, "avgScore": 554.0, "avgOrder": 7873, "minOrder": 8737, "maxOrder": 7014, "kl": "", "ssdm": "15", "rs": 2, "zdx": 452.0, "ptx": 452.0, "zycc": "普通类", "fsx": 452.0}, {"remarks": "", "schcode": "", "sex": "", "campus": "", "nf": "2020", "klmc": "理工", "ssmc": "内蒙古", "zylx": "普通类", "zymc": "生物科学类", "maxScore": 518.0, "minScore": 516.0, "avgScore": 517.0, "avgOrder": 13920, "minOrder": 14100, "maxOrder": 13731, "kl": "", "ssdm": "15", "rs": 2, "zdx": 452.0, "ptx": 452.0, "zycc": "普通类", "fsx": 452.0}, {"remarks": "", "schcode": "", "sex": "", "campus": "", "nf": "2020", "klmc": "理工", "ssmc": "内蒙古", "zylx": "普通类", "zymc": "生物科学（本硕博班）", "maxScore": 565.0, "minScore": 558.0, "avgScore": 560.7, "avgOrder": 6887, "minOrder": 7285, "maxOrder": 6382, "kl": "", "ssdm": "15", "rs": 3, "zdx": 452.0, "ptx": 452.0, "zycc": "普通类", "fsx": 452.0}, {"remarks": "", "schcode": "", "sex": "", "campus": "", "nf": "2020", "klmc": "理工", "ssmc": "内蒙古", "zylx": "普通类", "zymc": "生物工程类", "maxScore": 536.0, "minScore": 522.0, "avgScore": 527.7, "avgOrder": 11970, "minOrder": 12979, "maxOrder": 10613, "kl": "", "ssdm": "15", "rs": 3, "zdx": 452.0, "ptx": 452.0, "zycc": "普通类", "fsx": 452.0}, {"remarks": "", "schcode": "", "sex": "", "campus": "", "nf": "2020", "klmc": "理工", "ssmc": "内蒙古", "zylx": "普通类", "zymc": "食品科学与工程（本硕博班）", "maxScore": 566.0, "minScore": 546.0, "avgScore": 556.0, "avgOrder": 7578, "minOrder": 9033, "maxOrder": 6246, "kl": "", "ssdm": "15", "rs": 2, "zdx": 452.0, "ptx": 452.0, "zycc": "普通类", "fsx": 452.0}, {"remarks": "", "schcode": "", "sex": "", "campus": "", "nf": "2020", "klmc": "理工", "ssmc": "内蒙古", "zylx": "普通类", "zymc": "人文地理与城乡规划", "maxScore": 539.0, "minScore": 520.0, "avgScore": 529.5, "avgOrder": 11633, "minOrder": 13364, "maxOrder": 10139, "kl": "", "ssdm": "15", "rs": 2, "zdx": 452.0, "ptx": 452.0, "zycc": "普通类", "fsx": 452.0}, {"remarks": "", "schcode": "", "sex": "", "campus": "", "nf": "2020", "klmc": "理工", "ssmc": "内蒙古", "zylx": "普通类", "zymc": "土地整治工程", "maxScore": 540.0, "minScore": 540.0, "avgScore": 540.0, "avgOrder": 9961, "minOrder": 9961, "maxOrder": 9961, "kl": "", "ssdm": "15", "rs": 1, "zdx": 452.0, "ptx": 452.0, "zycc": "普通类", "fsx": 452.0}, {"remarks": "", "schcode": "", "sex": "", "campus": "", "nf": "2020", "klmc": "理工", "ssmc": "内蒙古", "zylx": "普通类", "zymc": "土地资源管理", "maxScore": 542.0, "minScore": 521.0, "avgScore": 531.5, "avgOrder": 11313, "minOrder": 13170, "maxOrder": 9651, "kl": "", "ssdm": "15", "rs": 2, "zdx": 452.0, "ptx": 452.0, "zycc": "普通类", "fsx": 452.0}, {"remarks": "", "schcode": "", "sex": "", "campus": "", "nf": "2020", "klmc": "理工", "ssmc": "内蒙古", "zylx": "普通类", "zymc": "水利类", "maxScore": 547.0, "minScore": 522.0, "avgScore": 530.0, "avgOrder": 11633, "minOrder": 12979, "maxOrder": 8882, "kl": "", "ssdm": "15", "rs": 4, "zdx": 452.0, "ptx": 452.0, "zycc": "普通类", "fsx": 452.0}, {"remarks": "", "schcode": "", "sex": "", "campus": "", "nf": "2020", "klmc": "理工", "ssmc": "内蒙古", "zylx": "普通类", "zymc": "土木工程", "maxScore": 527.0, "minScore": 522.0, "avgScore": 524.3, "avgOrder": 12613, "minOrder": 12979, "maxOrder": 12113, "kl": "", "ssdm": "15", "rs": 3, "zdx": 452.0, "ptx": 452.0, "zycc": "普通类", "fsx": 452.0}, {"remarks": "", "schcode": "", "sex": "", "campus": "", "nf": "2020", "klmc": "理工", "ssmc": "内蒙古", "zylx": "普通类", "zymc": "工程管理", "maxScore": 535.0, "minScore": 529.0, "avgScore": 532.0, "avgOrder": 11313, "minOrder": 11802, "maxOrder": 10745, "kl": "", "ssdm": "15", "rs": 2, "zdx": 452.0, "ptx": 452.0, "zycc": "普通类", "fsx": 452.0}, {"remarks": "", "schcode": "", "sex": "", "campus": "", "nf": "2020", "klmc": "理工", "ssmc": "内蒙古", "zylx": "普通类", "zymc": "统计学类", "maxScore": 555.0, "minScore": 545.0, "avgScore": 550.0, "avgOrder": 8429, "minOrder": 9201, "maxOrder": 7731, "kl": "", "ssdm": "15", "rs": 4, "zdx": 452.0, "ptx": 452.0, "zycc": "普通类", "fsx": 452.0}, {"remarks": "", "schcode": "", "sex": "", "campus": "", "nf": "2020", "klmc": "理工", "ssmc": "内蒙古", "zylx": "普通类", "zymc": "俄语", "maxScore": 499.0, "minScore": 499.0, "avgScore": 499.0, "avgOrder": 17410, "minOrder": 17410, "maxOrder": 17410, "kl": "", "ssdm": "15", "rs": 2, "zdx": 452.0, "ptx": 452.0, "zycc": "普通类", "fsx": 452.0}, {"remarks": "", "schcode": "", "sex": "", "campus": "", "nf": "2020", "klmc": "理工", "ssmc": "内蒙古", "zylx": "普通类", "zymc": "应用化学", "maxScore": 530.0, "minScore": 525.0, "avgScore": 527.5, "avgOrder": 11970, "minOrder": 12443, "maxOrder": 11633, "kl": "", "ssdm": "15", "rs": 2, "zdx": 452.0, "ptx": 452.0, "zycc": "普通类", "fsx": 452.0}, {"remarks": "", "schcode": "", "sex": "", "campus": "", "nf": "2020", "klmc": "理工", "ssmc": "内蒙古", "zylx": "普通类", "zymc": "化学生物学", "maxScore": 524.0, "minScore": 520.0, "avgScore": 522.7, "avgOrder": 12808, "minOrder": 13364, "maxOrder": 12613, "kl": "", "ssdm": "15", "rs": 3, "zdx": 452.0, "ptx": 452.0, "zycc": "普通类", "fsx": 452.0}], "withYsl": false}, "jessionid": "be6fea6da6d947ea968a0aa03c8d00d3"}