{"state": 1, "msg": "操作成功", "data": {"zsSsgradeList": [{"remarks": "", "schcode": "", "sex": "", "campus": "", "nf": "2018", "klmc": "文史", "ssmc": "江西", "zylx": "普通类", "kl": "1", "ssdm": "36", "rs": 6, "zdx": 568.0, "ptx": 568.0, "minScore": 587.0, "avgScore": 588.0, "maxScore": 589.0, "zycc": "普通类", "fsx": 568.0}], "sszygradeList": [{"remarks": "", "schcode": "", "sex": "", "campus": "", "nf": "2018", "klmc": "文史", "ssmc": "江西", "zylx": "普通类", "zymc": "工商管理类", "maxScore": 589.0, "minScore": 588.0, "avgScore": 588.3, "kl": "", "ssdm": "36", "rs": 3, "zdx": 568.0, "ptx": 568.0, "zycc": "普通类", "fsx": 568.0}, {"remarks": "", "schcode": "", "sex": "", "campus": "", "nf": "2018", "klmc": "文史", "ssmc": "江西", "zylx": "普通类", "zymc": "法学类", "maxScore": 588.0, "minScore": 587.0, "avgScore": 587.7, "kl": "", "ssdm": "36", "rs": 3, "zdx": 568.0, "ptx": 568.0, "zycc": "普通类", "fsx": 568.0}], "withYsl": false}, "jessionid": "be6fea6da6d947ea968a0aa03c8d00d3"}