{"state": 1, "msg": "操作成功", "data": {"zsSsgradeList": [{"remarks": "", "schcode": "", "sex": "", "campus": "", "nf": "2019", "klmc": "理工", "ssmc": "江西", "zylx": "普通类", "kl": "5", "ssdm": "36", "rs": 28, "zdx": 522.0, "ptx": 522.0, "minScore": 552.0, "minOrder": 24113, "avgScore": 555.2, "avgOrder": 22758, "maxScore": 562.0, "maxOrder": 19635, "zycc": "普通类", "fsx": 522.0}], "sszygradeList": [{"remarks": "", "schcode": "", "sex": "", "campus": "", "nf": "2019", "klmc": "理工", "ssmc": "江西", "zylx": "普通类", "zymc": "园林", "maxScore": 559.0, "minScore": 556.0, "avgScore": 557.5, "avgOrder": 21350, "minOrder": 22307, "maxOrder": 20927, "kl": "", "ssdm": "36", "rs": 2, "zdx": 522.0, "ptx": 522.0, "zycc": "普通类", "fsx": 522.0}, {"remarks": "", "schcode": "", "sex": "", "campus": "", "nf": "2019", "klmc": "理工", "ssmc": "江西", "zylx": "普通类", "zymc": "应用气象学", "maxScore": 554.0, "minScore": 552.0, "avgScore": 553.0, "avgOrder": 23627, "minOrder": 24113, "maxOrder": 23197, "kl": "", "ssdm": "36", "rs": 2, "zdx": 522.0, "ptx": 522.0, "zycc": "普通类", "fsx": 522.0}, {"remarks": "", "schcode": "", "sex": "", "campus": "", "nf": "2019", "klmc": "理工", "ssmc": "江西", "zylx": "普通类", "zymc": "环境科学与工程类", "maxScore": 558.0, "minScore": 554.0, "avgScore": 556.0, "avgOrder": 22307, "minOrder": 23197, "maxOrder": 21350, "kl": "", "ssdm": "36", "rs": 2, "zdx": 522.0, "ptx": 522.0, "zycc": "普通类", "fsx": 522.0}, {"remarks": "", "schcode": "", "sex": "", "campus": "", "nf": "2019", "klmc": "理工", "ssmc": "江西", "zylx": "普通类", "zymc": "自然保护与环境生态类", "maxScore": 554.0, "minScore": 554.0, "avgScore": 554.0, "avgOrder": 23197, "minOrder": 23197, "maxOrder": 23197, "kl": "", "ssdm": "36", "rs": 2, "zdx": 522.0, "ptx": 522.0, "zycc": "普通类", "fsx": 522.0}, {"remarks": "", "schcode": "", "sex": "", "campus": "", "nf": "2019", "klmc": "理工", "ssmc": "江西", "zylx": "普通类", "zymc": "动物科学", "maxScore": 554.0, "minScore": 553.0, "avgScore": 553.5, "avgOrder": 23197, "minOrder": 23627, "maxOrder": 23197, "kl": "", "ssdm": "36", "rs": 2, "zdx": 522.0, "ptx": 522.0, "zycc": "普通类", "fsx": 522.0}, {"remarks": "", "schcode": "", "sex": "", "campus": "", "nf": "2019", "klmc": "理工", "ssmc": "江西", "zylx": "普通类", "zymc": "动物医学", "maxScore": 555.0, "minScore": 555.0, "avgScore": 555.0, "avgOrder": 22758, "minOrder": 22758, "maxOrder": 22758, "kl": "", "ssdm": "36", "rs": 2, "zdx": 522.0, "ptx": 522.0, "zycc": "普通类", "fsx": 522.0}, {"remarks": "", "schcode": "", "sex": "", "campus": "", "nf": "2019", "klmc": "理工", "ssmc": "江西", "zylx": "普通类", "zymc": "机械类", "maxScore": 556.0, "minScore": 555.0, "avgScore": 555.5, "avgOrder": 22307, "minOrder": 22758, "maxOrder": 22307, "kl": "", "ssdm": "36", "rs": 2, "zdx": 522.0, "ptx": 522.0, "zycc": "普通类", "fsx": 522.0}, {"remarks": "", "schcode": "", "sex": "", "campus": "", "nf": "2019", "klmc": "理工", "ssmc": "江西", "zylx": "普通类", "zymc": "工业工程类", "maxScore": 554.0, "minScore": 554.0, "avgScore": 554.0, "avgOrder": 23197, "minOrder": 23197, "maxOrder": 23197, "kl": "", "ssdm": "36", "rs": 2, "zdx": 522.0, "ptx": 522.0, "zycc": "普通类", "fsx": 522.0}, {"remarks": "", "schcode": "", "sex": "", "campus": "", "nf": "2019", "klmc": "理工", "ssmc": "江西", "zylx": "普通类", "zymc": "软件工程", "maxScore": 562.0, "minScore": 561.0, "avgScore": 561.5, "avgOrder": 19635, "minOrder": 20075, "maxOrder": 19635, "kl": "", "ssdm": "36", "rs": 2, "zdx": 522.0, "ptx": 522.0, "zycc": "普通类", "fsx": 522.0}, {"remarks": "", "schcode": "", "sex": "", "campus": "", "nf": "2019", "klmc": "理工", "ssmc": "江西", "zylx": "普通类", "zymc": "物联网工程", "maxScore": 558.0, "minScore": 556.0, "avgScore": 557.0, "avgOrder": 21821, "minOrder": 22307, "maxOrder": 21350, "kl": "", "ssdm": "36", "rs": 2, "zdx": 522.0, "ptx": 522.0, "zycc": "普通类", "fsx": 522.0}, {"remarks": "", "schcode": "", "sex": "", "campus": "", "nf": "2019", "klmc": "理工", "ssmc": "江西", "zylx": "普通类", "zymc": "金融学类", "maxScore": 558.0, "minScore": 555.0, "avgScore": 556.0, "avgOrder": 22307, "minOrder": 22758, "maxOrder": 21350, "kl": "", "ssdm": "36", "rs": 3, "zdx": 522.0, "ptx": 522.0, "zycc": "普通类", "fsx": 522.0}, {"remarks": "", "schcode": "", "sex": "", "campus": "", "nf": "2019", "klmc": "理工", "ssmc": "江西", "zylx": "普通类", "zymc": "食品科学与工程类", "maxScore": 553.0, "minScore": 553.0, "avgScore": 553.0, "avgOrder": 23627, "minOrder": 23627, "maxOrder": 23627, "kl": "", "ssdm": "36", "rs": 2, "zdx": 522.0, "ptx": 522.0, "zycc": "普通类", "fsx": 522.0}, {"remarks": "", "schcode": "", "sex": "", "campus": "", "nf": "2019", "klmc": "理工", "ssmc": "江西", "zylx": "普通类", "zymc": "人文地理与城乡规划", "maxScore": 553.0, "minScore": 553.0, "avgScore": 553.0, "avgOrder": 23627, "minOrder": 23627, "maxOrder": 23627, "kl": "", "ssdm": "36", "rs": 2, "zdx": 522.0, "ptx": 522.0, "zycc": "普通类", "fsx": 522.0}, {"remarks": "", "schcode": "", "sex": "", "campus": "", "nf": "2019", "klmc": "理工", "ssmc": "江西", "zylx": "普通类", "zymc": "水利类", "maxScore": 596.0, "minScore": 552.0, "avgScore": 574.0, "avgOrder": 15025, "minOrder": 24113, "maxOrder": 8449, "kl": "", "ssdm": "36", "rs": 2, "zdx": 522.0, "ptx": 522.0, "zycc": "普通类", "fsx": 522.0}], "withYsl": false}, "jessionid": "be6fea6da6d947ea968a0aa03c8d00d3"}