{"state": 1, "msg": "操作成功", "data": {"zsSsgradeList": [{"remarks": "", "schcode": "", "sex": "", "campus": "", "nf": "2018", "klmc": "文史", "ssmc": "重庆", "zylx": "普通类", "kl": "1", "ssdm": "50", "rs": 7, "zdx": 524.0, "ptx": 524.0, "minScore": 530.0, "minOrder": 8008, "avgScore": 537.7, "avgOrder": 6420, "maxScore": 544.0, "maxOrder": 5334, "zycc": "普通类", "fsx": 524.0}], "sszygradeList": [{"remarks": "", "schcode": "", "sex": "", "campus": "", "nf": "2018", "klmc": "文史", "ssmc": "重庆", "zylx": "普通类", "zymc": "工商管理类", "maxScore": 544.0, "minScore": 542.0, "avgScore": 543.0, "avgOrder": 5490, "minOrder": 5685, "maxOrder": 5334, "kl": "", "ssdm": "50", "rs": 2, "zdx": 524.0, "ptx": 524.0, "zycc": "普通类", "fsx": 524.0}, {"remarks": "", "schcode": "", "sex": "", "campus": "", "nf": "2018", "klmc": "文史", "ssmc": "重庆", "zylx": "普通类", "zymc": "法学类", "maxScore": 541.0, "minScore": 540.0, "avgScore": 540.5, "avgOrder": 5872, "minOrder": 6051, "maxOrder": 5872, "kl": "", "ssdm": "50", "rs": 2, "zdx": 524.0, "ptx": 524.0, "zycc": "普通类", "fsx": 524.0}, {"remarks": "", "schcode": "", "sex": "", "campus": "", "nf": "2018", "klmc": "文史", "ssmc": "重庆", "zylx": "普通类", "zymc": "行政管理", "maxScore": 533.0, "minScore": 530.0, "avgScore": 531.5, "avgOrder": 7579, "minOrder": 8008, "maxOrder": 7365, "kl": "", "ssdm": "50", "rs": 2, "zdx": 524.0, "ptx": 524.0, "zycc": "普通类", "fsx": 524.0}, {"remarks": "", "schcode": "", "sex": "", "campus": "", "nf": "2018", "klmc": "文史", "ssmc": "重庆", "zylx": "普通类", "zymc": "英语", "maxScore": 534.0, "minScore": 534.0, "avgScore": 534.0, "avgOrder": 7179, "minOrder": 7179, "maxOrder": 7179, "kl": "", "ssdm": "50", "rs": 1, "zdx": 524.0, "ptx": 524.0, "zycc": "普通类", "fsx": 524.0}], "withYsl": false}, "jessionid": "be6fea6da6d947ea968a0aa03c8d00d3"}