{"state": 1, "msg": "操作成功", "data": {"zsSsgradeList": [{"remarks": "", "schcode": "", "sex": "", "campus": "", "nf": "2018", "klmc": "艺术(不分文理)", "ssmc": "山西", "zylx": "艺术批", "kl": "A", "ssdm": "14", "zycc": "艺术批"}], "sszygradeList": [{"remarks": "文化课成绩；控制线：文化课355分，专业课205分", "schcode": "", "sex": "", "campus": "", "nf": "2018", "klmc": "艺术(不分文理)", "ssmc": "山西", "zylx": "艺术批", "zymc": "视觉传达设计", "maxScore": 461.0, "minScore": 426.0, "avgScore": 434.11, "kl": "", "ssdm": "14", "rs": 9, "zycc": "艺术批"}, {"remarks": "文化课成绩；控制线：文化课355分，专业课205分", "schcode": "", "sex": "", "campus": "", "nf": "2018", "klmc": "艺术(不分文理)", "ssmc": "山西", "zylx": "艺术批", "zymc": "环境设计", "maxScore": 477.0, "minScore": 444.0, "avgScore": 462.17, "kl": "", "ssdm": "14", "rs": 6, "zycc": "艺术批"}], "withYsl": false}, "jessionid": "be6fea6da6d947ea968a0aa03c8d00d3"}