{"state": 1, "msg": "操作成功", "data": {"zsSsgradeList": [{"remarks": "", "schcode": "", "sex": "", "campus": "", "nf": "2020", "klmc": "综合改革", "ssmc": "浙江", "zylx": "普通类", "kl": "Z", "ssdm": "33", "rs": 25, "zdx": 495.0, "ptx": 495.0, "minScore": 607.0, "minOrder": 40221, "avgScore": 615.1, "avgOrder": 32853, "maxScore": 631.0, "maxOrder": 19977, "zycc": "普通类", "fsx": 495.0}], "sszygradeList": [{"remarks": "", "schcode": "", "sex": "", "campus": "", "nf": "2020", "klmc": "综合改革", "ssmc": "浙江", "zylx": "普通类", "zymc": "机械类", "maxScore": 613.0, "minScore": 607.0, "avgScore": 609.0, "avgOrder": 38315, "minOrder": 40221, "maxOrder": 34602, "kl": "", "ssdm": "33", "rs": 4, "zdx": 495.0, "ptx": 495.0, "zycc": "普通类", "fsx": 495.0}, {"remarks": "", "schcode": "", "sex": "", "campus": "", "nf": "2020", "klmc": "综合改革", "ssmc": "浙江", "zylx": "普通类", "zymc": "电气工程及其自动化", "maxScore": 617.0, "minScore": 612.0, "avgScore": 614.0, "avgOrder": 33715, "minOrder": 35539, "maxOrder": 31064, "kl": "", "ssdm": "33", "rs": 5, "zdx": 495.0, "ptx": 495.0, "zycc": "普通类", "fsx": 495.0}, {"remarks": "", "schcode": "", "sex": "", "campus": "", "nf": "2020", "klmc": "综合改革", "ssmc": "浙江", "zylx": "普通类", "zymc": "金融学类", "maxScore": 615.0, "minScore": 614.0, "avgScore": 614.8, "avgOrder": 32853, "minOrder": 33715, "maxOrder": 32853, "kl": "", "ssdm": "33", "rs": 4, "zdx": 495.0, "ptx": 495.0, "zycc": "普通类", "fsx": 495.0}, {"remarks": "", "schcode": "", "sex": "", "campus": "", "nf": "2020", "klmc": "综合改革", "ssmc": "浙江", "zylx": "普通类", "zymc": "工商管理类", "maxScore": 631.0, "minScore": 615.0, "avgScore": 619.5, "avgOrder": 28521, "minOrder": 32853, "maxOrder": 19977, "kl": "", "ssdm": "33", "rs": 4, "zdx": 495.0, "ptx": 495.0, "zycc": "普通类", "fsx": 495.0}, {"remarks": "", "schcode": "", "sex": "", "campus": "", "nf": "2020", "klmc": "综合改革", "ssmc": "浙江", "zylx": "普通类", "zymc": "食品科学与工程类", "maxScore": 612.0, "minScore": 609.0, "avgScore": 610.2, "avgOrder": 37416, "minOrder": 38315, "maxOrder": 35539, "kl": "", "ssdm": "33", "rs": 4, "zdx": 495.0, "ptx": 495.0, "zycc": "普通类", "fsx": 495.0}, {"remarks": "", "schcode": "", "sex": "", "campus": "", "nf": "2020", "klmc": "综合改革", "ssmc": "浙江", "zylx": "普通类", "zymc": "法学类", "maxScore": 626.0, "minScore": 620.0, "avgScore": 623.5, "avgOrder": 25174, "minOrder": 28521, "maxOrder": 23581, "kl": "", "ssdm": "33", "rs": 4, "zdx": 495.0, "ptx": 495.0, "zycc": "普通类", "fsx": 495.0}], "withYsl": false}, "jessionid": "be6fea6da6d947ea968a0aa03c8d00d3"}