{"state": 1, "msg": "操作成功", "data": {"zsSsgradeList": [{"remarks": "", "schcode": "", "sex": "", "campus": "", "nf": "2017", "klmc": "艺术(文)", "ssmc": "安徽", "zylx": "艺术批", "kl": "3", "ssdm": "34", "rs": 49, "minScore": 363.0, "avgScore": 390.6, "maxScore": 448.0, "zycc": "艺术批"}], "sszygradeList": [{"remarks": "文化课成绩；控制线：文科286分，术科180分。", "schcode": "", "sex": "", "campus": "", "nf": "2017", "klmc": "艺术(文)", "ssmc": "安徽", "zylx": "艺术批", "zymc": "视觉传达设计", "maxScore": 438.0, "minScore": 363.0, "avgScore": 385.9, "kl": "", "ssdm": "34", "rs": 30, "zycc": "艺术批"}, {"remarks": "文化课成绩；控制线：文科286分，术科180分。", "schcode": "", "sex": "", "campus": "", "nf": "2017", "klmc": "艺术(文)", "ssmc": "安徽", "zylx": "艺术批", "zymc": "环境设计", "maxScore": 448.0, "minScore": 373.0, "avgScore": 397.9, "kl": "", "ssdm": "34", "rs": 19, "zycc": "艺术批"}], "withYsl": false}, "jessionid": "be6fea6da6d947ea968a0aa03c8d00d3"}