{"state": 1, "msg": "操作成功", "data": {"zsSsgradeList": [{"remarks": "", "schcode": "", "sex": "", "campus": "", "nf": "2020", "klmc": "文史", "ssmc": "福建", "zylx": "普通类", "kl": "1", "ssdm": "35", "rs": 4, "zdx": 465.0, "ptx": 465.0, "minScore": 579.0, "minOrder": 3185, "avgScore": 581.5, "avgOrder": 2884, "maxScore": 583.0, "maxOrder": 2800, "zycc": "普通类", "fsx": 465.0}], "sszygradeList": [{"remarks": "", "schcode": "", "sex": "", "campus": "", "nf": "2020", "klmc": "文史", "ssmc": "福建", "zylx": "普通类", "zymc": "工商管理类", "maxScore": 583.0, "minScore": 583.0, "avgScore": 583.0, "avgOrder": 2800, "minOrder": 2800, "maxOrder": 2800, "kl": "", "ssdm": "35", "rs": 2, "zdx": 465.0, "ptx": 465.0, "zycc": "普通类", "fsx": 465.0}, {"remarks": "", "schcode": "", "sex": "", "campus": "", "nf": "2020", "klmc": "文史", "ssmc": "福建", "zylx": "普通类", "zymc": "法学类", "maxScore": 581.0, "minScore": 579.0, "avgScore": 580.0, "avgOrder": 3079, "minOrder": 3185, "maxOrder": 2985, "kl": "", "ssdm": "35", "rs": 2, "zdx": 465.0, "ptx": 465.0, "zycc": "普通类", "fsx": 465.0}], "withYsl": false}, "jessionid": "be6fea6da6d947ea968a0aa03c8d00d3"}