{"state": 1, "msg": "操作成功", "data": {"zsSsgradeList": [{"remarks": "", "schcode": "", "sex": "", "campus": "", "nf": "2018", "klmc": "理工", "ssmc": "青海", "zylx": "国家专项", "kl": "5", "ssdm": "63", "rs": 2, "zdx": 383.0, "ptx": 383.0, "minScore": 463.0, "minOrder": 3945, "avgScore": 463.5, "avgOrder": 3888, "maxScore": 464.0, "maxOrder": 3888, "zycc": "国家专项", "fsx": 383.0}], "sszygradeList": [{"remarks": "", "schcode": "", "sex": "", "campus": "", "nf": "2018", "klmc": "理工", "ssmc": "青海", "zylx": "国家专项", "zymc": "电气工程及其自动化", "maxScore": 463.0, "minScore": 463.0, "avgScore": 463.0, "avgOrder": 3945, "minOrder": 3945, "maxOrder": 3945, "kl": "", "ssdm": "63", "zydm": "", "rs": 1, "zdx": 383.0, "ptx": 383.0, "zycc": "国家专项", "fsx": 383.0}, {"remarks": "", "schcode": "", "sex": "", "campus": "", "nf": "2018", "klmc": "理工", "ssmc": "青海", "zylx": "国家专项", "zymc": "金融学类", "maxScore": 464.0, "minScore": 463.0, "avgScore": 463.5, "avgOrder": 3888, "minOrder": 3945, "maxOrder": 3888, "kl": "", "ssdm": "63", "zydm": "", "rs": 2, "zdx": 383.0, "ptx": 383.0, "zycc": "国家专项", "fsx": 383.0}], "withYsl": false}, "jessionid": "be6fea6da6d947ea968a0aa03c8d00d3"}