{"state": 1, "msg": "操作成功", "data": {"zsSsgradeList": [{"remarks": "", "schcode": "", "sex": "", "campus": "", "nf": "2020", "klmc": "文史", "ssmc": "河南", "zylx": "普通类", "kl": "1", "ssdm": "41", "rs": 23, "zdx": 556.0, "ptx": 556.0, "minScore": 595.0, "minOrder": 6277, "avgScore": 596.2, "avgOrder": 6006, "maxScore": 599.0, "maxOrder": 5253, "zycc": "普通类", "fsx": 556.0}], "sszygradeList": [{"remarks": "", "schcode": "", "sex": "", "campus": "", "nf": "2020", "klmc": "文史", "ssmc": "河南", "zylx": "普通类", "zymc": "工商管理类", "maxScore": 598.0, "minScore": 595.0, "avgScore": 596.0, "avgOrder": 6006, "minOrder": 6277, "maxOrder": 5502, "kl": "", "ssdm": "41", "rs": 9, "zdx": 556.0, "ptx": 556.0, "zycc": "普通类", "fsx": 556.0}, {"remarks": "", "schcode": "", "sex": "", "campus": "", "nf": "2020", "klmc": "文史", "ssmc": "河南", "zylx": "普通类", "zymc": "法学类", "maxScore": 599.0, "minScore": 597.0, "avgScore": 597.7, "avgOrder": 5502, "minOrder": 5757, "maxOrder": 5253, "kl": "", "ssdm": "41", "rs": 3, "zdx": 556.0, "ptx": 556.0, "zycc": "普通类", "fsx": 556.0}, {"remarks": "", "schcode": "", "sex": "", "campus": "", "nf": "2020", "klmc": "文史", "ssmc": "河南", "zylx": "普通类", "zymc": "行政管理", "maxScore": 596.0, "minScore": 595.0, "avgScore": 595.2, "avgOrder": 6277, "minOrder": 6277, "maxOrder": 6006, "kl": "", "ssdm": "41", "rs": 4, "zdx": 556.0, "ptx": 556.0, "zycc": "普通类", "fsx": 556.0}, {"remarks": "", "schcode": "", "sex": "", "campus": "", "nf": "2020", "klmc": "文史", "ssmc": "河南", "zylx": "普通类", "zymc": "英语", "maxScore": 596.0, "minScore": 596.0, "avgScore": 596.0, "avgOrder": 6006, "minOrder": 6006, "maxOrder": 6006, "kl": "", "ssdm": "41", "rs": 3, "zdx": 556.0, "ptx": 556.0, "zycc": "普通类", "fsx": 556.0}, {"remarks": "", "schcode": "", "sex": "", "campus": "", "nf": "2020", "klmc": "文史", "ssmc": "河南", "zylx": "普通类", "zymc": "汉语国际教育", "maxScore": 598.0, "minScore": 596.0, "avgScore": 596.8, "avgOrder": 5757, "minOrder": 6006, "maxOrder": 5502, "kl": "", "ssdm": "41", "rs": 4, "zdx": 556.0, "ptx": 556.0, "zycc": "普通类", "fsx": 556.0}], "withYsl": false}, "jessionid": "be6fea6da6d947ea968a0aa03c8d00d3"}