{"state": 1, "msg": "操作成功", "data": {"zsSsgradeList": [{"remarks": "", "schcode": "", "sex": "", "campus": "", "nf": "2017", "klmc": "理工", "ssmc": "广东", "zylx": "普通类", "kl": "5", "ssdm": "44", "rs": 23, "zdx": 485.0, "ptx": 485.0, "minScore": 494.0, "minOrder": 60623, "avgScore": 498.1, "avgOrder": 56217, "maxScore": 505.0, "maxOrder": 47827, "zycc": "普通类", "fsx": 485.0}], "sszygradeList": [{"remarks": "", "schcode": "", "sex": "", "campus": "", "nf": "2017", "klmc": "理工", "ssmc": "广东", "zylx": "普通类", "zymc": "园林", "maxScore": 497.0, "minScore": 497.0, "avgScore": 497.0, "avgOrder": 56217, "minOrder": 56217, "maxOrder": 56217, "kl": "", "ssdm": "44", "rs": 2, "zdx": 485.0, "ptx": 485.0, "zycc": "普通类", "fsx": 485.0}, {"remarks": "", "schcode": "", "sex": "", "campus": "", "nf": "2017", "klmc": "理工", "ssmc": "广东", "zylx": "普通类", "zymc": "机械类（工学Ⅰ）", "maxScore": 499.0, "minScore": 496.0, "avgScore": 497.0, "avgOrder": 56217, "minOrder": 56217, "maxOrder": 56217, "kl": "", "ssdm": "44", "rs": 3, "zdx": 485.0, "ptx": 485.0, "zycc": "普通类", "fsx": 485.0}, {"remarks": "", "schcode": "", "sex": "", "campus": "", "nf": "2017", "klmc": "理工", "ssmc": "广东", "zylx": "普通类", "zymc": "能源动力类（工学Ⅱ）", "maxScore": 495.0, "minScore": 494.0, "avgScore": 494.5, "avgOrder": 56217, "minOrder": 60623, "maxOrder": 56217, "kl": "", "ssdm": "44", "rs": 2, "zdx": 485.0, "ptx": 485.0, "zycc": "普通类", "fsx": 485.0}, {"remarks": "", "schcode": "", "sex": "", "campus": "", "nf": "2017", "klmc": "理工", "ssmc": "广东", "zylx": "普通类", "zymc": "工业工程类（管理学Ⅰ）", "maxScore": 497.0, "minScore": 496.0, "avgScore": 496.5, "avgOrder": 56217, "minOrder": 56217, "maxOrder": 56217, "kl": "", "ssdm": "44", "rs": 2, "zdx": 485.0, "ptx": 485.0, "zycc": "普通类", "fsx": 485.0}, {"remarks": "", "schcode": "", "sex": "", "campus": "", "nf": "2017", "klmc": "理工", "ssmc": "广东", "zylx": "普通类", "zymc": "计算机类", "maxScore": 505.0, "minScore": 501.0, "avgScore": 502.3, "avgOrder": 51932, "minOrder": 51932, "maxOrder": 47827, "kl": "", "ssdm": "44", "rs": 3, "zdx": 485.0, "ptx": 485.0, "zycc": "普通类", "fsx": 485.0}, {"remarks": "", "schcode": "", "sex": "", "campus": "", "nf": "2017", "klmc": "理工", "ssmc": "广东", "zylx": "普通类", "zymc": "金融学类（经济学）", "maxScore": 504.0, "minScore": 497.0, "avgScore": 499.8, "avgOrder": 51932, "minOrder": 56217, "maxOrder": 51932, "kl": "", "ssdm": "44", "rs": 4, "zdx": 485.0, "ptx": 485.0, "zycc": "普通类", "fsx": 485.0}, {"remarks": "", "schcode": "", "sex": "", "campus": "", "nf": "2017", "klmc": "理工", "ssmc": "广东", "zylx": "普通类", "zymc": "食品科学与工程类", "maxScore": 498.0, "minScore": 495.0, "avgScore": 496.0, "avgOrder": 56217, "minOrder": 56217, "maxOrder": 56217, "kl": "", "ssdm": "44", "rs": 3, "zdx": 485.0, "ptx": 485.0, "zycc": "普通类", "fsx": 485.0}, {"remarks": "", "schcode": "", "sex": "", "campus": "", "nf": "2017", "klmc": "理工", "ssmc": "广东", "zylx": "普通类", "zymc": "土地资源管理", "maxScore": 505.0, "minScore": 500.0, "avgScore": 502.5, "avgOrder": 51932, "minOrder": 51932, "maxOrder": 47827, "kl": "", "ssdm": "44", "rs": 2, "zdx": 485.0, "ptx": 485.0, "zycc": "普通类", "fsx": 485.0}, {"remarks": "", "schcode": "", "sex": "", "campus": "", "nf": "2017", "klmc": "理工", "ssmc": "广东", "zylx": "普通类", "zymc": "土木工程", "maxScore": 496.0, "minScore": 495.0, "avgScore": 495.5, "avgOrder": 56217, "minOrder": 56217, "maxOrder": 56217, "kl": "", "ssdm": "44", "rs": 2, "zdx": 485.0, "ptx": 485.0, "zycc": "普通类", "fsx": 485.0}], "withYsl": false}, "jessionid": "be6fea6da6d947ea968a0aa03c8d00d3"}