{"state": 1, "msg": "操作成功", "data": {"zsSsgradeList": [{"remarks": "", "schcode": "", "sex": "", "campus": "", "nf": "2019", "klmc": "文史", "ssmc": "山东", "zylx": "普通类", "kl": "1", "ssdm": "37", "rs": 22, "zdx": 503.0, "ptx": 503.0, "minScore": 579.0, "minOrder": 6634, "avgScore": 581.5, "avgOrder": 5839, "maxScore": 588.0, "maxOrder": 4483, "zycc": "普通类", "fsx": 503.0}], "sszygradeList": [{"remarks": "", "schcode": "", "sex": "", "campus": "", "nf": "2019", "klmc": "文史", "ssmc": "山东", "zylx": "普通类", "zymc": "工商管理类", "maxScore": 587.0, "minScore": 579.0, "avgScore": 581.0, "avgOrder": 6080, "minOrder": 6634, "maxOrder": 4657, "kl": "", "ssdm": "37", "rs": 10, "zdx": 503.0, "ptx": 503.0, "zycc": "普通类", "fsx": 503.0}, {"remarks": "", "schcode": "", "sex": "", "campus": "", "nf": "2019", "klmc": "文史", "ssmc": "山东", "zylx": "普通类", "zymc": "法学类", "maxScore": 588.0, "minScore": 583.0, "avgScore": 585.2, "avgOrder": 5129, "minOrder": 5602, "maxOrder": 4483, "kl": "", "ssdm": "37", "rs": 4, "zdx": 503.0, "ptx": 503.0, "zycc": "普通类", "fsx": 503.0}, {"remarks": "", "schcode": "", "sex": "", "campus": "", "nf": "2019", "klmc": "文史", "ssmc": "山东", "zylx": "普通类", "zymc": "行政管理", "maxScore": 580.0, "minScore": 580.0, "avgScore": 580.0, "avgOrder": 6345, "minOrder": 6345, "maxOrder": 6345, "kl": "", "ssdm": "37", "rs": 2, "zdx": 503.0, "ptx": 503.0, "zycc": "普通类", "fsx": 503.0}, {"remarks": "", "schcode": "", "sex": "", "campus": "", "nf": "2019", "klmc": "文史", "ssmc": "山东", "zylx": "普通类", "zymc": "英语", "maxScore": 583.0, "minScore": 581.0, "avgScore": 582.0, "avgOrder": 5839, "minOrder": 6080, "maxOrder": 5602, "kl": "", "ssdm": "37", "rs": 2, "zdx": 503.0, "ptx": 503.0, "zycc": "普通类", "fsx": 503.0}, {"remarks": "", "schcode": "", "sex": "", "campus": "", "nf": "2019", "klmc": "文史", "ssmc": "山东", "zylx": "普通类", "zymc": "汉语国际教育", "maxScore": 580.0, "minScore": 579.0, "avgScore": 579.8, "avgOrder": 6345, "minOrder": 6634, "maxOrder": 6345, "kl": "", "ssdm": "37", "rs": 4, "zdx": 503.0, "ptx": 503.0, "zycc": "普通类", "fsx": 503.0}], "withYsl": false}, "jessionid": "be6fea6da6d947ea968a0aa03c8d00d3"}