{"state": 1, "msg": "操作成功", "data": {"zsSsgradeList": [{"remarks": "", "schcode": "", "sex": "", "campus": "", "nf": "2020", "klmc": "文史", "ssmc": "山西", "zylx": "普通类", "kl": "1", "ssdm": "14", "rs": 22, "zdx": 542.0, "ptx": 542.0, "minScore": 559.0, "minOrder": 3451, "avgScore": 562.2, "avgOrder": 3067, "maxScore": 566.0, "maxOrder": 2627, "zycc": "普通类", "fsx": 542.0}], "sszygradeList": [{"remarks": "", "schcode": "", "sex": "", "campus": "", "nf": "2020", "klmc": "文史", "ssmc": "山西", "zylx": "普通类", "zymc": "工商管理类", "maxScore": 565.0, "minScore": 559.0, "avgScore": 560.5, "avgOrder": 3314, "minOrder": 3451, "maxOrder": 2744, "kl": "", "ssdm": "14", "rs": 10, "zdx": 542.0, "ptx": 542.0, "zycc": "普通类", "fsx": 542.0}, {"remarks": "", "schcode": "", "sex": "", "campus": "", "nf": "2020", "klmc": "文史", "ssmc": "山西", "zylx": "普通类", "zymc": "法学类", "maxScore": 566.0, "minScore": 562.0, "avgScore": 564.3, "avgOrder": 2861, "minOrder": 3067, "maxOrder": 2627, "kl": "", "ssdm": "14", "rs": 6, "zdx": 542.0, "ptx": 542.0, "zycc": "普通类", "fsx": 542.0}, {"remarks": "", "schcode": "", "sex": "", "campus": "", "nf": "2020", "klmc": "文史", "ssmc": "山西", "zylx": "普通类", "zymc": "行政管理", "maxScore": 563.0, "minScore": 561.0, "avgScore": 562.0, "avgOrder": 3067, "minOrder": 3185, "maxOrder": 2968, "kl": "", "ssdm": "14", "rs": 2, "zdx": 542.0, "ptx": 542.0, "zycc": "普通类", "fsx": 542.0}, {"remarks": "", "schcode": "", "sex": "", "campus": "", "nf": "2020", "klmc": "文史", "ssmc": "山西", "zylx": "普通类", "zymc": "英语", "maxScore": 564.0, "minScore": 561.0, "avgScore": 562.5, "avgOrder": 3067, "minOrder": 3185, "maxOrder": 2861, "kl": "", "ssdm": "14", "rs": 2, "zdx": 542.0, "ptx": 542.0, "zycc": "普通类", "fsx": 542.0}, {"remarks": "", "schcode": "", "sex": "", "campus": "", "nf": "2020", "klmc": "文史", "ssmc": "山西", "zylx": "普通类", "zymc": "汉语国际教育", "maxScore": 565.0, "minScore": 564.0, "avgScore": 564.5, "avgOrder": 2861, "minOrder": 2861, "maxOrder": 2744, "kl": "", "ssdm": "14", "rs": 2, "zdx": 542.0, "ptx": 542.0, "zycc": "普通类", "fsx": 542.0}], "withYsl": false}, "jessionid": "be6fea6da6d947ea968a0aa03c8d00d3"}