{"state": 1, "msg": "操作成功", "data": {"zsSsgradeList": [{"remarks": "", "schcode": "", "sex": "", "campus": "", "nf": "2017", "klmc": "理工", "ssmc": "辽宁", "zylx": "中俄合作办学", "kl": "5", "ssdm": "21", "rs": 7, "zdx": 480.0, "ptx": 480.0, "minScore": 480.0, "minOrder": 39498, "avgScore": 496.9, "avgOrder": 33279, "maxScore": 520.0, "maxOrder": 25512, "zycc": "中俄合作办学", "fsx": 480.0}], "sszygradeList": [{"remarks": "", "schcode": "", "sex": "", "campus": "", "nf": "2017", "klmc": "理工", "ssmc": "辽宁", "zylx": "中俄合作办学", "zymc": "金融学(中俄合作办学)", "maxScore": 520.0, "minScore": 497.0, "avgScore": 508.0, "avgOrder": 29478, "minOrder": 33279, "maxOrder": 25512, "kl": "", "ssdm": "21", "rs": 3, "zdx": 480.0, "ptx": 480.0, "zycc": "中俄合作办学", "fsx": 480.0}, {"remarks": "", "schcode": "", "sex": "", "campus": "", "nf": "2017", "klmc": "理工", "ssmc": "辽宁", "zylx": "中俄合作办学", "zymc": "工商管理(中俄合作办学)", "maxScore": 486.0, "minScore": 485.0, "avgScore": 485.5, "avgOrder": 37230, "minOrder": 37606, "maxOrder": 37230, "kl": "", "ssdm": "21", "rs": 2, "zdx": 480.0, "ptx": 480.0, "zycc": "中俄合作办学", "fsx": 480.0}, {"remarks": "", "schcode": "", "sex": "", "campus": "", "nf": "2017", "klmc": "理工", "ssmc": "辽宁", "zylx": "中俄合作办学", "zymc": "国际经济与贸易(中俄合作办学)", "maxScore": 503.0, "minScore": 480.0, "avgScore": 491.5, "avgOrder": 34967, "minOrder": 39498, "maxOrder": 31194, "kl": "", "ssdm": "21", "rs": 2, "zdx": 480.0, "ptx": 480.0, "zycc": "中俄合作办学", "fsx": 480.0}], "withYsl": false}, "jessionid": "be6fea6da6d947ea968a0aa03c8d00d3"}