{"state": 1, "msg": "操作成功", "data": {"zsSsgradeList": [{"remarks": "", "schcode": "", "sex": "", "campus": "", "nf": "2017", "klmc": "艺术(理)", "ssmc": "安徽", "zylx": "艺术批", "kl": "7", "ssdm": "34", "rs": 2, "minScore": 353.0, "avgScore": 372.0, "maxScore": 391.0, "zycc": "艺术批"}], "sszygradeList": [{"remarks": "文化课成绩；控制线：理科269分，术科180分", "schcode": "", "sex": "", "campus": "", "nf": "2017", "klmc": "艺术(理)", "ssmc": "安徽", "zylx": "艺术批", "zymc": "视觉传达设计", "maxScore": 353.0, "minScore": 353.0, "avgScore": 353.0, "kl": "", "ssdm": "34", "rs": 1, "zycc": "艺术批"}, {"remarks": "文化课成绩；控制线：理科269分，术科180分。", "schcode": "", "sex": "", "campus": "", "nf": "2017", "klmc": "艺术(理)", "ssmc": "安徽", "zylx": "艺术批", "zymc": "环境设计", "maxScore": 391.0, "minScore": 391.0, "avgScore": 391.0, "kl": "", "ssdm": "34", "rs": 1, "zycc": "艺术批"}], "withYsl": false}, "jessionid": "be6fea6da6d947ea968a0aa03c8d00d3"}