{"state": 1, "msg": "操作成功", "data": {"zsSsgradeList": [{"remarks": "", "schcode": "", "sex": "", "campus": "", "nf": "2017", "klmc": "文史", "ssmc": "重庆", "zylx": "国家专项", "kl": "1", "ssdm": "50", "rs": 2, "zdx": 525.0, "ptx": 525.0, "minScore": 542.0, "minOrder": 6112, "avgScore": 547.0, "avgOrder": 5304, "maxScore": 552.0, "maxOrder": 4588, "zycc": "国家专项", "fsx": 525.0}], "sszygradeList": [{"remarks": "", "schcode": "", "sex": "", "campus": "", "nf": "2017", "klmc": "文史", "ssmc": "重庆", "zylx": "国家专项", "zymc": "工商管理类（管理学Ⅱ）", "maxScore": 542.0, "minScore": 542.0, "avgScore": 542.0, "avgOrder": 6112, "minOrder": 6112, "maxOrder": 6112, "kl": "", "ssdm": "50", "rs": 1, "zdx": 525.0, "ptx": 525.0, "zycc": "国家专项", "fsx": 525.0}, {"remarks": "", "schcode": "", "sex": "", "campus": "", "nf": "2017", "klmc": "文史", "ssmc": "重庆", "zylx": "国家专项", "zymc": "英语", "maxScore": 552.0, "minScore": 552.0, "avgScore": 552.0, "avgOrder": 4588, "minOrder": 4588, "maxOrder": 4588, "kl": "", "ssdm": "50", "rs": 1, "zdx": 525.0, "ptx": 525.0, "zycc": "国家专项", "fsx": 525.0}], "withYsl": false}, "jessionid": "be6fea6da6d947ea968a0aa03c8d00d3"}