{"state": 1, "msg": "操作成功", "data": {"zsSsgradeList": [{"remarks": "", "schcode": "", "sex": "", "campus": "", "nf": "2017", "klmc": "文史", "ssmc": "黑龙江", "zylx": "普通类", "kl": "1", "ssdm": "23", "rs": 404, "zdx": 481.0, "ptx": 481.0, "minScore": 516.0, "minOrder": 3674, "avgScore": 525.4, "avgOrder": 2965, "maxScore": 551.0, "maxOrder": 1471, "zycc": "普通类", "fsx": 481.0}], "sszygradeList": [{"remarks": "", "schcode": "", "sex": "", "campus": "", "nf": "2017", "klmc": "文史", "ssmc": "黑龙江", "zylx": "普通类", "zymc": "金融学类（经济学）", "maxScore": 541.0, "minScore": 522.0, "avgScore": 527.8, "avgOrder": 2731, "minOrder": 3197, "maxOrder": 1985, "kl": "", "ssdm": "23", "rs": 131, "zdx": 481.0, "ptx": 481.0, "zycc": "普通类", "fsx": 481.0}, {"remarks": "", "schcode": "", "sex": "", "campus": "", "nf": "2017", "klmc": "文史", "ssmc": "黑龙江", "zylx": "普通类", "zymc": "工商管理类（管理学Ⅱ）", "maxScore": 548.0, "minScore": 517.0, "avgScore": 523.2, "avgOrder": 3123, "minOrder": 3585, "maxOrder": 1611, "kl": "", "ssdm": "23", "rs": 169, "zdx": 481.0, "ptx": 481.0, "zycc": "普通类", "fsx": 481.0}, {"remarks": "", "schcode": "", "sex": "", "campus": "", "nf": "2017", "klmc": "文史", "ssmc": "黑龙江", "zylx": "普通类", "zymc": "农林经济管理", "maxScore": 536.0, "minScore": 527.0, "avgScore": 530.6, "avgOrder": 2540, "minOrder": 2821, "maxOrder": 2249, "kl": "", "ssdm": "23", "rs": 20, "zdx": 481.0, "ptx": 481.0, "zycc": "普通类", "fsx": 481.0}, {"remarks": "", "schcode": "", "sex": "", "campus": "", "nf": "2017", "klmc": "文史", "ssmc": "黑龙江", "zylx": "普通类", "zymc": "农林经济管理（本硕博班）", "maxScore": 551.0, "minScore": 535.0, "avgScore": 542.0, "avgOrder": 1933, "minOrder": 2298, "maxOrder": 1471, "kl": "", "ssdm": "23", "rs": 10, "zdx": 481.0, "ptx": 481.0, "zycc": "普通类", "fsx": 481.0}, {"remarks": "", "schcode": "", "sex": "", "campus": "", "nf": "2017", "klmc": "文史", "ssmc": "黑龙江", "zylx": "普通类", "zymc": "法学类（法学）", "maxScore": 538.0, "minScore": 522.0, "avgScore": 525.9, "avgOrder": 2888, "minOrder": 3197, "maxOrder": 2148, "kl": "", "ssdm": "23", "rs": 27, "zdx": 481.0, "ptx": 481.0, "zycc": "普通类", "fsx": 481.0}, {"remarks": "", "schcode": "", "sex": "", "campus": "", "nf": "2017", "klmc": "文史", "ssmc": "黑龙江", "zylx": "普通类", "zymc": "行政管理", "maxScore": 526.0, "minScore": 514.0, "avgScore": 518.9, "avgOrder": 3440, "minOrder": 3829, "maxOrder": 2888, "kl": "", "ssdm": "23", "rs": 14, "zdx": 481.0, "ptx": 481.0, "zycc": "普通类", "fsx": 481.0}, {"remarks": "", "schcode": "", "sex": "", "campus": "", "nf": "2017", "klmc": "文史", "ssmc": "黑龙江", "zylx": "普通类", "zymc": "英语", "maxScore": 539.0, "minScore": 527.0, "avgScore": 531.4, "avgOrder": 2540, "minOrder": 2821, "maxOrder": 2093, "kl": "", "ssdm": "23", "rs": 7, "zdx": 481.0, "ptx": 481.0, "zycc": "普通类", "fsx": 481.0}, {"remarks": "", "schcode": "", "sex": "", "campus": "", "nf": "2017", "klmc": "文史", "ssmc": "黑龙江", "zylx": "普通类", "zymc": "俄语", "maxScore": 527.0, "minScore": 512.0, "avgScore": 517.5, "avgOrder": 3513, "minOrder": 3988, "maxOrder": 2821, "kl": "", "ssdm": "23", "rs": 18, "zdx": 481.0, "ptx": 481.0, "zycc": "普通类", "fsx": 481.0}, {"remarks": "", "schcode": "", "sex": "", "campus": "", "nf": "2017", "klmc": "文史", "ssmc": "黑龙江", "zylx": "普通类", "zymc": "汉语国际教育", "maxScore": 528.0, "minScore": 520.0, "avgScore": 523.1, "avgOrder": 3123, "minOrder": 3356, "maxOrder": 2731, "kl": "", "ssdm": "23", "rs": 8, "zdx": 481.0, "ptx": 481.0, "zycc": "普通类", "fsx": 481.0}], "withYsl": false}, "jessionid": "be6fea6da6d947ea968a0aa03c8d00d3"}