{"state": 1, "msg": "操作成功", "data": {"zsSsgradeList": [{"remarks": "", "schcode": "", "sex": "", "campus": "", "nf": "2019", "klmc": "理工", "ssmc": "宁夏", "zylx": "国家专项", "kl": "5", "ssdm": "64", "rs": 3, "zdx": 457.0, "ptx": 457.0, "minScore": 464.0, "minOrder": 10456, "avgScore": 472.3, "avgOrder": 9277, "maxScore": 485.0, "maxOrder": 7635, "zycc": "国家专项", "fsx": 457.0}], "sszygradeList": [{"remarks": "", "schcode": "", "sex": "", "campus": "", "nf": "2019", "klmc": "理工", "ssmc": "宁夏", "zylx": "国家专项", "zymc": "植物科学与技术", "maxScore": 468.0, "minScore": 464.0, "avgScore": 466.0, "avgOrder": 10153, "minOrder": 10456, "maxOrder": 9866, "kl": "", "ssdm": "64", "rs": 2, "zdx": 457.0, "ptx": 457.0, "zycc": "国家专项", "fsx": 457.0}, {"remarks": "", "schcode": "", "sex": "", "campus": "", "nf": "2019", "klmc": "理工", "ssmc": "宁夏", "zylx": "国家专项", "zymc": "动物科学", "maxScore": 475.0, "minScore": 475.0, "avgScore": 475.0, "avgOrder": 8908, "minOrder": 8908, "maxOrder": 8908, "kl": "", "ssdm": "64", "rs": 1, "zdx": 457.0, "ptx": 457.0, "zycc": "国家专项", "fsx": 457.0}, {"remarks": "", "schcode": "", "sex": "", "campus": "", "nf": "2019", "klmc": "理工", "ssmc": "宁夏", "zylx": "国家专项", "zymc": "金融学类", "maxScore": 485.0, "minScore": 485.0, "avgScore": 485.0, "avgOrder": 7635, "minOrder": 7635, "maxOrder": 7635, "kl": "", "ssdm": "64", "rs": 1, "zdx": 457.0, "ptx": 457.0, "zycc": "国家专项", "fsx": 457.0}], "withYsl": false}, "jessionid": "be6fea6da6d947ea968a0aa03c8d00d3"}