{"state": 1, "msg": "操作成功", "data": {"zsSsgradeList": [{"remarks": "", "schcode": "", "sex": "", "campus": "", "nf": "2020", "klmc": "综合改革", "ssmc": "北京", "zylx": "普通类", "kl": "Z", "ssdm": "11", "rs": 10, "zdx": 436.0, "ptx": 436.0, "minScore": 554.0, "minOrder": 17162, "avgScore": 560.6, "avgOrder": 15881, "maxScore": 570.0, "maxOrder": 14271, "zycc": "普通类", "fsx": 436.0}], "sszygradeList": [{"remarks": "", "schcode": "", "sex": "", "campus": "", "nf": "2020", "klmc": "综合改革", "ssmc": "北京", "zylx": "普通类", "zymc": "风景园林", "maxScore": 567.0, "minScore": 557.0, "avgScore": 562.0, "avgOrder": 15703, "minOrder": 16617, "maxOrder": 14802, "kl": "", "ssdm": "11", "rs": 2, "zdx": 436.0, "ptx": 436.0, "zycc": "普通类", "fsx": 436.0}, {"remarks": "", "schcode": "", "sex": "", "campus": "", "nf": "2020", "klmc": "综合改革", "ssmc": "北京", "zylx": "普通类", "zymc": "电气工程及其自动化", "maxScore": 556.0, "minScore": 554.0, "avgScore": 555.0, "avgOrder": 16998, "minOrder": 17162, "maxOrder": 16791, "kl": "", "ssdm": "11", "rs": 2, "zdx": 436.0, "ptx": 436.0, "zycc": "普通类", "fsx": 436.0}, {"remarks": "", "schcode": "", "sex": "", "campus": "", "nf": "2020", "klmc": "综合改革", "ssmc": "北京", "zylx": "普通类", "zymc": "金融学类", "maxScore": 570.0, "minScore": 568.0, "avgScore": 569.0, "avgOrder": 14430, "minOrder": 14617, "maxOrder": 14271, "kl": "", "ssdm": "11", "rs": 2, "zdx": 436.0, "ptx": 436.0, "zycc": "普通类", "fsx": 436.0}, {"remarks": "", "schcode": "", "sex": "", "campus": "", "nf": "2020", "klmc": "综合改革", "ssmc": "北京", "zylx": "普通类", "zymc": "工商管理类", "maxScore": 565.0, "minScore": 557.0, "avgScore": 561.0, "avgOrder": 15881, "minOrder": 16617, "maxOrder": 15160, "kl": "", "ssdm": "11", "rs": 2, "zdx": 436.0, "ptx": 436.0, "zycc": "普通类", "fsx": 436.0}, {"remarks": "", "schcode": "", "sex": "", "campus": "", "nf": "2020", "klmc": "综合改革", "ssmc": "北京", "zylx": "普通类", "zymc": "食品科学与工程类", "maxScore": 556.0, "minScore": 556.0, "avgScore": 556.0, "avgOrder": 16791, "minOrder": 16791, "maxOrder": 16791, "kl": "", "ssdm": "11", "rs": 2, "zdx": 436.0, "ptx": 436.0, "zycc": "普通类", "fsx": 436.0}], "withYsl": false}, "jessionid": "be6fea6da6d947ea968a0aa03c8d00d3"}