{"state": 1, "msg": "操作成功", "data": {"zsSsgradeList": [{"remarks": "", "schcode": "", "sex": "", "campus": "", "nf": "2017", "klmc": "理工", "ssmc": "内蒙古", "zylx": "普通类", "kl": "5", "ssdm": "15", "rs": 97, "zdx": 466.0, "ptx": 466.0, "minScore": 490.0, "minOrder": 16969, "avgScore": 521.3, "avgOrder": 11348, "maxScore": 568.0, "maxOrder": 5093, "zycc": "普通类", "fsx": 466.0}], "sszygradeList": [{"remarks": "", "schcode": "", "sex": "", "campus": "", "nf": "2017", "klmc": "理工", "ssmc": "内蒙古", "zylx": "普通类", "zymc": "工商管理(中俄合作办学)", "maxScore": 524.0, "minScore": 513.0, "avgScore": 518.5, "avgOrder": 11685, "minOrder": 12693, "maxOrder": 10892, "kl": "", "ssdm": "15", "rs": 2, "zdx": 466.0, "ptx": 466.0, "zycc": "普通类", "fsx": 466.0}, {"remarks": "", "schcode": "", "sex": "", "campus": "", "nf": "2017", "klmc": "理工", "ssmc": "内蒙古", "zylx": "普通类", "zymc": "金融学(中俄合作办学)", "maxScore": 534.0, "minScore": 502.0, "avgScore": 516.3, "avgOrder": 12180, "minOrder": 14666, "maxOrder": 9361, "kl": "", "ssdm": "15", "rs": 3, "zdx": 466.0, "ptx": 466.0, "zycc": "普通类", "fsx": 466.0}, {"remarks": "", "schcode": "", "sex": "", "campus": "", "nf": "2017", "klmc": "理工", "ssmc": "内蒙古", "zylx": "普通类", "zymc": "国际经济与贸易(中俄合作办学)", "maxScore": 501.0, "minScore": 498.0, "avgScore": 499.5, "avgOrder": 15035, "minOrder": 15394, "maxOrder": 14849, "kl": "", "ssdm": "15", "rs": 2, "zdx": 466.0, "ptx": 466.0, "zycc": "普通类", "fsx": 466.0}, {"remarks": "", "schcode": "", "sex": "", "campus": "", "nf": "2017", "klmc": "理工", "ssmc": "内蒙古", "zylx": "普通类", "zymc": "植物生产类（Ⅰ）", "maxScore": 522.0, "minScore": 505.0, "avgScore": 511.3, "avgOrder": 13036, "minOrder": 14136, "maxOrder": 11206, "kl": "", "ssdm": "15", "rs": 10, "zdx": 466.0, "ptx": 466.0, "zycc": "普通类", "fsx": 466.0}, {"remarks": "", "schcode": "", "sex": "", "campus": "", "nf": "2017", "klmc": "理工", "ssmc": "内蒙古", "zylx": "普通类", "zymc": "风景园林", "maxScore": 535.0, "minScore": 532.0, "avgScore": 533.5, "avgOrder": 9361, "minOrder": 9670, "maxOrder": 9194, "kl": "", "ssdm": "15", "rs": 2, "zdx": 466.0, "ptx": 466.0, "zycc": "普通类", "fsx": 466.0}, {"remarks": "", "schcode": "", "sex": "", "campus": "", "nf": "2017", "klmc": "理工", "ssmc": "内蒙古", "zylx": "普通类", "zymc": "植物生产类（Ⅱ）", "maxScore": 509.0, "minScore": 490.0, "avgScore": 501.0, "avgOrder": 14849, "minOrder": 16969, "maxOrder": 13400, "kl": "", "ssdm": "15", "rs": 3, "zdx": 466.0, "ptx": 466.0, "zycc": "普通类", "fsx": 466.0}, {"remarks": "", "schcode": "", "sex": "", "campus": "", "nf": "2017", "klmc": "理工", "ssmc": "内蒙古", "zylx": "普通类", "zymc": "应用气象学", "maxScore": 533.0, "minScore": 514.0, "avgScore": 521.0, "avgOrder": 11348, "minOrder": 12538, "maxOrder": 9514, "kl": "", "ssdm": "15", "rs": 3, "zdx": 466.0, "ptx": 466.0, "zycc": "普通类", "fsx": 466.0}, {"remarks": "", "schcode": "", "sex": "", "campus": "", "nf": "2017", "klmc": "理工", "ssmc": "内蒙古", "zylx": "普通类", "zymc": "生态学", "maxScore": 507.0, "minScore": 500.0, "avgScore": 503.5, "avgOrder": 14315, "minOrder": 15035, "maxOrder": 13757, "kl": "", "ssdm": "15", "rs": 2, "zdx": 466.0, "ptx": 466.0, "zycc": "普通类", "fsx": 466.0}, {"remarks": "", "schcode": "", "sex": "", "campus": "", "nf": "2017", "klmc": "理工", "ssmc": "内蒙古", "zylx": "普通类", "zymc": "环境科学与工程类", "maxScore": 533.0, "minScore": 527.0, "avgScore": 530.0, "avgOrder": 9994, "minOrder": 10446, "maxOrder": 9514, "kl": "", "ssdm": "15", "rs": 2, "zdx": 466.0, "ptx": 466.0, "zycc": "普通类", "fsx": 466.0}, {"remarks": "", "schcode": "", "sex": "", "campus": "", "nf": "2017", "klmc": "理工", "ssmc": "内蒙古", "zylx": "普通类", "zymc": "自然保护与环境生态类（农学）", "maxScore": 510.0, "minScore": 507.0, "avgScore": 508.8, "avgOrder": 13400, "minOrder": 13757, "maxOrder": 13218, "kl": "", "ssdm": "15", "rs": 4, "zdx": 466.0, "ptx": 466.0, "zycc": "普通类", "fsx": 466.0}, {"remarks": "", "schcode": "", "sex": "", "campus": "", "nf": "2017", "klmc": "理工", "ssmc": "内蒙古", "zylx": "普通类", "zymc": "水产养殖学", "maxScore": 525.0, "minScore": 481.0, "avgScore": 503.0, "avgOrder": 14496, "minOrder": 18808, "maxOrder": 10726, "kl": "", "ssdm": "15", "rs": 2, "zdx": 466.0, "ptx": 466.0, "zycc": "普通类", "fsx": 466.0}, {"remarks": "", "schcode": "", "sex": "", "campus": "", "nf": "2017", "klmc": "理工", "ssmc": "内蒙古", "zylx": "普通类", "zymc": "草业科学", "maxScore": 514.0, "minScore": 502.0, "avgScore": 508.0, "avgOrder": 13575, "minOrder": 14666, "maxOrder": 12538, "kl": "", "ssdm": "15", "rs": 3, "zdx": 466.0, "ptx": 466.0, "zycc": "普通类", "fsx": 466.0}, {"remarks": "", "schcode": "", "sex": "", "campus": "", "nf": "2017", "klmc": "理工", "ssmc": "内蒙古", "zylx": "普通类", "zymc": "动物医学（本硕博班）", "maxScore": 544.0, "minScore": 540.0, "avgScore": 542.0, "avgOrder": 8249, "minOrder": 8530, "maxOrder": 7955, "kl": "", "ssdm": "15", "rs": 2, "zdx": 466.0, "ptx": 466.0, "zycc": "普通类", "fsx": 466.0}, {"remarks": "", "schcode": "", "sex": "", "campus": "", "nf": "2017", "klmc": "理工", "ssmc": "内蒙古", "zylx": "普通类", "zymc": "动物药学", "maxScore": 504.0, "minScore": 501.0, "avgScore": 502.5, "avgOrder": 14496, "minOrder": 14849, "maxOrder": 14315, "kl": "", "ssdm": "15", "rs": 2, "zdx": 466.0, "ptx": 466.0, "zycc": "普通类", "fsx": 466.0}, {"remarks": "", "schcode": "", "sex": "", "campus": "", "nf": "2017", "klmc": "理工", "ssmc": "内蒙古", "zylx": "普通类", "zymc": "机械类（工学Ⅰ）", "maxScore": 534.0, "minScore": 517.0, "avgScore": 523.2, "avgOrder": 11053, "minOrder": 12038, "maxOrder": 9361, "kl": "", "ssdm": "15", "rs": 8, "zdx": 466.0, "ptx": 466.0, "zycc": "普通类", "fsx": 466.0}, {"remarks": "", "schcode": "", "sex": "", "campus": "", "nf": "2017", "klmc": "理工", "ssmc": "内蒙古", "zylx": "普通类", "zymc": "能源动力类（工学Ⅱ）", "maxScore": 518.0, "minScore": 517.0, "avgScore": 517.5, "avgOrder": 11853, "minOrder": 12038, "maxOrder": 11853, "kl": "", "ssdm": "15", "rs": 2, "zdx": 466.0, "ptx": 466.0, "zycc": "普通类", "fsx": 466.0}, {"remarks": "", "schcode": "", "sex": "", "campus": "", "nf": "2017", "klmc": "理工", "ssmc": "内蒙古", "zylx": "普通类", "zymc": "电气类（工学Ⅲ）", "maxScore": 540.0, "minScore": 532.0, "avgScore": 535.5, "avgOrder": 9071, "minOrder": 9670, "maxOrder": 8530, "kl": "", "ssdm": "15", "rs": 4, "zdx": 466.0, "ptx": 466.0, "zycc": "普通类", "fsx": 466.0}, {"remarks": "", "schcode": "", "sex": "", "campus": "", "nf": "2017", "klmc": "理工", "ssmc": "内蒙古", "zylx": "普通类", "zymc": "计算机类", "maxScore": 540.0, "minScore": 527.0, "avgScore": 533.3, "avgOrder": 9514, "minOrder": 10446, "maxOrder": 8530, "kl": "", "ssdm": "15", "rs": 3, "zdx": 466.0, "ptx": 466.0, "zycc": "普通类", "fsx": 466.0}, {"remarks": "", "schcode": "", "sex": "", "campus": "", "nf": "2017", "klmc": "理工", "ssmc": "内蒙古", "zylx": "普通类", "zymc": "金融学类（经济学）", "maxScore": 546.0, "minScore": 535.0, "avgScore": 540.7, "avgOrder": 8386, "minOrder": 9194, "maxOrder": 7715, "kl": "", "ssdm": "15", "rs": 6, "zdx": 466.0, "ptx": 466.0, "zycc": "普通类", "fsx": 466.0}, {"remarks": "", "schcode": "", "sex": "", "campus": "", "nf": "2017", "klmc": "理工", "ssmc": "内蒙古", "zylx": "普通类", "zymc": "农林经济管理（本硕博班）", "maxScore": 545.0, "minScore": 544.0, "avgScore": 544.5, "avgOrder": 7827, "minOrder": 7955, "maxOrder": 7827, "kl": "", "ssdm": "15", "rs": 2, "zdx": 466.0, "ptx": 466.0, "zycc": "普通类", "fsx": 466.0}, {"remarks": "", "schcode": "", "sex": "", "campus": "", "nf": "2017", "klmc": "理工", "ssmc": "内蒙古", "zylx": "普通类", "zymc": "生物科学类", "maxScore": 514.0, "minScore": 511.0, "avgScore": 512.5, "avgOrder": 12693, "minOrder": 13036, "maxOrder": 12538, "kl": "", "ssdm": "15", "rs": 2, "zdx": 466.0, "ptx": 466.0, "zycc": "普通类", "fsx": 466.0}, {"remarks": "", "schcode": "", "sex": "", "campus": "", "nf": "2017", "klmc": "理工", "ssmc": "内蒙古", "zylx": "普通类", "zymc": "生物科学（理科实验班）", "maxScore": 537.0, "minScore": 528.0, "avgScore": 533.7, "avgOrder": 9361, "minOrder": 10279, "maxOrder": 8931, "kl": "", "ssdm": "15", "rs": 3, "zdx": 466.0, "ptx": 466.0, "zycc": "普通类", "fsx": 466.0}, {"remarks": "", "schcode": "", "sex": "", "campus": "", "nf": "2017", "klmc": "理工", "ssmc": "内蒙古", "zylx": "普通类", "zymc": "生物工程类（工学Ⅳ）", "maxScore": 524.0, "minScore": 507.0, "avgScore": 514.3, "avgOrder": 12538, "minOrder": 13757, "maxOrder": 10892, "kl": "", "ssdm": "15", "rs": 3, "zdx": 466.0, "ptx": 466.0, "zycc": "普通类", "fsx": 466.0}, {"remarks": "", "schcode": "", "sex": "", "campus": "", "nf": "2017", "klmc": "理工", "ssmc": "内蒙古", "zylx": "普通类", "zymc": "食品科学与工程类", "maxScore": 536.0, "minScore": 534.0, "avgScore": 535.0, "avgOrder": 9194, "minOrder": 9361, "maxOrder": 9071, "kl": "", "ssdm": "15", "rs": 2, "zdx": 466.0, "ptx": 466.0, "zycc": "普通类", "fsx": 466.0}, {"remarks": "", "schcode": "", "sex": "", "campus": "", "nf": "2017", "klmc": "理工", "ssmc": "内蒙古", "zylx": "普通类", "zymc": "食品科学与工程（本硕博班）", "maxScore": 568.0, "minScore": 554.0, "avgScore": 561.0, "avgOrder": 5830, "minOrder": 6633, "maxOrder": 5093, "kl": "", "ssdm": "15", "rs": 2, "zdx": 466.0, "ptx": 466.0, "zycc": "普通类", "fsx": 466.0}, {"remarks": "", "schcode": "", "sex": "", "campus": "", "nf": "2017", "klmc": "理工", "ssmc": "内蒙古", "zylx": "普通类", "zymc": "人文地理与城乡规划", "maxScore": 514.0, "minScore": 509.0, "avgScore": 511.5, "avgOrder": 12880, "minOrder": 13400, "maxOrder": 12538, "kl": "", "ssdm": "15", "rs": 2, "zdx": 466.0, "ptx": 466.0, "zycc": "普通类", "fsx": 466.0}, {"remarks": "", "schcode": "", "sex": "", "campus": "", "nf": "2017", "klmc": "理工", "ssmc": "内蒙古", "zylx": "普通类", "zymc": "土地资源管理", "maxScore": 518.0, "minScore": 509.0, "avgScore": 513.5, "avgOrder": 12538, "minOrder": 13400, "maxOrder": 11853, "kl": "", "ssdm": "15", "rs": 2, "zdx": 466.0, "ptx": 466.0, "zycc": "普通类", "fsx": 466.0}, {"remarks": "", "schcode": "", "sex": "", "campus": "", "nf": "2017", "klmc": "理工", "ssmc": "内蒙古", "zylx": "普通类", "zymc": "水利类（工学Ⅴ）", "maxScore": 536.0, "minScore": 509.0, "avgScore": 522.5, "avgOrder": 11053, "minOrder": 13400, "maxOrder": 9071, "kl": "", "ssdm": "15", "rs": 2, "zdx": 466.0, "ptx": 466.0, "zycc": "普通类", "fsx": 466.0}, {"remarks": "", "schcode": "", "sex": "", "campus": "", "nf": "2017", "klmc": "理工", "ssmc": "内蒙古", "zylx": "普通类", "zymc": "土木工程", "maxScore": 519.0, "minScore": 510.0, "avgScore": 515.3, "avgOrder": 12349, "minOrder": 13218, "maxOrder": 11685, "kl": "", "ssdm": "15", "rs": 3, "zdx": 466.0, "ptx": 466.0, "zycc": "普通类", "fsx": 466.0}, {"remarks": "", "schcode": "", "sex": "", "campus": "", "nf": "2017", "klmc": "理工", "ssmc": "内蒙古", "zylx": "普通类", "zymc": "工程管理", "maxScore": 518.0, "minScore": 512.0, "avgScore": 515.0, "avgOrder": 12349, "minOrder": 12880, "maxOrder": 11853, "kl": "", "ssdm": "15", "rs": 2, "zdx": 466.0, "ptx": 466.0, "zycc": "普通类", "fsx": 466.0}, {"remarks": "", "schcode": "", "sex": "", "campus": "", "nf": "2017", "klmc": "理工", "ssmc": "内蒙古", "zylx": "普通类", "zymc": "统计学类（理学）", "maxScore": 526.0, "minScore": 519.0, "avgScore": 522.5, "avgOrder": 11053, "minOrder": 11685, "maxOrder": 10580, "kl": "", "ssdm": "15", "rs": 4, "zdx": 466.0, "ptx": 466.0, "zycc": "普通类", "fsx": 466.0}, {"remarks": "", "schcode": "", "sex": "", "campus": "", "nf": "2017", "klmc": "理工", "ssmc": "内蒙古", "zylx": "普通类", "zymc": "俄语", "maxScore": 526.0, "minScore": 506.0, "avgScore": 514.7, "avgOrder": 12349, "minOrder": 13930, "maxOrder": 10580, "kl": "", "ssdm": "15", "rs": 3, "zdx": 466.0, "ptx": 466.0, "zycc": "普通类", "fsx": 466.0}, {"remarks": "", "schcode": "", "sex": "", "campus": "", "nf": "2017", "klmc": "理工", "ssmc": "内蒙古", "zylx": "普通类", "zymc": "应用化学", "maxScore": 528.0, "minScore": 507.0, "avgScore": 517.5, "avgOrder": 11853, "minOrder": 13757, "maxOrder": 10279, "kl": "", "ssdm": "15", "rs": 2, "zdx": 466.0, "ptx": 466.0, "zycc": "普通类", "fsx": 466.0}, {"remarks": "", "schcode": "", "sex": "", "campus": "", "nf": "2017", "klmc": "理工", "ssmc": "内蒙古", "zylx": "普通类", "zymc": "化学生物学", "maxScore": 530.0, "minScore": 514.0, "avgScore": 520.3, "avgOrder": 11521, "minOrder": 12538, "maxOrder": 9994, "kl": "", "ssdm": "15", "rs": 3, "zdx": 466.0, "ptx": 466.0, "zycc": "普通类", "fsx": 466.0}], "withYsl": false}, "jessionid": "be6fea6da6d947ea968a0aa03c8d00d3"}