{"state": 1, "msg": "操作成功", "data": {"zsSsgradeList": [{"remarks": "", "schcode": "", "sex": "", "campus": "", "nf": "2017", "klmc": "文史", "ssmc": "湖北", "zylx": "国家专项", "kl": "1", "ssdm": "42", "rs": 2, "zdx": 528.0, "ptx": 528.0, "minScore": 562.0, "minOrder": 5349, "avgScore": 562.5, "avgOrder": 5204, "maxScore": 563.0, "maxOrder": 5204, "zycc": "国家专项", "fsx": 528.0}], "sszygradeList": [{"remarks": "", "schcode": "", "sex": "", "campus": "", "nf": "2017", "klmc": "文史", "ssmc": "湖北", "zylx": "国家专项", "zymc": "工商管理类（管理学Ⅱ）", "maxScore": 563.0, "minScore": 562.0, "avgScore": 562.5, "avgOrder": 5204, "minOrder": 5349, "maxOrder": 5204, "kl": "", "ssdm": "42", "rs": 2, "zdx": 528.0, "ptx": 528.0, "zycc": "国家专项", "fsx": 528.0}], "withYsl": false}, "jessionid": "be6fea6da6d947ea968a0aa03c8d00d3"}