{"state": 1, "msg": "操作成功", "data": {"zsSsgradeList": [{"remarks": "", "schcode": "", "sex": "", "campus": "", "nf": "2019", "klmc": "文史", "ssmc": "陕西", "zylx": "普通类", "kl": "1", "ssdm": "61", "rs": 7, "zdx": 518.0, "ptx": 518.0, "minScore": 562.0, "minOrder": 5369, "avgScore": 566.9, "avgOrder": 4695, "maxScore": 583.0, "maxOrder": 3020, "zycc": "普通类", "fsx": 518.0}], "sszygradeList": [{"remarks": "", "schcode": "", "sex": "", "campus": "", "nf": "2019", "klmc": "文史", "ssmc": "陕西", "zylx": "普通类", "zymc": "工商管理类", "maxScore": 565.0, "minScore": 562.0, "avgScore": 563.8, "avgOrder": 5078, "minOrder": 5369, "maxOrder": 4942, "kl": "", "ssdm": "61", "rs": 5, "zdx": 518.0, "ptx": 518.0, "zycc": "普通类", "fsx": 518.0}, {"remarks": "", "schcode": "", "sex": "", "campus": "", "nf": "2019", "klmc": "文史", "ssmc": "陕西", "zylx": "普通类", "zymc": "农林经济管理", "maxScore": 583.0, "minScore": 566.0, "avgScore": 574.5, "avgOrder": 3797, "minOrder": 4814, "maxOrder": 3020, "kl": "", "ssdm": "61", "rs": 2, "zdx": 518.0, "ptx": 518.0, "zycc": "普通类", "fsx": 518.0}], "withYsl": false}, "jessionid": "be6fea6da6d947ea968a0aa03c8d00d3"}