{"state": 1, "msg": "操作成功", "data": {"zsSsgradeList": [{"remarks": "", "schcode": "", "sex": "", "campus": "", "nf": "2017", "klmc": "文史", "ssmc": "黑龙江", "zylx": "国家专项", "kl": "1", "ssdm": "23", "rs": 4, "zdx": 481.0, "ptx": 481.0, "minScore": 512.0, "minOrder": 3988, "avgScore": 513.8, "avgOrder": 3829, "maxScore": 515.0, "maxOrder": 3762, "zycc": "国家专项", "fsx": 481.0}], "sszygradeList": [{"remarks": "", "schcode": "", "sex": "", "campus": "", "nf": "2017", "klmc": "文史", "ssmc": "黑龙江", "zylx": "国家专项", "zymc": "工商管理类（管理学Ⅱ）", "maxScore": 515.0, "minScore": 514.0, "avgScore": 514.5, "avgOrder": 3762, "minOrder": 3829, "maxOrder": 3762, "kl": "", "ssdm": "23", "rs": 2, "zdx": 481.0, "ptx": 481.0, "zycc": "国家专项", "fsx": 481.0}, {"remarks": "", "schcode": "", "sex": "", "campus": "", "nf": "2017", "klmc": "文史", "ssmc": "黑龙江", "zylx": "国家专项", "zymc": "法学类（法学）", "maxScore": 514.0, "minScore": 512.0, "avgScore": 513.0, "avgOrder": 3916, "minOrder": 3988, "maxOrder": 3829, "kl": "", "ssdm": "23", "rs": 2, "zdx": 481.0, "ptx": 481.0, "zycc": "国家专项", "fsx": 481.0}], "withYsl": false}, "jessionid": "be6fea6da6d947ea968a0aa03c8d00d3"}