{"state": 1, "msg": "操作成功", "data": {"zsSsgradeList": [{"remarks": "", "schcode": "", "sex": "", "campus": "", "nf": "2019", "klmc": "文史", "ssmc": "四川", "zylx": "普通类", "kl": "1", "ssdm": "51", "rs": 12, "zdx": 540.0, "ptx": 540.0, "minScore": 571.0, "minOrder": 7126, "avgScore": 573.7, "avgOrder": 6405, "maxScore": 586.0, "maxOrder": 4102, "zycc": "普通类", "fsx": 540.0}], "sszygradeList": [{"remarks": "", "schcode": "", "sex": "", "campus": "", "nf": "2019", "klmc": "文史", "ssmc": "四川", "zylx": "普通类", "zymc": "工商管理类", "maxScore": 578.0, "minScore": 571.0, "avgScore": 572.7, "avgOrder": 6643, "minOrder": 7126, "maxOrder": 5593, "kl": "", "ssdm": "51", "rs": 6, "zdx": 540.0, "ptx": 540.0, "zycc": "普通类", "fsx": 540.0}, {"remarks": "", "schcode": "", "sex": "", "campus": "", "nf": "2019", "klmc": "文史", "ssmc": "四川", "zylx": "普通类", "zymc": "农林经济管理", "maxScore": 586.0, "minScore": 572.0, "avgScore": 579.0, "avgOrder": 5386, "minOrder": 6880, "maxOrder": 4102, "kl": "", "ssdm": "51", "rs": 2, "zdx": 540.0, "ptx": 540.0, "zycc": "普通类", "fsx": 540.0}, {"remarks": "", "schcode": "", "sex": "", "campus": "", "nf": "2019", "klmc": "文史", "ssmc": "四川", "zylx": "普通类", "zymc": "行政管理", "maxScore": 572.0, "minScore": 572.0, "avgScore": 572.0, "avgOrder": 6880, "minOrder": 6880, "maxOrder": 6880, "kl": "", "ssdm": "51", "rs": 2, "zdx": 540.0, "ptx": 540.0, "zycc": "普通类", "fsx": 540.0}, {"remarks": "", "schcode": "", "sex": "", "campus": "", "nf": "2019", "klmc": "文史", "ssmc": "四川", "zylx": "普通类", "zymc": "英语", "maxScore": 574.0, "minScore": 572.0, "avgScore": 573.0, "avgOrder": 6643, "minOrder": 6880, "maxOrder": 6405, "kl": "", "ssdm": "51", "rs": 2, "zdx": 540.0, "ptx": 540.0, "zycc": "普通类", "fsx": 540.0}], "withYsl": false}, "jessionid": "be6fea6da6d947ea968a0aa03c8d00d3"}