{"state": 1, "msg": "操作成功", "data": {"zsSsgradeList": [{"remarks": "", "schcode": "", "sex": "", "campus": "", "nf": "2017", "klmc": "理工", "ssmc": "新疆", "zylx": "国家专项", "kl": "5", "ssdm": "65", "rs": 1, "zdx": 437.0, "ptx": 437.0, "minScore": 446.0, "avgScore": 446.0, "maxScore": 446.0, "zycc": "国家专项", "fsx": 437.0}], "sszygradeList": [{"remarks": "", "schcode": "", "sex": "", "campus": "", "nf": "2017", "klmc": "理工", "ssmc": "新疆", "zylx": "国家专项", "zymc": "植物生产类（Ⅰ）", "maxScore": 463.0, "minScore": 435.0, "avgScore": 449.0, "kl": "", "ssdm": "65", "rs": 2, "zdx": 437.0, "ptx": 437.0, "zycc": "国家专项", "fsx": 437.0}, {"remarks": "", "schcode": "", "sex": "", "campus": "", "nf": "2017", "klmc": "理工", "ssmc": "新疆", "zylx": "国家专项", "zymc": "电气类（工学Ⅲ）", "maxScore": 425.0, "minScore": 423.0, "avgScore": 424.0, "kl": "", "ssdm": "65", "rs": 2, "zdx": 437.0, "ptx": 437.0, "zycc": "国家专项", "fsx": 437.0}, {"remarks": "", "schcode": "", "sex": "", "campus": "", "nf": "2017", "klmc": "理工", "ssmc": "新疆", "zylx": "国家专项", "zymc": "食品科学与工程类", "maxScore": 446.0, "minScore": 443.0, "avgScore": 444.5, "kl": "", "ssdm": "65", "rs": 2, "zdx": 437.0, "ptx": 437.0, "zycc": "国家专项", "fsx": 437.0}], "withYsl": false}, "jessionid": "be6fea6da6d947ea968a0aa03c8d00d3"}