{"state": 1, "msg": "操作成功", "data": {"zsSsgradeList": [{"remarks": "", "schcode": "", "sex": "", "campus": "", "nf": "2017", "klmc": "理工", "ssmc": "福建", "zylx": "普通类", "kl": "5", "ssdm": "35", "rs": 16, "zdx": 441.0, "ptx": 441.0, "minScore": 479.0, "avgScore": 482.4, "maxScore": 489.0, "zycc": "普通类", "fsx": 441.0}], "sszygradeList": [{"remarks": "", "schcode": "", "sex": "", "campus": "", "nf": "2017", "klmc": "理工", "ssmc": "福建", "zylx": "普通类", "zymc": "园林", "maxScore": 481.0, "minScore": 479.0, "avgScore": 480.0, "kl": "", "ssdm": "35", "rs": 2, "zdx": 441.0, "ptx": 441.0, "zycc": "普通类", "fsx": 441.0}, {"remarks": "", "schcode": "", "sex": "", "campus": "", "nf": "2017", "klmc": "理工", "ssmc": "福建", "zylx": "普通类", "zymc": "机械类（工学Ⅰ）", "maxScore": 481.0, "minScore": 481.0, "avgScore": 481.0, "kl": "", "ssdm": "35", "rs": 2, "zdx": 441.0, "ptx": 441.0, "zycc": "普通类", "fsx": 441.0}, {"remarks": "", "schcode": "", "sex": "", "campus": "", "nf": "2017", "klmc": "理工", "ssmc": "福建", "zylx": "普通类", "zymc": "金融学类（经济学）", "maxScore": 489.0, "minScore": 482.0, "avgScore": 484.8, "kl": "", "ssdm": "35", "rs": 4, "zdx": 441.0, "ptx": 441.0, "zycc": "普通类", "fsx": 441.0}, {"remarks": "", "schcode": "", "sex": "", "campus": "", "nf": "2017", "klmc": "理工", "ssmc": "福建", "zylx": "普通类", "zymc": "食品科学与工程类", "maxScore": 481.0, "minScore": 479.0, "avgScore": 480.0, "kl": "", "ssdm": "35", "rs": 2, "zdx": 441.0, "ptx": 441.0, "zycc": "普通类", "fsx": 441.0}, {"remarks": "", "schcode": "", "sex": "", "campus": "", "nf": "2017", "klmc": "理工", "ssmc": "福建", "zylx": "普通类", "zymc": "土地资源管理", "maxScore": 485.0, "minScore": 480.0, "avgScore": 482.5, "kl": "", "ssdm": "35", "rs": 2, "zdx": 441.0, "ptx": 441.0, "zycc": "普通类", "fsx": 441.0}, {"remarks": "", "schcode": "", "sex": "", "campus": "", "nf": "2017", "klmc": "理工", "ssmc": "福建", "zylx": "普通类", "zymc": "土木工程", "maxScore": 488.0, "minScore": 484.0, "avgScore": 486.0, "kl": "", "ssdm": "35", "rs": 2, "zdx": 441.0, "ptx": 441.0, "zycc": "普通类", "fsx": 441.0}, {"remarks": "", "schcode": "", "sex": "", "campus": "", "nf": "2017", "klmc": "理工", "ssmc": "福建", "zylx": "普通类", "zymc": "工程管理", "maxScore": 480.0, "minScore": 480.0, "avgScore": 480.0, "kl": "", "ssdm": "35", "rs": 2, "zdx": 441.0, "ptx": 441.0, "zycc": "普通类", "fsx": 441.0}], "withYsl": false}, "jessionid": "be6fea6da6d947ea968a0aa03c8d00d3"}