{"state": 1, "msg": "操作成功", "data": {"zsSsgradeList": [{"remarks": "", "schcode": "", "sex": "", "campus": "", "nf": "2020", "klmc": "文史", "ssmc": "黑龙江", "zylx": "地方专项", "kl": "1", "ssdm": "23", "rs": 14, "zdx": 483.0, "ptx": 483.0, "minScore": 490.0, "minOrder": 7494, "avgScore": 503.6, "avgOrder": 6094, "maxScore": 536.0, "maxOrder": 3429, "zycc": "地方专项", "fsx": 483.0}], "sszygradeList": [{"remarks": "", "schcode": "", "sex": "", "campus": "", "nf": "2020", "klmc": "文史", "ssmc": "黑龙江", "zylx": "地方专项", "zymc": "金融学类", "maxScore": 524.0, "minScore": 501.0, "avgScore": 509.0, "avgOrder": 5628, "minOrder": 6397, "maxOrder": 4325, "kl": "", "ssdm": "23", "rs": 4, "zdx": 483.0, "ptx": 483.0, "zycc": "地方专项", "fsx": 483.0}, {"remarks": "", "schcode": "", "sex": "", "campus": "", "nf": "2020", "klmc": "文史", "ssmc": "黑龙江", "zylx": "地方专项", "zymc": "工商管理类", "maxScore": 536.0, "minScore": 495.0, "avgScore": 510.8, "avgOrder": 5424, "minOrder": 6994, "maxOrder": 3429, "kl": "", "ssdm": "23", "rs": 4, "zdx": 483.0, "ptx": 483.0, "zycc": "地方专项", "fsx": 483.0}, {"remarks": "", "schcode": "", "sex": "", "campus": "", "nf": "2020", "klmc": "文史", "ssmc": "黑龙江", "zylx": "地方专项", "zymc": "法学类", "maxScore": 504.0, "minScore": 491.0, "avgScore": 497.5, "avgOrder": 6686, "minOrder": 7399, "maxOrder": 6094, "kl": "", "ssdm": "23", "rs": 4, "zdx": 483.0, "ptx": 483.0, "zycc": "地方专项", "fsx": 483.0}, {"remarks": "", "schcode": "", "sex": "", "campus": "", "nf": "2020", "klmc": "文史", "ssmc": "黑龙江", "zylx": "地方专项", "zymc": "英语", "maxScore": 491.0, "minScore": 490.0, "avgScore": 490.5, "avgOrder": 7494, "minOrder": 7494, "maxOrder": 7399, "kl": "", "ssdm": "23", "rs": 2, "zdx": 483.0, "ptx": 483.0, "zycc": "地方专项", "fsx": 483.0}], "withYsl": false}, "jessionid": "be6fea6da6d947ea968a0aa03c8d00d3"}