{"state": 1, "msg": "操作成功", "data": {"zsSsgradeList": [{"remarks": "", "schcode": "", "sex": "", "campus": "", "nf": "2017", "klmc": "文史", "ssmc": "黑龙江", "zylx": "民族预科", "kl": "1", "ssdm": "23", "rs": 10, "zdx": 481.0, "ptx": 481.0, "minScore": 472.0, "minOrder": 8033, "avgScore": 481.6, "avgOrder": 6847, "maxScore": 503.0, "maxOrder": 4735, "zycc": "民族预科", "fsx": 481.0}], "sszygradeList": [{"remarks": "", "schcode": "", "sex": "", "campus": "", "nf": "2017", "klmc": "文史", "ssmc": "黑龙江", "zylx": "民族预科", "zymc": "工商管理类（管理学Ⅱ）", "maxScore": 503.0, "minScore": 475.0, "avgScore": 485.8, "avgOrder": 6394, "minOrder": 7655, "maxOrder": 4735, "kl": "", "ssdm": "23", "rs": 6, "zdx": 481.0, "ptx": 481.0, "zycc": "民族预科", "fsx": 481.0}, {"remarks": "", "schcode": "", "sex": "", "campus": "", "nf": "2017", "klmc": "文史", "ssmc": "黑龙江", "zylx": "民族预科", "zymc": "法学类（法学）", "maxScore": 481.0, "minScore": 475.0, "avgScore": 478.0, "avgOrder": 7294, "minOrder": 7655, "maxOrder": 6953, "kl": "", "ssdm": "23", "rs": 2, "zdx": 481.0, "ptx": 481.0, "zycc": "民族预科", "fsx": 481.0}, {"remarks": "", "schcode": "", "sex": "", "campus": "", "nf": "2017", "klmc": "文史", "ssmc": "黑龙江", "zylx": "民族预科", "zymc": "行政管理", "maxScore": 473.0, "minScore": 472.0, "avgScore": 472.5, "avgOrder": 7909, "minOrder": 8033, "maxOrder": 7909, "kl": "", "ssdm": "23", "rs": 2, "zdx": 481.0, "ptx": 481.0, "zycc": "民族预科", "fsx": 481.0}], "withYsl": false}, "jessionid": "be6fea6da6d947ea968a0aa03c8d00d3"}