{"state": 1, "msg": "操作成功", "data": {"zsSsgradeList": [{"remarks": "详见分专业录取情况", "schcode": "", "sex": "", "campus": "", "nf": "2020", "klmc": "艺术(文)", "ssmc": "黑龙江", "zylx": "艺术批", "kl": "3", "ssdm": "23", "rs": 17, "zycc": "艺术批"}], "sszygradeList": [{"remarks": "文化课成绩", "schcode": "", "sex": "", "campus": "", "nf": "2020", "klmc": "艺术(文)", "ssmc": "黑龙江", "zylx": "艺术批", "zymc": "广播电视编导", "maxScore": 482.0, "minScore": 252.0, "avgScore": 394.3, "kl": "", "ssdm": "23", "rs": 17, "zycc": "艺术批"}, {"remarks": "综合分", "schcode": "", "sex": "", "campus": "", "nf": "2020", "klmc": "艺术(文)", "ssmc": "黑龙江", "zylx": "艺术批", "zymc": "视觉传达设计", "maxScore": 517.0, "minScore": 507.0, "avgScore": 511.8, "kl": "", "ssdm": "23", "zydm": "", "rs": 10, "zycc": "艺术批"}, {"remarks": "综合分", "schcode": "", "sex": "", "campus": "", "nf": "2020", "klmc": "艺术(文)", "ssmc": "黑龙江", "zylx": "艺术批", "zymc": "环境设计", "maxScore": 517.0, "minScore": 507.0, "avgScore": 510.2, "kl": "", "ssdm": "23", "zydm": "", "rs": 6, "zycc": "艺术批"}], "withYsl": false}, "jessionid": "be6fea6da6d947ea968a0aa03c8d00d3"}