{"state": 1, "msg": "操作成功", "data": {"zsSsgradeList": [{"remarks": "", "schcode": "", "sex": "", "campus": "", "nf": "2018", "klmc": "文史", "ssmc": "黑龙江", "zylx": "普通类", "kl": "1", "ssdm": "23", "rs": 400, "zdx": 490.0, "ptx": 490.0, "minScore": 521.0, "minOrder": 3904, "avgScore": 530.9, "avgOrder": 3128, "maxScore": 551.0, "maxOrder": 1778, "zycc": "普通类", "fsx": 490.0}], "sszygradeList": [{"remarks": "", "schcode": "", "sex": "", "campus": "", "nf": "2018", "klmc": "文史", "ssmc": "黑龙江", "zylx": "普通类", "zymc": "金融学类", "maxScore": 547.0, "minScore": 526.0, "avgScore": 533.2, "avgOrder": 2964, "minOrder": 3492, "maxOrder": 2015, "kl": "", "ssdm": "23", "rs": 114, "zdx": 490.0, "ptx": 490.0, "zycc": "普通类", "fsx": 490.0}, {"remarks": "", "schcode": "", "sex": "", "campus": "", "nf": "2018", "klmc": "文史", "ssmc": "黑龙江", "zylx": "普通类", "zymc": "工商管理类", "maxScore": 544.0, "minScore": 521.0, "avgScore": 527.5, "avgOrder": 3344, "minOrder": 3904, "maxOrder": 2229, "kl": "", "ssdm": "23", "rs": 162, "zdx": 490.0, "ptx": 490.0, "zycc": "普通类", "fsx": 490.0}, {"remarks": "", "schcode": "", "sex": "", "campus": "", "nf": "2018", "klmc": "文史", "ssmc": "黑龙江", "zylx": "普通类", "zymc": "农林经济管理", "maxScore": 550.0, "minScore": 533.0, "avgScore": 537.6, "avgOrder": 2628, "minOrder": 2964, "maxOrder": 1840, "kl": "", "ssdm": "23", "rs": 18, "zdx": 490.0, "ptx": 490.0, "zycc": "普通类", "fsx": 490.0}, {"remarks": "", "schcode": "", "sex": "", "campus": "", "nf": "2018", "klmc": "文史", "ssmc": "黑龙江", "zylx": "普通类", "zymc": "农林经济管理（本硕博班）", "maxScore": 551.0, "minScore": 541.0, "avgScore": 544.7, "avgOrder": 2154, "minOrder": 2423, "maxOrder": 1778, "kl": "", "ssdm": "23", "rs": 7, "zdx": 490.0, "ptx": 490.0, "zycc": "普通类", "fsx": 490.0}, {"remarks": "", "schcode": "", "sex": "", "campus": "", "nf": "2018", "klmc": "文史", "ssmc": "黑龙江", "zylx": "普通类", "zymc": "法学类", "maxScore": 547.0, "minScore": 528.0, "avgScore": 533.7, "avgOrder": 2899, "minOrder": 3344, "maxOrder": 2015, "kl": "", "ssdm": "23", "rs": 27, "zdx": 490.0, "ptx": 490.0, "zycc": "普通类", "fsx": 490.0}, {"remarks": "", "schcode": "", "sex": "", "campus": "", "nf": "2018", "klmc": "文史", "ssmc": "黑龙江", "zylx": "普通类", "zymc": "行政管理", "maxScore": 537.0, "minScore": 521.0, "avgScore": 526.3, "avgOrder": 3492, "minOrder": 3904, "maxOrder": 2701, "kl": "", "ssdm": "23", "rs": 15, "zdx": 490.0, "ptx": 490.0, "zycc": "普通类", "fsx": 490.0}, {"remarks": "", "schcode": "", "sex": "", "campus": "", "nf": "2018", "klmc": "文史", "ssmc": "黑龙江", "zylx": "普通类", "zymc": "英语", "maxScore": 544.0, "minScore": 530.0, "avgScore": 535.7, "avgOrder": 2758, "minOrder": 3213, "maxOrder": 2229, "kl": "", "ssdm": "23", "rs": 18, "zdx": 490.0, "ptx": 490.0, "zycc": "普通类", "fsx": 490.0}, {"remarks": "", "schcode": "", "sex": "", "campus": "", "nf": "2018", "klmc": "文史", "ssmc": "黑龙江", "zylx": "普通类", "zymc": "俄语", "maxScore": 532.0, "minScore": 524.0, "avgScore": 526.7, "avgOrder": 3416, "minOrder": 3666, "maxOrder": 3052, "kl": "", "ssdm": "23", "rs": 15, "zdx": 490.0, "ptx": 490.0, "zycc": "普通类", "fsx": 490.0}, {"remarks": "", "schcode": "", "sex": "", "campus": "", "nf": "2018", "klmc": "文史", "ssmc": "黑龙江", "zylx": "普通类", "zymc": "汉语国际教育", "maxScore": 545.0, "minScore": 526.0, "avgScore": 531.9, "avgOrder": 3052, "minOrder": 3492, "maxOrder": 2154, "kl": "", "ssdm": "23", "rs": 24, "zdx": 490.0, "ptx": 490.0, "zycc": "普通类", "fsx": 490.0}], "withYsl": false}, "jessionid": "be6fea6da6d947ea968a0aa03c8d00d3"}