{"state": 1, "msg": "操作成功", "data": {"zsSsgradeList": [{"remarks": "", "schcode": "", "sex": "", "campus": "", "nf": "2019", "klmc": "文史", "ssmc": "安徽", "zylx": "国家专项", "kl": "1", "ssdm": "34", "rs": 2, "zdx": 550.0, "ptx": 550.0, "minScore": 582.0, "minOrder": 6101, "avgScore": 583.0, "avgOrder": 5840, "maxScore": 584.0, "maxOrder": 5590, "zycc": "国家专项", "fsx": 550.0}], "sszygradeList": [{"remarks": "", "schcode": "", "sex": "", "campus": "", "nf": "2019", "klmc": "文史", "ssmc": "安徽", "zylx": "国家专项", "zymc": "工商管理类", "maxScore": 584.0, "minScore": 582.0, "avgScore": 583.0, "avgOrder": 5840, "minOrder": 6101, "maxOrder": 5590, "kl": "", "ssdm": "34", "rs": 2, "zdx": 550.0, "ptx": 550.0, "zycc": "国家专项", "fsx": 550.0}], "withYsl": false}, "jessionid": "be6fea6da6d947ea968a0aa03c8d00d3"}