{"state": 1, "msg": "操作成功", "data": {"zsSsgradeList": [{"remarks": "", "schcode": "", "sex": "", "campus": "", "nf": "2017", "klmc": "理工", "ssmc": "陕西", "zylx": "普通类", "kl": "5", "ssdm": "61", "rs": 36, "zdx": 449.0, "ptx": 449.0, "minScore": 489.0, "avgScore": 496.1, "maxScore": 515.0, "zycc": "普通类", "fsx": 449.0}], "sszygradeList": [{"remarks": "", "schcode": "", "sex": "", "campus": "", "nf": "2017", "klmc": "理工", "ssmc": "陕西", "zylx": "普通类", "zymc": "植物生产类（Ⅰ）", "maxScore": 498.0, "minScore": 494.0, "avgScore": 495.7, "kl": "", "ssdm": "61", "rs": 6, "zdx": 449.0, "ptx": 449.0, "zycc": "普通类", "fsx": 449.0}, {"remarks": "", "schcode": "", "sex": "", "campus": "", "nf": "2017", "klmc": "理工", "ssmc": "陕西", "zylx": "普通类", "zymc": "动物科学", "maxScore": 503.0, "minScore": 490.0, "avgScore": 496.2, "kl": "", "ssdm": "61", "rs": 4, "zdx": 449.0, "ptx": 449.0, "zycc": "普通类", "fsx": 449.0}, {"remarks": "", "schcode": "", "sex": "", "campus": "", "nf": "2017", "klmc": "理工", "ssmc": "陕西", "zylx": "普通类", "zymc": "机械类（工学Ⅰ）", "maxScore": 501.0, "minScore": 489.0, "avgScore": 491.8, "kl": "", "ssdm": "61", "rs": 5, "zdx": 449.0, "ptx": 449.0, "zycc": "普通类", "fsx": 449.0}, {"remarks": "", "schcode": "", "sex": "", "campus": "", "nf": "2017", "klmc": "理工", "ssmc": "陕西", "zylx": "普通类", "zymc": "工业工程类（管理学Ⅰ）", "maxScore": 495.0, "minScore": 490.0, "avgScore": 492.5, "kl": "", "ssdm": "61", "rs": 2, "zdx": 449.0, "ptx": 449.0, "zycc": "普通类", "fsx": 449.0}, {"remarks": "", "schcode": "", "sex": "", "campus": "", "nf": "2017", "klmc": "理工", "ssmc": "陕西", "zylx": "普通类", "zymc": "电气类（工学Ⅲ）", "maxScore": 493.0, "minScore": 493.0, "avgScore": 493.0, "kl": "", "ssdm": "61", "rs": 2, "zdx": 449.0, "ptx": 449.0, "zycc": "普通类", "fsx": 449.0}, {"remarks": "", "schcode": "", "sex": "", "campus": "", "nf": "2017", "klmc": "理工", "ssmc": "陕西", "zylx": "普通类", "zymc": "计算机类", "maxScore": 515.0, "minScore": 498.0, "avgScore": 506.5, "kl": "", "ssdm": "61", "rs": 2, "zdx": 449.0, "ptx": 449.0, "zycc": "普通类", "fsx": 449.0}, {"remarks": "", "schcode": "", "sex": "", "campus": "", "nf": "2017", "klmc": "理工", "ssmc": "陕西", "zylx": "普通类", "zymc": "金融学类（经济学）", "maxScore": 507.0, "minScore": 493.0, "avgScore": 496.8, "kl": "", "ssdm": "61", "rs": 4, "zdx": 449.0, "ptx": 449.0, "zycc": "普通类", "fsx": 449.0}, {"remarks": "", "schcode": "", "sex": "", "campus": "", "nf": "2017", "klmc": "理工", "ssmc": "陕西", "zylx": "普通类", "zymc": "生物科学类", "maxScore": 509.0, "minScore": 505.0, "avgScore": 507.0, "kl": "", "ssdm": "61", "rs": 2, "zdx": 449.0, "ptx": 449.0, "zycc": "普通类", "fsx": 449.0}, {"remarks": "", "schcode": "", "sex": "", "campus": "", "nf": "2017", "klmc": "理工", "ssmc": "陕西", "zylx": "普通类", "zymc": "生物工程类（工学Ⅳ）", "maxScore": 493.0, "minScore": 490.0, "avgScore": 491.5, "kl": "", "ssdm": "61", "rs": 2, "zdx": 449.0, "ptx": 449.0, "zycc": "普通类", "fsx": 449.0}, {"remarks": "", "schcode": "", "sex": "", "campus": "", "nf": "2017", "klmc": "理工", "ssmc": "陕西", "zylx": "普通类", "zymc": "食品科学与工程类", "maxScore": 500.0, "minScore": 497.0, "avgScore": 498.7, "kl": "", "ssdm": "61", "rs": 3, "zdx": 449.0, "ptx": 449.0, "zycc": "普通类", "fsx": 449.0}, {"remarks": "", "schcode": "", "sex": "", "campus": "", "nf": "2017", "klmc": "理工", "ssmc": "陕西", "zylx": "普通类", "zymc": "水利类（工学Ⅴ）", "maxScore": 498.0, "minScore": 496.0, "avgScore": 497.0, "kl": "", "ssdm": "61", "rs": 2, "zdx": 449.0, "ptx": 449.0, "zycc": "普通类", "fsx": 449.0}, {"remarks": "", "schcode": "", "sex": "", "campus": "", "nf": "2017", "klmc": "理工", "ssmc": "陕西", "zylx": "普通类", "zymc": "工程管理", "maxScore": 493.0, "minScore": 492.0, "avgScore": 492.5, "kl": "", "ssdm": "61", "rs": 2, "zdx": 449.0, "ptx": 449.0, "zycc": "普通类", "fsx": 449.0}], "withYsl": false}, "jessionid": "be6fea6da6d947ea968a0aa03c8d00d3"}