{"state": 1, "msg": "操作成功", "data": {"zsSsgradeList": [{"remarks": "", "schcode": "", "sex": "", "campus": "", "nf": "2018", "klmc": "理工", "ssmc": "新疆", "zylx": "阿勒泰定向", "kl": "5", "ssdm": "65", "rs": 2, "zdx": 467.0, "ptx": 467.0, "minScore": 474.0, "avgScore": 481.0, "maxScore": 488.0, "zycc": "阿勒泰定向", "fsx": 467.0}], "sszygradeList": [{"remarks": "", "schcode": "", "sex": "", "campus": "", "nf": "2018", "klmc": "理工", "ssmc": "新疆", "zylx": "阿勒泰定向", "zymc": "风景园林", "maxScore": 512.0, "minScore": 512.0, "avgScore": 512.0, "kl": "", "ssdm": "65", "rs": 1, "zdx": 467.0, "ptx": 467.0, "zycc": "阿勒泰定向", "fsx": 467.0}, {"remarks": "", "schcode": "", "sex": "", "campus": "", "nf": "2018", "klmc": "理工", "ssmc": "新疆", "zylx": "阿勒泰定向", "zymc": "环境科学与工程类", "maxScore": 474.0, "minScore": 474.0, "avgScore": 474.0, "kl": "", "ssdm": "65", "rs": 1, "zdx": 467.0, "ptx": 467.0, "zycc": "阿勒泰定向", "fsx": 467.0}, {"remarks": "", "schcode": "", "sex": "", "campus": "", "nf": "2018", "klmc": "理工", "ssmc": "新疆", "zylx": "阿勒泰定向", "zymc": "食品科学与工程类", "maxScore": 488.0, "minScore": 488.0, "avgScore": 488.0, "kl": "", "ssdm": "65", "rs": 1, "zdx": 467.0, "ptx": 467.0, "zycc": "阿勒泰定向", "fsx": 467.0}], "withYsl": false}, "jessionid": "be6fea6da6d947ea968a0aa03c8d00d3"}