{"state": 1, "msg": "操作成功", "data": {"zsSsgradeList": [{"remarks": "", "schcode": "", "sex": "", "campus": "", "nf": "2018", "klmc": "理工", "ssmc": "四川", "zylx": "普通类", "kl": "5", "ssdm": "51", "rs": 84, "zdx": 546.0, "ptx": 546.0, "minScore": 581.0, "minOrder": 42496, "avgScore": 587.6, "avgOrder": 36851, "maxScore": 603.0, "maxOrder": 25815, "zycc": "普通类", "fsx": 546.0}], "sszygradeList": [{"remarks": "", "schcode": "", "sex": "", "campus": "", "nf": "2018", "klmc": "理工", "ssmc": "四川", "zylx": "普通类", "zymc": "农学", "maxScore": 594.0, "minScore": 581.0, "avgScore": 587.5, "avgOrder": 36851, "minOrder": 42496, "maxOrder": 32211, "kl": "", "ssdm": "51", "rs": 2, "zdx": 546.0, "ptx": 546.0, "zycc": "普通类", "fsx": 546.0}, {"remarks": "", "schcode": "", "sex": "", "campus": "", "nf": "2018", "klmc": "理工", "ssmc": "四川", "zylx": "普通类", "zymc": "风景园林", "maxScore": 595.0, "minScore": 589.0, "avgScore": 592.5, "avgOrder": 32971, "minOrder": 36082, "maxOrder": 31445, "kl": "", "ssdm": "51", "rs": 4, "zdx": 546.0, "ptx": 546.0, "zycc": "普通类", "fsx": 546.0}, {"remarks": "", "schcode": "", "sex": "", "campus": "", "nf": "2018", "klmc": "理工", "ssmc": "四川", "zylx": "普通类", "zymc": "园艺", "maxScore": 590.0, "minScore": 581.0, "avgScore": 585.5, "avgOrder": 38476, "minOrder": 42496, "maxOrder": 35281, "kl": "", "ssdm": "51", "rs": 2, "zdx": 546.0, "ptx": 546.0, "zycc": "普通类", "fsx": 546.0}, {"remarks": "", "schcode": "", "sex": "", "campus": "", "nf": "2018", "klmc": "理工", "ssmc": "四川", "zylx": "普通类", "zymc": "设施农业科学与工程", "maxScore": 582.0, "minScore": 581.0, "avgScore": 581.3, "avgOrder": 42496, "minOrder": 42496, "maxOrder": 41683, "kl": "", "ssdm": "51", "rs": 3, "zdx": 546.0, "ptx": 546.0, "zycc": "普通类", "fsx": 546.0}, {"remarks": "", "schcode": "", "sex": "", "campus": "", "nf": "2018", "klmc": "理工", "ssmc": "四川", "zylx": "普通类", "zymc": "园林", "maxScore": 588.0, "minScore": 586.0, "avgScore": 586.7, "avgOrder": 37661, "minOrder": 38476, "maxOrder": 36851, "kl": "", "ssdm": "51", "rs": 3, "zdx": 546.0, "ptx": 546.0, "zycc": "普通类", "fsx": 546.0}, {"remarks": "", "schcode": "", "sex": "", "campus": "", "nf": "2018", "klmc": "理工", "ssmc": "四川", "zylx": "普通类", "zymc": "应用气象学", "maxScore": 595.0, "minScore": 582.0, "avgScore": 588.0, "avgOrder": 36851, "minOrder": 41683, "maxOrder": 31445, "kl": "", "ssdm": "51", "rs": 3, "zdx": 546.0, "ptx": 546.0, "zycc": "普通类", "fsx": 546.0}, {"remarks": "", "schcode": "", "sex": "", "campus": "", "nf": "2018", "klmc": "理工", "ssmc": "四川", "zylx": "普通类", "zymc": "生态学", "maxScore": 581.0, "minScore": 581.0, "avgScore": 581.0, "avgOrder": 42496, "minOrder": 42496, "maxOrder": 42496, "kl": "", "ssdm": "51", "rs": 2, "zdx": 546.0, "ptx": 546.0, "zycc": "普通类", "fsx": 546.0}, {"remarks": "", "schcode": "", "sex": "", "campus": "", "nf": "2018", "klmc": "理工", "ssmc": "四川", "zylx": "普通类", "zymc": "环境科学与工程类", "maxScore": 597.0, "minScore": 591.0, "avgScore": 593.3, "avgOrder": 32971, "minOrder": 34566, "maxOrder": 29998, "kl": "", "ssdm": "51", "rs": 3, "zdx": 546.0, "ptx": 546.0, "zycc": "普通类", "fsx": 546.0}, {"remarks": "", "schcode": "", "sex": "", "campus": "", "nf": "2018", "klmc": "理工", "ssmc": "四川", "zylx": "普通类", "zymc": "自然保护与环境生态类", "maxScore": 583.0, "minScore": 582.0, "avgScore": 582.5, "avgOrder": 40893, "minOrder": 41683, "maxOrder": 40893, "kl": "", "ssdm": "51", "rs": 4, "zdx": 546.0, "ptx": 546.0, "zycc": "普通类", "fsx": 546.0}, {"remarks": "", "schcode": "", "sex": "", "campus": "", "nf": "2018", "klmc": "理工", "ssmc": "四川", "zylx": "普通类", "zymc": "动物科学", "maxScore": 584.0, "minScore": 583.0, "avgScore": 583.3, "avgOrder": 40893, "minOrder": 40893, "maxOrder": 40095, "kl": "", "ssdm": "51", "rs": 3, "zdx": 546.0, "ptx": 546.0, "zycc": "普通类", "fsx": 546.0}, {"remarks": "", "schcode": "", "sex": "", "campus": "", "nf": "2018", "klmc": "理工", "ssmc": "四川", "zylx": "普通类", "zymc": "水产养殖学", "maxScore": 601.0, "minScore": 589.0, "avgScore": 595.0, "avgOrder": 31445, "minOrder": 36082, "maxOrder": 27248, "kl": "", "ssdm": "51", "rs": 2, "zdx": 546.0, "ptx": 546.0, "zycc": "普通类", "fsx": 546.0}, {"remarks": "", "schcode": "", "sex": "", "campus": "", "nf": "2018", "klmc": "理工", "ssmc": "四川", "zylx": "普通类", "zymc": "动物医学", "maxScore": 590.0, "minScore": 583.0, "avgScore": 585.3, "avgOrder": 39261, "minOrder": 40893, "maxOrder": 35281, "kl": "", "ssdm": "51", "rs": 3, "zdx": 546.0, "ptx": 546.0, "zycc": "普通类", "fsx": 546.0}, {"remarks": "", "schcode": "", "sex": "", "campus": "", "nf": "2018", "klmc": "理工", "ssmc": "四川", "zylx": "普通类", "zymc": "机械类", "maxScore": 603.0, "minScore": 588.0, "avgScore": 594.3, "avgOrder": 32211, "minOrder": 36851, "maxOrder": 25815, "kl": "", "ssdm": "51", "rs": 3, "zdx": 546.0, "ptx": 546.0, "zycc": "普通类", "fsx": 546.0}, {"remarks": "", "schcode": "", "sex": "", "campus": "", "nf": "2018", "klmc": "理工", "ssmc": "四川", "zylx": "普通类", "zymc": "能源动力类", "maxScore": 596.0, "minScore": 585.0, "avgScore": 590.5, "avgOrder": 34566, "minOrder": 39261, "maxOrder": 30715, "kl": "", "ssdm": "51", "rs": 2, "zdx": 546.0, "ptx": 546.0, "zycc": "普通类", "fsx": 546.0}, {"remarks": "", "schcode": "", "sex": "", "campus": "", "nf": "2018", "klmc": "理工", "ssmc": "四川", "zylx": "普通类", "zymc": "电气工程及其自动化", "maxScore": 598.0, "minScore": 598.0, "avgScore": 598.0, "avgOrder": 29320, "minOrder": 29320, "maxOrder": 29320, "kl": "", "ssdm": "51", "rs": 2, "zdx": 546.0, "ptx": 546.0, "zycc": "普通类", "fsx": 546.0}, {"remarks": "", "schcode": "", "sex": "", "campus": "", "nf": "2018", "klmc": "理工", "ssmc": "四川", "zylx": "普通类", "zymc": "计算机类", "maxScore": 600.0, "minScore": 594.0, "avgScore": 597.7, "avgOrder": 29320, "minOrder": 32211, "maxOrder": 27928, "kl": "", "ssdm": "51", "rs": 3, "zdx": 546.0, "ptx": 546.0, "zycc": "普通类", "fsx": 546.0}, {"remarks": "", "schcode": "", "sex": "", "campus": "", "nf": "2018", "klmc": "理工", "ssmc": "四川", "zylx": "普通类", "zymc": "农业电气化", "maxScore": 582.0, "minScore": 582.0, "avgScore": 582.0, "avgOrder": 41683, "minOrder": 41683, "maxOrder": 41683, "kl": "", "ssdm": "51", "rs": 1, "zdx": 546.0, "ptx": 546.0, "zycc": "普通类", "fsx": 546.0}, {"remarks": "", "schcode": "", "sex": "", "campus": "", "nf": "2018", "klmc": "理工", "ssmc": "四川", "zylx": "普通类", "zymc": "金融学类", "maxScore": 603.0, "minScore": 591.0, "avgScore": 595.6, "avgOrder": 30715, "minOrder": 34566, "maxOrder": 25815, "kl": "", "ssdm": "51", "rs": 5, "zdx": 546.0, "ptx": 546.0, "zycc": "普通类", "fsx": 546.0}, {"remarks": "", "schcode": "", "sex": "", "campus": "", "nf": "2018", "klmc": "理工", "ssmc": "四川", "zylx": "普通类", "zymc": "生物科学类", "maxScore": 595.0, "minScore": 582.0, "avgScore": 588.5, "avgOrder": 36082, "minOrder": 41683, "maxOrder": 31445, "kl": "", "ssdm": "51", "rs": 2, "zdx": 546.0, "ptx": 546.0, "zycc": "普通类", "fsx": 546.0}, {"remarks": "", "schcode": "", "sex": "", "campus": "", "nf": "2018", "klmc": "理工", "ssmc": "四川", "zylx": "普通类", "zymc": "生物工程类", "maxScore": 583.0, "minScore": 581.0, "avgScore": 582.0, "avgOrder": 41683, "minOrder": 42496, "maxOrder": 40893, "kl": "", "ssdm": "51", "rs": 2, "zdx": 546.0, "ptx": 546.0, "zycc": "普通类", "fsx": 546.0}, {"remarks": "", "schcode": "", "sex": "", "campus": "", "nf": "2018", "klmc": "理工", "ssmc": "四川", "zylx": "普通类", "zymc": "食品科学与工程类", "maxScore": 593.0, "minScore": 581.0, "avgScore": 584.2, "avgOrder": 40095, "minOrder": 42496, "maxOrder": 32971, "kl": "", "ssdm": "51", "rs": 9, "zdx": 546.0, "ptx": 546.0, "zycc": "普通类", "fsx": 546.0}, {"remarks": "", "schcode": "", "sex": "", "campus": "", "nf": "2018", "klmc": "理工", "ssmc": "四川", "zylx": "普通类", "zymc": "人文地理与城乡规划", "maxScore": 584.0, "minScore": 582.0, "avgScore": 583.0, "avgOrder": 40893, "minOrder": 41683, "maxOrder": 40095, "kl": "", "ssdm": "51", "rs": 2, "zdx": 546.0, "ptx": 546.0, "zycc": "普通类", "fsx": 546.0}, {"remarks": "", "schcode": "", "sex": "", "campus": "", "nf": "2018", "klmc": "理工", "ssmc": "四川", "zylx": "普通类", "zymc": "土地资源管理", "maxScore": 582.0, "minScore": 581.0, "avgScore": 581.5, "avgOrder": 41683, "minOrder": 42496, "maxOrder": 41683, "kl": "", "ssdm": "51", "rs": 2, "zdx": 546.0, "ptx": 546.0, "zycc": "普通类", "fsx": 546.0}, {"remarks": "", "schcode": "", "sex": "", "campus": "", "nf": "2018", "klmc": "理工", "ssmc": "四川", "zylx": "普通类", "zymc": "水利类", "maxScore": 602.0, "minScore": 582.0, "avgScore": 588.4, "avgOrder": 36851, "minOrder": 41683, "maxOrder": 26534, "kl": "", "ssdm": "51", "rs": 7, "zdx": 546.0, "ptx": 546.0, "zycc": "普通类", "fsx": 546.0}, {"remarks": "", "schcode": "", "sex": "", "campus": "", "nf": "2018", "klmc": "理工", "ssmc": "四川", "zylx": "普通类", "zymc": "土木工程", "maxScore": 589.0, "minScore": 587.0, "avgScore": 587.7, "avgOrder": 36851, "minOrder": 37661, "maxOrder": 36082, "kl": "", "ssdm": "51", "rs": 3, "zdx": 546.0, "ptx": 546.0, "zycc": "普通类", "fsx": 546.0}, {"remarks": "", "schcode": "", "sex": "", "campus": "", "nf": "2018", "klmc": "理工", "ssmc": "四川", "zylx": "普通类", "zymc": "工程管理", "maxScore": 583.0, "minScore": 581.0, "avgScore": 582.0, "avgOrder": 41683, "minOrder": 42496, "maxOrder": 40893, "kl": "", "ssdm": "51", "rs": 3, "zdx": 546.0, "ptx": 546.0, "zycc": "普通类", "fsx": 546.0}, {"remarks": "", "schcode": "", "sex": "", "campus": "", "nf": "2018", "klmc": "理工", "ssmc": "四川", "zylx": "普通类", "zymc": "统计学类", "maxScore": 591.0, "minScore": 585.0, "avgScore": 587.5, "avgOrder": 36851, "minOrder": 39261, "maxOrder": 34566, "kl": "", "ssdm": "51", "rs": 4, "zdx": 546.0, "ptx": 546.0, "zycc": "普通类", "fsx": 546.0}, {"remarks": "", "schcode": "", "sex": "", "campus": "", "nf": "2018", "klmc": "理工", "ssmc": "四川", "zylx": "普通类", "zymc": "应用化学", "maxScore": 591.0, "minScore": 584.0, "avgScore": 587.5, "avgOrder": 36851, "minOrder": 40095, "maxOrder": 34566, "kl": "", "ssdm": "51", "rs": 2, "zdx": 546.0, "ptx": 546.0, "zycc": "普通类", "fsx": 546.0}], "withYsl": false}, "jessionid": "be6fea6da6d947ea968a0aa03c8d00d3"}