{"state": 1, "msg": "操作成功", "data": {"zsSsgradeList": [{"remarks": "", "schcode": "", "sex": "", "campus": "", "nf": "2018", "klmc": "理工", "ssmc": "黑龙江", "zylx": "中美121项目", "kl": "5", "ssdm": "23", "rs": 31, "zdx": 472.0, "ptx": 472.0, "minScore": 494.0, "minOrder": 28466, "avgScore": 506.3, "avgOrder": 25303, "maxScore": 529.0, "maxOrder": 19566, "zycc": "中美121项目", "fsx": 472.0}], "sszygradeList": [{"remarks": "", "schcode": "", "sex": "", "campus": "", "nf": "2018", "klmc": "理工", "ssmc": "黑龙江", "zylx": "中美121项目", "zymc": "生物科学（中美121双学位项目）", "maxScore": 543.0, "minScore": 494.0, "avgScore": 504.9, "avgOrder": 25550, "minOrder": 28466, "maxOrder": 16350, "kl": "", "ssdm": "23", "rs": 20, "zdx": 472.0, "ptx": 472.0, "zycc": "中美121项目", "fsx": 472.0}, {"remarks": "", "schcode": "", "sex": "", "campus": "", "nf": "2018", "klmc": "理工", "ssmc": "黑龙江", "zylx": "中美121项目", "zymc": "工商管理（中美121双学位项目）", "maxScore": 529.0, "minScore": 505.0, "avgScore": 511.7, "avgOrder": 23799, "minOrder": 25550, "maxOrder": 19566, "kl": "", "ssdm": "23", "rs": 12, "zdx": 472.0, "ptx": 472.0, "zycc": "中美121项目", "fsx": 472.0}], "withYsl": false}, "jessionid": "be6fea6da6d947ea968a0aa03c8d00d3"}