{"state": 1, "msg": "操作成功", "data": {"zsSsgradeList": [{"remarks": "", "schcode": "", "sex": "", "campus": "", "nf": "2018", "klmc": "艺术(文)", "ssmc": "山东", "zylx": "艺术批", "kl": "3", "ssdm": "37", "zycc": "艺术批"}], "sszygradeList": [{"remarks": "文化课成绩；控制线：文科328分，电编200分", "schcode": "", "sex": "", "campus": "", "nf": "2018", "klmc": "艺术(文)", "ssmc": "山东", "zylx": "艺术批", "zymc": "广播电视编导", "maxScore": 549.0, "minScore": 509.0, "avgScore": 525.7, "kl": "", "ssdm": "37", "rs": 7, "zycc": "艺术批"}, {"remarks": "文化课成绩；控制线：文科328分，美术198分", "schcode": "", "sex": "", "campus": "", "nf": "2018", "klmc": "艺术(文)", "ssmc": "山东", "zylx": "艺术批", "zymc": "视觉传达设计", "maxScore": 514.0, "minScore": 492.0, "avgScore": 502.8, "kl": "", "ssdm": "37", "rs": 12, "zycc": "艺术批"}, {"remarks": "文化课成绩；控制线：文科328分，美术198分", "schcode": "", "sex": "", "campus": "", "nf": "2018", "klmc": "艺术(文)", "ssmc": "山东", "zylx": "艺术批", "zymc": "环境设计", "maxScore": 528.0, "minScore": 493.0, "avgScore": 507.4, "kl": "", "ssdm": "37", "rs": 8, "zycc": "艺术批"}], "withYsl": false}, "jessionid": "be6fea6da6d947ea968a0aa03c8d00d3"}