{"state": 1, "msg": "操作成功", "data": {"zsSsgradeList": [{"remarks": "", "schcode": "", "sex": "", "campus": "", "nf": "2019", "klmc": "理工", "ssmc": "山西", "zylx": "普通类", "kl": "5", "ssdm": "14", "rs": 101, "zdx": 507.0, "ptx": 507.0, "minScore": 527.0, "minOrder": 22884, "avgScore": 531.7, "avgOrder": 20759, "maxScore": 558.0, "maxOrder": 11898, "zycc": "普通类", "fsx": 507.0}], "sszygradeList": [{"remarks": "", "schcode": "", "sex": "", "campus": "", "nf": "2019", "klmc": "理工", "ssmc": "山西", "zylx": "普通类", "zymc": "农学", "maxScore": 528.0, "minScore": 528.0, "avgScore": 528.0, "avgOrder": 22423, "minOrder": 22423, "maxOrder": 22423, "kl": "", "ssdm": "14", "rs": 4, "zdx": 507.0, "ptx": 507.0, "zycc": "普通类", "fsx": 507.0}, {"remarks": "", "schcode": "", "sex": "", "campus": "", "nf": "2019", "klmc": "理工", "ssmc": "山西", "zylx": "普通类", "zymc": "植物保护", "maxScore": 527.0, "minScore": 527.0, "avgScore": 527.0, "avgOrder": 22884, "minOrder": 22884, "maxOrder": 22884, "kl": "", "ssdm": "14", "rs": 3, "zdx": 507.0, "ptx": 507.0, "zycc": "普通类", "fsx": 507.0}, {"remarks": "", "schcode": "", "sex": "", "campus": "", "nf": "2019", "klmc": "理工", "ssmc": "山西", "zylx": "普通类", "zymc": "植物科学与技术", "maxScore": 543.0, "minScore": 528.0, "avgScore": 535.5, "avgOrder": 19181, "minOrder": 22423, "maxOrder": 16640, "kl": "", "ssdm": "14", "rs": 2, "zdx": 507.0, "ptx": 507.0, "zycc": "普通类", "fsx": 507.0}, {"remarks": "", "schcode": "", "sex": "", "campus": "", "nf": "2019", "klmc": "理工", "ssmc": "山西", "zylx": "普通类", "zymc": "种子科学与工程", "maxScore": 526.0, "minScore": 519.0, "avgScore": 522.5, "avgOrder": 24643, "minOrder": 26517, "maxOrder": 23348, "kl": "", "ssdm": "14", "rs": 2, "zdx": 507.0, "ptx": 507.0, "zycc": "普通类", "fsx": 507.0}, {"remarks": "", "schcode": "", "sex": "", "campus": "", "nf": "2019", "klmc": "理工", "ssmc": "山西", "zylx": "普通类", "zymc": "园艺", "maxScore": 533.0, "minScore": 527.0, "avgScore": 529.3, "avgOrder": 22015, "minOrder": 22884, "maxOrder": 20345, "kl": "", "ssdm": "14", "rs": 3, "zdx": 507.0, "ptx": 507.0, "zycc": "普通类", "fsx": 507.0}, {"remarks": "", "schcode": "", "sex": "", "campus": "", "nf": "2019", "klmc": "理工", "ssmc": "山西", "zylx": "普通类", "zymc": "设施农业科学与工程", "maxScore": 528.0, "minScore": 519.0, "avgScore": 522.7, "avgOrder": 24643, "minOrder": 26517, "maxOrder": 22423, "kl": "", "ssdm": "14", "rs": 3, "zdx": 507.0, "ptx": 507.0, "zycc": "普通类", "fsx": 507.0}, {"remarks": "", "schcode": "", "sex": "", "campus": "", "nf": "2019", "klmc": "理工", "ssmc": "山西", "zylx": "普通类", "zymc": "园林", "maxScore": 539.0, "minScore": 517.0, "avgScore": 525.8, "avgOrder": 23348, "minOrder": 27432, "maxOrder": 18046, "kl": "", "ssdm": "14", "rs": 5, "zdx": 507.0, "ptx": 507.0, "zycc": "普通类", "fsx": 507.0}, {"remarks": "", "schcode": "", "sex": "", "campus": "", "nf": "2019", "klmc": "理工", "ssmc": "山西", "zylx": "普通类", "zymc": "应用气象学", "maxScore": 533.0, "minScore": 529.0, "avgScore": 531.0, "avgOrder": 21154, "minOrder": 22015, "maxOrder": 20345, "kl": "", "ssdm": "14", "rs": 2, "zdx": 507.0, "ptx": 507.0, "zycc": "普通类", "fsx": 507.0}, {"remarks": "", "schcode": "", "sex": "", "campus": "", "nf": "2019", "klmc": "理工", "ssmc": "山西", "zylx": "普通类", "zymc": "生态学", "maxScore": 532.0, "minScore": 531.0, "avgScore": 531.5, "avgOrder": 20759, "minOrder": 21154, "maxOrder": 20759, "kl": "", "ssdm": "14", "rs": 2, "zdx": 507.0, "ptx": 507.0, "zycc": "普通类", "fsx": 507.0}, {"remarks": "", "schcode": "", "sex": "", "campus": "", "nf": "2019", "klmc": "理工", "ssmc": "山西", "zylx": "普通类", "zymc": "环境科学与工程类", "maxScore": 533.0, "minScore": 529.0, "avgScore": 531.2, "avgOrder": 21154, "minOrder": 22015, "maxOrder": 20345, "kl": "", "ssdm": "14", "rs": 6, "zdx": 507.0, "ptx": 507.0, "zycc": "普通类", "fsx": 507.0}, {"remarks": "", "schcode": "", "sex": "", "campus": "", "nf": "2019", "klmc": "理工", "ssmc": "山西", "zylx": "普通类", "zymc": "自然保护与环境生态类", "maxScore": 528.0, "minScore": 520.0, "avgScore": 523.0, "avgOrder": 24643, "minOrder": 26023, "maxOrder": 22423, "kl": "", "ssdm": "14", "rs": 4, "zdx": 507.0, "ptx": 507.0, "zycc": "普通类", "fsx": 507.0}, {"remarks": "", "schcode": "", "sex": "", "campus": "", "nf": "2019", "klmc": "理工", "ssmc": "山西", "zylx": "普通类", "zymc": "动物科学", "maxScore": 529.0, "minScore": 517.0, "avgScore": 522.0, "avgOrder": 25082, "minOrder": 27432, "maxOrder": 22015, "kl": "", "ssdm": "14", "rs": 6, "zdx": 507.0, "ptx": 507.0, "zycc": "普通类", "fsx": 507.0}, {"remarks": "", "schcode": "", "sex": "", "campus": "", "nf": "2019", "klmc": "理工", "ssmc": "山西", "zylx": "普通类", "zymc": "动物医学", "maxScore": 532.0, "minScore": 524.0, "avgScore": 527.8, "avgOrder": 22423, "minOrder": 24225, "maxOrder": 20759, "kl": "", "ssdm": "14", "rs": 4, "zdx": 507.0, "ptx": 507.0, "zycc": "普通类", "fsx": 507.0}, {"remarks": "", "schcode": "", "sex": "", "campus": "", "nf": "2019", "klmc": "理工", "ssmc": "山西", "zylx": "普通类", "zymc": "动物药学", "maxScore": 520.0, "minScore": 518.0, "avgScore": 519.0, "avgOrder": 26517, "minOrder": 26985, "maxOrder": 26023, "kl": "", "ssdm": "14", "rs": 2, "zdx": 507.0, "ptx": 507.0, "zycc": "普通类", "fsx": 507.0}, {"remarks": "", "schcode": "", "sex": "", "campus": "", "nf": "2019", "klmc": "理工", "ssmc": "山西", "zylx": "普通类", "zymc": "机械类", "maxScore": 534.0, "minScore": 533.0, "avgScore": 533.8, "avgOrder": 19953, "minOrder": 20345, "maxOrder": 19953, "kl": "", "ssdm": "14", "rs": 6, "zdx": 507.0, "ptx": 507.0, "zycc": "普通类", "fsx": 507.0}, {"remarks": "", "schcode": "", "sex": "", "campus": "", "nf": "2019", "klmc": "理工", "ssmc": "山西", "zylx": "普通类", "zymc": "能源动力类", "maxScore": 533.0, "minScore": 533.0, "avgScore": 533.0, "avgOrder": 20345, "minOrder": 20345, "maxOrder": 20345, "kl": "", "ssdm": "14", "rs": 2, "zdx": 507.0, "ptx": 507.0, "zycc": "普通类", "fsx": 507.0}, {"remarks": "", "schcode": "", "sex": "", "campus": "", "nf": "2019", "klmc": "理工", "ssmc": "山西", "zylx": "普通类", "zymc": "工业工程类", "maxScore": 532.0, "minScore": 531.0, "avgScore": 531.5, "avgOrder": 20759, "minOrder": 21154, "maxOrder": 20759, "kl": "", "ssdm": "14", "rs": 2, "zdx": 507.0, "ptx": 507.0, "zycc": "普通类", "fsx": 507.0}, {"remarks": "", "schcode": "", "sex": "", "campus": "", "nf": "2019", "klmc": "理工", "ssmc": "山西", "zylx": "普通类", "zymc": "电气工程及其自动化", "maxScore": 558.0, "minScore": 535.0, "avgScore": 544.0, "avgOrder": 16311, "minOrder": 19535, "maxOrder": 11898, "kl": "", "ssdm": "14", "rs": 3, "zdx": 507.0, "ptx": 507.0, "zycc": "普通类", "fsx": 507.0}, {"remarks": "", "schcode": "", "sex": "", "campus": "", "nf": "2019", "klmc": "理工", "ssmc": "山西", "zylx": "普通类", "zymc": "计算机科学与技术", "maxScore": 538.0, "minScore": 536.0, "avgScore": 537.0, "avgOrder": 18812, "minOrder": 19181, "maxOrder": 18408, "kl": "", "ssdm": "14", "rs": 2, "zdx": 507.0, "ptx": 507.0, "zycc": "普通类", "fsx": 507.0}, {"remarks": "", "schcode": "", "sex": "", "campus": "", "nf": "2019", "klmc": "理工", "ssmc": "山西", "zylx": "普通类", "zymc": "软件工程", "maxScore": 535.0, "minScore": 534.0, "avgScore": 534.8, "avgOrder": 19535, "minOrder": 19953, "maxOrder": 19535, "kl": "", "ssdm": "14", "rs": 4, "zdx": 507.0, "ptx": 507.0, "zycc": "普通类", "fsx": 507.0}, {"remarks": "", "schcode": "", "sex": "", "campus": "", "nf": "2019", "klmc": "理工", "ssmc": "山西", "zylx": "普通类", "zymc": "物联网工程", "maxScore": 536.0, "minScore": 535.0, "avgScore": 535.5, "avgOrder": 19181, "minOrder": 19535, "maxOrder": 19181, "kl": "", "ssdm": "14", "rs": 2, "zdx": 507.0, "ptx": 507.0, "zycc": "普通类", "fsx": 507.0}, {"remarks": "", "schcode": "", "sex": "", "campus": "", "nf": "2019", "klmc": "理工", "ssmc": "山西", "zylx": "普通类", "zymc": "农业电气化", "maxScore": 530.0, "minScore": 530.0, "avgScore": 530.0, "avgOrder": 21574, "minOrder": 21574, "maxOrder": 21574, "kl": "", "ssdm": "14", "rs": 1, "zdx": 507.0, "ptx": 507.0, "zycc": "普通类", "fsx": 507.0}, {"remarks": "", "schcode": "", "sex": "", "campus": "", "nf": "2019", "klmc": "理工", "ssmc": "山西", "zylx": "普通类", "zymc": "金融学类", "maxScore": 536.0, "minScore": 534.0, "avgScore": 534.6, "avgOrder": 19535, "minOrder": 19953, "maxOrder": 19181, "kl": "", "ssdm": "14", "rs": 7, "zdx": 507.0, "ptx": 507.0, "zycc": "普通类", "fsx": 507.0}, {"remarks": "", "schcode": "", "sex": "", "campus": "", "nf": "2019", "klmc": "理工", "ssmc": "山西", "zylx": "普通类", "zymc": "生物工程类", "maxScore": 531.0, "minScore": 531.0, "avgScore": 531.0, "avgOrder": 21154, "minOrder": 21154, "maxOrder": 21154, "kl": "", "ssdm": "14", "rs": 3, "zdx": 507.0, "ptx": 507.0, "zycc": "普通类", "fsx": 507.0}, {"remarks": "", "schcode": "", "sex": "", "campus": "", "nf": "2019", "klmc": "理工", "ssmc": "山西", "zylx": "普通类", "zymc": "食品科学与工程类", "maxScore": 533.0, "minScore": 529.0, "avgScore": 530.6, "avgOrder": 21154, "minOrder": 22015, "maxOrder": 20345, "kl": "", "ssdm": "14", "rs": 9, "zdx": 507.0, "ptx": 507.0, "zycc": "普通类", "fsx": 507.0}, {"remarks": "", "schcode": "", "sex": "", "campus": "", "nf": "2019", "klmc": "理工", "ssmc": "山西", "zylx": "普通类", "zymc": "人文地理与城乡规划", "maxScore": 529.0, "minScore": 528.0, "avgScore": 528.3, "avgOrder": 22423, "minOrder": 22423, "maxOrder": 22015, "kl": "", "ssdm": "14", "rs": 3, "zdx": 507.0, "ptx": 507.0, "zycc": "普通类", "fsx": 507.0}, {"remarks": "", "schcode": "", "sex": "", "campus": "", "nf": "2019", "klmc": "理工", "ssmc": "山西", "zylx": "普通类", "zymc": "土地整治工程", "maxScore": 529.0, "minScore": 528.0, "avgScore": 528.5, "avgOrder": 22015, "minOrder": 22423, "maxOrder": 22015, "kl": "", "ssdm": "14", "rs": 2, "zdx": 507.0, "ptx": 507.0, "zycc": "普通类", "fsx": 507.0}, {"remarks": "", "schcode": "", "sex": "", "campus": "", "nf": "2019", "klmc": "理工", "ssmc": "山西", "zylx": "普通类", "zymc": "土地资源管理", "maxScore": 531.0, "minScore": 530.0, "avgScore": 530.5, "avgOrder": 21154, "minOrder": 21574, "maxOrder": 21154, "kl": "", "ssdm": "14", "rs": 2, "zdx": 507.0, "ptx": 507.0, "zycc": "普通类", "fsx": 507.0}, {"remarks": "", "schcode": "", "sex": "", "campus": "", "nf": "2019", "klmc": "理工", "ssmc": "山西", "zylx": "普通类", "zymc": "水利类", "maxScore": 532.0, "minScore": 530.0, "avgScore": 530.8, "avgOrder": 21154, "minOrder": 21574, "maxOrder": 20759, "kl": "", "ssdm": "14", "rs": 8, "zdx": 507.0, "ptx": 507.0, "zycc": "普通类", "fsx": 507.0}, {"remarks": "", "schcode": "", "sex": "", "campus": "", "nf": "2019", "klmc": "理工", "ssmc": "山西", "zylx": "普通类", "zymc": "土木工程", "maxScore": 534.0, "minScore": 531.0, "avgScore": 532.0, "avgOrder": 20759, "minOrder": 21154, "maxOrder": 19953, "kl": "", "ssdm": "14", "rs": 4, "zdx": 507.0, "ptx": 507.0, "zycc": "普通类", "fsx": 507.0}, {"remarks": "", "schcode": "", "sex": "", "campus": "", "nf": "2019", "klmc": "理工", "ssmc": "山西", "zylx": "普通类", "zymc": "工程管理", "maxScore": 529.0, "minScore": 521.0, "avgScore": 525.6, "avgOrder": 23348, "minOrder": 25522, "maxOrder": 22015, "kl": "", "ssdm": "14", "rs": 5, "zdx": 507.0, "ptx": 507.0, "zycc": "普通类", "fsx": 507.0}, {"remarks": "", "schcode": "", "sex": "", "campus": "", "nf": "2019", "klmc": "理工", "ssmc": "山西", "zylx": "普通类", "zymc": "统计学类", "maxScore": 534.0, "minScore": 531.0, "avgScore": 532.2, "avgOrder": 20759, "minOrder": 21154, "maxOrder": 19953, "kl": "", "ssdm": "14", "rs": 6, "zdx": 507.0, "ptx": 507.0, "zycc": "普通类", "fsx": 507.0}, {"remarks": "", "schcode": "", "sex": "", "campus": "", "nf": "2019", "klmc": "理工", "ssmc": "山西", "zylx": "普通类", "zymc": "应用化学", "maxScore": 529.0, "minScore": 529.0, "avgScore": 529.0, "avgOrder": 22015, "minOrder": 22015, "maxOrder": 22015, "kl": "", "ssdm": "14", "rs": 2, "zdx": 507.0, "ptx": 507.0, "zycc": "普通类", "fsx": 507.0}, {"remarks": "", "schcode": "", "sex": "", "campus": "", "nf": "2019", "klmc": "理工", "ssmc": "山西", "zylx": "普通类", "zymc": "化学生物学", "maxScore": 531.0, "minScore": 528.0, "avgScore": 529.5, "avgOrder": 21574, "minOrder": 22423, "maxOrder": 21154, "kl": "", "ssdm": "14", "rs": 2, "zdx": 507.0, "ptx": 507.0, "zycc": "普通类", "fsx": 507.0}], "withYsl": false}, "jessionid": "be6fea6da6d947ea968a0aa03c8d00d3"}