{"state": 1, "msg": "操作成功", "data": {"zsSsgradeList": [{"remarks": "", "schcode": "", "sex": "", "campus": "", "nf": "2017", "klmc": "理工", "ssmc": "北京", "zylx": "普通类", "kl": "5", "ssdm": "11", "rs": 8, "zdx": 537.0, "ptx": 537.0, "minScore": 548.0, "minOrder": 14602, "avgScore": 551.0, "avgOrder": 14111, "maxScore": 556.0, "maxOrder": 13352, "zycc": "普通类", "fsx": 537.0}], "sszygradeList": [{"remarks": "", "schcode": "", "sex": "", "campus": "", "nf": "2017", "klmc": "理工", "ssmc": "北京", "zylx": "普通类", "zymc": "风景园林", "maxScore": 550.0, "minScore": 550.0, "avgScore": 550.0, "avgOrder": 14282, "minOrder": 14282, "maxOrder": 14282, "kl": "", "ssdm": "11", "rs": 2, "zdx": 537.0, "ptx": 537.0, "zycc": "普通类", "fsx": 537.0}, {"remarks": "", "schcode": "", "sex": "", "campus": "", "nf": "2017", "klmc": "理工", "ssmc": "北京", "zylx": "普通类", "zymc": "金融学类（经济学）", "maxScore": 552.0, "minScore": 550.0, "avgScore": 551.0, "avgOrder": 14111, "minOrder": 14282, "maxOrder": 13969, "kl": "", "ssdm": "11", "rs": 2, "zdx": 537.0, "ptx": 537.0, "zycc": "普通类", "fsx": 537.0}, {"remarks": "", "schcode": "", "sex": "", "campus": "", "nf": "2017", "klmc": "理工", "ssmc": "北京", "zylx": "普通类", "zymc": "食品科学与工程类", "maxScore": 556.0, "minScore": 553.0, "avgScore": 554.5, "avgOrder": 13513, "minOrder": 13832, "maxOrder": 13352, "kl": "", "ssdm": "11", "rs": 2, "zdx": 537.0, "ptx": 537.0, "zycc": "普通类", "fsx": 537.0}, {"remarks": "", "schcode": "", "sex": "", "campus": "", "nf": "2017", "klmc": "理工", "ssmc": "北京", "zylx": "普通类", "zymc": "水利类（工学Ⅴ）", "maxScore": 549.0, "minScore": 548.0, "avgScore": 548.5, "avgOrder": 14463, "minOrder": 14602, "maxOrder": 14463, "kl": "", "ssdm": "11", "rs": 2, "zdx": 537.0, "ptx": 537.0, "zycc": "普通类", "fsx": 537.0}], "withYsl": false}, "jessionid": "be6fea6da6d947ea968a0aa03c8d00d3"}