{"state": 1, "msg": "操作成功", "data": {"zsSsgradeList": [{"remarks": "", "schcode": "", "sex": "", "campus": "", "nf": "2020", "klmc": "文史", "ssmc": "重庆", "zylx": "国家专项", "kl": "1", "ssdm": "50", "rs": 2, "zdx": 536.0, "ptx": 536.0, "minScore": 554.0, "minOrder": 7434, "avgScore": 556.5, "avgOrder": 7050, "maxScore": 559.0, "maxOrder": 6527, "zycc": "国家专项", "fsx": 536.0}], "sszygradeList": [{"remarks": "", "schcode": "", "sex": "", "campus": "", "nf": "2020", "klmc": "文史", "ssmc": "重庆", "zylx": "国家专项", "zymc": "工商管理类", "maxScore": 559.0, "minScore": 554.0, "avgScore": 556.5, "avgOrder": 7050, "minOrder": 7434, "maxOrder": 6527, "kl": "", "ssdm": "50", "rs": 2, "zdx": 536.0, "ptx": 536.0, "zycc": "国家专项", "fsx": 536.0}], "withYsl": false}, "jessionid": "be6fea6da6d947ea968a0aa03c8d00d3"}