{"state": 1, "msg": "操作成功", "data": {"zsSsgradeList": [{"remarks": "", "schcode": "", "sex": "", "campus": "", "nf": "2018", "klmc": "文史", "ssmc": "河南", "zylx": "普通类", "kl": "1", "ssdm": "41", "rs": 29, "zdx": 547.0, "ptx": 547.0, "minScore": 588.0, "minOrder": 7575, "avgScore": 590.3, "avgOrder": 7122, "maxScore": 595.0, "maxOrder": 6071, "zycc": "普通类", "fsx": 547.0}], "sszygradeList": [{"remarks": "", "schcode": "", "sex": "", "campus": "", "nf": "2018", "klmc": "文史", "ssmc": "河南", "zylx": "普通类", "zymc": "工商管理类", "maxScore": 595.0, "minScore": 588.0, "avgScore": 590.1, "avgOrder": 7122, "minOrder": 7575, "maxOrder": 6071, "kl": "", "ssdm": "41", "rs": 16, "zdx": 547.0, "ptx": 547.0, "zycc": "普通类", "fsx": 547.0}, {"remarks": "", "schcode": "", "sex": "", "campus": "", "nf": "2018", "klmc": "文史", "ssmc": "河南", "zylx": "普通类", "zymc": "法学类", "maxScore": 592.0, "minScore": 591.0, "avgScore": 591.5, "avgOrder": 6688, "minOrder": 6913, "maxOrder": 6688, "kl": "", "ssdm": "41", "rs": 4, "zdx": 547.0, "ptx": 547.0, "zycc": "普通类", "fsx": 547.0}, {"remarks": "", "schcode": "", "sex": "", "campus": "", "nf": "2018", "klmc": "文史", "ssmc": "河南", "zylx": "普通类", "zymc": "行政管理", "maxScore": 599.0, "minScore": 588.0, "avgScore": 591.2, "avgOrder": 6913, "minOrder": 7575, "maxOrder": 5282, "kl": "", "ssdm": "41", "rs": 4, "zdx": 547.0, "ptx": 547.0, "zycc": "普通类", "fsx": 547.0}, {"remarks": "", "schcode": "", "sex": "", "campus": "", "nf": "2018", "klmc": "文史", "ssmc": "河南", "zylx": "普通类", "zymc": "英语", "maxScore": 592.0, "minScore": 591.0, "avgScore": 591.5, "avgOrder": 6688, "minOrder": 6913, "maxOrder": 6688, "kl": "", "ssdm": "41", "rs": 2, "zdx": 547.0, "ptx": 547.0, "zycc": "普通类", "fsx": 547.0}, {"remarks": "", "schcode": "", "sex": "", "campus": "", "nf": "2018", "klmc": "文史", "ssmc": "河南", "zylx": "普通类", "zymc": "汉语国际教育", "maxScore": 592.0, "minScore": 589.0, "avgScore": 590.5, "avgOrder": 6913, "minOrder": 7332, "maxOrder": 6688, "kl": "", "ssdm": "41", "rs": 4, "zdx": 547.0, "ptx": 547.0, "zycc": "普通类", "fsx": 547.0}], "withYsl": false}, "jessionid": "be6fea6da6d947ea968a0aa03c8d00d3"}