{"state": 1, "msg": "操作成功", "data": {"zsSsgradeList": [{"remarks": "", "schcode": "", "sex": "", "campus": "", "nf": "2017", "klmc": "文史", "ssmc": "安徽", "zylx": "普通类", "kl": "1", "ssdm": "34", "rs": 5, "zdx": 515.0, "ptx": 515.0, "minScore": 553.0, "minOrder": 6027, "avgScore": 553.0, "avgOrder": 6027, "maxScore": 553.0, "maxOrder": 6027, "zycc": "普通类", "fsx": 515.0}], "sszygradeList": [{"remarks": "", "schcode": "", "sex": "", "campus": "", "nf": "2017", "klmc": "文史", "ssmc": "安徽", "zylx": "普通类", "zymc": "工商管理类（管理学Ⅱ）", "maxScore": 553.0, "minScore": 553.0, "avgScore": 553.0, "avgOrder": 6027, "minOrder": 6027, "maxOrder": 6027, "kl": "", "ssdm": "34", "rs": 3, "zdx": 515.0, "ptx": 515.0, "zycc": "普通类", "fsx": 515.0}, {"remarks": "", "schcode": "", "sex": "", "campus": "", "nf": "2017", "klmc": "文史", "ssmc": "安徽", "zylx": "普通类", "zymc": "法学类（法学）", "maxScore": 553.0, "minScore": 553.0, "avgScore": 553.0, "avgOrder": 6027, "minOrder": 6027, "maxOrder": 6027, "kl": "", "ssdm": "34", "rs": 2, "zdx": 515.0, "ptx": 515.0, "zycc": "普通类", "fsx": 515.0}], "withYsl": false}, "jessionid": "be6fea6da6d947ea968a0aa03c8d00d3"}