{"state": 1, "msg": "操作成功", "data": {"zsSsgradeList": [{"remarks": "", "schcode": "", "sex": "", "campus": "", "nf": "2018", "klmc": "理工", "ssmc": "辽宁", "zylx": "中俄合作办学", "kl": "5", "ssdm": "21", "rs": 7, "zdx": 368.0, "ptx": 368.0, "minScore": 535.0, "minOrder": 32403, "avgScore": 543.9, "avgOrder": 29188, "maxScore": 551.0, "maxOrder": 26785, "zycc": "中俄合作办学", "fsx": 368.0}], "sszygradeList": [{"remarks": "", "schcode": "", "sex": "", "campus": "", "nf": "2018", "klmc": "理工", "ssmc": "辽宁", "zylx": "中俄合作办学", "zymc": "金融学（中俄合作办学）", "maxScore": 548.0, "minScore": 543.0, "avgScore": 546.0, "avgOrder": 28525, "minOrder": 29564, "maxOrder": 27800, "kl": "", "ssdm": "21", "rs": 3, "zdx": 368.0, "ptx": 368.0, "zycc": "中俄合作办学", "fsx": 368.0}, {"remarks": "", "schcode": "", "sex": "", "campus": "", "nf": "2018", "klmc": "理工", "ssmc": "辽宁", "zylx": "中俄合作办学", "zymc": "国际经济与贸易（中俄合作办学）", "maxScore": 551.0, "minScore": 541.0, "avgScore": 546.0, "avgOrder": 28525, "minOrder": 30224, "maxOrder": 26785, "kl": "", "ssdm": "21", "rs": 2, "zdx": 368.0, "ptx": 368.0, "zycc": "中俄合作办学", "fsx": 368.0}, {"remarks": "", "schcode": "", "sex": "", "campus": "", "nf": "2018", "klmc": "理工", "ssmc": "辽宁", "zylx": "中俄合作办学", "zymc": "工商管理（中俄合作办学）", "maxScore": 542.0, "minScore": 535.0, "avgScore": 538.5, "avgOrder": 30945, "minOrder": 32403, "maxOrder": 29892, "kl": "", "ssdm": "21", "rs": 2, "zdx": 368.0, "ptx": 368.0, "zycc": "中俄合作办学", "fsx": 368.0}], "withYsl": false}, "jessionid": "be6fea6da6d947ea968a0aa03c8d00d3"}