{"state": 1, "msg": "操作成功", "data": {"zsSsgradeList": [{"remarks": "", "schcode": "", "sex": "", "campus": "", "nf": "2018", "klmc": "理工", "ssmc": "湖南", "zylx": "国家专项", "kl": "5", "ssdm": "43", "rs": 9, "zdx": 513.0, "ptx": 513.0, "minScore": 555.0, "minOrder": 29874, "avgScore": 561.1, "avgOrder": 27008, "maxScore": 568.0, "maxOrder": 23768, "zycc": "国家专项", "fsx": 513.0}], "sszygradeList": [{"remarks": "", "schcode": "", "sex": "", "campus": "", "nf": "2018", "klmc": "理工", "ssmc": "湖南", "zylx": "国家专项", "zymc": "园林", "maxScore": 557.0, "minScore": 557.0, "avgScore": 557.0, "avgOrder": 28896, "minOrder": 28896, "maxOrder": 28896, "kl": "", "ssdm": "43", "rs": 2, "zdx": 513.0, "ptx": 513.0, "zycc": "国家专项", "fsx": 513.0}, {"remarks": "", "schcode": "", "sex": "", "campus": "", "nf": "2018", "klmc": "理工", "ssmc": "湖南", "zylx": "国家专项", "zymc": "工业工程类", "maxScore": 568.0, "minScore": 564.0, "avgScore": 566.0, "avgOrder": 24689, "minOrder": 25612, "maxOrder": 23768, "kl": "", "ssdm": "43", "rs": 2, "zdx": 513.0, "ptx": 513.0, "zycc": "国家专项", "fsx": 513.0}, {"remarks": "", "schcode": "", "sex": "", "campus": "", "nf": "2018", "klmc": "理工", "ssmc": "湖南", "zylx": "国家专项", "zymc": "计算机类", "maxScore": 567.0, "minScore": 567.0, "avgScore": 567.0, "avgOrder": 24247, "minOrder": 24247, "maxOrder": 24247, "kl": "", "ssdm": "43", "rs": 2, "zdx": 513.0, "ptx": 513.0, "zycc": "国家专项", "fsx": 513.0}, {"remarks": "", "schcode": "", "sex": "", "campus": "", "nf": "2018", "klmc": "理工", "ssmc": "湖南", "zylx": "国家专项", "zymc": "金融学类", "maxScore": 558.0, "minScore": 558.0, "avgScore": 558.0, "avgOrder": 28429, "minOrder": 28429, "maxOrder": 28429, "kl": "", "ssdm": "43", "rs": 1, "zdx": 513.0, "ptx": 513.0, "zycc": "国家专项", "fsx": 513.0}, {"remarks": "", "schcode": "", "sex": "", "campus": "", "nf": "2018", "klmc": "理工", "ssmc": "湖南", "zylx": "国家专项", "zymc": "食品科学与工程类", "maxScore": 557.0, "minScore": 555.0, "avgScore": 556.0, "avgOrder": 29371, "minOrder": 29874, "maxOrder": 28896, "kl": "", "ssdm": "43", "rs": 2, "zdx": 513.0, "ptx": 513.0, "zycc": "国家专项", "fsx": 513.0}], "withYsl": false}, "jessionid": "be6fea6da6d947ea968a0aa03c8d00d3"}