{"state": 1, "msg": "操作成功", "data": {"zsSsgradeList": [{"remarks": "", "schcode": "", "sex": "", "campus": "", "nf": "2019", "klmc": "理工", "ssmc": "宁夏", "zylx": "普通类", "kl": "5", "ssdm": "64", "rs": 3, "zdx": 457.0, "ptx": 457.0, "minScore": 480.0, "minOrder": 8255, "avgScore": 484.7, "avgOrder": 7635, "maxScore": 489.0, "maxOrder": 7152, "zycc": "普通类", "fsx": 457.0}], "sszygradeList": [{"remarks": "", "schcode": "", "sex": "", "campus": "", "nf": "2019", "klmc": "理工", "ssmc": "宁夏", "zylx": "普通类", "zymc": "动物科学", "maxScore": 465.0, "minScore": 465.0, "avgScore": 465.0, "avgOrder": 10290, "minOrder": 10290, "maxOrder": 10290, "kl": "", "ssdm": "64", "rs": 1, "zdx": 457.0, "ptx": 457.0, "zycc": "普通类", "fsx": 457.0}, {"remarks": "", "schcode": "", "sex": "", "campus": "", "nf": "2019", "klmc": "理工", "ssmc": "宁夏", "zylx": "普通类", "zymc": "电气工程及其自动化", "maxScore": 489.0, "minScore": 485.0, "avgScore": 487.0, "avgOrder": 7383, "minOrder": 7635, "maxOrder": 7152, "kl": "", "ssdm": "64", "rs": 2, "zdx": 457.0, "ptx": 457.0, "zycc": "普通类", "fsx": 457.0}, {"remarks": "", "schcode": "", "sex": "", "campus": "", "nf": "2019", "klmc": "理工", "ssmc": "宁夏", "zylx": "普通类", "zymc": "金融学类", "maxScore": 480.0, "minScore": 480.0, "avgScore": 480.0, "avgOrder": 8255, "minOrder": 8255, "maxOrder": 8255, "kl": "", "ssdm": "64", "rs": 1, "zdx": 457.0, "ptx": 457.0, "zycc": "普通类", "fsx": 457.0}], "withYsl": false}, "jessionid": "be6fea6da6d947ea968a0aa03c8d00d3"}