{"state": 1, "msg": "操作成功", "data": {"zsSsgradeList": [{"remarks": "", "schcode": "", "sex": "", "campus": "", "nf": "2018", "klmc": "文史", "ssmc": "黑龙江", "zylx": "民族预科", "kl": "1", "ssdm": "23", "rs": 10, "zdx": 490.0, "ptx": 490.0, "minScore": 486.0, "minOrder": 7591, "avgScore": 493.8, "avgOrder": 6676, "maxScore": 510.0, "maxOrder": 4958, "zycc": "民族预科", "fsx": 490.0}], "sszygradeList": [{"remarks": "", "schcode": "", "sex": "", "campus": "", "nf": "2018", "klmc": "文史", "ssmc": "黑龙江", "zylx": "民族预科", "zymc": "工商管理类", "maxScore": 510.0, "minScore": 491.0, "avgScore": 497.7, "avgOrder": 6240, "minOrder": 7018, "maxOrder": 4958, "kl": "", "ssdm": "23", "rs": 6, "zdx": 490.0, "ptx": 490.0, "zycc": "民族预科", "fsx": 490.0}, {"remarks": "", "schcode": "", "sex": "", "campus": "", "nf": "2018", "klmc": "文史", "ssmc": "黑龙江", "zylx": "民族预科", "zymc": "法学类", "maxScore": 492.0, "minScore": 487.0, "avgScore": 489.5, "avgOrder": 7132, "minOrder": 7461, "maxOrder": 6914, "kl": "", "ssdm": "23", "rs": 2, "zdx": 490.0, "ptx": 490.0, "zycc": "民族预科", "fsx": 490.0}, {"remarks": "", "schcode": "", "sex": "", "campus": "", "nf": "2018", "klmc": "文史", "ssmc": "黑龙江", "zylx": "民族预科", "zymc": "行政管理", "maxScore": 487.0, "minScore": 486.0, "avgScore": 486.5, "avgOrder": 7461, "minOrder": 7591, "maxOrder": 7461, "kl": "", "ssdm": "23", "rs": 2, "zdx": 490.0, "ptx": 490.0, "zycc": "民族预科", "fsx": 490.0}], "withYsl": false}, "jessionid": "be6fea6da6d947ea968a0aa03c8d00d3"}