{"state": 1, "msg": "操作成功", "data": {"zsSsgradeList": [{"remarks": "", "schcode": "", "sex": "", "campus": "", "nf": "2020", "klmc": "理工", "ssmc": "福建", "zylx": "普通类", "kl": "5", "ssdm": "35", "rs": 16, "zdx": 402.0, "ptx": 402.0, "minScore": 563.0, "minOrder": 19572, "avgScore": 568.1, "avgOrder": 17939, "maxScore": 579.0, "maxOrder": 14707, "zycc": "普通类", "fsx": 402.0}], "sszygradeList": [{"remarks": "", "schcode": "", "sex": "", "campus": "", "nf": "2020", "klmc": "理工", "ssmc": "福建", "zylx": "普通类", "zymc": "园林", "maxScore": 565.0, "minScore": 563.0, "avgScore": 564.0, "avgOrder": 19228, "minOrder": 19572, "maxOrder": 18873, "kl": "", "ssdm": "35", "rs": 2, "zdx": 402.0, "ptx": 402.0, "zycc": "普通类", "fsx": 402.0}, {"remarks": "", "schcode": "", "sex": "", "campus": "", "nf": "2020", "klmc": "理工", "ssmc": "福建", "zylx": "普通类", "zymc": "机械类", "maxScore": 576.0, "minScore": 572.0, "avgScore": 574.0, "avgOrder": 16092, "minOrder": 16709, "maxOrder": 15523, "kl": "", "ssdm": "35", "rs": 2, "zdx": 402.0, "ptx": 402.0, "zycc": "普通类", "fsx": 402.0}, {"remarks": "", "schcode": "", "sex": "", "campus": "", "nf": "2020", "klmc": "理工", "ssmc": "福建", "zylx": "普通类", "zymc": "农业电气化", "maxScore": 567.0, "minScore": 563.0, "avgScore": 565.0, "avgOrder": 18873, "minOrder": 19572, "maxOrder": 18246, "kl": "", "ssdm": "35", "rs": 2, "zdx": 402.0, "ptx": 402.0, "zycc": "普通类", "fsx": 402.0}, {"remarks": "", "schcode": "", "sex": "", "campus": "", "nf": "2020", "klmc": "理工", "ssmc": "福建", "zylx": "普通类", "zymc": "金融学类", "maxScore": 579.0, "minScore": 567.0, "avgScore": 573.5, "avgOrder": 16092, "minOrder": 18246, "maxOrder": 14707, "kl": "", "ssdm": "35", "rs": 4, "zdx": 402.0, "ptx": 402.0, "zycc": "普通类", "fsx": 402.0}, {"remarks": "", "schcode": "", "sex": "", "campus": "", "nf": "2020", "klmc": "理工", "ssmc": "福建", "zylx": "普通类", "zymc": "食品科学与工程类", "maxScore": 565.0, "minScore": 564.0, "avgScore": 564.5, "avgOrder": 19228, "minOrder": 19228, "maxOrder": 18873, "kl": "", "ssdm": "35", "rs": 2, "zdx": 402.0, "ptx": 402.0, "zycc": "普通类", "fsx": 402.0}, {"remarks": "", "schcode": "", "sex": "", "campus": "", "nf": "2020", "klmc": "理工", "ssmc": "福建", "zylx": "普通类", "zymc": "土木工程", "maxScore": 569.0, "minScore": 566.0, "avgScore": 567.5, "avgOrder": 17939, "minOrder": 18553, "maxOrder": 17630, "kl": "", "ssdm": "35", "rs": 2, "zdx": 402.0, "ptx": 402.0, "zycc": "普通类", "fsx": 402.0}, {"remarks": "", "schcode": "", "sex": "", "campus": "", "nf": "2020", "klmc": "理工", "ssmc": "福建", "zylx": "普通类", "zymc": "工程管理", "maxScore": 563.0, "minScore": 563.0, "avgScore": 563.0, "avgOrder": 19572, "minOrder": 19572, "maxOrder": 19572, "kl": "", "ssdm": "35", "rs": 2, "zdx": 402.0, "ptx": 402.0, "zycc": "普通类", "fsx": 402.0}], "withYsl": false}, "jessionid": "be6fea6da6d947ea968a0aa03c8d00d3"}