{"state": 1, "msg": "操作成功", "data": {"zsSsgradeList": [{"remarks": "", "schcode": "", "sex": "", "campus": "", "nf": "2019", "klmc": "文史", "ssmc": "内蒙古", "zylx": "普通类", "kl": "1", "ssdm": "15", "rs": 16, "zdx": 522.0, "ptx": 522.0, "minScore": 549.0, "minOrder": 4114, "avgScore": 575.4, "avgOrder": 2039, "maxScore": 588.0, "maxOrder": 1340, "zycc": "普通类", "fsx": 522.0}], "sszygradeList": [{"remarks": "", "schcode": "", "sex": "", "campus": "", "nf": "2019", "klmc": "文史", "ssmc": "内蒙古", "zylx": "普通类", "zymc": "金融学类", "maxScore": 588.0, "minScore": 575.0, "avgScore": 579.0, "avgOrder": 1808, "minOrder": 2039, "maxOrder": 1340, "kl": "", "ssdm": "15", "rs": 8, "zdx": 522.0, "ptx": 522.0, "zycc": "普通类", "fsx": 522.0}, {"remarks": "", "schcode": "", "sex": "", "campus": "", "nf": "2019", "klmc": "文史", "ssmc": "内蒙古", "zylx": "普通类", "zymc": "法学类", "maxScore": 582.0, "minScore": 570.0, "avgScore": 576.0, "avgOrder": 1974, "minOrder": 2369, "maxOrder": 1651, "kl": "", "ssdm": "15", "rs": 2, "zdx": 522.0, "ptx": 522.0, "zycc": "普通类", "fsx": 522.0}, {"remarks": "", "schcode": "", "sex": "", "campus": "", "nf": "2019", "klmc": "文史", "ssmc": "内蒙古", "zylx": "普通类", "zymc": "英语", "maxScore": 585.0, "minScore": 549.0, "avgScore": 571.3, "avgOrder": 2291, "minOrder": 4114, "maxOrder": 1495, "kl": "", "ssdm": "15", "rs": 3, "zdx": 522.0, "ptx": 522.0, "zycc": "普通类", "fsx": 522.0}, {"remarks": "", "schcode": "", "sex": "", "campus": "", "nf": "2019", "klmc": "文史", "ssmc": "内蒙古", "zylx": "普通类", "zymc": "汉语国际教育", "maxScore": 584.0, "minScore": 549.0, "avgScore": 569.7, "avgOrder": 2369, "minOrder": 4114, "maxOrder": 1545, "kl": "", "ssdm": "15", "rs": 3, "zdx": 522.0, "ptx": 522.0, "zycc": "普通类", "fsx": 522.0}], "withYsl": false}, "jessionid": "be6fea6da6d947ea968a0aa03c8d00d3"}