{"state": 1, "msg": "操作成功", "data": {"zsSsgradeList": [{"remarks": "", "schcode": "", "sex": "", "campus": "", "nf": "2019", "klmc": "文史", "ssmc": "湖北", "zylx": "国家专项", "kl": "1", "ssdm": "42", "rs": 2, "zdx": 542.0, "ptx": 542.0, "minScore": 567.0, "minOrder": 6059, "avgScore": 569.0, "avgOrder": 5637, "maxScore": 571.0, "maxOrder": 5228, "zycc": "国家专项", "fsx": 542.0}], "sszygradeList": [{"remarks": "", "schcode": "", "sex": "", "campus": "", "nf": "2019", "klmc": "文史", "ssmc": "湖北", "zylx": "国家专项", "zymc": "工商管理类", "maxScore": 571.0, "minScore": 567.0, "avgScore": 569.0, "avgOrder": 5637, "minOrder": 6059, "maxOrder": 5228, "kl": "", "ssdm": "42", "rs": 2, "zdx": 542.0, "ptx": 542.0, "zycc": "国家专项", "fsx": 542.0}], "withYsl": false}, "jessionid": "be6fea6da6d947ea968a0aa03c8d00d3"}