{"state": 1, "msg": "操作成功", "data": {"zsSsgradeList": [{"remarks": "", "schcode": "", "sex": "", "campus": "", "nf": "2020", "klmc": "文史", "ssmc": "重庆", "zylx": "普通类", "kl": "1", "ssdm": "50", "rs": 8, "zdx": 536.0, "ptx": 536.0, "minScore": 562.0, "minOrder": 6023, "avgScore": 564.8, "avgOrder": 5551, "maxScore": 567.0, "maxOrder": 5266, "zycc": "普通类", "fsx": 536.0}], "sszygradeList": [{"remarks": "", "schcode": "", "sex": "", "campus": "", "nf": "2020", "klmc": "文史", "ssmc": "重庆", "zylx": "普通类", "zymc": "工商管理类", "maxScore": 567.0, "minScore": 566.0, "avgScore": 566.5, "avgOrder": 5397, "minOrder": 5397, "maxOrder": 5266, "kl": "", "ssdm": "50", "rs": 2, "zdx": 536.0, "ptx": 536.0, "zycc": "普通类", "fsx": 536.0}, {"remarks": "", "schcode": "", "sex": "", "campus": "", "nf": "2020", "klmc": "文史", "ssmc": "重庆", "zylx": "普通类", "zymc": "法学类", "maxScore": 566.0, "minScore": 563.0, "avgScore": 564.5, "avgOrder": 5710, "minOrder": 5867, "maxOrder": 5397, "kl": "", "ssdm": "50", "rs": 2, "zdx": 536.0, "ptx": 536.0, "zycc": "普通类", "fsx": 536.0}, {"remarks": "", "schcode": "", "sex": "", "campus": "", "nf": "2020", "klmc": "文史", "ssmc": "重庆", "zylx": "普通类", "zymc": "行政管理", "maxScore": 565.0, "minScore": 564.0, "avgScore": 564.5, "avgOrder": 5710, "minOrder": 5710, "maxOrder": 5551, "kl": "", "ssdm": "50", "rs": 2, "zdx": 536.0, "ptx": 536.0, "zycc": "普通类", "fsx": 536.0}, {"remarks": "", "schcode": "", "sex": "", "campus": "", "nf": "2020", "klmc": "文史", "ssmc": "重庆", "zylx": "普通类", "zymc": "英语", "maxScore": 565.0, "minScore": 562.0, "avgScore": 563.5, "avgOrder": 5710, "minOrder": 6023, "maxOrder": 5551, "kl": "", "ssdm": "50", "rs": 2, "zdx": 536.0, "ptx": 536.0, "zycc": "普通类", "fsx": 536.0}], "withYsl": false}, "jessionid": "be6fea6da6d947ea968a0aa03c8d00d3"}