{"state": 1, "msg": "操作成功", "data": {"zsSsgradeList": [{"remarks": "", "schcode": "", "sex": "", "campus": "", "nf": "2018", "klmc": "理工", "ssmc": "黑龙江", "zylx": "普通类", "kl": "5", "ssdm": "23", "rs": 2969, "zdx": 472.0, "ptx": 472.0, "minScore": 512.0, "minOrder": 23799, "avgScore": 534.7, "avgOrder": 18133, "maxScore": 591.0, "maxOrder": 7244, "zycc": "普通类", "fsx": 472.0}], "sszygradeList": [{"remarks": "", "schcode": "", "sex": "", "campus": "", "nf": "2018", "klmc": "理工", "ssmc": "黑龙江", "zylx": "普通类", "zymc": "生物科学（理科实验班）", "maxScore": 578.0, "minScore": 556.0, "avgScore": 562.8, "avgOrder": 12208, "minOrder": 13636, "maxOrder": 9456, "kl": "", "ssdm": "23", "rs": 18, "zdx": 472.0, "ptx": 472.0, "zycc": "普通类", "fsx": 472.0}, {"remarks": "", "schcode": "", "sex": "", "campus": "", "nf": "2018", "klmc": "理工", "ssmc": "黑龙江", "zylx": "普通类", "zymc": "农学", "maxScore": 554.0, "minScore": 512.0, "avgScore": 527.3, "avgOrder": 20057, "minOrder": 23799, "maxOrder": 14050, "kl": "", "ssdm": "23", "rs": 133, "zdx": 472.0, "ptx": 472.0, "zycc": "普通类", "fsx": 472.0}, {"remarks": "", "schcode": "", "sex": "", "campus": "", "nf": "2018", "klmc": "理工", "ssmc": "黑龙江", "zylx": "普通类", "zymc": "农学（本硕博班）", "maxScore": 567.0, "minScore": 553.0, "avgScore": 558.4, "avgOrder": 13209, "minOrder": 14226, "maxOrder": 11427, "kl": "", "ssdm": "23", "rs": 14, "zdx": 472.0, "ptx": 472.0, "zycc": "普通类", "fsx": 472.0}, {"remarks": "", "schcode": "", "sex": "", "campus": "", "nf": "2018", "klmc": "理工", "ssmc": "黑龙江", "zylx": "普通类", "zymc": "植物保护", "maxScore": 529.0, "minScore": 512.0, "avgScore": 521.0, "avgOrder": 21548, "minOrder": 23799, "maxOrder": 19566, "kl": "", "ssdm": "23", "rs": 124, "zdx": 472.0, "ptx": 472.0, "zycc": "普通类", "fsx": 472.0}, {"remarks": "", "schcode": "", "sex": "", "campus": "", "nf": "2018", "klmc": "理工", "ssmc": "黑龙江", "zylx": "普通类", "zymc": "植物科学与技术", "maxScore": 532.0, "minScore": 512.0, "avgScore": 517.5, "avgOrder": 22508, "minOrder": 23799, "maxOrder": 18871, "kl": "", "ssdm": "23", "rs": 47, "zdx": 472.0, "ptx": 472.0, "zycc": "普通类", "fsx": 472.0}, {"remarks": "", "schcode": "", "sex": "", "campus": "", "nf": "2018", "klmc": "理工", "ssmc": "黑龙江", "zylx": "普通类", "zymc": "种子科学与工程", "maxScore": 550.0, "minScore": 512.0, "avgScore": 517.6, "avgOrder": 22274, "minOrder": 23799, "maxOrder": 14809, "kl": "", "ssdm": "23", "rs": 75, "zdx": 472.0, "ptx": 472.0, "zycc": "普通类", "fsx": 472.0}, {"remarks": "", "schcode": "", "sex": "", "campus": "", "nf": "2018", "klmc": "理工", "ssmc": "黑龙江", "zylx": "普通类", "zymc": "风景园林", "maxScore": 558.0, "minScore": 533.0, "avgScore": 540.9, "avgOrder": 16779, "minOrder": 18625, "maxOrder": 13209, "kl": "", "ssdm": "23", "rs": 42, "zdx": 472.0, "ptx": 472.0, "zycc": "普通类", "fsx": 472.0}, {"remarks": "", "schcode": "", "sex": "", "campus": "", "nf": "2018", "klmc": "理工", "ssmc": "黑龙江", "zylx": "普通类", "zymc": "园艺", "maxScore": 558.0, "minScore": 518.0, "avgScore": 528.1, "avgOrder": 19808, "minOrder": 22274, "maxOrder": 13209, "kl": "", "ssdm": "23", "rs": 46, "zdx": 472.0, "ptx": 472.0, "zycc": "普通类", "fsx": 472.0}, {"remarks": "", "schcode": "", "sex": "", "campus": "", "nf": "2018", "klmc": "理工", "ssmc": "黑龙江", "zylx": "普通类", "zymc": "园艺（本硕博班）", "maxScore": 557.0, "minScore": 552.0, "avgScore": 554.3, "avgOrder": 14050, "minOrder": 14414, "maxOrder": 13416, "kl": "", "ssdm": "23", "rs": 9, "zdx": 472.0, "ptx": 472.0, "zycc": "普通类", "fsx": 472.0}, {"remarks": "", "schcode": "", "sex": "", "campus": "", "nf": "2018", "klmc": "理工", "ssmc": "黑龙江", "zylx": "普通类", "zymc": "设施农业科学与工程", "maxScore": 525.0, "minScore": 512.0, "avgScore": 514.7, "avgOrder": 23028, "minOrder": 23799, "maxOrder": 20582, "kl": "", "ssdm": "23", "rs": 60, "zdx": 472.0, "ptx": 472.0, "zycc": "普通类", "fsx": 472.0}, {"remarks": "", "schcode": "", "sex": "", "campus": "", "nf": "2018", "klmc": "理工", "ssmc": "黑龙江", "zylx": "普通类", "zymc": "园林", "maxScore": 556.0, "minScore": 524.0, "avgScore": 529.3, "avgOrder": 19566, "minOrder": 20813, "maxOrder": 13636, "kl": "", "ssdm": "23", "rs": 43, "zdx": 472.0, "ptx": 472.0, "zycc": "普通类", "fsx": 472.0}, {"remarks": "", "schcode": "", "sex": "", "campus": "", "nf": "2018", "klmc": "理工", "ssmc": "黑龙江", "zylx": "普通类", "zymc": "应用气象学", "maxScore": 559.0, "minScore": 534.0, "avgScore": 543.8, "avgOrder": 16112, "minOrder": 18381, "maxOrder": 12991, "kl": "", "ssdm": "23", "rs": 12, "zdx": 472.0, "ptx": 472.0, "zycc": "普通类", "fsx": 472.0}, {"remarks": "", "schcode": "", "sex": "", "campus": "", "nf": "2018", "klmc": "理工", "ssmc": "黑龙江", "zylx": "普通类", "zymc": "生态学", "maxScore": 539.0, "minScore": 519.0, "avgScore": 523.9, "avgOrder": 20813, "minOrder": 22015, "maxOrder": 17232, "kl": "", "ssdm": "23", "rs": 37, "zdx": 472.0, "ptx": 472.0, "zycc": "普通类", "fsx": 472.0}, {"remarks": "", "schcode": "", "sex": "", "campus": "", "nf": "2018", "klmc": "理工", "ssmc": "黑龙江", "zylx": "普通类", "zymc": "环境科学与工程类", "maxScore": 548.0, "minScore": 530.0, "avgScore": 536.0, "avgOrder": 17918, "minOrder": 19310, "maxOrder": 15250, "kl": "", "ssdm": "23", "rs": 56, "zdx": 472.0, "ptx": 472.0, "zycc": "普通类", "fsx": 472.0}, {"remarks": "", "schcode": "", "sex": "", "campus": "", "nf": "2018", "klmc": "理工", "ssmc": "黑龙江", "zylx": "普通类", "zymc": "自然保护与环境生态类", "maxScore": 551.0, "minScore": 512.0, "avgScore": 518.0, "avgOrder": 22274, "minOrder": 23799, "maxOrder": 14626, "kl": "", "ssdm": "23", "rs": 99, "zdx": 472.0, "ptx": 472.0, "zycc": "普通类", "fsx": 472.0}, {"remarks": "", "schcode": "", "sex": "", "campus": "", "nf": "2018", "klmc": "理工", "ssmc": "黑龙江", "zylx": "普通类", "zymc": "农业资源与环境（本硕博班）", "maxScore": 572.0, "minScore": 550.0, "avgScore": 555.7, "avgOrder": 13636, "minOrder": 14809, "maxOrder": 10544, "kl": "", "ssdm": "23", "rs": 10, "zdx": 472.0, "ptx": 472.0, "zycc": "普通类", "fsx": 472.0}, {"remarks": "", "schcode": "", "sex": "", "campus": "", "nf": "2018", "klmc": "理工", "ssmc": "黑龙江", "zylx": "普通类", "zymc": "动物科学", "maxScore": 552.0, "minScore": 513.0, "avgScore": 520.9, "avgOrder": 21548, "minOrder": 23535, "maxOrder": 14414, "kl": "", "ssdm": "23", "rs": 92, "zdx": 472.0, "ptx": 472.0, "zycc": "普通类", "fsx": 472.0}, {"remarks": "", "schcode": "", "sex": "", "campus": "", "nf": "2018", "klmc": "理工", "ssmc": "黑龙江", "zylx": "普通类", "zymc": "动物科学（本硕博班）", "maxScore": 561.0, "minScore": 552.0, "avgScore": 555.9, "avgOrder": 13636, "minOrder": 14414, "maxOrder": 12612, "kl": "", "ssdm": "23", "rs": 16, "zdx": 472.0, "ptx": 472.0, "zycc": "普通类", "fsx": 472.0}, {"remarks": "", "schcode": "", "sex": "", "campus": "", "nf": "2018", "klmc": "理工", "ssmc": "黑龙江", "zylx": "普通类", "zymc": "水产养殖学", "maxScore": 535.0, "minScore": 512.0, "avgScore": 513.5, "avgOrder": 23277, "minOrder": 23799, "maxOrder": 18133, "kl": "", "ssdm": "23", "rs": 44, "zdx": 472.0, "ptx": 472.0, "zycc": "普通类", "fsx": 472.0}, {"remarks": "", "schcode": "", "sex": "", "campus": "", "nf": "2018", "klmc": "理工", "ssmc": "黑龙江", "zylx": "普通类", "zymc": "草业科学", "maxScore": 528.0, "minScore": 514.0, "avgScore": 518.5, "avgOrder": 22015, "minOrder": 23277, "maxOrder": 19808, "kl": "", "ssdm": "23", "rs": 18, "zdx": 472.0, "ptx": 472.0, "zycc": "普通类", "fsx": 472.0}, {"remarks": "", "schcode": "", "sex": "", "campus": "", "nf": "2018", "klmc": "理工", "ssmc": "黑龙江", "zylx": "普通类", "zymc": "动物医学", "maxScore": 562.0, "minScore": 528.0, "avgScore": 538.2, "avgOrder": 17451, "minOrder": 19808, "maxOrder": 12397, "kl": "", "ssdm": "23", "rs": 79, "zdx": 472.0, "ptx": 472.0, "zycc": "普通类", "fsx": 472.0}, {"remarks": "", "schcode": "", "sex": "", "campus": "", "nf": "2018", "klmc": "理工", "ssmc": "黑龙江", "zylx": "普通类", "zymc": "动物医学（本硕博班）", "maxScore": 591.0, "minScore": 559.0, "avgScore": 566.0, "avgOrder": 11603, "minOrder": 12991, "maxOrder": 7244, "kl": "", "ssdm": "23", "rs": 16, "zdx": 472.0, "ptx": 472.0, "zycc": "普通类", "fsx": 472.0}, {"remarks": "", "schcode": "", "sex": "", "campus": "", "nf": "2018", "klmc": "理工", "ssmc": "黑龙江", "zylx": "普通类", "zymc": "动物药学", "maxScore": 545.0, "minScore": 518.0, "avgScore": 525.7, "avgOrder": 20325, "minOrder": 22274, "maxOrder": 15913, "kl": "", "ssdm": "23", "rs": 34, "zdx": 472.0, "ptx": 472.0, "zycc": "普通类", "fsx": 472.0}, {"remarks": "", "schcode": "", "sex": "", "campus": "", "nf": "2018", "klmc": "理工", "ssmc": "黑龙江", "zylx": "普通类", "zymc": "机械类", "maxScore": 567.0, "minScore": 535.0, "avgScore": 542.4, "avgOrder": 16548, "minOrder": 18133, "maxOrder": 11427, "kl": "", "ssdm": "23", "rs": 180, "zdx": 472.0, "ptx": 472.0, "zycc": "普通类", "fsx": 472.0}, {"remarks": "", "schcode": "", "sex": "", "campus": "", "nf": "2018", "klmc": "理工", "ssmc": "黑龙江", "zylx": "普通类", "zymc": "农业机械化及其自动化（本硕博班）", "maxScore": 584.0, "minScore": 558.0, "avgScore": 564.7, "avgOrder": 11793, "minOrder": 13209, "maxOrder": 8388, "kl": "", "ssdm": "23", "rs": 14, "zdx": 472.0, "ptx": 472.0, "zycc": "普通类", "fsx": 472.0}, {"remarks": "", "schcode": "", "sex": "", "campus": "", "nf": "2018", "klmc": "理工", "ssmc": "黑龙江", "zylx": "普通类", "zymc": "能源动力类", "maxScore": 556.0, "minScore": 534.0, "avgScore": 538.3, "avgOrder": 17451, "minOrder": 18381, "maxOrder": 13636, "kl": "", "ssdm": "23", "rs": 57, "zdx": 472.0, "ptx": 472.0, "zycc": "普通类", "fsx": 472.0}, {"remarks": "", "schcode": "", "sex": "", "campus": "", "nf": "2018", "klmc": "理工", "ssmc": "黑龙江", "zylx": "普通类", "zymc": "工业工程类", "maxScore": 539.0, "minScore": 522.0, "avgScore": 527.9, "avgOrder": 19808, "minOrder": 21294, "maxOrder": 17232, "kl": "", "ssdm": "23", "rs": 58, "zdx": 472.0, "ptx": 472.0, "zycc": "普通类", "fsx": 472.0}, {"remarks": "", "schcode": "", "sex": "", "campus": "", "nf": "2018", "klmc": "理工", "ssmc": "黑龙江", "zylx": "普通类", "zymc": "电气工程及其自动化", "maxScore": 572.0, "minScore": 543.0, "avgScore": 548.3, "avgOrder": 15250, "minOrder": 16350, "maxOrder": 10544, "kl": "", "ssdm": "23", "rs": 72, "zdx": 472.0, "ptx": 472.0, "zycc": "普通类", "fsx": 472.0}, {"remarks": "", "schcode": "", "sex": "", "campus": "", "nf": "2018", "klmc": "理工", "ssmc": "黑龙江", "zylx": "普通类", "zymc": "计算机类", "maxScore": 584.0, "minScore": 546.0, "avgScore": 551.7, "avgOrder": 14414, "minOrder": 15705, "maxOrder": 8388, "kl": "", "ssdm": "23", "rs": 107, "zdx": 472.0, "ptx": 472.0, "zycc": "普通类", "fsx": 472.0}, {"remarks": "", "schcode": "", "sex": "", "campus": "", "nf": "2018", "klmc": "理工", "ssmc": "黑龙江", "zylx": "普通类", "zymc": "农业电气化", "maxScore": 543.0, "minScore": 528.0, "avgScore": 533.7, "avgOrder": 18381, "minOrder": 19808, "maxOrder": 16350, "kl": "", "ssdm": "23", "rs": 15, "zdx": 472.0, "ptx": 472.0, "zycc": "普通类", "fsx": 472.0}, {"remarks": "", "schcode": "", "sex": "", "campus": "", "nf": "2018", "klmc": "理工", "ssmc": "黑龙江", "zylx": "普通类", "zymc": "金融学类", "maxScore": 585.0, "minScore": 546.0, "avgScore": 553.2, "avgOrder": 14226, "minOrder": 15705, "maxOrder": 8207, "kl": "", "ssdm": "23", "rs": 123, "zdx": 472.0, "ptx": 472.0, "zycc": "普通类", "fsx": 472.0}, {"remarks": "", "schcode": "", "sex": "", "campus": "", "nf": "2018", "klmc": "理工", "ssmc": "黑龙江", "zylx": "普通类", "zymc": "工商管理类", "maxScore": 575.0, "minScore": 536.0, "avgScore": 545.0, "avgOrder": 15913, "minOrder": 17918, "maxOrder": 9979, "kl": "", "ssdm": "23", "rs": 170, "zdx": 472.0, "ptx": 472.0, "zycc": "普通类", "fsx": 472.0}, {"remarks": "", "schcode": "", "sex": "", "campus": "", "nf": "2018", "klmc": "理工", "ssmc": "黑龙江", "zylx": "普通类", "zymc": "农林经济管理", "maxScore": 554.0, "minScore": 538.0, "avgScore": 544.0, "avgOrder": 16112, "minOrder": 17451, "maxOrder": 14050, "kl": "", "ssdm": "23", "rs": 22, "zdx": 472.0, "ptx": 472.0, "zycc": "普通类", "fsx": 472.0}, {"remarks": "", "schcode": "", "sex": "", "campus": "", "nf": "2018", "klmc": "理工", "ssmc": "黑龙江", "zylx": "普通类", "zymc": "农林经济管理（本硕博班）", "maxScore": 573.0, "minScore": 557.0, "avgScore": 563.6, "avgOrder": 11999, "minOrder": 13416, "maxOrder": 10338, "kl": "", "ssdm": "23", "rs": 7, "zdx": 472.0, "ptx": 472.0, "zycc": "普通类", "fsx": 472.0}, {"remarks": "", "schcode": "", "sex": "", "campus": "", "nf": "2018", "klmc": "理工", "ssmc": "黑龙江", "zylx": "普通类", "zymc": "生物科学类", "maxScore": 559.0, "minScore": 524.0, "avgScore": 534.2, "avgOrder": 18381, "minOrder": 20813, "maxOrder": 12991, "kl": "", "ssdm": "23", "rs": 98, "zdx": 472.0, "ptx": 472.0, "zycc": "普通类", "fsx": 472.0}, {"remarks": "", "schcode": "", "sex": "", "campus": "", "nf": "2018", "klmc": "理工", "ssmc": "黑龙江", "zylx": "普通类", "zymc": "生物工程类", "maxScore": 546.0, "minScore": 517.0, "avgScore": 526.2, "avgOrder": 20325, "minOrder": 22508, "maxOrder": 15705, "kl": "", "ssdm": "23", "rs": 96, "zdx": 472.0, "ptx": 472.0, "zycc": "普通类", "fsx": 472.0}, {"remarks": "", "schcode": "", "sex": "", "campus": "", "nf": "2018", "klmc": "理工", "ssmc": "黑龙江", "zylx": "普通类", "zymc": "食品科学与工程类", "maxScore": 573.0, "minScore": 533.0, "avgScore": 541.9, "avgOrder": 16548, "minOrder": 18625, "maxOrder": 10338, "kl": "", "ssdm": "23", "rs": 222, "zdx": 472.0, "ptx": 472.0, "zycc": "普通类", "fsx": 472.0}, {"remarks": "", "schcode": "", "sex": "", "campus": "", "nf": "2018", "klmc": "理工", "ssmc": "黑龙江", "zylx": "普通类", "zymc": "食品科学与工程（本硕博班）", "maxScore": 583.0, "minScore": 563.0, "avgScore": 568.9, "avgOrder": 11064, "minOrder": 12208, "maxOrder": 8583, "kl": "", "ssdm": "23", "rs": 15, "zdx": 472.0, "ptx": 472.0, "zycc": "普通类", "fsx": 472.0}, {"remarks": "", "schcode": "", "sex": "", "campus": "", "nf": "2018", "klmc": "理工", "ssmc": "黑龙江", "zylx": "普通类", "zymc": "法学类", "maxScore": 565.0, "minScore": 535.0, "avgScore": 543.6, "avgOrder": 16112, "minOrder": 18133, "maxOrder": 11793, "kl": "", "ssdm": "23", "rs": 27, "zdx": 472.0, "ptx": 472.0, "zycc": "普通类", "fsx": 472.0}, {"remarks": "", "schcode": "", "sex": "", "campus": "", "nf": "2018", "klmc": "理工", "ssmc": "黑龙江", "zylx": "普通类", "zymc": "人文地理与城乡规划", "maxScore": 549.0, "minScore": 521.0, "avgScore": 528.5, "avgOrder": 19566, "minOrder": 21548, "maxOrder": 15013, "kl": "", "ssdm": "23", "rs": 28, "zdx": 472.0, "ptx": 472.0, "zycc": "普通类", "fsx": 472.0}, {"remarks": "", "schcode": "", "sex": "", "campus": "", "nf": "2018", "klmc": "理工", "ssmc": "黑龙江", "zylx": "普通类", "zymc": "土地整治工程", "maxScore": 547.0, "minScore": 512.0, "avgScore": 523.7, "avgOrder": 20813, "minOrder": 23799, "maxOrder": 15483, "kl": "", "ssdm": "23", "rs": 20, "zdx": 472.0, "ptx": 472.0, "zycc": "普通类", "fsx": 472.0}, {"remarks": "", "schcode": "", "sex": "", "campus": "", "nf": "2018", "klmc": "理工", "ssmc": "黑龙江", "zylx": "普通类", "zymc": "行政管理", "maxScore": 549.0, "minScore": 531.0, "avgScore": 535.1, "avgOrder": 18133, "minOrder": 19097, "maxOrder": 15013, "kl": "", "ssdm": "23", "rs": 17, "zdx": 472.0, "ptx": 472.0, "zycc": "普通类", "fsx": 472.0}, {"remarks": "", "schcode": "", "sex": "", "campus": "", "nf": "2018", "klmc": "理工", "ssmc": "黑龙江", "zylx": "普通类", "zymc": "土地资源管理", "maxScore": 545.0, "minScore": 520.0, "avgScore": 526.0, "avgOrder": 20325, "minOrder": 21760, "maxOrder": 15913, "kl": "", "ssdm": "23", "rs": 58, "zdx": 472.0, "ptx": 472.0, "zycc": "普通类", "fsx": 472.0}, {"remarks": "", "schcode": "", "sex": "", "campus": "", "nf": "2018", "klmc": "理工", "ssmc": "黑龙江", "zylx": "普通类", "zymc": "水利类", "maxScore": 551.0, "minScore": 517.0, "avgScore": 526.3, "avgOrder": 20325, "minOrder": 22508, "maxOrder": 14626, "kl": "", "ssdm": "23", "rs": 151, "zdx": 472.0, "ptx": 472.0, "zycc": "普通类", "fsx": 472.0}, {"remarks": "", "schcode": "", "sex": "", "campus": "", "nf": "2018", "klmc": "理工", "ssmc": "黑龙江", "zylx": "普通类", "zymc": "土木工程", "maxScore": 555.0, "minScore": 528.0, "avgScore": 533.1, "avgOrder": 18625, "minOrder": 19808, "maxOrder": 13852, "kl": "", "ssdm": "23", "rs": 68, "zdx": 472.0, "ptx": 472.0, "zycc": "普通类", "fsx": 472.0}, {"remarks": "", "schcode": "", "sex": "", "campus": "", "nf": "2018", "klmc": "理工", "ssmc": "黑龙江", "zylx": "普通类", "zymc": "工程管理", "maxScore": 548.0, "minScore": 524.0, "avgScore": 530.0, "avgOrder": 19310, "minOrder": 20813, "maxOrder": 15250, "kl": "", "ssdm": "23", "rs": 66, "zdx": 472.0, "ptx": 472.0, "zycc": "普通类", "fsx": 472.0}, {"remarks": "", "schcode": "", "sex": "", "campus": "", "nf": "2018", "klmc": "理工", "ssmc": "黑龙江", "zylx": "普通类", "zymc": "统计学类", "maxScore": 558.0, "minScore": 537.0, "avgScore": 542.3, "avgOrder": 16548, "minOrder": 17702, "maxOrder": 13209, "kl": "", "ssdm": "23", "rs": 47, "zdx": 472.0, "ptx": 472.0, "zycc": "普通类", "fsx": 472.0}, {"remarks": "", "schcode": "", "sex": "", "campus": "", "nf": "2018", "klmc": "理工", "ssmc": "黑龙江", "zylx": "普通类", "zymc": "英语", "maxScore": 554.0, "minScore": 541.0, "avgScore": 547.7, "avgOrder": 15250, "minOrder": 16779, "maxOrder": 14050, "kl": "", "ssdm": "23", "rs": 15, "zdx": 472.0, "ptx": 472.0, "zycc": "普通类", "fsx": 472.0}, {"remarks": "", "schcode": "", "sex": "", "campus": "", "nf": "2018", "klmc": "理工", "ssmc": "黑龙江", "zylx": "普通类", "zymc": "俄语", "maxScore": 550.0, "minScore": 523.0, "avgScore": 532.4, "avgOrder": 18871, "minOrder": 21048, "maxOrder": 14809, "kl": "", "ssdm": "23", "rs": 20, "zdx": 472.0, "ptx": 472.0, "zycc": "普通类", "fsx": 472.0}, {"remarks": "", "schcode": "", "sex": "", "campus": "", "nf": "2018", "klmc": "理工", "ssmc": "黑龙江", "zylx": "普通类", "zymc": "应用化学", "maxScore": 558.0, "minScore": 529.0, "avgScore": 536.3, "avgOrder": 17918, "minOrder": 19566, "maxOrder": 13209, "kl": "", "ssdm": "23", "rs": 39, "zdx": 472.0, "ptx": 472.0, "zycc": "普通类", "fsx": 472.0}, {"remarks": "", "schcode": "", "sex": "", "campus": "", "nf": "2018", "klmc": "理工", "ssmc": "黑龙江", "zylx": "普通类", "zymc": "化学生物学", "maxScore": 551.0, "minScore": 530.0, "avgScore": 536.2, "avgOrder": 17918, "minOrder": 19310, "maxOrder": 14626, "kl": "", "ssdm": "23", "rs": 14, "zdx": 472.0, "ptx": 472.0, "zycc": "普通类", "fsx": 472.0}, {"remarks": "", "schcode": "", "sex": "", "campus": "", "nf": "2018", "klmc": "理工", "ssmc": "黑龙江", "zylx": "普通类", "zymc": "汉语国际教育", "maxScore": 554.0, "minScore": 535.0, "avgScore": 542.3, "avgOrder": 16548, "minOrder": 18133, "maxOrder": 14050, "kl": "", "ssdm": "23", "rs": 19, "zdx": 472.0, "ptx": 472.0, "zycc": "普通类", "fsx": 472.0}], "withYsl": false}, "jessionid": "be6fea6da6d947ea968a0aa03c8d00d3"}