{"state": 1, "msg": "操作成功", "data": {"zsSsgradeList": [{"remarks": "", "schcode": "", "sex": "", "campus": "", "nf": "2019", "klmc": "理工", "ssmc": "黑龙江", "zylx": "中美121项目", "kl": "5", "ssdm": "23", "rs": 32, "zdx": 477.0, "ptx": 477.0, "minScore": 497.0, "minOrder": 30845, "avgScore": 506.7, "avgOrder": 27833, "maxScore": 527.0, "maxOrder": 22171, "zycc": "中美121项目", "fsx": 477.0}], "sszygradeList": [{"remarks": "", "schcode": "", "sex": "", "campus": "", "nf": "2019", "klmc": "理工", "ssmc": "黑龙江", "zylx": "中美121项目", "zymc": "生物科学（中美121双学位项目）", "maxScore": 511.0, "minScore": 497.0, "avgScore": 503.4, "avgOrder": 29000, "minOrder": 30845, "maxOrder": 26674, "kl": "", "ssdm": "23", "rs": 20, "zdx": 477.0, "ptx": 477.0, "zycc": "中美121项目", "fsx": 477.0}, {"remarks": "", "schcode": "", "sex": "", "campus": "", "nf": "2019", "klmc": "理工", "ssmc": "黑龙江", "zylx": "中美121项目", "zymc": "工商管理（中美121双学位项目）", "maxScore": 527.0, "minScore": 503.0, "avgScore": 512.1, "avgOrder": 26367, "minOrder": 29000, "maxOrder": 22171, "kl": "", "ssdm": "23", "rs": 12, "zdx": 477.0, "ptx": 477.0, "zycc": "中美121项目", "fsx": 477.0}], "withYsl": false}, "jessionid": "be6fea6da6d947ea968a0aa03c8d00d3"}