{"state": 1, "msg": "操作成功", "data": {"zsSsgradeList": [{"remarks": "", "schcode": "", "sex": "", "campus": "", "nf": "2018", "klmc": "理工", "ssmc": "黑龙江", "zylx": "民族预科", "kl": "5", "ssdm": "23", "rs": 70, "zdx": 472.0, "ptx": 472.0, "minScore": 460.0, "minOrder": 38215, "avgScore": 478.7, "avgOrder": 32628, "maxScore": 517.0, "maxOrder": 22508, "zycc": "民族预科", "fsx": 472.0}], "sszygradeList": [{"remarks": "", "schcode": "", "sex": "", "campus": "", "nf": "2018", "klmc": "理工", "ssmc": "黑龙江", "zylx": "民族预科", "zymc": "农学", "maxScore": 478.0, "minScore": 462.0, "avgScore": 469.0, "avgOrder": 35533, "minOrder": 37609, "maxOrder": 32907, "kl": "", "ssdm": "23", "rs": 3, "zdx": 472.0, "ptx": 472.0, "zycc": "民族预科", "fsx": 472.0}, {"remarks": "", "schcode": "", "sex": "", "campus": "", "nf": "2018", "klmc": "理工", "ssmc": "黑龙江", "zylx": "民族预科", "zymc": "植物保护", "maxScore": 473.0, "minScore": 466.0, "avgScore": 469.7, "avgOrder": 35195, "minOrder": 36450, "maxOrder": 34304, "kl": "", "ssdm": "23", "rs": 3, "zdx": 472.0, "ptx": 472.0, "zycc": "民族预科", "fsx": 472.0}, {"remarks": "", "schcode": "", "sex": "", "campus": "", "nf": "2018", "klmc": "理工", "ssmc": "黑龙江", "zylx": "民族预科", "zymc": "园艺", "maxScore": 474.0, "minScore": 460.0, "avgScore": 465.0, "avgOrder": 36747, "minOrder": 38215, "maxOrder": 34039, "kl": "", "ssdm": "23", "rs": 3, "zdx": 472.0, "ptx": 472.0, "zycc": "民族预科", "fsx": 472.0}, {"remarks": "", "schcode": "", "sex": "", "campus": "", "nf": "2018", "klmc": "理工", "ssmc": "黑龙江", "zylx": "民族预科", "zymc": "设施农业科学与工程", "maxScore": 462.0, "minScore": 461.0, "avgScore": 461.5, "avgOrder": 37609, "minOrder": 37912, "maxOrder": 37609, "kl": "", "ssdm": "23", "rs": 2, "zdx": 472.0, "ptx": 472.0, "zycc": "民族预科", "fsx": 472.0}, {"remarks": "", "schcode": "", "sex": "", "campus": "", "nf": "2018", "klmc": "理工", "ssmc": "黑龙江", "zylx": "民族预科", "zymc": "园林", "maxScore": 498.0, "minScore": 467.0, "avgScore": 480.3, "avgOrder": 32338, "minOrder": 36137, "maxOrder": 27438, "kl": "", "ssdm": "23", "rs": 3, "zdx": 472.0, "ptx": 472.0, "zycc": "民族预科", "fsx": 472.0}, {"remarks": "", "schcode": "", "sex": "", "campus": "", "nf": "2018", "klmc": "理工", "ssmc": "黑龙江", "zylx": "民族预科", "zymc": "环境科学与工程类", "maxScore": 475.0, "minScore": 464.0, "avgScore": 471.2, "avgOrder": 34877, "minOrder": 37017, "maxOrder": 33766, "kl": "", "ssdm": "23", "rs": 5, "zdx": 472.0, "ptx": 472.0, "zycc": "民族预科", "fsx": 472.0}, {"remarks": "", "schcode": "", "sex": "", "campus": "", "nf": "2018", "klmc": "理工", "ssmc": "黑龙江", "zylx": "民族预科", "zymc": "动物科学", "maxScore": 475.0, "minScore": 468.0, "avgScore": 470.7, "avgOrder": 34877, "minOrder": 35837, "maxOrder": 33766, "kl": "", "ssdm": "23", "rs": 3, "zdx": 472.0, "ptx": 472.0, "zycc": "民族预科", "fsx": 472.0}, {"remarks": "", "schcode": "", "sex": "", "campus": "", "nf": "2018", "klmc": "理工", "ssmc": "黑龙江", "zylx": "民族预科", "zymc": "机械类", "maxScore": 517.0, "minScore": 478.0, "avgScore": 488.5, "avgOrder": 29839, "minOrder": 32907, "maxOrder": 22508, "kl": "", "ssdm": "23", "rs": 6, "zdx": 472.0, "ptx": 472.0, "zycc": "民族预科", "fsx": 472.0}, {"remarks": "", "schcode": "", "sex": "", "campus": "", "nf": "2018", "klmc": "理工", "ssmc": "黑龙江", "zylx": "民族预科", "zymc": "电气工程及其自动化", "maxScore": 514.0, "minScore": 481.0, "avgScore": 492.7, "avgOrder": 28771, "minOrder": 32067, "maxOrder": 23277, "kl": "", "ssdm": "23", "rs": 3, "zdx": 472.0, "ptx": 472.0, "zycc": "民族预科", "fsx": 472.0}, {"remarks": "", "schcode": "", "sex": "", "campus": "", "nf": "2018", "klmc": "理工", "ssmc": "黑龙江", "zylx": "民族预科", "zymc": "计算机类", "maxScore": 500.0, "minScore": 487.0, "avgScore": 494.2, "avgOrder": 28466, "minOrder": 30396, "maxOrder": 26939, "kl": "", "ssdm": "23", "rs": 5, "zdx": 472.0, "ptx": 472.0, "zycc": "民族预科", "fsx": 472.0}, {"remarks": "", "schcode": "", "sex": "", "campus": "", "nf": "2018", "klmc": "理工", "ssmc": "黑龙江", "zylx": "民族预科", "zymc": "农业电气化", "maxScore": 473.0, "minScore": 473.0, "avgScore": 473.0, "avgOrder": 34304, "minOrder": 34304, "maxOrder": 34304, "kl": "", "ssdm": "23", "rs": 2, "zdx": 472.0, "ptx": 472.0, "zycc": "民族预科", "fsx": 472.0}, {"remarks": "", "schcode": "", "sex": "", "campus": "", "nf": "2018", "klmc": "理工", "ssmc": "黑龙江", "zylx": "民族预科", "zymc": "金融学类", "maxScore": 514.0, "minScore": 479.0, "avgScore": 490.5, "avgOrder": 29313, "minOrder": 32628, "maxOrder": 23277, "kl": "", "ssdm": "23", "rs": 8, "zdx": 472.0, "ptx": 472.0, "zycc": "民族预科", "fsx": 472.0}, {"remarks": "", "schcode": "", "sex": "", "campus": "", "nf": "2018", "klmc": "理工", "ssmc": "黑龙江", "zylx": "民族预科", "zymc": "生物工程类", "maxScore": 475.0, "minScore": 467.0, "avgScore": 469.4, "avgOrder": 35533, "minOrder": 36137, "maxOrder": 33766, "kl": "", "ssdm": "23", "rs": 5, "zdx": 472.0, "ptx": 472.0, "zycc": "民族预科", "fsx": 472.0}, {"remarks": "", "schcode": "", "sex": "", "campus": "", "nf": "2018", "klmc": "理工", "ssmc": "黑龙江", "zylx": "民族预科", "zymc": "食品科学与工程类", "maxScore": 505.0, "minScore": 475.0, "avgScore": 487.8, "avgOrder": 30099, "minOrder": 33766, "maxOrder": 25550, "kl": "", "ssdm": "23", "rs": 8, "zdx": 472.0, "ptx": 472.0, "zycc": "民族预科", "fsx": 472.0}, {"remarks": "", "schcode": "", "sex": "", "campus": "", "nf": "2018", "klmc": "理工", "ssmc": "黑龙江", "zylx": "民族预科", "zymc": "土地资源管理", "maxScore": 472.0, "minScore": 464.0, "avgScore": 467.3, "avgOrder": 36137, "minOrder": 37017, "maxOrder": 34588, "kl": "", "ssdm": "23", "rs": 3, "zdx": 472.0, "ptx": 472.0, "zycc": "民族预科", "fsx": 472.0}, {"remarks": "", "schcode": "", "sex": "", "campus": "", "nf": "2018", "klmc": "理工", "ssmc": "黑龙江", "zylx": "民族预科", "zymc": "水利类", "maxScore": 472.0, "minScore": 466.0, "avgScore": 468.4, "avgOrder": 35837, "minOrder": 36450, "maxOrder": 34588, "kl": "", "ssdm": "23", "rs": 5, "zdx": 472.0, "ptx": 472.0, "zycc": "民族预科", "fsx": 472.0}, {"remarks": "", "schcode": "", "sex": "", "campus": "", "nf": "2018", "klmc": "理工", "ssmc": "黑龙江", "zylx": "民族预科", "zymc": "应用化学", "maxScore": 477.0, "minScore": 467.0, "avgScore": 473.3, "avgOrder": 34304, "minOrder": 36137, "maxOrder": 33206, "kl": "", "ssdm": "23", "rs": 3, "zdx": 472.0, "ptx": 472.0, "zycc": "民族预科", "fsx": 472.0}], "withYsl": false}, "jessionid": "be6fea6da6d947ea968a0aa03c8d00d3"}