{"state": 1, "msg": "操作成功", "data": {"zsSsgradeList": [{"remarks": "", "schcode": "", "sex": "", "campus": "", "nf": "2019", "klmc": "理工", "ssmc": "新疆", "zylx": "阿勒泰定向", "kl": "5", "ssdm": "65", "rs": 2, "zdx": 450.0, "ptx": 450.0, "minScore": 450.0, "avgScore": 468.5, "maxScore": 487.0, "zycc": "阿勒泰定向", "fsx": 450.0}], "sszygradeList": [{"remarks": "", "schcode": "", "sex": "", "campus": "", "nf": "2019", "klmc": "理工", "ssmc": "新疆", "zylx": "阿勒泰定向", "zymc": "风景园林", "maxScore": 495.0, "minScore": 495.0, "avgScore": 495.0, "kl": "", "ssdm": "65", "rs": 1, "zdx": 450.0, "ptx": 450.0, "zycc": "阿勒泰定向", "fsx": 450.0}, {"remarks": "", "schcode": "", "sex": "", "campus": "", "nf": "2019", "klmc": "理工", "ssmc": "新疆", "zylx": "阿勒泰定向", "zymc": "环境科学与工程类", "maxScore": 450.0, "minScore": 450.0, "avgScore": 450.0, "kl": "", "ssdm": "65", "rs": 1, "zdx": 450.0, "ptx": 450.0, "zycc": "阿勒泰定向", "fsx": 450.0}, {"remarks": "", "schcode": "", "sex": "", "campus": "", "nf": "2019", "klmc": "理工", "ssmc": "新疆", "zylx": "阿勒泰定向", "zymc": "食品科学与工程类", "maxScore": 487.0, "minScore": 487.0, "avgScore": 487.0, "kl": "", "ssdm": "65", "rs": 1, "zdx": 450.0, "ptx": 450.0, "zycc": "阿勒泰定向", "fsx": 450.0}], "withYsl": false}, "jessionid": "be6fea6da6d947ea968a0aa03c8d00d3"}