{"state": 1, "msg": "操作成功", "data": {"zsSsgradeList": [{"remarks": "", "schcode": "", "sex": "", "campus": "", "nf": "2017", "klmc": "综合改革", "ssmc": "浙江", "zylx": "普通类", "kl": "Z", "ssdm": "33", "rs": 25, "zdx": 480.0, "ptx": 480.0, "minScore": 586.0, "minOrder": 42380, "avgScore": 596.0, "avgOrder": 33394, "maxScore": 606.0, "maxOrder": 25573, "zycc": "普通类", "fsx": 480.0}], "sszygradeList": [{"remarks": "", "schcode": "", "sex": "", "campus": "", "nf": "2017", "klmc": "综合改革", "ssmc": "浙江", "zylx": "普通类", "zymc": "风景园林", "maxScore": 603.0, "minScore": 595.0, "avgScore": 599.0, "avgOrder": 31044, "minOrder": 34237, "maxOrder": 27809, "kl": "", "ssdm": "33", "rs": 2, "zdx": 480.0, "ptx": 480.0, "zycc": "普通类", "fsx": 480.0}, {"remarks": "", "schcode": "", "sex": "", "campus": "", "nf": "2017", "klmc": "综合改革", "ssmc": "浙江", "zylx": "普通类", "zymc": "机械类（工学Ⅰ）", "maxScore": 600.0, "minScore": 595.0, "avgScore": 597.5, "avgOrder": 31830, "minOrder": 34237, "maxOrder": 30206, "kl": "", "ssdm": "33", "rs": 2, "zdx": 480.0, "ptx": 480.0, "zycc": "普通类", "fsx": 480.0}, {"remarks": "", "schcode": "", "sex": "", "campus": "", "nf": "2017", "klmc": "综合改革", "ssmc": "浙江", "zylx": "普通类", "zymc": "工业工程类（管理学Ⅰ）", "maxScore": 589.0, "minScore": 586.0, "avgScore": 587.5, "avgOrder": 40483, "minOrder": 42380, "maxOrder": 39609, "kl": "", "ssdm": "33", "rs": 2, "zdx": 480.0, "ptx": 480.0, "zycc": "普通类", "fsx": 480.0}, {"remarks": "", "schcode": "", "sex": "", "campus": "", "nf": "2017", "klmc": "综合改革", "ssmc": "浙江", "zylx": "普通类", "zymc": "电气类（工学Ⅲ）", "maxScore": 601.0, "minScore": 597.0, "avgScore": 599.0, "avgOrder": 31044, "minOrder": 32637, "maxOrder": 29359, "kl": "", "ssdm": "33", "rs": 2, "zdx": 480.0, "ptx": 480.0, "zycc": "普通类", "fsx": 480.0}, {"remarks": "", "schcode": "", "sex": "", "campus": "", "nf": "2017", "klmc": "综合改革", "ssmc": "浙江", "zylx": "普通类", "zymc": "计算机类", "maxScore": 601.0, "minScore": 596.0, "avgScore": 598.5, "avgOrder": 31044, "minOrder": 33394, "maxOrder": 29359, "kl": "", "ssdm": "33", "rs": 2, "zdx": 480.0, "ptx": 480.0, "zycc": "普通类", "fsx": 480.0}, {"remarks": "", "schcode": "", "sex": "", "campus": "", "nf": "2017", "klmc": "综合改革", "ssmc": "浙江", "zylx": "普通类", "zymc": "金融学类（经济学）", "maxScore": 594.0, "minScore": 593.0, "avgScore": 593.3, "avgOrder": 35985, "minOrder": 35985, "maxOrder": 35097, "kl": "", "ssdm": "33", "rs": 3, "zdx": 480.0, "ptx": 480.0, "zycc": "普通类", "fsx": 480.0}, {"remarks": "", "schcode": "", "sex": "", "campus": "", "nf": "2017", "klmc": "综合改革", "ssmc": "浙江", "zylx": "普通类", "zymc": "工商管理类（管理学Ⅱ）", "maxScore": 601.0, "minScore": 595.0, "avgScore": 598.0, "avgOrder": 31830, "minOrder": 34237, "maxOrder": 29359, "kl": "", "ssdm": "33", "rs": 2, "zdx": 480.0, "ptx": 480.0, "zycc": "普通类", "fsx": 480.0}, {"remarks": "", "schcode": "", "sex": "", "campus": "", "nf": "2017", "klmc": "综合改革", "ssmc": "浙江", "zylx": "普通类", "zymc": "食品科学与工程类", "maxScore": 598.0, "minScore": 594.0, "avgScore": 596.0, "avgOrder": 33394, "minOrder": 35097, "maxOrder": 31830, "kl": "", "ssdm": "33", "rs": 2, "zdx": 480.0, "ptx": 480.0, "zycc": "普通类", "fsx": 480.0}, {"remarks": "", "schcode": "", "sex": "", "campus": "", "nf": "2017", "klmc": "综合改革", "ssmc": "浙江", "zylx": "普通类", "zymc": "法学类（法学）", "maxScore": 606.0, "minScore": 605.0, "avgScore": 605.5, "avgOrder": 25573, "minOrder": 26307, "maxOrder": 25573, "kl": "", "ssdm": "33", "rs": 2, "zdx": 480.0, "ptx": 480.0, "zycc": "普通类", "fsx": 480.0}, {"remarks": "", "schcode": "", "sex": "", "campus": "", "nf": "2017", "klmc": "综合改革", "ssmc": "浙江", "zylx": "普通类", "zymc": "土地资源管理", "maxScore": 597.0, "minScore": 593.0, "avgScore": 595.0, "avgOrder": 34237, "minOrder": 35985, "maxOrder": 32637, "kl": "", "ssdm": "33", "rs": 2, "zdx": 480.0, "ptx": 480.0, "zycc": "普通类", "fsx": 480.0}, {"remarks": "", "schcode": "", "sex": "", "campus": "", "nf": "2017", "klmc": "综合改革", "ssmc": "浙江", "zylx": "普通类", "zymc": "土木工程", "maxScore": 595.0, "minScore": 593.0, "avgScore": 594.0, "avgOrder": 35097, "minOrder": 35985, "maxOrder": 34237, "kl": "", "ssdm": "33", "rs": 2, "zdx": 480.0, "ptx": 480.0, "zycc": "普通类", "fsx": 480.0}, {"remarks": "", "schcode": "", "sex": "", "campus": "", "nf": "2017", "klmc": "综合改革", "ssmc": "浙江", "zylx": "普通类", "zymc": "英语", "maxScore": 590.0, "minScore": 590.0, "avgScore": 590.0, "avgOrder": 38651, "minOrder": 38651, "maxOrder": 38651, "kl": "", "ssdm": "33", "rs": 2, "zdx": 480.0, "ptx": 480.0, "zycc": "普通类", "fsx": 480.0}], "withYsl": false}, "jessionid": "be6fea6da6d947ea968a0aa03c8d00d3"}