{"state": 1, "msg": "操作成功", "data": {"zsSsgradeList": [{"remarks": "", "schcode": "", "sex": "", "campus": "", "nf": "2017", "klmc": "理工", "ssmc": "湖北", "zylx": "普通类", "kl": "5", "ssdm": "42", "rs": 15, "zdx": 484.0, "ptx": 484.0, "minScore": 540.0, "minOrder": 24796, "avgScore": 542.9, "avgOrder": 23630, "maxScore": 551.0, "maxOrder": 20557, "zycc": "普通类", "fsx": 484.0}], "sszygradeList": [{"remarks": "", "schcode": "", "sex": "", "campus": "", "nf": "2017", "klmc": "理工", "ssmc": "湖北", "zylx": "普通类", "zymc": "植物生产类（Ⅱ）", "maxScore": 544.0, "minScore": 544.0, "avgScore": 544.0, "avgOrder": 23227, "minOrder": 23227, "maxOrder": 23227, "kl": "", "ssdm": "42", "rs": 2, "zdx": 484.0, "ptx": 484.0, "zycc": "普通类", "fsx": 484.0}, {"remarks": "", "schcode": "", "sex": "", "campus": "", "nf": "2017", "klmc": "理工", "ssmc": "湖北", "zylx": "普通类", "zymc": "自然保护与环境生态类（农学）", "maxScore": 540.0, "minScore": 540.0, "avgScore": 540.0, "avgOrder": 24796, "minOrder": 24796, "maxOrder": 24796, "kl": "", "ssdm": "42", "rs": 2, "zdx": 484.0, "ptx": 484.0, "zycc": "普通类", "fsx": 484.0}, {"remarks": "", "schcode": "", "sex": "", "campus": "", "nf": "2017", "klmc": "理工", "ssmc": "湖北", "zylx": "普通类", "zymc": "动物科学（本硕博班）", "maxScore": 542.0, "minScore": 541.0, "avgScore": 541.5, "avgOrder": 23988, "minOrder": 24388, "maxOrder": 23988, "kl": "", "ssdm": "42", "rs": 2, "zdx": 484.0, "ptx": 484.0, "zycc": "普通类", "fsx": 484.0}, {"remarks": "", "schcode": "", "sex": "", "campus": "", "nf": "2017", "klmc": "理工", "ssmc": "湖北", "zylx": "普通类", "zymc": "机械类（工学Ⅰ）", "maxScore": 547.0, "minScore": 547.0, "avgScore": 547.0, "avgOrder": 22127, "minOrder": 22127, "maxOrder": 22127, "kl": "", "ssdm": "42", "rs": 1, "zdx": 484.0, "ptx": 484.0, "zycc": "普通类", "fsx": 484.0}, {"remarks": "", "schcode": "", "sex": "", "campus": "", "nf": "2017", "klmc": "理工", "ssmc": "湖北", "zylx": "普通类", "zymc": "金融学类（经济学）", "maxScore": 541.0, "minScore": 541.0, "avgScore": 541.0, "avgOrder": 24388, "minOrder": 24388, "maxOrder": 24388, "kl": "", "ssdm": "42", "rs": 2, "zdx": 484.0, "ptx": 484.0, "zycc": "普通类", "fsx": 484.0}, {"remarks": "", "schcode": "", "sex": "", "campus": "", "nf": "2017", "klmc": "理工", "ssmc": "湖北", "zylx": "普通类", "zymc": "食品科学与工程类", "maxScore": 545.0, "minScore": 541.0, "avgScore": 542.7, "avgOrder": 23630, "minOrder": 24388, "maxOrder": 22859, "kl": "", "ssdm": "42", "rs": 3, "zdx": 484.0, "ptx": 484.0, "zycc": "普通类", "fsx": 484.0}, {"remarks": "", "schcode": "", "sex": "", "campus": "", "nf": "2017", "klmc": "理工", "ssmc": "湖北", "zylx": "普通类", "zymc": "工程管理", "maxScore": 551.0, "minScore": 540.0, "avgScore": 545.0, "avgOrder": 22859, "minOrder": 24796, "maxOrder": 20557, "kl": "", "ssdm": "42", "rs": 3, "zdx": 484.0, "ptx": 484.0, "zycc": "普通类", "fsx": 484.0}], "withYsl": false}, "jessionid": "be6fea6da6d947ea968a0aa03c8d00d3"}