{"state": 1, "msg": "操作成功", "data": {"zsSsgradeList": [{"remarks": "", "schcode": "", "sex": "", "campus": "", "nf": "2017", "klmc": "文史", "ssmc": "河南", "zylx": "普通类", "kl": "1", "ssdm": "41", "rs": 30, "zdx": 516.0, "ptx": 516.0, "minScore": 551.0, "minOrder": 7926, "avgScore": 554.0, "avgOrder": 7281, "maxScore": 560.0, "maxOrder": 6069, "zycc": "普通类", "fsx": 516.0}], "sszygradeList": [{"remarks": "", "schcode": "", "sex": "", "campus": "", "nf": "2017", "klmc": "文史", "ssmc": "河南", "zylx": "普通类", "zymc": "工商管理类（管理学Ⅱ）", "maxScore": 559.0, "minScore": 553.0, "avgScore": 555.2, "avgOrder": 7077, "minOrder": 7479, "maxOrder": 6248, "kl": "", "ssdm": "41", "rs": 12, "zdx": 516.0, "ptx": 516.0, "zycc": "普通类", "fsx": 516.0}, {"remarks": "", "schcode": "", "sex": "", "campus": "", "nf": "2017", "klmc": "文史", "ssmc": "河南", "zylx": "普通类", "zymc": "法学类（法学）", "maxScore": 560.0, "minScore": 554.0, "avgScore": 555.6, "avgOrder": 6877, "minOrder": 7281, "maxOrder": 6069, "kl": "", "ssdm": "41", "rs": 5, "zdx": 516.0, "ptx": 516.0, "zycc": "普通类", "fsx": 516.0}, {"remarks": "", "schcode": "", "sex": "", "campus": "", "nf": "2017", "klmc": "文史", "ssmc": "河南", "zylx": "普通类", "zymc": "行政管理", "maxScore": 570.0, "minScore": 551.0, "avgScore": 555.0, "avgOrder": 7077, "minOrder": 7926, "maxOrder": 4432, "kl": "", "ssdm": "41", "rs": 6, "zdx": 516.0, "ptx": 516.0, "zycc": "普通类", "fsx": 516.0}, {"remarks": "", "schcode": "", "sex": "", "campus": "", "nf": "2017", "klmc": "文史", "ssmc": "河南", "zylx": "普通类", "zymc": "英语", "maxScore": 553.0, "minScore": 553.0, "avgScore": 553.0, "avgOrder": 7479, "minOrder": 7479, "maxOrder": 7479, "kl": "", "ssdm": "41", "rs": 4, "zdx": 516.0, "ptx": 516.0, "zycc": "普通类", "fsx": 516.0}, {"remarks": "", "schcode": "", "sex": "", "campus": "", "nf": "2017", "klmc": "文史", "ssmc": "河南", "zylx": "普通类", "zymc": "汉语国际教育", "maxScore": 553.0, "minScore": 552.0, "avgScore": 552.2, "avgOrder": 7706, "minOrder": 7706, "maxOrder": 7479, "kl": "", "ssdm": "41", "rs": 4, "zdx": 516.0, "ptx": 516.0, "zycc": "普通类", "fsx": 516.0}], "withYsl": false}, "jessionid": "be6fea6da6d947ea968a0aa03c8d00d3"}