{"state": 1, "msg": "操作成功", "data": {"zsSsgradeList": [{"remarks": "", "schcode": "", "sex": "", "campus": "", "nf": "2017", "klmc": "文史", "ssmc": "甘肃", "zylx": "国家专项", "kl": "1", "ssdm": "62", "rs": 3, "zdx": 505.0, "ptx": 505.0, "minScore": 529.0, "minOrder": 2631, "avgScore": 531.3, "avgOrder": 2461, "maxScore": 534.0, "maxOrder": 2199, "zycc": "国家专项", "fsx": 505.0}], "sszygradeList": [{"remarks": "", "schcode": "", "sex": "", "campus": "", "nf": "2017", "klmc": "文史", "ssmc": "甘肃", "zylx": "国家专项", "zymc": "工商管理类（管理学Ⅱ）", "maxScore": 534.0, "minScore": 529.0, "avgScore": 531.3, "avgOrder": 2461, "minOrder": 2631, "maxOrder": 2199, "kl": "", "ssdm": "62", "rs": 3, "zdx": 505.0, "ptx": 505.0, "zycc": "国家专项", "fsx": 505.0}], "withYsl": false}, "jessionid": "be6fea6da6d947ea968a0aa03c8d00d3"}