{"state": 1, "msg": "操作成功", "data": {"zsSsgradeList": [{"remarks": "", "schcode": "", "sex": "", "campus": "", "nf": "2020", "klmc": "理工", "ssmc": "山西", "zylx": "普通类", "kl": "5", "ssdm": "14", "rs": 103, "zdx": 537.0, "ptx": 537.0, "minScore": 561.0, "minOrder": 21508, "avgScore": 565.0, "avgOrder": 19843, "maxScore": 577.0, "maxOrder": 15354, "zycc": "普通类", "fsx": 537.0}], "sszygradeList": [{"remarks": "", "schcode": "", "sex": "", "campus": "", "nf": "2020", "klmc": "理工", "ssmc": "山西", "zylx": "普通类", "zymc": "农学", "maxScore": 565.0, "minScore": 562.0, "avgScore": 563.8, "avgOrder": 20253, "minOrder": 21068, "maxOrder": 19843, "kl": "", "ssdm": "14", "rs": 4, "zdx": 537.0, "ptx": 537.0, "zycc": "普通类", "fsx": 537.0}, {"remarks": "", "schcode": "", "sex": "", "campus": "", "nf": "2020", "klmc": "理工", "ssmc": "山西", "zylx": "普通类", "zymc": "植物保护", "maxScore": 563.0, "minScore": 561.0, "avgScore": 562.3, "avgOrder": 21068, "minOrder": 21508, "maxOrder": 20665, "kl": "", "ssdm": "14", "rs": 3, "zdx": 537.0, "ptx": 537.0, "zycc": "普通类", "fsx": 537.0}, {"remarks": "", "schcode": "", "sex": "", "campus": "", "nf": "2020", "klmc": "理工", "ssmc": "山西", "zylx": "普通类", "zymc": "植物科学与技术", "maxScore": 562.0, "minScore": 561.0, "avgScore": 561.5, "avgOrder": 21068, "minOrder": 21508, "maxOrder": 21068, "kl": "", "ssdm": "14", "rs": 2, "zdx": 537.0, "ptx": 537.0, "zycc": "普通类", "fsx": 537.0}, {"remarks": "", "schcode": "", "sex": "", "campus": "", "nf": "2020", "klmc": "理工", "ssmc": "山西", "zylx": "普通类", "zymc": "种子科学与工程", "maxScore": 562.0, "minScore": 562.0, "avgScore": 562.0, "avgOrder": 21068, "minOrder": 21068, "maxOrder": 21068, "kl": "", "ssdm": "14", "rs": 2, "zdx": 537.0, "ptx": 537.0, "zycc": "普通类", "fsx": 537.0}, {"remarks": "", "schcode": "", "sex": "", "campus": "", "nf": "2020", "klmc": "理工", "ssmc": "山西", "zylx": "普通类", "zymc": "园艺", "maxScore": 568.0, "minScore": 562.0, "avgScore": 564.3, "avgOrder": 20253, "minOrder": 21068, "maxOrder": 18678, "kl": "", "ssdm": "14", "rs": 3, "zdx": 537.0, "ptx": 537.0, "zycc": "普通类", "fsx": 537.0}, {"remarks": "", "schcode": "", "sex": "", "campus": "", "nf": "2020", "klmc": "理工", "ssmc": "山西", "zylx": "普通类", "zymc": "设施农业科学与工程", "maxScore": 561.0, "minScore": 561.0, "avgScore": 561.0, "avgOrder": 21508, "minOrder": 21508, "maxOrder": 21508, "kl": "", "ssdm": "14", "rs": 3, "zdx": 537.0, "ptx": 537.0, "zycc": "普通类", "fsx": 537.0}, {"remarks": "", "schcode": "", "sex": "", "campus": "", "nf": "2020", "klmc": "理工", "ssmc": "山西", "zylx": "普通类", "zymc": "园林", "maxScore": 565.0, "minScore": 561.0, "avgScore": 562.5, "avgOrder": 21068, "minOrder": 21508, "maxOrder": 19843, "kl": "", "ssdm": "14", "rs": 4, "zdx": 537.0, "ptx": 537.0, "zycc": "普通类", "fsx": 537.0}, {"remarks": "", "schcode": "", "sex": "", "campus": "", "nf": "2020", "klmc": "理工", "ssmc": "山西", "zylx": "普通类", "zymc": "应用气象学", "maxScore": 566.0, "minScore": 564.0, "avgScore": 565.0, "avgOrder": 19843, "minOrder": 20253, "maxOrder": 19448, "kl": "", "ssdm": "14", "rs": 2, "zdx": 537.0, "ptx": 537.0, "zycc": "普通类", "fsx": 537.0}, {"remarks": "", "schcode": "", "sex": "", "campus": "", "nf": "2020", "klmc": "理工", "ssmc": "山西", "zylx": "普通类", "zymc": "生态学", "maxScore": 561.0, "minScore": 561.0, "avgScore": 561.0, "avgOrder": 21508, "minOrder": 21508, "maxOrder": 21508, "kl": "", "ssdm": "14", "rs": 2, "zdx": 537.0, "ptx": 537.0, "zycc": "普通类", "fsx": 537.0}, {"remarks": "", "schcode": "", "sex": "", "campus": "", "nf": "2020", "klmc": "理工", "ssmc": "山西", "zylx": "普通类", "zymc": "环境科学与工程类", "maxScore": 566.0, "minScore": 561.0, "avgScore": 562.7, "avgOrder": 20665, "minOrder": 21508, "maxOrder": 19448, "kl": "", "ssdm": "14", "rs": 6, "zdx": 537.0, "ptx": 537.0, "zycc": "普通类", "fsx": 537.0}, {"remarks": "", "schcode": "", "sex": "", "campus": "", "nf": "2020", "klmc": "理工", "ssmc": "山西", "zylx": "普通类", "zymc": "自然保护与环境生态类", "maxScore": 565.0, "minScore": 561.0, "avgScore": 563.3, "avgOrder": 20665, "minOrder": 21508, "maxOrder": 19843, "kl": "", "ssdm": "14", "rs": 3, "zdx": 537.0, "ptx": 537.0, "zycc": "普通类", "fsx": 537.0}, {"remarks": "", "schcode": "", "sex": "", "campus": "", "nf": "2020", "klmc": "理工", "ssmc": "山西", "zylx": "普通类", "zymc": "动物科学", "maxScore": 561.0, "minScore": 560.0, "avgScore": 560.2, "avgOrder": 21956, "minOrder": 21956, "maxOrder": 21508, "kl": "", "ssdm": "14", "rs": 5, "zdx": 537.0, "ptx": 537.0, "zycc": "普通类", "fsx": 537.0}, {"remarks": "", "schcode": "", "sex": "", "campus": "", "nf": "2020", "klmc": "理工", "ssmc": "山西", "zylx": "普通类", "zymc": "动物医学", "maxScore": 561.0, "minScore": 560.0, "avgScore": 560.5, "avgOrder": 21956, "minOrder": 21956, "maxOrder": 21508, "kl": "", "ssdm": "14", "rs": 2, "zdx": 537.0, "ptx": 537.0, "zycc": "普通类", "fsx": 537.0}, {"remarks": "", "schcode": "", "sex": "", "campus": "", "nf": "2020", "klmc": "理工", "ssmc": "山西", "zylx": "普通类", "zymc": "动物药学", "maxScore": 560.0, "minScore": 560.0, "avgScore": 560.0, "avgOrder": 21956, "minOrder": 21956, "maxOrder": 21956, "kl": "", "ssdm": "14", "rs": 1, "zdx": 537.0, "ptx": 537.0, "zycc": "普通类", "fsx": 537.0}, {"remarks": "", "schcode": "", "sex": "", "campus": "", "nf": "2020", "klmc": "理工", "ssmc": "山西", "zylx": "普通类", "zymc": "机械类", "maxScore": 569.0, "minScore": 566.0, "avgScore": 567.7, "avgOrder": 18678, "minOrder": 19448, "maxOrder": 18259, "kl": "", "ssdm": "14", "rs": 6, "zdx": 537.0, "ptx": 537.0, "zycc": "普通类", "fsx": 537.0}, {"remarks": "", "schcode": "", "sex": "", "campus": "", "nf": "2020", "klmc": "理工", "ssmc": "山西", "zylx": "普通类", "zymc": "能源动力类", "maxScore": 568.0, "minScore": 566.0, "avgScore": 567.0, "avgOrder": 19043, "minOrder": 19448, "maxOrder": 18678, "kl": "", "ssdm": "14", "rs": 2, "zdx": 537.0, "ptx": 537.0, "zycc": "普通类", "fsx": 537.0}, {"remarks": "", "schcode": "", "sex": "", "campus": "", "nf": "2020", "klmc": "理工", "ssmc": "山西", "zylx": "普通类", "zymc": "工业工程类", "maxScore": 563.0, "minScore": 561.0, "avgScore": 562.0, "avgOrder": 21068, "minOrder": 21508, "maxOrder": 20665, "kl": "", "ssdm": "14", "rs": 2, "zdx": 537.0, "ptx": 537.0, "zycc": "普通类", "fsx": 537.0}, {"remarks": "", "schcode": "", "sex": "", "campus": "", "nf": "2020", "klmc": "理工", "ssmc": "山西", "zylx": "普通类", "zymc": "电气工程及其自动化", "maxScore": 577.0, "minScore": 572.0, "avgScore": 574.3, "avgOrder": 16418, "minOrder": 17186, "maxOrder": 15354, "kl": "", "ssdm": "14", "rs": 3, "zdx": 537.0, "ptx": 537.0, "zycc": "普通类", "fsx": 537.0}, {"remarks": "", "schcode": "", "sex": "", "campus": "", "nf": "2020", "klmc": "理工", "ssmc": "山西", "zylx": "普通类", "zymc": "计算机科学与技术", "maxScore": 572.0, "minScore": 571.0, "avgScore": 571.5, "avgOrder": 17186, "minOrder": 17533, "maxOrder": 17186, "kl": "", "ssdm": "14", "rs": 2, "zdx": 537.0, "ptx": 537.0, "zycc": "普通类", "fsx": 537.0}, {"remarks": "", "schcode": "", "sex": "", "campus": "", "nf": "2020", "klmc": "理工", "ssmc": "山西", "zylx": "普通类", "zymc": "软件工程", "maxScore": 572.0, "minScore": 568.0, "avgScore": 569.8, "avgOrder": 17923, "minOrder": 18678, "maxOrder": 17186, "kl": "", "ssdm": "14", "rs": 4, "zdx": 537.0, "ptx": 537.0, "zycc": "普通类", "fsx": 537.0}, {"remarks": "", "schcode": "", "sex": "", "campus": "", "nf": "2020", "klmc": "理工", "ssmc": "山西", "zylx": "普通类", "zymc": "物联网工程", "maxScore": 570.0, "minScore": 570.0, "avgScore": 570.0, "avgOrder": 17923, "minOrder": 17923, "maxOrder": 17923, "kl": "", "ssdm": "14", "rs": 2, "zdx": 537.0, "ptx": 537.0, "zycc": "普通类", "fsx": 537.0}, {"remarks": "", "schcode": "", "sex": "", "campus": "", "nf": "2020", "klmc": "理工", "ssmc": "山西", "zylx": "普通类", "zymc": "农业电气化", "maxScore": 566.0, "minScore": 566.0, "avgScore": 566.0, "avgOrder": 19448, "minOrder": 19448, "maxOrder": 19448, "kl": "", "ssdm": "14", "rs": 1, "zdx": 537.0, "ptx": 537.0, "zycc": "普通类", "fsx": 537.0}, {"remarks": "", "schcode": "", "sex": "", "campus": "", "nf": "2020", "klmc": "理工", "ssmc": "山西", "zylx": "普通类", "zymc": "金融学类", "maxScore": 572.0, "minScore": 567.0, "avgScore": 568.9, "avgOrder": 18259, "minOrder": 19043, "maxOrder": 17186, "kl": "", "ssdm": "14", "rs": 7, "zdx": 537.0, "ptx": 537.0, "zycc": "普通类", "fsx": 537.0}, {"remarks": "", "schcode": "", "sex": "", "campus": "", "nf": "2020", "klmc": "理工", "ssmc": "山西", "zylx": "普通类", "zymc": "生物工程类", "maxScore": 566.0, "minScore": 563.0, "avgScore": 564.7, "avgOrder": 19843, "minOrder": 20665, "maxOrder": 19448, "kl": "", "ssdm": "14", "rs": 3, "zdx": 537.0, "ptx": 537.0, "zycc": "普通类", "fsx": 537.0}, {"remarks": "", "schcode": "", "sex": "", "campus": "", "nf": "2020", "klmc": "理工", "ssmc": "山西", "zylx": "普通类", "zymc": "食品科学与工程类", "maxScore": 564.0, "minScore": 562.0, "avgScore": 563.0, "avgOrder": 20665, "minOrder": 21068, "maxOrder": 20253, "kl": "", "ssdm": "14", "rs": 9, "zdx": 537.0, "ptx": 537.0, "zycc": "普通类", "fsx": 537.0}, {"remarks": "", "schcode": "", "sex": "", "campus": "", "nf": "2020", "klmc": "理工", "ssmc": "山西", "zylx": "普通类", "zymc": "人文地理与城乡规划", "maxScore": 564.0, "minScore": 561.0, "avgScore": 562.3, "avgOrder": 21068, "minOrder": 21508, "maxOrder": 20253, "kl": "", "ssdm": "14", "rs": 3, "zdx": 537.0, "ptx": 537.0, "zycc": "普通类", "fsx": 537.0}, {"remarks": "", "schcode": "", "sex": "", "campus": "", "nf": "2020", "klmc": "理工", "ssmc": "山西", "zylx": "普通类", "zymc": "土地整治工程", "maxScore": 565.0, "minScore": 561.0, "avgScore": 563.0, "avgOrder": 20665, "minOrder": 21508, "maxOrder": 19843, "kl": "", "ssdm": "14", "rs": 2, "zdx": 537.0, "ptx": 537.0, "zycc": "普通类", "fsx": 537.0}, {"remarks": "", "schcode": "", "sex": "", "campus": "", "nf": "2020", "klmc": "理工", "ssmc": "山西", "zylx": "普通类", "zymc": "土地资源管理", "maxScore": 566.0, "minScore": 565.0, "avgScore": 565.5, "avgOrder": 19448, "minOrder": 19843, "maxOrder": 19448, "kl": "", "ssdm": "14", "rs": 2, "zdx": 537.0, "ptx": 537.0, "zycc": "普通类", "fsx": 537.0}, {"remarks": "", "schcode": "", "sex": "", "campus": "", "nf": "2020", "klmc": "理工", "ssmc": "山西", "zylx": "普通类", "zymc": "水利类", "maxScore": 568.0, "minScore": 562.0, "avgScore": 564.4, "avgOrder": 20253, "minOrder": 21068, "maxOrder": 18678, "kl": "", "ssdm": "14", "rs": 8, "zdx": 537.0, "ptx": 537.0, "zycc": "普通类", "fsx": 537.0}, {"remarks": "", "schcode": "", "sex": "", "campus": "", "nf": "2020", "klmc": "理工", "ssmc": "山西", "zylx": "普通类", "zymc": "土木工程", "maxScore": 566.0, "minScore": 564.0, "avgScore": 564.8, "avgOrder": 19843, "minOrder": 20253, "maxOrder": 19448, "kl": "", "ssdm": "14", "rs": 4, "zdx": 537.0, "ptx": 537.0, "zycc": "普通类", "fsx": 537.0}, {"remarks": "", "schcode": "", "sex": "", "campus": "", "nf": "2020", "klmc": "理工", "ssmc": "山西", "zylx": "普通类", "zymc": "工程管理", "maxScore": 572.0, "minScore": 562.0, "avgScore": 565.7, "avgOrder": 19448, "minOrder": 21068, "maxOrder": 17186, "kl": "", "ssdm": "14", "rs": 3, "zdx": 537.0, "ptx": 537.0, "zycc": "普通类", "fsx": 537.0}, {"remarks": "", "schcode": "", "sex": "", "campus": "", "nf": "2020", "klmc": "理工", "ssmc": "山西", "zylx": "普通类", "zymc": "统计学类", "maxScore": 568.0, "minScore": 566.0, "avgScore": 566.7, "avgOrder": 19043, "minOrder": 19448, "maxOrder": 18678, "kl": "", "ssdm": "14", "rs": 6, "zdx": 537.0, "ptx": 537.0, "zycc": "普通类", "fsx": 537.0}, {"remarks": "", "schcode": "", "sex": "", "campus": "", "nf": "2020", "klmc": "理工", "ssmc": "山西", "zylx": "普通类", "zymc": "应用化学", "maxScore": 568.0, "minScore": 564.0, "avgScore": 566.0, "avgOrder": 19448, "minOrder": 20253, "maxOrder": 18678, "kl": "", "ssdm": "14", "rs": 2, "zdx": 537.0, "ptx": 537.0, "zycc": "普通类", "fsx": 537.0}, {"remarks": "", "schcode": "", "sex": "", "campus": "", "nf": "2020", "klmc": "理工", "ssmc": "山西", "zylx": "普通类", "zymc": "化学生物学", "maxScore": 566.0, "minScore": 565.0, "avgScore": 565.5, "avgOrder": 19448, "minOrder": 19843, "maxOrder": 19448, "kl": "", "ssdm": "14", "rs": 2, "zdx": 537.0, "ptx": 537.0, "zycc": "普通类", "fsx": 537.0}], "withYsl": false}, "jessionid": "be6fea6da6d947ea968a0aa03c8d00d3"}