{"state": 1, "msg": "操作成功", "data": {"zsSsgradeList": [{"remarks": "", "schcode": "", "sex": "", "campus": "", "nf": "2020", "klmc": "文史", "ssmc": "新疆", "zylx": "国家专项", "kl": "1", "ssdm": "65", "rs": 4, "zdx": 482.0, "ptx": 482.0, "minScore": 490.0, "avgScore": 495.25, "maxScore": 499.0, "zycc": "国家专项", "fsx": 482.0}], "sszygradeList": [{"remarks": "", "schcode": "", "sex": "", "campus": "", "nf": "2020", "klmc": "文史", "ssmc": "新疆", "zylx": "国家专项", "zymc": "工商管理类", "maxScore": 499.0, "minScore": 490.0, "avgScore": 495.25, "kl": "", "ssdm": "65", "rs": 4, "zdx": 482.0, "ptx": 482.0, "zycc": "国家专项", "fsx": 482.0}], "withYsl": false}, "jessionid": "be6fea6da6d947ea968a0aa03c8d00d3"}