{"state": 1, "msg": "操作成功", "data": {"zsSsgradeList": [{"remarks": "", "schcode": "", "sex": "", "campus": "", "nf": "2018", "klmc": "文史", "ssmc": "山西", "zylx": "普通类", "kl": "1", "ssdm": "14", "rs": 26, "zdx": 546.0, "ptx": 546.0, "minScore": 563.0, "minOrder": 3489, "avgScore": 566.4, "avgOrder": 3185, "maxScore": 575.0, "maxOrder": 2305, "zycc": "普通类", "fsx": 546.0}], "sszygradeList": [{"remarks": "", "schcode": "", "sex": "", "campus": "", "nf": "2018", "klmc": "文史", "ssmc": "山西", "zylx": "普通类", "zymc": "工商管理类", "maxScore": 571.0, "minScore": 565.0, "avgScore": 567.1, "avgOrder": 3063, "minOrder": 3273, "maxOrder": 2667, "kl": "", "ssdm": "14", "rs": 14, "zdx": 546.0, "ptx": 546.0, "zycc": "普通类", "fsx": 546.0}, {"remarks": "", "schcode": "", "sex": "", "campus": "", "nf": "2018", "klmc": "文史", "ssmc": "山西", "zylx": "普通类", "zymc": "法学类", "maxScore": 567.0, "minScore": 563.0, "avgScore": 564.3, "avgOrder": 3386, "minOrder": 3489, "maxOrder": 3063, "kl": "", "ssdm": "14", "rs": 6, "zdx": 546.0, "ptx": 546.0, "zycc": "普通类", "fsx": 546.0}, {"remarks": "", "schcode": "", "sex": "", "campus": "", "nf": "2018", "klmc": "文史", "ssmc": "山西", "zylx": "普通类", "zymc": "行政管理", "maxScore": 564.0, "minScore": 564.0, "avgScore": 564.0, "avgOrder": 3386, "minOrder": 3386, "maxOrder": 3386, "kl": "", "ssdm": "14", "rs": 2, "zdx": 546.0, "ptx": 546.0, "zycc": "普通类", "fsx": 546.0}, {"remarks": "", "schcode": "", "sex": "", "campus": "", "nf": "2018", "klmc": "文史", "ssmc": "山西", "zylx": "普通类", "zymc": "英语", "maxScore": 575.0, "minScore": 565.0, "avgScore": 570.0, "avgOrder": 2774, "minOrder": 3273, "maxOrder": 2305, "kl": "", "ssdm": "14", "rs": 2, "zdx": 546.0, "ptx": 546.0, "zycc": "普通类", "fsx": 546.0}, {"remarks": "", "schcode": "", "sex": "", "campus": "", "nf": "2018", "klmc": "文史", "ssmc": "山西", "zylx": "普通类", "zymc": "汉语国际教育", "maxScore": 570.0, "minScore": 564.0, "avgScore": 567.0, "avgOrder": 3063, "minOrder": 3386, "maxOrder": 2774, "kl": "", "ssdm": "14", "rs": 2, "zdx": 546.0, "ptx": 546.0, "zycc": "普通类", "fsx": 546.0}], "withYsl": false}, "jessionid": "be6fea6da6d947ea968a0aa03c8d00d3"}