{"state": 1, "msg": "操作成功", "data": {"zsSsgradeList": [{"remarks": "", "schcode": "", "sex": "", "campus": "", "nf": "2019", "klmc": "文史", "ssmc": "黑龙江", "zylx": "中俄合作办学", "kl": "1", "ssdm": "23", "rs": 36, "zdx": 500.0, "ptx": 500.0, "minScore": 508.0, "minOrder": 6692, "avgScore": 517.7, "avgOrder": 5560, "maxScore": 535.0, "maxOrder": 3882, "zycc": "中俄合作办学", "fsx": 500.0}], "sszygradeList": [{"remarks": "", "schcode": "", "sex": "", "campus": "", "nf": "2019", "klmc": "文史", "ssmc": "黑龙江", "zylx": "中俄合作办学", "zymc": "金融学（中俄合作办学）", "maxScore": 535.0, "minScore": 518.0, "avgScore": 523.3, "avgOrder": 5026, "minOrder": 5560, "maxOrder": 3882, "kl": "", "ssdm": "23", "rs": 12, "zdx": 500.0, "ptx": 500.0, "zycc": "中俄合作办学", "fsx": 500.0}, {"remarks": "", "schcode": "", "sex": "", "campus": "", "nf": "2019", "klmc": "文史", "ssmc": "黑龙江", "zylx": "中俄合作办学", "zymc": "国际经济与贸易（中俄合作办学）", "maxScore": 531.0, "minScore": 509.0, "avgScore": 517.0, "avgOrder": 5666, "minOrder": 6586, "maxOrder": 4237, "kl": "", "ssdm": "23", "rs": 12, "zdx": 500.0, "ptx": 500.0, "zycc": "中俄合作办学", "fsx": 500.0}, {"remarks": "", "schcode": "", "sex": "", "campus": "", "nf": "2019", "klmc": "文史", "ssmc": "黑龙江", "zylx": "中俄合作办学", "zymc": "工商管理（中俄合作办学）", "maxScore": 522.0, "minScore": 508.0, "avgScore": 512.8, "avgOrder": 6119, "minOrder": 6692, "maxOrder": 5117, "kl": "", "ssdm": "23", "rs": 12, "zdx": 500.0, "ptx": 500.0, "zycc": "中俄合作办学", "fsx": 500.0}], "withYsl": false}, "jessionid": "be6fea6da6d947ea968a0aa03c8d00d3"}