{"state": 1, "msg": "操作成功", "data": {"zsSsgradeList": [{"remarks": "", "schcode": "", "sex": "", "campus": "", "nf": "2018", "klmc": "理工", "ssmc": "湖北", "zylx": "国家专项", "kl": "5", "ssdm": "42", "rs": 13, "zdx": 512.0, "ptx": 512.0, "minScore": 563.0, "minOrder": 26987, "avgScore": 569.6, "avgOrder": 24164, "maxScore": 578.0, "maxOrder": 20889, "zycc": "国家专项", "fsx": 512.0}], "sszygradeList": [{"remarks": "", "schcode": "", "sex": "", "campus": "", "nf": "2018", "klmc": "理工", "ssmc": "湖北", "zylx": "国家专项", "zymc": "风景园林", "maxScore": 567.0, "minScore": 566.0, "avgScore": 566.5, "avgOrder": 25373, "minOrder": 25776, "maxOrder": 25373, "kl": "", "ssdm": "42", "rs": 2, "zdx": 512.0, "ptx": 512.0, "zycc": "国家专项", "fsx": 512.0}, {"remarks": "", "schcode": "", "sex": "", "campus": "", "nf": "2018", "klmc": "理工", "ssmc": "湖北", "zylx": "国家专项", "zymc": "动物科学", "maxScore": 569.0, "minScore": 563.0, "avgScore": 566.0, "avgOrder": 25776, "minOrder": 26987, "maxOrder": 24548, "kl": "", "ssdm": "42", "rs": 2, "zdx": 512.0, "ptx": 512.0, "zycc": "国家专项", "fsx": 512.0}, {"remarks": "", "schcode": "", "sex": "", "campus": "", "nf": "2018", "klmc": "理工", "ssmc": "湖北", "zylx": "国家专项", "zymc": "动物医学", "maxScore": 565.0, "minScore": 564.0, "avgScore": 564.5, "avgOrder": 26170, "minOrder": 26603, "maxOrder": 26170, "kl": "", "ssdm": "42", "rs": 2, "zdx": 512.0, "ptx": 512.0, "zycc": "国家专项", "fsx": 512.0}, {"remarks": "", "schcode": "", "sex": "", "campus": "", "nf": "2018", "klmc": "理工", "ssmc": "湖北", "zylx": "国家专项", "zymc": "机械类", "maxScore": 576.0, "minScore": 576.0, "avgScore": 576.0, "avgOrder": 21661, "minOrder": 21661, "maxOrder": 21661, "kl": "", "ssdm": "42", "rs": 1, "zdx": 512.0, "ptx": 512.0, "zycc": "国家专项", "fsx": 512.0}, {"remarks": "", "schcode": "", "sex": "", "campus": "", "nf": "2018", "klmc": "理工", "ssmc": "湖北", "zylx": "国家专项", "zymc": "计算机类", "maxScore": 578.0, "minScore": 570.0, "avgScore": 574.0, "avgOrder": 22479, "minOrder": 24164, "maxOrder": 20889, "kl": "", "ssdm": "42", "rs": 2, "zdx": 512.0, "ptx": 512.0, "zycc": "国家专项", "fsx": 512.0}, {"remarks": "", "schcode": "", "sex": "", "campus": "", "nf": "2018", "klmc": "理工", "ssmc": "湖北", "zylx": "国家专项", "zymc": "金融学类", "maxScore": 574.0, "minScore": 565.0, "avgScore": 569.5, "avgOrder": 24164, "minOrder": 26170, "maxOrder": 22479, "kl": "", "ssdm": "42", "rs": 2, "zdx": 512.0, "ptx": 512.0, "zycc": "国家专项", "fsx": 512.0}, {"remarks": "", "schcode": "", "sex": "", "campus": "", "nf": "2018", "klmc": "理工", "ssmc": "湖北", "zylx": "国家专项", "zymc": "土木工程", "maxScore": 575.0, "minScore": 573.0, "avgScore": 574.0, "avgOrder": 22479, "minOrder": 22924, "maxOrder": 22082, "kl": "", "ssdm": "42", "rs": 2, "zdx": 512.0, "ptx": 512.0, "zycc": "国家专项", "fsx": 512.0}], "withYsl": false}, "jessionid": "be6fea6da6d947ea968a0aa03c8d00d3"}