{"state": 1, "msg": "操作成功", "data": {"zsSsgradeList": [{"remarks": "", "schcode": "", "sex": "", "campus": "", "nf": "2017", "klmc": "艺术(文)", "ssmc": "河北", "zylx": "艺术批", "kl": "3", "ssdm": "13", "rs": 35, "minScore": 331.0, "avgScore": 396.9, "maxScore": 475.0, "zycc": "艺术批"}], "sszygradeList": [{"remarks": "文化课成绩；控制线：文化课249分，美术（联考）180分。", "schcode": "", "sex": "", "campus": "", "nf": "2017", "klmc": "艺术(文)", "ssmc": "河北", "zylx": "艺术批", "zymc": "视觉传达设计", "maxScore": 466.0, "minScore": 331.0, "avgScore": 395.7, "kl": "", "ssdm": "13", "rs": 21, "zycc": "艺术批"}, {"remarks": "文化课成绩；控制线：文化课249分，美术（联考）180分。", "schcode": "", "sex": "", "campus": "", "nf": "2017", "klmc": "艺术(文)", "ssmc": "河北", "zylx": "艺术批", "zymc": "环境设计", "maxScore": 475.0, "minScore": 335.0, "avgScore": 398.6, "kl": "", "ssdm": "13", "rs": 14, "zycc": "艺术批"}], "withYsl": false}, "jessionid": "be6fea6da6d947ea968a0aa03c8d00d3"}