{"state": 1, "msg": "操作成功", "data": {"zsSsgradeList": [{"remarks": "", "schcode": "", "sex": "", "campus": "", "nf": "2018", "klmc": "文史", "ssmc": "内蒙古", "zylx": "蒙授", "kl": "1", "ssdm": "15", "rs": 4, "minScore": 496.0, "minOrder": 7521, "avgScore": 510.8, "avgOrder": 5959, "maxScore": 521.0, "maxOrder": 4940, "zycc": "蒙授"}], "sszygradeList": [{"remarks": "", "schcode": "", "sex": "", "campus": "", "nf": "2018", "klmc": "文史", "ssmc": "内蒙古", "zylx": "蒙授", "zymc": "工商管理类", "maxScore": 521.0, "minScore": 514.0, "avgScore": 517.5, "kl": "", "ssdm": "15", "rs": 2, "zycc": "蒙授"}, {"remarks": "", "schcode": "", "sex": "", "campus": "", "nf": "2018", "klmc": "文史", "ssmc": "内蒙古", "zylx": "蒙授", "zymc": "行政管理", "maxScore": 512.0, "minScore": 496.0, "avgScore": 504.0, "kl": "", "ssdm": "15", "rs": 2, "zycc": "蒙授"}], "withYsl": false}, "jessionid": "be6fea6da6d947ea968a0aa03c8d00d3"}