{"state": 1, "msg": "操作成功", "data": {"zsSsgradeList": [{"remarks": "", "schcode": "", "sex": "", "campus": "", "nf": "2019", "klmc": "文史", "ssmc": "黑龙江", "zylx": "国家专项", "kl": "1", "ssdm": "23", "rs": 6, "zdx": 500.0, "ptx": 500.0, "minScore": 529.0, "minOrder": 4434, "avgScore": 536.7, "avgOrder": 3707, "maxScore": 554.0, "maxOrder": 2448, "zycc": "国家专项", "fsx": 500.0}], "sszygradeList": [{"remarks": "", "schcode": "", "sex": "", "campus": "", "nf": "2019", "klmc": "文史", "ssmc": "黑龙江", "zylx": "国家专项", "zymc": "工商管理类", "maxScore": 554.0, "minScore": 538.0, "avgScore": 543.7, "avgOrder": 3150, "minOrder": 3622, "maxOrder": 2448, "kl": "", "ssdm": "23", "rs": 3, "zdx": 500.0, "ptx": 500.0, "zycc": "国家专项", "fsx": 500.0}, {"remarks": "", "schcode": "", "sex": "", "campus": "", "nf": "2019", "klmc": "文史", "ssmc": "黑龙江", "zylx": "国家专项", "zymc": "法学类", "maxScore": 531.0, "minScore": 529.0, "avgScore": 529.7, "avgOrder": 4340, "minOrder": 4434, "maxOrder": 4237, "kl": "", "ssdm": "23", "rs": 3, "zdx": 500.0, "ptx": 500.0, "zycc": "国家专项", "fsx": 500.0}], "withYsl": false}, "jessionid": "be6fea6da6d947ea968a0aa03c8d00d3"}