{"state": 1, "msg": "操作成功", "data": {"zsSsgradeList": [{"remarks": "", "schcode": "", "sex": "", "campus": "", "nf": "2020", "klmc": "理工", "ssmc": "云南", "zylx": "普通类", "kl": "5", "ssdm": "53", "rs": 31, "zdx": 535.0, "ptx": 535.0, "minScore": 552.0, "minOrder": 27373, "avgScore": 560.9, "avgOrder": 23832, "maxScore": 577.0, "maxOrder": 18262, "zycc": "普通类", "fsx": 535.0}], "sszygradeList": [{"remarks": "", "schcode": "", "sex": "", "campus": "", "nf": "2020", "klmc": "理工", "ssmc": "云南", "zylx": "普通类", "zymc": "风景园林", "maxScore": 558.0, "minScore": 556.0, "avgScore": 557.0, "avgOrder": 25376, "minOrder": 25783, "maxOrder": 24975, "kl": "", "ssdm": "53", "rs": 3, "zdx": 535.0, "ptx": 535.0, "zycc": "普通类", "fsx": 535.0}, {"remarks": "", "schcode": "", "sex": "", "campus": "", "nf": "2020", "klmc": "理工", "ssmc": "云南", "zylx": "普通类", "zymc": "应用气象学", "maxScore": 561.0, "minScore": 559.0, "avgScore": 560.0, "avgOrder": 24199, "minOrder": 24550, "maxOrder": 23832, "kl": "", "ssdm": "53", "rs": 2, "zdx": 535.0, "ptx": 535.0, "zycc": "普通类", "fsx": 535.0}, {"remarks": "", "schcode": "", "sex": "", "campus": "", "nf": "2020", "klmc": "理工", "ssmc": "云南", "zylx": "普通类", "zymc": "动物科学", "maxScore": 565.0, "minScore": 552.0, "avgScore": 560.0, "avgOrder": 24199, "minOrder": 27373, "maxOrder": 22303, "kl": "", "ssdm": "53", "rs": 3, "zdx": 535.0, "ptx": 535.0, "zycc": "普通类", "fsx": 535.0}, {"remarks": "", "schcode": "", "sex": "", "campus": "", "nf": "2020", "klmc": "理工", "ssmc": "云南", "zylx": "普通类", "zymc": "动物医学", "maxScore": 564.0, "minScore": 558.0, "avgScore": 561.0, "avgOrder": 23832, "minOrder": 24975, "maxOrder": 22675, "kl": "", "ssdm": "53", "rs": 2, "zdx": 535.0, "ptx": 535.0, "zycc": "普通类", "fsx": 535.0}, {"remarks": "", "schcode": "", "sex": "", "campus": "", "nf": "2020", "klmc": "理工", "ssmc": "云南", "zylx": "普通类", "zymc": "机械类", "maxScore": 562.0, "minScore": 557.0, "avgScore": 559.5, "avgOrder": 24199, "minOrder": 25376, "maxOrder": 23441, "kl": "", "ssdm": "53", "rs": 2, "zdx": 535.0, "ptx": 535.0, "zycc": "普通类", "fsx": 535.0}, {"remarks": "", "schcode": "", "sex": "", "campus": "", "nf": "2020", "klmc": "理工", "ssmc": "云南", "zylx": "普通类", "zymc": "工业工程类", "maxScore": 560.0, "minScore": 553.0, "avgScore": 556.5, "avgOrder": 25783, "minOrder": 26940, "maxOrder": 24199, "kl": "", "ssdm": "53", "rs": 2, "zdx": 535.0, "ptx": 535.0, "zycc": "普通类", "fsx": 535.0}, {"remarks": "", "schcode": "", "sex": "", "campus": "", "nf": "2020", "klmc": "理工", "ssmc": "云南", "zylx": "普通类", "zymc": "计算机科学与技术", "maxScore": 570.0, "minScore": 566.0, "avgScore": 568.0, "avgOrder": 21222, "minOrder": 21945, "maxOrder": 20527, "kl": "", "ssdm": "53", "rs": 3, "zdx": 535.0, "ptx": 535.0, "zycc": "普通类", "fsx": 535.0}, {"remarks": "", "schcode": "", "sex": "", "campus": "", "nf": "2020", "klmc": "理工", "ssmc": "云南", "zylx": "普通类", "zymc": "金融学类", "maxScore": 565.0, "minScore": 558.0, "avgScore": 561.0, "avgOrder": 23832, "minOrder": 24975, "maxOrder": 22303, "kl": "", "ssdm": "53", "rs": 3, "zdx": 535.0, "ptx": 535.0, "zycc": "普通类", "fsx": 535.0}, {"remarks": "", "schcode": "", "sex": "", "campus": "", "nf": "2020", "klmc": "理工", "ssmc": "云南", "zylx": "普通类", "zymc": "食品科学与工程类", "maxScore": 577.0, "minScore": 577.0, "avgScore": 577.0, "avgOrder": 18262, "minOrder": 18262, "maxOrder": 18262, "kl": "", "ssdm": "53", "rs": 1, "zdx": 535.0, "ptx": 535.0, "zycc": "普通类", "fsx": 535.0}, {"remarks": "", "schcode": "", "sex": "", "campus": "", "nf": "2020", "klmc": "理工", "ssmc": "云南", "zylx": "普通类", "zymc": "水利类", "maxScore": 570.0, "minScore": 559.0, "avgScore": 563.0, "avgOrder": 23055, "minOrder": 24550, "maxOrder": 20527, "kl": "", "ssdm": "53", "rs": 4, "zdx": 535.0, "ptx": 535.0, "zycc": "普通类", "fsx": 535.0}, {"remarks": "", "schcode": "", "sex": "", "campus": "", "nf": "2020", "klmc": "理工", "ssmc": "云南", "zylx": "普通类", "zymc": "土木工程", "maxScore": 559.0, "minScore": 558.0, "avgScore": 558.5, "avgOrder": 24975, "minOrder": 24975, "maxOrder": 24550, "kl": "", "ssdm": "53", "rs": 2, "zdx": 535.0, "ptx": 535.0, "zycc": "普通类", "fsx": 535.0}, {"remarks": "", "schcode": "", "sex": "", "campus": "", "nf": "2020", "klmc": "理工", "ssmc": "云南", "zylx": "普通类", "zymc": "工程管理", "maxScore": 557.0, "minScore": 557.0, "avgScore": 557.0, "avgOrder": 25376, "minOrder": 25376, "maxOrder": 25376, "kl": "", "ssdm": "53", "rs": 1, "zdx": 535.0, "ptx": 535.0, "zycc": "普通类", "fsx": 535.0}, {"remarks": "", "schcode": "", "sex": "", "campus": "", "nf": "2020", "klmc": "理工", "ssmc": "云南", "zylx": "普通类", "zymc": "统计学类", "maxScore": 560.0, "minScore": 557.0, "avgScore": 558.0, "avgOrder": 24975, "minOrder": 25376, "maxOrder": 24199, "kl": "", "ssdm": "53", "rs": 3, "zdx": 535.0, "ptx": 535.0, "zycc": "普通类", "fsx": 535.0}], "withYsl": false}, "jessionid": "be6fea6da6d947ea968a0aa03c8d00d3"}