{"state": 1, "msg": "操作成功", "data": {"zsSsgradeList": [{"remarks": "", "schcode": "", "sex": "", "campus": "", "nf": "2017", "klmc": "理工", "ssmc": "宁夏", "zylx": "普通类", "kl": "5", "ssdm": "64", "rs": 4, "zdx": 439.0, "ptx": 439.0, "minScore": 467.0, "minOrder": 6907, "avgScore": 470.8, "avgOrder": 6482, "maxScore": 476.0, "maxOrder": 6024, "zycc": "普通类", "fsx": 439.0}], "sszygradeList": [{"remarks": "", "schcode": "", "sex": "", "campus": "", "nf": "2017", "klmc": "理工", "ssmc": "宁夏", "zylx": "普通类", "zymc": "植物生产类（Ⅰ）", "maxScore": 473.0, "minScore": 473.0, "avgScore": 473.0, "avgOrder": 6288, "minOrder": 6288, "maxOrder": 6288, "kl": "", "ssdm": "64", "rs": 1, "zdx": 439.0, "ptx": 439.0, "zycc": "普通类", "fsx": 439.0}, {"remarks": "", "schcode": "", "sex": "", "campus": "", "nf": "2017", "klmc": "理工", "ssmc": "宁夏", "zylx": "普通类", "zymc": "电气类（工学Ⅲ）", "maxScore": 476.0, "minScore": 476.0, "avgScore": 476.0, "avgOrder": 6024, "minOrder": 6024, "maxOrder": 6024, "kl": "", "ssdm": "64", "rs": 1, "zdx": 439.0, "ptx": 439.0, "zycc": "普通类", "fsx": 439.0}, {"remarks": "", "schcode": "", "sex": "", "campus": "", "nf": "2017", "klmc": "理工", "ssmc": "宁夏", "zylx": "普通类", "zymc": "金融学类（经济学）", "maxScore": 467.0, "minScore": 467.0, "avgScore": 467.0, "avgOrder": 6907, "minOrder": 6907, "maxOrder": 6907, "kl": "", "ssdm": "64", "rs": 1, "zdx": 439.0, "ptx": 439.0, "zycc": "普通类", "fsx": 439.0}, {"remarks": "", "schcode": "", "sex": "", "campus": "", "nf": "2017", "klmc": "理工", "ssmc": "宁夏", "zylx": "普通类", "zymc": "食品科学与工程类", "maxScore": 467.0, "minScore": 467.0, "avgScore": 467.0, "avgOrder": 6907, "minOrder": 6907, "maxOrder": 6907, "kl": "", "ssdm": "64", "rs": 1, "zdx": 439.0, "ptx": 439.0, "zycc": "普通类", "fsx": 439.0}], "withYsl": false}, "jessionid": "be6fea6da6d947ea968a0aa03c8d00d3"}