{"state": 1, "msg": "操作成功", "data": {"zsSsgradeList": [{"remarks": "", "schcode": "", "sex": "", "campus": "", "nf": "2019", "klmc": "理工", "ssmc": "甘肃", "zylx": "普通类", "kl": "5", "ssdm": "62", "rs": 26, "zdx": 470.0, "ptx": 470.0, "minScore": 517.0, "minOrder": 17014, "avgScore": 519.9, "avgOrder": 16077, "maxScore": 536.0, "maxOrder": 11922, "zycc": "普通类", "fsx": 470.0}], "sszygradeList": [{"remarks": "", "schcode": "", "sex": "", "campus": "", "nf": "2019", "klmc": "理工", "ssmc": "甘肃", "zylx": "普通类", "zymc": "自然保护与环境生态类", "maxScore": 518.0, "minScore": 517.0, "avgScore": 517.5, "avgOrder": 16696, "minOrder": 17014, "maxOrder": 16696, "kl": "", "ssdm": "62", "rs": 2, "zdx": 470.0, "ptx": 470.0, "zycc": "普通类", "fsx": 470.0}, {"remarks": "", "schcode": "", "sex": "", "campus": "", "nf": "2019", "klmc": "理工", "ssmc": "甘肃", "zylx": "普通类", "zymc": "动物科学", "maxScore": 518.0, "minScore": 517.0, "avgScore": 517.5, "avgOrder": 16696, "minOrder": 17014, "maxOrder": 16696, "kl": "", "ssdm": "62", "rs": 2, "zdx": 470.0, "ptx": 470.0, "zycc": "普通类", "fsx": 470.0}, {"remarks": "", "schcode": "", "sex": "", "campus": "", "nf": "2019", "klmc": "理工", "ssmc": "甘肃", "zylx": "普通类", "zymc": "动物医学", "maxScore": 518.0, "minScore": 518.0, "avgScore": 518.0, "avgOrder": 16696, "minOrder": 16696, "maxOrder": 16696, "kl": "", "ssdm": "62", "rs": 1, "zdx": 470.0, "ptx": 470.0, "zycc": "普通类", "fsx": 470.0}, {"remarks": "", "schcode": "", "sex": "", "campus": "", "nf": "2019", "klmc": "理工", "ssmc": "甘肃", "zylx": "普通类", "zymc": "动物药学", "maxScore": 526.0, "minScore": 519.0, "avgScore": 522.5, "avgOrder": 15185, "minOrder": 16387, "maxOrder": 14357, "kl": "", "ssdm": "62", "rs": 2, "zdx": 470.0, "ptx": 470.0, "zycc": "普通类", "fsx": 470.0}, {"remarks": "", "schcode": "", "sex": "", "campus": "", "nf": "2019", "klmc": "理工", "ssmc": "甘肃", "zylx": "普通类", "zymc": "机械类", "maxScore": 527.0, "minScore": 521.0, "avgScore": 524.0, "avgOrder": 14893, "minOrder": 15783, "maxOrder": 14089, "kl": "", "ssdm": "62", "rs": 2, "zdx": 470.0, "ptx": 470.0, "zycc": "普通类", "fsx": 470.0}, {"remarks": "", "schcode": "", "sex": "", "campus": "", "nf": "2019", "klmc": "理工", "ssmc": "甘肃", "zylx": "普通类", "zymc": "能源动力类", "maxScore": 521.0, "minScore": 518.0, "avgScore": 519.5, "avgOrder": 16077, "minOrder": 16696, "maxOrder": 15783, "kl": "", "ssdm": "62", "rs": 2, "zdx": 470.0, "ptx": 470.0, "zycc": "普通类", "fsx": 470.0}, {"remarks": "", "schcode": "", "sex": "", "campus": "", "nf": "2019", "klmc": "理工", "ssmc": "甘肃", "zylx": "普通类", "zymc": "电气工程及其自动化", "maxScore": 521.0, "minScore": 519.0, "avgScore": 520.0, "avgOrder": 16077, "minOrder": 16387, "maxOrder": 15783, "kl": "", "ssdm": "62", "rs": 2, "zdx": 470.0, "ptx": 470.0, "zycc": "普通类", "fsx": 470.0}, {"remarks": "", "schcode": "", "sex": "", "campus": "", "nf": "2019", "klmc": "理工", "ssmc": "甘肃", "zylx": "普通类", "zymc": "计算机科学与技术", "maxScore": 520.0, "minScore": 519.0, "avgScore": 519.5, "avgOrder": 16077, "minOrder": 16387, "maxOrder": 16077, "kl": "", "ssdm": "62", "rs": 2, "zdx": 470.0, "ptx": 470.0, "zycc": "普通类", "fsx": 470.0}, {"remarks": "", "schcode": "", "sex": "", "campus": "", "nf": "2019", "klmc": "理工", "ssmc": "甘肃", "zylx": "普通类", "zymc": "金融学类", "maxScore": 536.0, "minScore": 519.0, "avgScore": 527.5, "avgOrder": 13816, "minOrder": 16387, "maxOrder": 11922, "kl": "", "ssdm": "62", "rs": 2, "zdx": 470.0, "ptx": 470.0, "zycc": "普通类", "fsx": 470.0}, {"remarks": "", "schcode": "", "sex": "", "campus": "", "nf": "2019", "klmc": "理工", "ssmc": "甘肃", "zylx": "普通类", "zymc": "生物科学类", "maxScore": 521.0, "minScore": 520.0, "avgScore": 520.5, "avgOrder": 15783, "minOrder": 16077, "maxOrder": 15783, "kl": "", "ssdm": "62", "rs": 2, "zdx": 470.0, "ptx": 470.0, "zycc": "普通类", "fsx": 470.0}, {"remarks": "", "schcode": "", "sex": "", "campus": "", "nf": "2019", "klmc": "理工", "ssmc": "甘肃", "zylx": "普通类", "zymc": "食品科学与工程类", "maxScore": 519.0, "minScore": 519.0, "avgScore": 519.0, "avgOrder": 16387, "minOrder": 16387, "maxOrder": 16387, "kl": "", "ssdm": "62", "rs": 2, "zdx": 470.0, "ptx": 470.0, "zycc": "普通类", "fsx": 470.0}, {"remarks": "", "schcode": "", "sex": "", "campus": "", "nf": "2019", "klmc": "理工", "ssmc": "甘肃", "zylx": "普通类", "zymc": "土地资源管理", "maxScore": 518.0, "minScore": 518.0, "avgScore": 518.0, "avgOrder": 16696, "minOrder": 16696, "maxOrder": 16696, "kl": "", "ssdm": "62", "rs": 2, "zdx": 470.0, "ptx": 470.0, "zycc": "普通类", "fsx": 470.0}, {"remarks": "", "schcode": "", "sex": "", "campus": "", "nf": "2019", "klmc": "理工", "ssmc": "甘肃", "zylx": "普通类", "zymc": "水利类", "maxScore": 523.0, "minScore": 518.0, "avgScore": 520.5, "avgOrder": 15783, "minOrder": 16696, "maxOrder": 15185, "kl": "", "ssdm": "62", "rs": 2, "zdx": 470.0, "ptx": 470.0, "zycc": "普通类", "fsx": 470.0}, {"remarks": "", "schcode": "", "sex": "", "campus": "", "nf": "2019", "klmc": "理工", "ssmc": "甘肃", "zylx": "普通类", "zymc": "土木工程", "maxScore": 517.0, "minScore": 517.0, "avgScore": 517.0, "avgOrder": 17014, "minOrder": 17014, "maxOrder": 17014, "kl": "", "ssdm": "62", "rs": 2, "zdx": 470.0, "ptx": 470.0, "zycc": "普通类", "fsx": 470.0}], "withYsl": false}, "jessionid": "be6fea6da6d947ea968a0aa03c8d00d3"}