{"state": 1, "msg": "操作成功", "data": {"zsSsgradeList": [{"remarks": "", "schcode": "", "sex": "", "campus": "", "nf": "2020", "klmc": "理工", "ssmc": "湖北", "zylx": "普通类", "kl": "5", "ssdm": "42", "rs": 17, "zdx": 521.0, "ptx": 521.0, "minScore": 584.0, "minOrder": 22352, "avgScore": 585.1, "avgOrder": 21922, "maxScore": 588.0, "maxOrder": 20624, "zycc": "普通类", "fsx": 521.0}], "sszygradeList": [{"remarks": "", "schcode": "", "sex": "", "campus": "", "nf": "2020", "klmc": "理工", "ssmc": "湖北", "zylx": "普通类", "zymc": "园艺", "maxScore": 585.0, "minScore": 584.0, "avgScore": 584.5, "avgOrder": 22352, "minOrder": 22352, "maxOrder": 21922, "kl": "", "ssdm": "42", "rs": 2, "zdx": 521.0, "ptx": 521.0, "zycc": "普通类", "fsx": 521.0}, {"remarks": "", "schcode": "", "sex": "", "campus": "", "nf": "2020", "klmc": "理工", "ssmc": "湖北", "zylx": "普通类", "zymc": "自然保护与环境生态类", "maxScore": 585.0, "minScore": 584.0, "avgScore": 584.5, "avgOrder": 22352, "minOrder": 22352, "maxOrder": 21922, "kl": "", "ssdm": "42", "rs": 2, "zdx": 521.0, "ptx": 521.0, "zycc": "普通类", "fsx": 521.0}, {"remarks": "", "schcode": "", "sex": "", "campus": "", "nf": "2020", "klmc": "理工", "ssmc": "湖北", "zylx": "普通类", "zymc": "动物科学（本硕博班）", "maxScore": 584.0, "minScore": 584.0, "avgScore": 584.0, "avgOrder": 22352, "minOrder": 22352, "maxOrder": 22352, "kl": "", "ssdm": "42", "rs": 2, "zdx": 521.0, "ptx": 521.0, "zycc": "普通类", "fsx": 521.0}, {"remarks": "", "schcode": "", "sex": "", "campus": "", "nf": "2020", "klmc": "理工", "ssmc": "湖北", "zylx": "普通类", "zymc": "机械类", "maxScore": 588.0, "minScore": 586.0, "avgScore": 586.7, "avgOrder": 21037, "minOrder": 21471, "maxOrder": 20624, "kl": "", "ssdm": "42", "rs": 3, "zdx": 521.0, "ptx": 521.0, "zycc": "普通类", "fsx": 521.0}, {"remarks": "", "schcode": "", "sex": "", "campus": "", "nf": "2020", "klmc": "理工", "ssmc": "湖北", "zylx": "普通类", "zymc": "软件工程", "maxScore": 586.0, "minScore": 586.0, "avgScore": 586.0, "avgOrder": 21471, "minOrder": 21471, "maxOrder": 21471, "kl": "", "ssdm": "42", "rs": 2, "zdx": 521.0, "ptx": 521.0, "zycc": "普通类", "fsx": 521.0}, {"remarks": "", "schcode": "", "sex": "", "campus": "", "nf": "2020", "klmc": "理工", "ssmc": "湖北", "zylx": "普通类", "zymc": "金融学类", "maxScore": 585.0, "minScore": 585.0, "avgScore": 585.0, "avgOrder": 21922, "minOrder": 21922, "maxOrder": 21922, "kl": "", "ssdm": "42", "rs": 3, "zdx": 521.0, "ptx": 521.0, "zycc": "普通类", "fsx": 521.0}, {"remarks": "", "schcode": "", "sex": "", "campus": "", "nf": "2020", "klmc": "理工", "ssmc": "湖北", "zylx": "普通类", "zymc": "食品科学与工程类", "maxScore": 586.0, "minScore": 584.0, "avgScore": 584.7, "avgOrder": 21922, "minOrder": 22352, "maxOrder": 21471, "kl": "", "ssdm": "42", "rs": 3, "zdx": 521.0, "ptx": 521.0, "zycc": "普通类", "fsx": 521.0}], "withYsl": false}, "jessionid": "be6fea6da6d947ea968a0aa03c8d00d3"}