{"state": 1, "msg": "操作成功", "data": {"zsSsgradeList": [{"remarks": "", "schcode": "", "sex": "", "campus": "", "nf": "2018", "klmc": "文史", "ssmc": "江苏", "zylx": "普通类", "kl": "1", "ssdm": "32", "rs": 4, "zdx": 337.0, "ptx": 337.0, "minScore": 344.0, "minOrder": 12126, "avgScore": 348.0, "avgOrder": 10082, "maxScore": 355.0, "maxOrder": 6958, "zycc": "普通类", "fsx": 337.0}], "sszygradeList": [{"remarks": "", "schcode": "", "sex": "", "campus": "", "nf": "2018", "klmc": "文史", "ssmc": "江苏", "zylx": "普通类", "zymc": "行政管理", "maxScore": 345.0, "minScore": 344.0, "avgScore": 344.5, "avgOrder": 11589, "minOrder": 12126, "maxOrder": 11589, "kl": "", "ssdm": "32", "rs": 2, "zdx": 337.0, "ptx": 337.0, "zycc": "普通类", "fsx": 337.0}, {"remarks": "", "schcode": "", "sex": "", "campus": "", "nf": "2018", "klmc": "文史", "ssmc": "江苏", "zylx": "普通类", "zymc": "英语", "maxScore": 355.0, "minScore": 348.0, "avgScore": 351.5, "avgOrder": 8191, "minOrder": 10082, "maxOrder": 6958, "kl": "", "ssdm": "32", "rs": 2, "zdx": 337.0, "ptx": 337.0, "zycc": "普通类", "fsx": 337.0}], "withYsl": false}, "jessionid": "be6fea6da6d947ea968a0aa03c8d00d3"}