{"state": 1, "msg": "操作成功", "data": {"zsSsgradeList": [{"remarks": "", "schcode": "", "sex": "", "campus": "", "nf": "2019", "klmc": "文史", "ssmc": "辽宁", "zylx": "普通类", "kl": "1", "ssdm": "21", "rs": 21, "zdx": 482.0, "ptx": 482.0, "minScore": 583.0, "minOrder": 4115, "avgScore": 585.8, "avgOrder": 3746, "maxScore": 592.0, "maxOrder": 3092, "zycc": "普通类", "fsx": 482.0}], "sszygradeList": [{"remarks": "", "schcode": "", "sex": "", "campus": "", "nf": "2019", "klmc": "文史", "ssmc": "辽宁", "zylx": "普通类", "zymc": "工商管理类", "maxScore": 589.0, "minScore": 585.0, "avgScore": 586.2, "avgOrder": 3746, "minOrder": 3860, "maxOrder": 3428, "kl": "", "ssdm": "21", "rs": 10, "zdx": 482.0, "ptx": 482.0, "zycc": "普通类", "fsx": 482.0}, {"remarks": "", "schcode": "", "sex": "", "campus": "", "nf": "2019", "klmc": "文史", "ssmc": "辽宁", "zylx": "普通类", "zymc": "农林经济管理", "maxScore": 592.0, "minScore": 588.0, "avgScore": 590.0, "avgOrder": 3303, "minOrder": 3532, "maxOrder": 3092, "kl": "", "ssdm": "21", "rs": 2, "zdx": 482.0, "ptx": 482.0, "zycc": "普通类", "fsx": 482.0}, {"remarks": "", "schcode": "", "sex": "", "campus": "", "nf": "2019", "klmc": "文史", "ssmc": "辽宁", "zylx": "普通类", "zymc": "法学类", "maxScore": 585.0, "minScore": 583.0, "avgScore": 584.2, "avgOrder": 3977, "minOrder": 4115, "maxOrder": 3860, "kl": "", "ssdm": "21", "rs": 4, "zdx": 482.0, "ptx": 482.0, "zycc": "普通类", "fsx": 482.0}, {"remarks": "", "schcode": "", "sex": "", "campus": "", "nf": "2019", "klmc": "文史", "ssmc": "辽宁", "zylx": "普通类", "zymc": "行政管理", "maxScore": 584.0, "minScore": 584.0, "avgScore": 584.0, "avgOrder": 3977, "minOrder": 3977, "maxOrder": 3977, "kl": "", "ssdm": "21", "rs": 2, "zdx": 482.0, "ptx": 482.0, "zycc": "普通类", "fsx": 482.0}, {"remarks": "", "schcode": "", "sex": "", "campus": "", "nf": "2019", "klmc": "文史", "ssmc": "辽宁", "zylx": "普通类", "zymc": "英语", "maxScore": 586.0, "minScore": 584.0, "avgScore": 585.0, "avgOrder": 3860, "minOrder": 3977, "maxOrder": 3746, "kl": "", "ssdm": "21", "rs": 3, "zdx": 482.0, "ptx": 482.0, "zycc": "普通类", "fsx": 482.0}], "withYsl": false}, "jessionid": "be6fea6da6d947ea968a0aa03c8d00d3"}