{"state": 1, "msg": "操作成功", "data": {"zsSsgradeList": [{"remarks": "", "schcode": "", "sex": "", "campus": "", "nf": "2018", "klmc": "理工", "ssmc": "山西", "zylx": "普通类", "kl": "5", "ssdm": "14", "rs": 109, "zdx": 516.0, "ptx": 516.0, "minScore": 533.0, "minOrder": 23682, "avgScore": 538.9, "avgOrder": 21223, "maxScore": 562.0, "maxOrder": 13369, "zycc": "普通类", "fsx": 516.0}], "sszygradeList": [{"remarks": "", "schcode": "", "sex": "", "campus": "", "nf": "2018", "klmc": "理工", "ssmc": "山西", "zylx": "普通类", "zymc": "农学", "maxScore": 537.0, "minScore": 534.0, "avgScore": 535.2, "avgOrder": 22869, "minOrder": 23274, "maxOrder": 22036, "kl": "", "ssdm": "14", "rs": 5, "zdx": 516.0, "ptx": 516.0, "zycc": "普通类", "fsx": 516.0}, {"remarks": "", "schcode": "", "sex": "", "campus": "", "nf": "2018", "klmc": "理工", "ssmc": "山西", "zylx": "普通类", "zymc": "植物保护", "maxScore": 534.0, "minScore": 534.0, "avgScore": 534.0, "avgOrder": 23274, "minOrder": 23274, "maxOrder": 23274, "kl": "", "ssdm": "14", "rs": 3, "zdx": 516.0, "ptx": 516.0, "zycc": "普通类", "fsx": 516.0}, {"remarks": "", "schcode": "", "sex": "", "campus": "", "nf": "2018", "klmc": "理工", "ssmc": "山西", "zylx": "普通类", "zymc": "植物科学与技术", "maxScore": 534.0, "minScore": 534.0, "avgScore": 534.0, "avgOrder": 23274, "minOrder": 23274, "maxOrder": 23274, "kl": "", "ssdm": "14", "rs": 1, "zdx": 516.0, "ptx": 516.0, "zycc": "普通类", "fsx": 516.0}, {"remarks": "", "schcode": "", "sex": "", "campus": "", "nf": "2018", "klmc": "理工", "ssmc": "山西", "zylx": "普通类", "zymc": "种子科学与工程", "maxScore": 534.0, "minScore": 533.0, "avgScore": 533.5, "avgOrder": 23274, "minOrder": 23682, "maxOrder": 23274, "kl": "", "ssdm": "14", "rs": 2, "zdx": 516.0, "ptx": 516.0, "zycc": "普通类", "fsx": 516.0}, {"remarks": "", "schcode": "", "sex": "", "campus": "", "nf": "2018", "klmc": "理工", "ssmc": "山西", "zylx": "普通类", "zymc": "园艺", "maxScore": 561.0, "minScore": 539.0, "avgScore": 551.7, "avgOrder": 16521, "minOrder": 21223, "maxOrder": 13666, "kl": "", "ssdm": "14", "rs": 3, "zdx": 516.0, "ptx": 516.0, "zycc": "普通类", "fsx": 516.0}, {"remarks": "", "schcode": "", "sex": "", "campus": "", "nf": "2018", "klmc": "理工", "ssmc": "山西", "zylx": "普通类", "zymc": "设施农业科学与工程", "maxScore": 546.0, "minScore": 535.0, "avgScore": 540.5, "avgOrder": 20483, "minOrder": 22869, "maxOrder": 18623, "kl": "", "ssdm": "14", "rs": 2, "zdx": 516.0, "ptx": 516.0, "zycc": "普通类", "fsx": 516.0}, {"remarks": "", "schcode": "", "sex": "", "campus": "", "nf": "2018", "klmc": "理工", "ssmc": "山西", "zylx": "普通类", "zymc": "园林", "maxScore": 539.0, "minScore": 535.0, "avgScore": 536.0, "avgOrder": 22440, "minOrder": 22869, "maxOrder": 21223, "kl": "", "ssdm": "14", "rs": 5, "zdx": 516.0, "ptx": 516.0, "zycc": "普通类", "fsx": 516.0}, {"remarks": "", "schcode": "", "sex": "", "campus": "", "nf": "2018", "klmc": "理工", "ssmc": "山西", "zylx": "普通类", "zymc": "应用气象学", "maxScore": 535.0, "minScore": 534.0, "avgScore": 534.3, "avgOrder": 23274, "minOrder": 23274, "maxOrder": 22869, "kl": "", "ssdm": "14", "rs": 3, "zdx": 516.0, "ptx": 516.0, "zycc": "普通类", "fsx": 516.0}, {"remarks": "", "schcode": "", "sex": "", "campus": "", "nf": "2018", "klmc": "理工", "ssmc": "山西", "zylx": "普通类", "zymc": "生态学", "maxScore": 535.0, "minScore": 535.0, "avgScore": 535.0, "avgOrder": 22869, "minOrder": 22869, "maxOrder": 22869, "kl": "", "ssdm": "14", "rs": 2, "zdx": 516.0, "ptx": 516.0, "zycc": "普通类", "fsx": 516.0}, {"remarks": "", "schcode": "", "sex": "", "campus": "", "nf": "2018", "klmc": "理工", "ssmc": "山西", "zylx": "普通类", "zymc": "环境科学与工程类", "maxScore": 540.0, "minScore": 536.0, "avgScore": 537.5, "avgOrder": 21646, "minOrder": 22440, "maxOrder": 20826, "kl": "", "ssdm": "14", "rs": 6, "zdx": 516.0, "ptx": 516.0, "zycc": "普通类", "fsx": 516.0}, {"remarks": "", "schcode": "", "sex": "", "campus": "", "nf": "2018", "klmc": "理工", "ssmc": "山西", "zylx": "普通类", "zymc": "自然保护与环境生态类", "maxScore": 547.0, "minScore": 533.0, "avgScore": 539.2, "avgOrder": 21223, "minOrder": 23682, "maxOrder": 18218, "kl": "", "ssdm": "14", "rs": 4, "zdx": 516.0, "ptx": 516.0, "zycc": "普通类", "fsx": 516.0}, {"remarks": "", "schcode": "", "sex": "", "campus": "", "nf": "2018", "klmc": "理工", "ssmc": "山西", "zylx": "普通类", "zymc": "动物科学", "maxScore": 542.0, "minScore": 535.0, "avgScore": 538.0, "avgOrder": 21646, "minOrder": 22869, "maxOrder": 20108, "kl": "", "ssdm": "14", "rs": 6, "zdx": 516.0, "ptx": 516.0, "zycc": "普通类", "fsx": 516.0}, {"remarks": "", "schcode": "", "sex": "", "campus": "", "nf": "2018", "klmc": "理工", "ssmc": "山西", "zylx": "普通类", "zymc": "动物医学", "maxScore": 542.0, "minScore": 534.0, "avgScore": 536.8, "avgOrder": 22036, "minOrder": 23274, "maxOrder": 20108, "kl": "", "ssdm": "14", "rs": 4, "zdx": 516.0, "ptx": 516.0, "zycc": "普通类", "fsx": 516.0}, {"remarks": "", "schcode": "", "sex": "", "campus": "", "nf": "2018", "klmc": "理工", "ssmc": "山西", "zylx": "普通类", "zymc": "动物药学", "maxScore": 540.0, "minScore": 534.0, "avgScore": 537.0, "avgOrder": 22036, "minOrder": 23274, "maxOrder": 20826, "kl": "", "ssdm": "14", "rs": 2, "zdx": 516.0, "ptx": 516.0, "zycc": "普通类", "fsx": 516.0}, {"remarks": "", "schcode": "", "sex": "", "campus": "", "nf": "2018", "klmc": "理工", "ssmc": "山西", "zylx": "普通类", "zymc": "机械类", "maxScore": 545.0, "minScore": 540.0, "avgScore": 542.0, "avgOrder": 20108, "minOrder": 20826, "maxOrder": 18967, "kl": "", "ssdm": "14", "rs": 6, "zdx": 516.0, "ptx": 516.0, "zycc": "普通类", "fsx": 516.0}, {"remarks": "", "schcode": "", "sex": "", "campus": "", "nf": "2018", "klmc": "理工", "ssmc": "山西", "zylx": "普通类", "zymc": "能源动力类", "maxScore": 540.0, "minScore": 539.0, "avgScore": 539.5, "avgOrder": 20826, "minOrder": 21223, "maxOrder": 20826, "kl": "", "ssdm": "14", "rs": 2, "zdx": 516.0, "ptx": 516.0, "zycc": "普通类", "fsx": 516.0}, {"remarks": "", "schcode": "", "sex": "", "campus": "", "nf": "2018", "klmc": "理工", "ssmc": "山西", "zylx": "普通类", "zymc": "工业工程类", "maxScore": 538.0, "minScore": 536.0, "avgScore": 537.0, "avgOrder": 22036, "minOrder": 22440, "maxOrder": 21646, "kl": "", "ssdm": "14", "rs": 2, "zdx": 516.0, "ptx": 516.0, "zycc": "普通类", "fsx": 516.0}, {"remarks": "", "schcode": "", "sex": "", "campus": "", "nf": "2018", "klmc": "理工", "ssmc": "山西", "zylx": "普通类", "zymc": "电气工程及其自动化", "maxScore": 548.0, "minScore": 541.0, "avgScore": 543.3, "avgOrder": 19724, "minOrder": 20483, "maxOrder": 17884, "kl": "", "ssdm": "14", "rs": 3, "zdx": 516.0, "ptx": 516.0, "zycc": "普通类", "fsx": 516.0}, {"remarks": "", "schcode": "", "sex": "", "campus": "", "nf": "2018", "klmc": "理工", "ssmc": "山西", "zylx": "普通类", "zymc": "计算机类", "maxScore": 554.0, "minScore": 542.0, "avgScore": 546.2, "avgOrder": 18623, "minOrder": 20108, "maxOrder": 15866, "kl": "", "ssdm": "14", "rs": 4, "zdx": 516.0, "ptx": 516.0, "zycc": "普通类", "fsx": 516.0}, {"remarks": "", "schcode": "", "sex": "", "campus": "", "nf": "2018", "klmc": "理工", "ssmc": "山西", "zylx": "普通类", "zymc": "农业电气化", "maxScore": 534.0, "minScore": 534.0, "avgScore": 534.0, "avgOrder": 23274, "minOrder": 23274, "maxOrder": 23274, "kl": "", "ssdm": "14", "rs": 1, "zdx": 516.0, "ptx": 516.0, "zycc": "普通类", "fsx": 516.0}, {"remarks": "", "schcode": "", "sex": "", "campus": "", "nf": "2018", "klmc": "理工", "ssmc": "山西", "zylx": "普通类", "zymc": "金融学类", "maxScore": 546.0, "minScore": 539.0, "avgScore": 542.9, "avgOrder": 19724, "minOrder": 21223, "maxOrder": 18623, "kl": "", "ssdm": "14", "rs": 7, "zdx": 516.0, "ptx": 516.0, "zycc": "普通类", "fsx": 516.0}, {"remarks": "", "schcode": "", "sex": "", "campus": "", "nf": "2018", "klmc": "理工", "ssmc": "山西", "zylx": "普通类", "zymc": "生物工程类", "maxScore": 562.0, "minScore": 541.0, "avgScore": 548.3, "avgOrder": 17884, "minOrder": 20483, "maxOrder": 13369, "kl": "", "ssdm": "14", "rs": 3, "zdx": 516.0, "ptx": 516.0, "zycc": "普通类", "fsx": 516.0}, {"remarks": "", "schcode": "", "sex": "", "campus": "", "nf": "2018", "klmc": "理工", "ssmc": "山西", "zylx": "普通类", "zymc": "食品科学与工程类", "maxScore": 554.0, "minScore": 536.0, "avgScore": 540.9, "avgOrder": 20483, "minOrder": 22440, "maxOrder": 15866, "kl": "", "ssdm": "14", "rs": 9, "zdx": 516.0, "ptx": 516.0, "zycc": "普通类", "fsx": 516.0}, {"remarks": "", "schcode": "", "sex": "", "campus": "", "nf": "2018", "klmc": "理工", "ssmc": "山西", "zylx": "普通类", "zymc": "人文地理与城乡规划", "maxScore": 538.0, "minScore": 536.0, "avgScore": 536.7, "avgOrder": 22036, "minOrder": 22440, "maxOrder": 21646, "kl": "", "ssdm": "14", "rs": 3, "zdx": 516.0, "ptx": 516.0, "zycc": "普通类", "fsx": 516.0}, {"remarks": "", "schcode": "", "sex": "", "campus": "", "nf": "2018", "klmc": "理工", "ssmc": "山西", "zylx": "普通类", "zymc": "土地整治工程", "maxScore": 538.0, "minScore": 534.0, "avgScore": 536.0, "avgOrder": 22440, "minOrder": 23274, "maxOrder": 21646, "kl": "", "ssdm": "14", "rs": 2, "zdx": 516.0, "ptx": 516.0, "zycc": "普通类", "fsx": 516.0}, {"remarks": "", "schcode": "", "sex": "", "campus": "", "nf": "2018", "klmc": "理工", "ssmc": "山西", "zylx": "普通类", "zymc": "土地资源管理", "maxScore": 537.0, "minScore": 536.0, "avgScore": 536.5, "avgOrder": 22036, "minOrder": 22440, "maxOrder": 22036, "kl": "", "ssdm": "14", "rs": 2, "zdx": 516.0, "ptx": 516.0, "zycc": "普通类", "fsx": 516.0}, {"remarks": "", "schcode": "", "sex": "", "campus": "", "nf": "2018", "klmc": "理工", "ssmc": "山西", "zylx": "普通类", "zymc": "水利类", "maxScore": 538.0, "minScore": 535.0, "avgScore": 536.1, "avgOrder": 22440, "minOrder": 22869, "maxOrder": 21646, "kl": "", "ssdm": "14", "rs": 8, "zdx": 516.0, "ptx": 516.0, "zycc": "普通类", "fsx": 516.0}, {"remarks": "", "schcode": "", "sex": "", "campus": "", "nf": "2018", "klmc": "理工", "ssmc": "山西", "zylx": "普通类", "zymc": "土木工程", "maxScore": 542.0, "minScore": 538.0, "avgScore": 539.2, "avgOrder": 21223, "minOrder": 21646, "maxOrder": 20108, "kl": "", "ssdm": "14", "rs": 4, "zdx": 516.0, "ptx": 516.0, "zycc": "普通类", "fsx": 516.0}, {"remarks": "", "schcode": "", "sex": "", "campus": "", "nf": "2018", "klmc": "理工", "ssmc": "山西", "zylx": "普通类", "zymc": "工程管理", "maxScore": 536.0, "minScore": 533.0, "avgScore": 534.4, "avgOrder": 23274, "minOrder": 23682, "maxOrder": 22440, "kl": "", "ssdm": "14", "rs": 5, "zdx": 516.0, "ptx": 516.0, "zycc": "普通类", "fsx": 516.0}, {"remarks": "", "schcode": "", "sex": "", "campus": "", "nf": "2018", "klmc": "理工", "ssmc": "山西", "zylx": "普通类", "zymc": "统计学类", "maxScore": 556.0, "minScore": 537.0, "avgScore": 541.2, "avgOrder": 20483, "minOrder": 22036, "maxOrder": 15217, "kl": "", "ssdm": "14", "rs": 6, "zdx": 516.0, "ptx": 516.0, "zycc": "普通类", "fsx": 516.0}, {"remarks": "", "schcode": "", "sex": "", "campus": "", "nf": "2018", "klmc": "理工", "ssmc": "山西", "zylx": "普通类", "zymc": "应用化学", "maxScore": 542.0, "minScore": 539.0, "avgScore": 540.5, "avgOrder": 20483, "minOrder": 21223, "maxOrder": 20108, "kl": "", "ssdm": "14", "rs": 2, "zdx": 516.0, "ptx": 516.0, "zycc": "普通类", "fsx": 516.0}, {"remarks": "", "schcode": "", "sex": "", "campus": "", "nf": "2018", "klmc": "理工", "ssmc": "山西", "zylx": "普通类", "zymc": "化学生物学", "maxScore": 537.0, "minScore": 535.0, "avgScore": 536.0, "avgOrder": 22440, "minOrder": 22869, "maxOrder": 22036, "kl": "", "ssdm": "14", "rs": 2, "zdx": 516.0, "ptx": 516.0, "zycc": "普通类", "fsx": 516.0}], "withYsl": false}, "jessionid": "be6fea6da6d947ea968a0aa03c8d00d3"}