{"state": 1, "msg": "操作成功", "data": {"zsSsgradeList": [{"remarks": "", "schcode": "", "sex": "", "campus": "", "nf": "2019", "klmc": "理工", "ssmc": "湖北", "zylx": "国家专项", "kl": "5", "ssdm": "42", "rs": 13, "zdx": 505.0, "ptx": 505.0, "minScore": 554.0, "minOrder": 27139, "avgScore": 558.6, "avgOrder": 24916, "maxScore": 565.0, "maxOrder": 22378, "zycc": "国家专项", "fsx": 505.0}], "sszygradeList": [{"remarks": "", "schcode": "", "sex": "", "campus": "", "nf": "2019", "klmc": "理工", "ssmc": "湖北", "zylx": "国家专项", "zymc": "风景园林", "maxScore": 557.0, "minScore": 554.0, "avgScore": 555.5, "avgOrder": 26264, "minOrder": 27139, "maxOrder": 25810, "kl": "", "ssdm": "42", "rs": 2, "zdx": 505.0, "ptx": 505.0, "zycc": "国家专项", "fsx": 505.0}, {"remarks": "", "schcode": "", "sex": "", "campus": "", "nf": "2019", "klmc": "理工", "ssmc": "湖北", "zylx": "国家专项", "zymc": "动物科学", "maxScore": 558.0, "minScore": 555.0, "avgScore": 556.5, "avgOrder": 25810, "minOrder": 26700, "maxOrder": 25381, "kl": "", "ssdm": "42", "rs": 2, "zdx": 505.0, "ptx": 505.0, "zycc": "国家专项", "fsx": 505.0}, {"remarks": "", "schcode": "", "sex": "", "campus": "", "nf": "2019", "klmc": "理工", "ssmc": "湖北", "zylx": "国家专项", "zymc": "动物医学", "maxScore": 559.0, "minScore": 555.0, "avgScore": 557.0, "avgOrder": 25810, "minOrder": 26700, "maxOrder": 24916, "kl": "", "ssdm": "42", "rs": 2, "zdx": 505.0, "ptx": 505.0, "zycc": "国家专项", "fsx": 505.0}, {"remarks": "", "schcode": "", "sex": "", "campus": "", "nf": "2019", "klmc": "理工", "ssmc": "湖北", "zylx": "国家专项", "zymc": "机械类", "maxScore": 559.0, "minScore": 559.0, "avgScore": 559.0, "avgOrder": 24916, "minOrder": 24916, "maxOrder": 24916, "kl": "", "ssdm": "42", "rs": 1, "zdx": 505.0, "ptx": 505.0, "zycc": "国家专项", "fsx": 505.0}, {"remarks": "", "schcode": "", "sex": "", "campus": "", "nf": "2019", "klmc": "理工", "ssmc": "湖北", "zylx": "国家专项", "zymc": "计算机科学与技术", "maxScore": 562.0, "minScore": 557.0, "avgScore": 559.5, "avgOrder": 24495, "minOrder": 25810, "maxOrder": 23619, "kl": "", "ssdm": "42", "rs": 2, "zdx": 505.0, "ptx": 505.0, "zycc": "国家专项", "fsx": 505.0}, {"remarks": "", "schcode": "", "sex": "", "campus": "", "nf": "2019", "klmc": "理工", "ssmc": "湖北", "zylx": "国家专项", "zymc": "金融学类", "maxScore": 563.0, "minScore": 561.0, "avgScore": 562.0, "avgOrder": 23619, "minOrder": 24070, "maxOrder": 23195, "kl": "", "ssdm": "42", "rs": 2, "zdx": 505.0, "ptx": 505.0, "zycc": "国家专项", "fsx": 505.0}, {"remarks": "", "schcode": "", "sex": "", "campus": "", "nf": "2019", "klmc": "理工", "ssmc": "湖北", "zylx": "国家专项", "zymc": "土木工程", "maxScore": 565.0, "minScore": 557.0, "avgScore": 561.0, "avgOrder": 24070, "minOrder": 25810, "maxOrder": 22378, "kl": "", "ssdm": "42", "rs": 2, "zdx": 505.0, "ptx": 505.0, "zycc": "国家专项", "fsx": 505.0}], "withYsl": false}, "jessionid": "be6fea6da6d947ea968a0aa03c8d00d3"}