{"state": 1, "msg": "操作成功", "data": {"zsSsgradeList": [{"remarks": "", "schcode": "", "sex": "", "campus": "", "nf": "2019", "klmc": "综合改革", "ssmc": "上海", "zylx": "普通类", "kl": "Z", "ssdm": "31", "rs": 5, "zdx": 403.0, "ptx": 403.0, "minScore": 478.0, "minOrder": 20621, "avgScore": 486.0, "avgOrder": 18753, "maxScore": 495.0, "maxOrder": 16610, "zycc": "普通类", "fsx": 403.0}], "sszygradeList": [{"remarks": "", "schcode": "", "sex": "", "campus": "", "nf": "2019", "klmc": "综合改革", "ssmc": "上海", "zylx": "普通类", "zymc": "金融学类", "maxScore": 483.0, "minScore": 483.0, "avgScore": 483.0, "avgOrder": 19460, "minOrder": 19460, "maxOrder": 19460, "kl": "", "ssdm": "31", "rs": 1, "zdx": 403.0, "ptx": 403.0, "zycc": "普通类", "fsx": 403.0}, {"remarks": "", "schcode": "", "sex": "", "campus": "", "nf": "2019", "klmc": "综合改革", "ssmc": "上海", "zylx": "普通类", "zymc": "工商管理类", "maxScore": 483.0, "minScore": 483.0, "avgScore": 483.0, "avgOrder": 19460, "minOrder": 19460, "maxOrder": 19460, "kl": "", "ssdm": "31", "rs": 1, "zdx": 403.0, "ptx": 403.0, "zycc": "普通类", "fsx": 403.0}, {"remarks": "", "schcode": "", "sex": "", "campus": "", "nf": "2019", "klmc": "综合改革", "ssmc": "上海", "zylx": "普通类", "zymc": "食品科学与工程类", "maxScore": 495.0, "minScore": 491.0, "avgScore": 493.0, "avgOrder": 17092, "minOrder": 17574, "maxOrder": 16610, "kl": "", "ssdm": "31", "rs": 2, "zdx": 403.0, "ptx": 403.0, "zycc": "普通类", "fsx": 403.0}, {"remarks": "", "schcode": "", "sex": "", "campus": "", "nf": "2019", "klmc": "综合改革", "ssmc": "上海", "zylx": "普通类", "zymc": "土木工程", "maxScore": 478.0, "minScore": 478.0, "avgScore": 478.0, "avgOrder": 20621, "minOrder": 20621, "maxOrder": 20621, "kl": "", "ssdm": "31", "rs": 1, "zdx": 403.0, "ptx": 403.0, "zycc": "普通类", "fsx": 403.0}], "withYsl": false}, "jessionid": "be6fea6da6d947ea968a0aa03c8d00d3"}