{"state": 1, "msg": "操作成功", "data": {"zsSsgradeList": [{"remarks": "", "schcode": "", "sex": "", "campus": "", "nf": "2019", "klmc": "文史", "ssmc": "宁夏", "zylx": "普通类", "kl": "1", "ssdm": "64", "rs": 2, "zdx": 538.0, "ptx": 538.0, "minScore": 542.0, "minOrder": 2510, "avgScore": 545.0, "avgOrder": 2320, "maxScore": 548.0, "maxOrder": 2152, "zycc": "普通类", "fsx": 538.0}], "sszygradeList": [{"remarks": "", "schcode": "", "sex": "", "campus": "", "nf": "2019", "klmc": "文史", "ssmc": "宁夏", "zylx": "普通类", "zymc": "农林经济管理", "maxScore": 548.0, "minScore": 542.0, "avgScore": 545.0, "avgOrder": 2320, "minOrder": 2510, "maxOrder": 2152, "kl": "", "ssdm": "64", "rs": 2, "zdx": 538.0, "ptx": 538.0, "zycc": "普通类", "fsx": 538.0}], "withYsl": false}, "jessionid": "be6fea6da6d947ea968a0aa03c8d00d3"}