{"state": 1, "msg": "操作成功", "data": {"zsSsgradeList": [{"remarks": "", "schcode": "", "sex": "", "campus": "", "nf": "2020", "klmc": "理工", "ssmc": "青海", "zylx": "国家专项", "kl": "5", "ssdm": "63", "rs": 3, "zdx": 342.0, "ptx": 342.0, "minScore": 450.0, "minOrder": 4523, "avgScore": 457.0, "avgOrder": 4065, "maxScore": 467.0, "maxOrder": 3502, "zycc": "国家专项", "fsx": 342.0}], "sszygradeList": [{"remarks": "", "schcode": "", "sex": "", "campus": "", "nf": "2020", "klmc": "理工", "ssmc": "青海", "zylx": "国家专项", "zymc": "金融学类", "maxScore": 467.0, "minScore": 450.0, "avgScore": 457.0, "avgOrder": 4065, "minOrder": 4523, "maxOrder": 3502, "kl": "", "ssdm": "63", "rs": 3, "zdx": 352.0, "ptx": 352.0, "zycc": "国家专项", "fsx": 352.0}], "withYsl": false}, "jessionid": "be6fea6da6d947ea968a0aa03c8d00d3"}