{"state": 1, "msg": "操作成功", "data": {"zsSsgradeList": [{"remarks": "", "schcode": "", "sex": "", "campus": "", "nf": "2018", "klmc": "理工", "ssmc": "江西", "zylx": "普通类", "kl": "5", "ssdm": "36", "rs": 28, "zdx": 527.0, "ptx": 527.0, "minScore": 556.0, "avgScore": 557.6, "maxScore": 563.0, "zycc": "普通类", "fsx": 527.0}], "sszygradeList": [{"remarks": "", "schcode": "", "sex": "", "campus": "", "nf": "2018", "klmc": "理工", "ssmc": "江西", "zylx": "普通类", "zymc": "园林", "maxScore": 558.0, "minScore": 558.0, "avgScore": 558.0, "kl": "", "ssdm": "36", "rs": 2, "zdx": 527.0, "ptx": 527.0, "zycc": "普通类", "fsx": 527.0}, {"remarks": "", "schcode": "", "sex": "", "campus": "", "nf": "2018", "klmc": "理工", "ssmc": "江西", "zylx": "普通类", "zymc": "应用气象学", "maxScore": 558.0, "minScore": 556.0, "avgScore": 557.0, "kl": "", "ssdm": "36", "rs": 4, "zdx": 527.0, "ptx": 527.0, "zycc": "普通类", "fsx": 527.0}, {"remarks": "", "schcode": "", "sex": "", "campus": "", "nf": "2018", "klmc": "理工", "ssmc": "江西", "zylx": "普通类", "zymc": "环境科学与工程类", "maxScore": 557.0, "minScore": 557.0, "avgScore": 557.0, "kl": "", "ssdm": "36", "rs": 2, "zdx": 527.0, "ptx": 527.0, "zycc": "普通类", "fsx": 527.0}, {"remarks": "", "schcode": "", "sex": "", "campus": "", "nf": "2018", "klmc": "理工", "ssmc": "江西", "zylx": "普通类", "zymc": "自然保护与环境生态类", "maxScore": 558.0, "minScore": 557.0, "avgScore": 557.5, "kl": "", "ssdm": "36", "rs": 2, "zdx": 527.0, "ptx": 527.0, "zycc": "普通类", "fsx": 527.0}, {"remarks": "", "schcode": "", "sex": "", "campus": "", "nf": "2018", "klmc": "理工", "ssmc": "江西", "zylx": "普通类", "zymc": "动物科学", "maxScore": 556.0, "minScore": 556.0, "avgScore": 556.0, "kl": "", "ssdm": "36", "rs": 2, "zdx": 527.0, "ptx": 527.0, "zycc": "普通类", "fsx": 527.0}, {"remarks": "", "schcode": "", "sex": "", "campus": "", "nf": "2018", "klmc": "理工", "ssmc": "江西", "zylx": "普通类", "zymc": "动物医学", "maxScore": 562.0, "minScore": 558.0, "avgScore": 560.0, "kl": "", "ssdm": "36", "rs": 2, "zdx": 527.0, "ptx": 527.0, "zycc": "普通类", "fsx": 527.0}, {"remarks": "", "schcode": "", "sex": "", "campus": "", "nf": "2018", "klmc": "理工", "ssmc": "江西", "zylx": "普通类", "zymc": "机械类", "maxScore": 563.0, "minScore": 558.0, "avgScore": 560.5, "kl": "", "ssdm": "36", "rs": 2, "zdx": 527.0, "ptx": 527.0, "zycc": "普通类", "fsx": 527.0}, {"remarks": "", "schcode": "", "sex": "", "campus": "", "nf": "2018", "klmc": "理工", "ssmc": "江西", "zylx": "普通类", "zymc": "工业工程类", "maxScore": 561.0, "minScore": 557.0, "avgScore": 559.0, "kl": "", "ssdm": "36", "rs": 2, "zdx": 527.0, "ptx": 527.0, "zycc": "普通类", "fsx": 527.0}, {"remarks": "", "schcode": "", "sex": "", "campus": "", "nf": "2018", "klmc": "理工", "ssmc": "江西", "zylx": "普通类", "zymc": "计算机类", "maxScore": 558.0, "minScore": 558.0, "avgScore": 558.0, "kl": "", "ssdm": "36", "rs": 2, "zdx": 527.0, "ptx": 527.0, "zycc": "普通类", "fsx": 527.0}, {"remarks": "", "schcode": "", "sex": "", "campus": "", "nf": "2018", "klmc": "理工", "ssmc": "江西", "zylx": "普通类", "zymc": "金融学类", "maxScore": 558.0, "minScore": 557.0, "avgScore": 557.3, "kl": "", "ssdm": "36", "rs": 3, "zdx": 527.0, "ptx": 527.0, "zycc": "普通类", "fsx": 527.0}, {"remarks": "", "schcode": "", "sex": "", "campus": "", "nf": "2018", "klmc": "理工", "ssmc": "江西", "zylx": "普通类", "zymc": "食品科学与工程类", "maxScore": 558.0, "minScore": 557.0, "avgScore": 557.5, "kl": "", "ssdm": "36", "rs": 2, "zdx": 527.0, "ptx": 527.0, "zycc": "普通类", "fsx": 527.0}, {"remarks": "", "schcode": "", "sex": "", "campus": "", "nf": "2018", "klmc": "理工", "ssmc": "江西", "zylx": "普通类", "zymc": "人文地理与城乡规划", "maxScore": 557.0, "minScore": 556.0, "avgScore": 556.5, "kl": "", "ssdm": "36", "rs": 2, "zdx": 527.0, "ptx": 527.0, "zycc": "普通类", "fsx": 527.0}, {"remarks": "", "schcode": "", "sex": "", "campus": "", "nf": "2018", "klmc": "理工", "ssmc": "江西", "zylx": "普通类", "zymc": "水利类", "maxScore": 558.0, "minScore": 557.0, "avgScore": 557.5, "kl": "", "ssdm": "36", "rs": 2, "zdx": 527.0, "ptx": 527.0, "zycc": "普通类", "fsx": 527.0}], "withYsl": false}, "jessionid": "be6fea6da6d947ea968a0aa03c8d00d3"}