{"state": 1, "msg": "操作成功", "data": {"zsSsgradeList": [{"remarks": "", "schcode": "", "sex": "", "campus": "", "nf": "2019", "klmc": "文史", "ssmc": "黑龙江", "zylx": "普通类", "kl": "1", "ssdm": "23", "rs": 386, "zdx": 500.0, "ptx": 500.0, "minScore": 536.0, "minOrder": 3794, "avgScore": 543.5, "avgOrder": 3150, "maxScore": 561.0, "maxOrder": 1989, "zycc": "普通类", "fsx": 500.0}], "sszygradeList": [{"remarks": "", "schcode": "", "sex": "", "campus": "", "nf": "2019", "klmc": "文史", "ssmc": "黑龙江", "zylx": "普通类", "zymc": "金融学类", "maxScore": 559.0, "minScore": 539.0, "avgScore": 544.7, "avgOrder": 3085, "minOrder": 3535, "maxOrder": 2128, "kl": "", "ssdm": "23", "rs": 110, "zdx": 500.0, "ptx": 500.0, "zycc": "普通类", "fsx": 500.0}, {"remarks": "", "schcode": "", "sex": "", "campus": "", "nf": "2019", "klmc": "文史", "ssmc": "黑龙江", "zylx": "普通类", "zymc": "工商管理类", "maxScore": 557.0, "minScore": 536.0, "avgScore": 540.8, "avgOrder": 3376, "minOrder": 3794, "maxOrder": 2253, "kl": "", "ssdm": "23", "rs": 151, "zdx": 500.0, "ptx": 500.0, "zycc": "普通类", "fsx": 500.0}, {"remarks": "", "schcode": "", "sex": "", "campus": "", "nf": "2019", "klmc": "文史", "ssmc": "黑龙江", "zylx": "普通类", "zymc": "农林经济管理", "maxScore": 557.0, "minScore": 546.0, "avgScore": 549.9, "avgOrder": 2723, "minOrder": 3004, "maxOrder": 2253, "kl": "", "ssdm": "23", "rs": 18, "zdx": 500.0, "ptx": 500.0, "zycc": "普通类", "fsx": 500.0}, {"remarks": "", "schcode": "", "sex": "", "campus": "", "nf": "2019", "klmc": "文史", "ssmc": "黑龙江", "zylx": "普通类", "zymc": "农林经济管理（本硕博班）", "maxScore": 561.0, "minScore": 558.0, "avgScore": 559.4, "avgOrder": 2128, "minOrder": 2183, "maxOrder": 1989, "kl": "", "ssdm": "23", "rs": 7, "zdx": 500.0, "ptx": 500.0, "zycc": "普通类", "fsx": 500.0}, {"remarks": "", "schcode": "", "sex": "", "campus": "", "nf": "2019", "klmc": "文史", "ssmc": "黑龙江", "zylx": "普通类", "zymc": "法学类", "maxScore": 557.0, "minScore": 542.0, "avgScore": 546.5, "avgOrder": 3004, "minOrder": 3297, "maxOrder": 2253, "kl": "", "ssdm": "23", "rs": 27, "zdx": 500.0, "ptx": 500.0, "zycc": "普通类", "fsx": 500.0}, {"remarks": "", "schcode": "", "sex": "", "campus": "", "nf": "2019", "klmc": "文史", "ssmc": "黑龙江", "zylx": "普通类", "zymc": "行政管理", "maxScore": 551.0, "minScore": 537.0, "avgScore": 539.5, "avgOrder": 3444, "minOrder": 3707, "maxOrder": 2645, "kl": "", "ssdm": "23", "rs": 16, "zdx": 500.0, "ptx": 500.0, "zycc": "普通类", "fsx": 500.0}, {"remarks": "", "schcode": "", "sex": "", "campus": "", "nf": "2019", "klmc": "文史", "ssmc": "黑龙江", "zylx": "普通类", "zymc": "英语", "maxScore": 557.0, "minScore": 546.0, "avgScore": 549.0, "avgOrder": 2792, "minOrder": 3004, "maxOrder": 2253, "kl": "", "ssdm": "23", "rs": 18, "zdx": 500.0, "ptx": 500.0, "zycc": "普通类", "fsx": 500.0}, {"remarks": "", "schcode": "", "sex": "", "campus": "", "nf": "2019", "klmc": "文史", "ssmc": "黑龙江", "zylx": "普通类", "zymc": "俄语", "maxScore": 551.0, "minScore": 536.0, "avgScore": 540.1, "avgOrder": 3444, "minOrder": 3794, "maxOrder": 2645, "kl": "", "ssdm": "23", "rs": 15, "zdx": 500.0, "ptx": 500.0, "zycc": "普通类", "fsx": 500.0}, {"remarks": "", "schcode": "", "sex": "", "campus": "", "nf": "2019", "klmc": "文史", "ssmc": "黑龙江", "zylx": "普通类", "zymc": "汉语国际教育", "maxScore": 556.0, "minScore": 539.0, "avgScore": 543.0, "avgOrder": 3220, "minOrder": 3535, "maxOrder": 2329, "kl": "", "ssdm": "23", "rs": 24, "zdx": 500.0, "ptx": 500.0, "zycc": "普通类", "fsx": 500.0}], "withYsl": false}, "jessionid": "be6fea6da6d947ea968a0aa03c8d00d3"}