{"state": 1, "msg": "操作成功", "data": {"zsSsgradeList": [{"remarks": "", "schcode": "", "sex": "", "campus": "", "nf": "2017", "klmc": "文史", "ssmc": "云南", "zylx": "普通类", "kl": "1", "ssdm": "53", "rs": 9, "zdx": 555.0, "ptx": 555.0, "minScore": 572.0, "minOrder": 5915, "avgScore": 573.3, "avgOrder": 5915, "maxScore": 575.0, "maxOrder": 5123, "zycc": "普通类", "fsx": 555.0}], "sszygradeList": [{"remarks": "", "schcode": "", "sex": "", "campus": "", "nf": "2017", "klmc": "文史", "ssmc": "云南", "zylx": "普通类", "zymc": "工商管理类（管理学Ⅱ）", "maxScore": 574.0, "minScore": 572.0, "avgScore": 573.0, "avgOrder": 5915, "minOrder": 5915, "maxOrder": 5915, "kl": "", "ssdm": "53", "rs": 4, "zdx": 555.0, "ptx": 555.0, "zycc": "普通类", "fsx": 555.0}, {"remarks": "", "schcode": "", "sex": "", "campus": "", "nf": "2017", "klmc": "文史", "ssmc": "云南", "zylx": "普通类", "zymc": "农林经济管理", "maxScore": 575.0, "minScore": 574.0, "avgScore": 574.5, "avgOrder": 5123, "minOrder": 5915, "maxOrder": 5123, "kl": "", "ssdm": "53", "rs": 2, "zdx": 555.0, "ptx": 555.0, "zycc": "普通类", "fsx": 555.0}, {"remarks": "", "schcode": "", "sex": "", "campus": "", "nf": "2017", "klmc": "文史", "ssmc": "云南", "zylx": "普通类", "zymc": "法学类（法学）", "maxScore": 573.0, "minScore": 573.0, "avgScore": 573.0, "avgOrder": 5915, "minOrder": 5915, "maxOrder": 5915, "kl": "", "ssdm": "53", "rs": 3, "zdx": 555.0, "ptx": 555.0, "zycc": "普通类", "fsx": 555.0}], "withYsl": false}, "jessionid": "be6fea6da6d947ea968a0aa03c8d00d3"}