{"state": 1, "msg": "操作成功", "data": {"zsSsgradeList": [{"remarks": "", "schcode": "", "sex": "", "campus": "", "nf": "2018", "klmc": "艺术(不分文理)", "ssmc": "辽宁", "zylx": "艺术批", "kl": "A", "ssdm": "21", "zycc": "艺术批"}], "sszygradeList": [{"remarks": "专业成绩；控制线：理科239分，文科300分，专业课170分", "schcode": "", "sex": "", "campus": "", "nf": "2018", "klmc": "艺术(不分文理)", "ssmc": "辽宁", "zylx": "艺术批", "zymc": "音乐表演（器乐）", "maxScore": 237.0, "minScore": 225.0, "avgScore": 231.33, "kl": "", "ssdm": "21", "rs": 3, "zycc": "艺术批"}, {"remarks": "专业成绩；控制线：理科239分，文科300分，专业课170分", "schcode": "", "sex": "", "campus": "", "nf": "2018", "klmc": "艺术(不分文理)", "ssmc": "辽宁", "zylx": "艺术批", "zymc": "音乐表演（声乐）", "maxScore": 230.6, "minScore": 193.5, "avgScore": 212.05, "kl": "", "ssdm": "21", "rs": 2, "zycc": "艺术批"}], "withYsl": false}, "jessionid": "be6fea6da6d947ea968a0aa03c8d00d3"}