{"state": 1, "msg": "操作成功", "data": {"zsSsgradeList": [{"remarks": "", "schcode": "", "sex": "", "campus": "", "nf": "2017", "klmc": "文史", "ssmc": "山西", "zylx": "普通类", "kl": "1", "ssdm": "14", "rs": 29, "zdx": 518.0, "ptx": 518.0, "minScore": 529.0, "minOrder": 3901, "avgScore": 534.7, "avgOrder": 3201, "maxScore": 549.0, "maxOrder": 1965, "zycc": "普通类", "fsx": 518.0}], "sszygradeList": [{"remarks": "", "schcode": "", "sex": "", "campus": "", "nf": "2017", "klmc": "文史", "ssmc": "山西", "zylx": "普通类", "zymc": "工商管理类（管理学Ⅱ）", "maxScore": 549.0, "minScore": 529.0, "avgScore": 534.4, "avgOrder": 3295, "minOrder": 3901, "maxOrder": 1965, "kl": "", "ssdm": "14", "rs": 14, "zdx": 518.0, "ptx": 518.0, "zycc": "普通类", "fsx": 518.0}, {"remarks": "", "schcode": "", "sex": "", "campus": "", "nf": "2017", "klmc": "文史", "ssmc": "山西", "zylx": "普通类", "zymc": "法学类（法学）", "maxScore": 546.0, "minScore": 531.0, "avgScore": 537.7, "avgOrder": 2911, "minOrder": 3659, "maxOrder": 2167, "kl": "", "ssdm": "14", "rs": 6, "zdx": 518.0, "ptx": 518.0, "zycc": "普通类", "fsx": 518.0}, {"remarks": "", "schcode": "", "sex": "", "campus": "", "nf": "2017", "klmc": "文史", "ssmc": "山西", "zylx": "普通类", "zymc": "行政管理", "maxScore": 537.0, "minScore": 529.0, "avgScore": 532.8, "avgOrder": 3404, "minOrder": 3901, "maxOrder": 3002, "kl": "", "ssdm": "14", "rs": 4, "zdx": 518.0, "ptx": 518.0, "zycc": "普通类", "fsx": 518.0}, {"remarks": "", "schcode": "", "sex": "", "campus": "", "nf": "2017", "klmc": "文史", "ssmc": "山西", "zylx": "普通类", "zymc": "英语", "maxScore": 535.0, "minScore": 529.0, "avgScore": 532.0, "avgOrder": 3538, "minOrder": 3901, "maxOrder": 3201, "kl": "", "ssdm": "14", "rs": 3, "zdx": 518.0, "ptx": 518.0, "zycc": "普通类", "fsx": 518.0}, {"remarks": "", "schcode": "", "sex": "", "campus": "", "nf": "2017", "klmc": "文史", "ssmc": "山西", "zylx": "普通类", "zymc": "汉语国际教育", "maxScore": 540.0, "minScore": 531.0, "avgScore": 535.5, "avgOrder": 3114, "minOrder": 3659, "maxOrder": 2710, "kl": "", "ssdm": "14", "rs": 2, "zdx": 518.0, "ptx": 518.0, "zycc": "普通类", "fsx": 518.0}], "withYsl": false}, "jessionid": "be6fea6da6d947ea968a0aa03c8d00d3"}