{"state": 1, "msg": "操作成功", "data": {"zsSsgradeList": [{"remarks": "", "schcode": "", "sex": "", "campus": "", "nf": "2017", "klmc": "文史", "ssmc": "河南", "zylx": "国家专项", "kl": "1", "ssdm": "41", "rs": 3, "zdx": 516.0, "ptx": 516.0, "minScore": 546.0, "minOrder": 9122, "avgScore": 547.0, "avgOrder": 8873, "maxScore": 548.0, "maxOrder": 8606, "zycc": "国家专项", "fsx": 516.0}], "sszygradeList": [{"remarks": "", "schcode": "", "sex": "", "campus": "", "nf": "2017", "klmc": "文史", "ssmc": "河南", "zylx": "国家专项", "zymc": "工商管理类（管理学Ⅱ）", "maxScore": 547.0, "minScore": 546.0, "avgScore": 546.5, "avgOrder": 8873, "minOrder": 9122, "maxOrder": 8873, "kl": "", "ssdm": "41", "rs": 2, "zdx": 516.0, "ptx": 516.0, "zycc": "国家专项", "fsx": 516.0}, {"remarks": "", "schcode": "", "sex": "", "campus": "", "nf": "2017", "klmc": "文史", "ssmc": "河南", "zylx": "国家专项", "zymc": "法学类（法学）", "maxScore": 548.0, "minScore": 548.0, "avgScore": 548.0, "avgOrder": 8606, "minOrder": 8606, "maxOrder": 8606, "kl": "", "ssdm": "41", "rs": 1, "zdx": 516.0, "ptx": 516.0, "zycc": "国家专项", "fsx": 516.0}], "withYsl": false}, "jessionid": "be6fea6da6d947ea968a0aa03c8d00d3"}