{"state": 1, "msg": "操作成功", "data": {"zsSsgradeList": [{"remarks": "", "schcode": "", "sex": "", "campus": "", "nf": "2017", "klmc": "艺术(理)", "ssmc": "山西", "zylx": "艺术批", "kl": "7", "ssdm": "14", "rs": 3, "minScore": 393.0, "avgScore": 435.3, "maxScore": 458.0, "zycc": "艺术批"}], "sszygradeList": [{"remarks": "文化课成绩；控制线：理科313分，术科（联考）194分", "schcode": "", "sex": "", "campus": "", "nf": "2017", "klmc": "艺术(理)", "ssmc": "山西", "zylx": "艺术批", "zymc": "视觉传达设计", "maxScore": 458.0, "minScore": 455.0, "avgScore": 456.5, "kl": "", "ssdm": "14", "rs": 2, "zycc": "艺术批"}, {"remarks": "文化课成绩；控制线：理科313分，术科（联考）194分", "schcode": "", "sex": "", "campus": "", "nf": "2017", "klmc": "艺术(理)", "ssmc": "山西", "zylx": "艺术批", "zymc": "环境设计", "maxScore": 393.0, "minScore": 393.0, "avgScore": 393.0, "kl": "", "ssdm": "14", "rs": 1, "zycc": "艺术批"}], "withYsl": false}, "jessionid": "be6fea6da6d947ea968a0aa03c8d00d3"}