{"state": 1, "msg": "操作成功", "data": {"zsSsgradeList": [{"remarks": "", "schcode": "", "sex": "", "campus": "", "nf": "2019", "klmc": "理工", "ssmc": "福建", "zylx": "普通类", "kl": "5", "ssdm": "35", "rs": 16, "zdx": 493.0, "ptx": 493.0, "minScore": 529.0, "minOrder": 21088, "avgScore": 534.0, "avgOrder": 19375, "maxScore": 546.0, "maxOrder": 15728, "zycc": "普通类", "fsx": 493.0}], "sszygradeList": [{"remarks": "", "schcode": "", "sex": "", "campus": "", "nf": "2019", "klmc": "理工", "ssmc": "福建", "zylx": "普通类", "zymc": "园林", "maxScore": 532.0, "minScore": 531.0, "avgScore": 531.5, "avgOrder": 20047, "minOrder": 20406, "maxOrder": 20047, "kl": "", "ssdm": "35", "rs": 2, "zdx": 493.0, "ptx": 493.0, "zycc": "普通类", "fsx": 493.0}, {"remarks": "", "schcode": "", "sex": "", "campus": "", "nf": "2019", "klmc": "理工", "ssmc": "福建", "zylx": "普通类", "zymc": "机械类", "maxScore": 537.0, "minScore": 533.0, "avgScore": 535.0, "avgOrder": 19046, "minOrder": 19697, "maxOrder": 18425, "kl": "", "ssdm": "35", "rs": 2, "zdx": 493.0, "ptx": 493.0, "zycc": "普通类", "fsx": 493.0}, {"remarks": "", "schcode": "", "sex": "", "campus": "", "nf": "2019", "klmc": "理工", "ssmc": "福建", "zylx": "普通类", "zymc": "金融学类", "maxScore": 546.0, "minScore": 535.0, "avgScore": 539.8, "avgOrder": 17476, "minOrder": 19046, "maxOrder": 15728, "kl": "", "ssdm": "35", "rs": 4, "zdx": 493.0, "ptx": 493.0, "zycc": "普通类", "fsx": 493.0}, {"remarks": "", "schcode": "", "sex": "", "campus": "", "nf": "2019", "klmc": "理工", "ssmc": "福建", "zylx": "普通类", "zymc": "食品科学与工程类", "maxScore": 533.0, "minScore": 530.0, "avgScore": 531.5, "avgOrder": 20047, "minOrder": 20754, "maxOrder": 19697, "kl": "", "ssdm": "35", "rs": 2, "zdx": 493.0, "ptx": 493.0, "zycc": "普通类", "fsx": 493.0}, {"remarks": "", "schcode": "", "sex": "", "campus": "", "nf": "2019", "klmc": "理工", "ssmc": "福建", "zylx": "普通类", "zymc": "土地资源管理", "maxScore": 529.0, "minScore": 529.0, "avgScore": 529.0, "avgOrder": 21088, "minOrder": 21088, "maxOrder": 21088, "kl": "", "ssdm": "35", "rs": 2, "zdx": 493.0, "ptx": 493.0, "zycc": "普通类", "fsx": 493.0}, {"remarks": "", "schcode": "", "sex": "", "campus": "", "nf": "2019", "klmc": "理工", "ssmc": "福建", "zylx": "普通类", "zymc": "土木工程", "maxScore": 535.0, "minScore": 535.0, "avgScore": 535.0, "avgOrder": 19046, "minOrder": 19046, "maxOrder": 19046, "kl": "", "ssdm": "35", "rs": 2, "zdx": 493.0, "ptx": 493.0, "zycc": "普通类", "fsx": 493.0}, {"remarks": "", "schcode": "", "sex": "", "campus": "", "nf": "2019", "klmc": "理工", "ssmc": "福建", "zylx": "普通类", "zymc": "工程管理", "maxScore": 531.0, "minScore": 530.0, "avgScore": 530.5, "avgOrder": 20406, "minOrder": 20754, "maxOrder": 20406, "kl": "", "ssdm": "35", "rs": 2, "zdx": 493.0, "ptx": 493.0, "zycc": "普通类", "fsx": 493.0}], "withYsl": false}, "jessionid": "be6fea6da6d947ea968a0aa03c8d00d3"}