{"state": 1, "msg": "操作成功", "data": {"zsSsgradeList": [{"remarks": "", "schcode": "", "sex": "", "campus": "", "nf": "2018", "klmc": "文史", "ssmc": "广东", "zylx": "普通类", "kl": "1", "ssdm": "44", "rs": 4, "zdx": 443.0, "ptx": 443.0, "minScore": 555.0, "minOrder": 15333, "avgScore": 556.8, "avgOrder": 14519, "maxScore": 558.0, "maxOrder": 14116, "zycc": "普通类", "fsx": 443.0}], "sszygradeList": [{"remarks": "", "schcode": "", "sex": "", "campus": "", "nf": "2018", "klmc": "文史", "ssmc": "广东", "zylx": "普通类", "zymc": "工商管理类", "maxScore": 557.0, "minScore": 555.0, "avgScore": 556.0, "avgOrder": 14921, "minOrder": 15333, "maxOrder": 14519, "kl": "", "ssdm": "44", "rs": 2, "zdx": 443.0, "ptx": 443.0, "zycc": "普通类", "fsx": 443.0}, {"remarks": "", "schcode": "", "sex": "", "campus": "", "nf": "2018", "klmc": "文史", "ssmc": "广东", "zylx": "普通类", "zymc": "法学类", "maxScore": 558.0, "minScore": 557.0, "avgScore": 557.5, "avgOrder": 14116, "minOrder": 14519, "maxOrder": 14116, "kl": "", "ssdm": "44", "rs": 2, "zdx": 443.0, "ptx": 443.0, "zycc": "普通类", "fsx": 443.0}], "withYsl": false}, "jessionid": "be6fea6da6d947ea968a0aa03c8d00d3"}