{"state": 1, "msg": "操作成功", "data": {"zsSsgradeList": [{"remarks": "", "schcode": "", "sex": "", "campus": "", "nf": "2019", "klmc": "理工", "ssmc": "重庆", "zylx": "普通类", "kl": "5", "ssdm": "50", "rs": 25, "zdx": 525.0, "ptx": 525.0, "minScore": 561.0, "minOrder": 23186, "avgScore": 565.6, "avgOrder": 21200, "maxScore": 578.0, "maxOrder": 16738, "zycc": "普通类", "fsx": 525.0}], "sszygradeList": [{"remarks": "", "schcode": "", "sex": "", "campus": "", "nf": "2019", "klmc": "理工", "ssmc": "重庆", "zylx": "普通类", "zymc": "应用气象学", "maxScore": 569.0, "minScore": 565.0, "avgScore": 567.0, "avgOrder": 20802, "minOrder": 21593, "maxOrder": 20059, "kl": "", "ssdm": "50", "rs": 2, "zdx": 525.0, "ptx": 525.0, "zycc": "普通类", "fsx": 525.0}, {"remarks": "", "schcode": "", "sex": "", "campus": "", "nf": "2019", "klmc": "理工", "ssmc": "重庆", "zylx": "普通类", "zymc": "环境科学与工程类", "maxScore": 565.0, "minScore": 562.0, "avgScore": 563.0, "avgOrder": 22404, "minOrder": 22779, "maxOrder": 21593, "kl": "", "ssdm": "50", "rs": 3, "zdx": 525.0, "ptx": 525.0, "zycc": "普通类", "fsx": 525.0}, {"remarks": "", "schcode": "", "sex": "", "campus": "", "nf": "2019", "klmc": "理工", "ssmc": "重庆", "zylx": "普通类", "zymc": "动物科学", "maxScore": 565.0, "minScore": 563.0, "avgScore": 564.0, "avgOrder": 22006, "minOrder": 22404, "maxOrder": 21593, "kl": "", "ssdm": "50", "rs": 2, "zdx": 525.0, "ptx": 525.0, "zycc": "普通类", "fsx": 525.0}, {"remarks": "", "schcode": "", "sex": "", "campus": "", "nf": "2019", "klmc": "理工", "ssmc": "重庆", "zylx": "普通类", "zymc": "能源动力类", "maxScore": 562.0, "minScore": 562.0, "avgScore": 562.0, "avgOrder": 22779, "minOrder": 22779, "maxOrder": 22779, "kl": "", "ssdm": "50", "rs": 2, "zdx": 525.0, "ptx": 525.0, "zycc": "普通类", "fsx": 525.0}, {"remarks": "", "schcode": "", "sex": "", "campus": "", "nf": "2019", "klmc": "理工", "ssmc": "重庆", "zylx": "普通类", "zymc": "计算机科学与技术", "maxScore": 569.0, "minScore": 566.0, "avgScore": 567.5, "avgOrder": 20422, "minOrder": 21200, "maxOrder": 20059, "kl": "", "ssdm": "50", "rs": 2, "zdx": 525.0, "ptx": 525.0, "zycc": "普通类", "fsx": 525.0}, {"remarks": "", "schcode": "", "sex": "", "campus": "", "nf": "2019", "klmc": "理工", "ssmc": "重庆", "zylx": "普通类", "zymc": "金融学类", "maxScore": 566.0, "minScore": 563.0, "avgScore": 564.0, "avgOrder": 22006, "minOrder": 22404, "maxOrder": 21200, "kl": "", "ssdm": "50", "rs": 3, "zdx": 525.0, "ptx": 525.0, "zycc": "普通类", "fsx": 525.0}, {"remarks": "", "schcode": "", "sex": "", "campus": "", "nf": "2019", "klmc": "理工", "ssmc": "重庆", "zylx": "普通类", "zymc": "生物科学类", "maxScore": 570.0, "minScore": 565.0, "avgScore": 567.5, "avgOrder": 20422, "minOrder": 21593, "maxOrder": 19664, "kl": "", "ssdm": "50", "rs": 2, "zdx": 525.0, "ptx": 525.0, "zycc": "普通类", "fsx": 525.0}, {"remarks": "", "schcode": "", "sex": "", "campus": "", "nf": "2019", "klmc": "理工", "ssmc": "重庆", "zylx": "普通类", "zymc": "食品科学与工程类", "maxScore": 562.0, "minScore": 561.0, "avgScore": 561.7, "avgOrder": 22779, "minOrder": 23186, "maxOrder": 22779, "kl": "", "ssdm": "50", "rs": 3, "zdx": 525.0, "ptx": 525.0, "zycc": "普通类", "fsx": 525.0}, {"remarks": "", "schcode": "", "sex": "", "campus": "", "nf": "2019", "klmc": "理工", "ssmc": "重庆", "zylx": "普通类", "zymc": "人文地理与城乡规划", "maxScore": 564.0, "minScore": 564.0, "avgScore": 564.0, "avgOrder": 22006, "minOrder": 22006, "maxOrder": 22006, "kl": "", "ssdm": "50", "rs": 2, "zdx": 525.0, "ptx": 525.0, "zycc": "普通类", "fsx": 525.0}, {"remarks": "", "schcode": "", "sex": "", "campus": "", "nf": "2019", "klmc": "理工", "ssmc": "重庆", "zylx": "普通类", "zymc": "土地资源管理", "maxScore": 578.0, "minScore": 565.0, "avgScore": 571.5, "avgOrder": 18894, "minOrder": 21593, "maxOrder": 16738, "kl": "", "ssdm": "50", "rs": 2, "zdx": 525.0, "ptx": 525.0, "zycc": "普通类", "fsx": 525.0}, {"remarks": "", "schcode": "", "sex": "", "campus": "", "nf": "2019", "klmc": "理工", "ssmc": "重庆", "zylx": "普通类", "zymc": "水利类", "maxScore": 576.0, "minScore": 571.0, "avgScore": 573.5, "avgOrder": 18110, "minOrder": 19274, "maxOrder": 17423, "kl": "", "ssdm": "50", "rs": 2, "zdx": 525.0, "ptx": 525.0, "zycc": "普通类", "fsx": 525.0}], "withYsl": false}, "jessionid": "be6fea6da6d947ea968a0aa03c8d00d3"}