{"state": 1, "msg": "操作成功", "data": {"zsSsgradeList": [{"schcode": "", "sex": "", "campus": "", "nf": "2020", "klmc": "文史", "ssmc": "黑龙江", "zylx": "民族预科", "kl": "1", "ssdm": "23", "rs": 10, "zdx": 483.0, "ptx": 483.0, "minScore": 487.0, "minOrder": 7855, "avgScore": 499.5, "avgOrder": 6484, "maxScore": 520.0, "maxOrder": 4644, "zycc": "民族预科", "fsx": 483.0}], "sszygradeList": [{"schcode": "", "sex": "", "campus": "", "nf": "2020", "klmc": "文史", "ssmc": "黑龙江", "zylx": "民族预科", "zymc": "工商管理类", "maxScore": 508.0, "minScore": 487.0, "avgScore": 495.2, "avgOrder": 6994, "minOrder": 7855, "maxOrder": 5731, "kl": "1", "ssdm": "23", "zydm": "1202", "rs": 6, "zdx": 483.0, "ptx": 483.0, "zycc": "民族预科", "fsx": 483.0}, {"schcode": "", "sex": "", "campus": "", "nf": "2020", "klmc": "文史", "ssmc": "黑龙江", "zylx": "民族预科", "zymc": "法学类", "maxScore": 520.0, "minScore": 506.0, "avgScore": 513.0, "avgOrder": 5250, "minOrder": 5911, "maxOrder": 4644, "kl": "1", "ssdm": "23", "zydm": "0301", "rs": 2, "zdx": 483.0, "ptx": 483.0, "zycc": "民族预科", "fsx": 483.0}, {"schcode": "", "sex": "", "campus": "", "nf": "2020", "klmc": "文史", "ssmc": "黑龙江", "zylx": "民族预科", "zymc": "行政管理", "maxScore": 499.0, "minScore": 499.0, "avgScore": 499.0, "avgOrder": 6596, "minOrder": 6596, "maxOrder": 6596, "kl": "1", "ssdm": "23", "zydm": "120402", "rs": 2, "zdx": 483.0, "ptx": 483.0, "zycc": "民族预科", "fsx": 483.0}], "withYsl": false}, "jessionid": "be6fea6da6d947ea968a0aa03c8d00d3"}