{"state": 1, "msg": "操作成功", "data": {"zsSsgradeList": [{"remarks": "", "schcode": "", "sex": "", "campus": "", "nf": "2017", "klmc": "文史", "ssmc": "内蒙古", "zylx": "普通类", "kl": "1", "ssdm": "15", "rs": 22, "zdx": 472.0, "ptx": 472.0, "minScore": 507.0, "minOrder": 3399, "avgScore": 524.1, "avgOrder": 2267, "maxScore": 535.0, "maxOrder": 1665, "zycc": "普通类", "fsx": 472.0}], "sszygradeList": [{"remarks": "", "schcode": "", "sex": "", "campus": "", "nf": "2017", "klmc": "文史", "ssmc": "内蒙古", "zylx": "普通类", "zymc": "工商管理(中俄合作办学)", "maxScore": 521.0, "minScore": 521.0, "avgScore": 521.0, "avgOrder": 2466, "minOrder": 2466, "maxOrder": 2466, "kl": "", "ssdm": "15", "rs": 1, "zdx": 472.0, "ptx": 472.0, "zycc": "普通类", "fsx": 472.0}, {"remarks": "", "schcode": "", "sex": "", "campus": "", "nf": "2017", "klmc": "文史", "ssmc": "内蒙古", "zylx": "普通类", "zymc": "国际经济与贸易(中俄合作办学)", "maxScore": 520.0, "minScore": 520.0, "avgScore": 520.0, "avgOrder": 2522, "minOrder": 2522, "maxOrder": 2522, "kl": "", "ssdm": "15", "rs": 1, "zdx": 472.0, "ptx": 472.0, "zycc": "普通类", "fsx": 472.0}, {"remarks": "", "schcode": "", "sex": "", "campus": "", "nf": "2017", "klmc": "文史", "ssmc": "内蒙古", "zylx": "普通类", "zymc": "金融学(中俄合作办学)", "maxScore": 514.0, "minScore": 514.0, "avgScore": 514.0, "avgOrder": 2905, "minOrder": 2905, "maxOrder": 2905, "kl": "", "ssdm": "15", "rs": 1, "zdx": 472.0, "ptx": 472.0, "zycc": "普通类", "fsx": 472.0}, {"remarks": "", "schcode": "", "sex": "", "campus": "", "nf": "2017", "klmc": "文史", "ssmc": "内蒙古", "zylx": "普通类", "zymc": "工商管理类（管理学Ⅱ）", "maxScore": 535.0, "minScore": 507.0, "avgScore": 524.3, "avgOrder": 2267, "minOrder": 3399, "maxOrder": 1665, "kl": "", "ssdm": "15", "rs": 10, "zdx": 472.0, "ptx": 472.0, "zycc": "普通类", "fsx": 472.0}, {"remarks": "", "schcode": "", "sex": "", "campus": "", "nf": "2017", "klmc": "文史", "ssmc": "内蒙古", "zylx": "普通类", "zymc": "法学类（法学）", "maxScore": 533.0, "minScore": 533.0, "avgScore": 533.0, "avgOrder": 1758, "minOrder": 1758, "maxOrder": 1758, "kl": "", "ssdm": "15", "rs": 2, "zdx": 472.0, "ptx": 472.0, "zycc": "普通类", "fsx": 472.0}, {"remarks": "", "schcode": "", "sex": "", "campus": "", "nf": "2017", "klmc": "文史", "ssmc": "内蒙古", "zylx": "普通类", "zymc": "行政管理", "maxScore": 527.0, "minScore": 516.0, "avgScore": 521.5, "avgOrder": 2397, "minOrder": 2770, "maxOrder": 2103, "kl": "", "ssdm": "15", "rs": 2, "zdx": 472.0, "ptx": 472.0, "zycc": "普通类", "fsx": 472.0}, {"remarks": "", "schcode": "", "sex": "", "campus": "", "nf": "2017", "klmc": "文史", "ssmc": "内蒙古", "zylx": "普通类", "zymc": "英语", "maxScore": 530.0, "minScore": 523.0, "avgScore": 527.3, "avgOrder": 2103, "minOrder": 2339, "maxOrder": 1925, "kl": "", "ssdm": "15", "rs": 3, "zdx": 472.0, "ptx": 472.0, "zycc": "普通类", "fsx": 472.0}, {"remarks": "", "schcode": "", "sex": "", "campus": "", "nf": "2017", "klmc": "文史", "ssmc": "内蒙古", "zylx": "普通类", "zymc": "汉语国际教育", "maxScore": 525.0, "minScore": 514.0, "avgScore": 520.7, "avgOrder": 2466, "minOrder": 2905, "maxOrder": 2213, "kl": "", "ssdm": "15", "rs": 3, "zdx": 472.0, "ptx": 472.0, "zycc": "普通类", "fsx": 472.0}], "withYsl": false}, "jessionid": "be6fea6da6d947ea968a0aa03c8d00d3"}