{"state": 1, "msg": "操作成功", "data": {"zsSsgradeList": [{"remarks": "", "schcode": "", "sex": "", "campus": "", "nf": "2019", "klmc": "文史", "ssmc": "河北", "zylx": "普通类", "kl": "1", "ssdm": "13", "rs": 7, "zdx": 549.0, "ptx": 549.0, "minScore": 604.0, "minOrder": 3742, "avgScore": 605.3, "avgOrder": 3590, "maxScore": 608.0, "maxOrder": 3159, "zycc": "普通类", "fsx": 549.0}], "sszygradeList": [{"remarks": "", "schcode": "", "sex": "", "campus": "", "nf": "2019", "klmc": "文史", "ssmc": "河北", "zylx": "普通类", "zymc": "工商管理类", "maxScore": 608.0, "minScore": 605.0, "avgScore": 606.0, "avgOrder": 3448, "minOrder": 3590, "maxOrder": 3159, "kl": "", "ssdm": "13", "rs": 4, "zdx": 549.0, "ptx": 549.0, "zycc": "普通类", "fsx": 549.0}, {"remarks": "", "schcode": "", "sex": "", "campus": "", "nf": "2019", "klmc": "文史", "ssmc": "河北", "zylx": "普通类", "zymc": "法学类", "maxScore": 605.0, "minScore": 604.0, "avgScore": 604.3, "avgOrder": 3742, "minOrder": 3742, "maxOrder": 3590, "kl": "", "ssdm": "13", "rs": 3, "zdx": 549.0, "ptx": 549.0, "zycc": "普通类", "fsx": 549.0}], "withYsl": false}, "jessionid": "be6fea6da6d947ea968a0aa03c8d00d3"}