{"state": 1, "msg": "操作成功", "data": {"zsSsgradeList": [{"remarks": "", "schcode": "", "sex": "", "campus": "", "nf": "2019", "klmc": "艺术(文)", "ssmc": "黑龙江", "zylx": "艺术批", "kl": "3", "ssdm": "23", "zycc": "艺术批"}], "sszygradeList": [{"remarks": "文化课成绩；控制线：文科254分，电编228分", "schcode": "", "sex": "", "campus": "", "nf": "2019", "klmc": "艺术(文)", "ssmc": "黑龙江", "zylx": "艺术批", "zymc": "广播电视编导", "maxScore": 493.0, "minScore": 451.0, "avgScore": 472.6, "kl": "", "ssdm": "23", "rs": 17, "zycc": "艺术批"}, {"remarks": "综合分", "schcode": "", "sex": "", "campus": "", "nf": "2019", "klmc": "艺术(文)", "ssmc": "黑龙江", "zylx": "艺术批", "zymc": "视觉传达设计", "maxScore": 532.0, "minScore": 514.0, "avgScore": 521.6, "kl": "", "ssdm": "23", "zydm": "", "rs": 10, "zycc": "艺术批"}, {"remarks": "综合分", "schcode": "", "sex": "", "campus": "", "nf": "2019", "klmc": "艺术(文)", "ssmc": "黑龙江", "zylx": "艺术批", "zymc": "环境设计", "maxScore": 527.0, "minScore": 516.0, "avgScore": 521.2, "kl": "", "ssdm": "23", "zydm": "", "rs": 6, "zycc": "艺术批"}], "withYsl": false}, "jessionid": "be6fea6da6d947ea968a0aa03c8d00d3"}