{"state": 1, "msg": "操作成功", "data": {"zsSsgradeList": [{"remarks": "", "schcode": "", "sex": "", "campus": "", "nf": "2019", "klmc": "理工", "ssmc": "黑龙江", "zylx": "地方专项", "kl": "5", "ssdm": "23", "rs": 98, "zdx": 477.0, "ptx": 477.0, "minScore": 477.0, "minOrder": 37202, "avgScore": 500.9, "avgOrder": 29629, "maxScore": 551.0, "maxOrder": 15788, "zycc": "地方专项", "fsx": 477.0}], "sszygradeList": [{"remarks": "", "schcode": "", "sex": "", "campus": "", "nf": "2019", "klmc": "理工", "ssmc": "黑龙江", "zylx": "地方专项", "zymc": "农学", "maxScore": 488.0, "minScore": 477.0, "avgScore": 482.5, "avgOrder": 35264, "minOrder": 37202, "maxOrder": 33662, "kl": "", "ssdm": "23", "rs": 4, "zdx": 477.0, "ptx": 477.0, "zycc": "地方专项", "fsx": 477.0}, {"remarks": "", "schcode": "", "sex": "", "campus": "", "nf": "2019", "klmc": "理工", "ssmc": "黑龙江", "zylx": "地方专项", "zymc": "风景园林", "maxScore": 509.0, "minScore": 495.0, "avgScore": 502.0, "avgOrder": 29347, "minOrder": 31457, "maxOrder": 27239, "kl": "", "ssdm": "23", "rs": 2, "zdx": 477.0, "ptx": 477.0, "zycc": "地方专项", "fsx": 477.0}, {"remarks": "", "schcode": "", "sex": "", "campus": "", "nf": "2019", "klmc": "理工", "ssmc": "黑龙江", "zylx": "地方专项", "zymc": "园艺", "maxScore": 492.0, "minScore": 477.0, "avgScore": 484.3, "avgOrder": 34966, "minOrder": 37202, "maxOrder": 32391, "kl": "", "ssdm": "23", "rs": 3, "zdx": 477.0, "ptx": 477.0, "zycc": "地方专项", "fsx": 477.0}, {"remarks": "", "schcode": "", "sex": "", "campus": "", "nf": "2019", "klmc": "理工", "ssmc": "黑龙江", "zylx": "地方专项", "zymc": "园林", "maxScore": 492.0, "minScore": 492.0, "avgScore": 492.0, "avgOrder": 32391, "minOrder": 32391, "maxOrder": 32391, "kl": "", "ssdm": "23", "rs": 2, "zdx": 477.0, "ptx": 477.0, "zycc": "地方专项", "fsx": 477.0}, {"remarks": "", "schcode": "", "sex": "", "campus": "", "nf": "2019", "klmc": "理工", "ssmc": "黑龙江", "zylx": "地方专项", "zymc": "应用气象学", "maxScore": 487.0, "minScore": 485.0, "avgScore": 486.0, "avgOrder": 34328, "minOrder": 34657, "maxOrder": 34009, "kl": "", "ssdm": "23", "rs": 2, "zdx": 477.0, "ptx": 477.0, "zycc": "地方专项", "fsx": 477.0}, {"remarks": "", "schcode": "", "sex": "", "campus": "", "nf": "2019", "klmc": "理工", "ssmc": "黑龙江", "zylx": "地方专项", "zymc": "环境科学与工程类", "maxScore": 488.0, "minScore": 486.0, "avgScore": 486.8, "avgOrder": 34009, "minOrder": 34328, "maxOrder": 33662, "kl": "", "ssdm": "23", "rs": 4, "zdx": 477.0, "ptx": 477.0, "zycc": "地方专项", "fsx": 477.0}, {"remarks": "", "schcode": "", "sex": "", "campus": "", "nf": "2019", "klmc": "理工", "ssmc": "黑龙江", "zylx": "地方专项", "zymc": "自然保护与环境生态类", "maxScore": 524.0, "minScore": 478.0, "avgScore": 492.0, "avgOrder": 32391, "minOrder": 36867, "maxOrder": 23018, "kl": "", "ssdm": "23", "rs": 4, "zdx": 477.0, "ptx": 477.0, "zycc": "地方专项", "fsx": 477.0}, {"remarks": "", "schcode": "", "sex": "", "campus": "", "nf": "2019", "klmc": "理工", "ssmc": "黑龙江", "zylx": "地方专项", "zymc": "动物科学", "maxScore": 492.0, "minScore": 477.0, "avgScore": 481.8, "avgOrder": 35589, "minOrder": 37202, "maxOrder": 32391, "kl": "", "ssdm": "23", "rs": 4, "zdx": 477.0, "ptx": 477.0, "zycc": "地方专项", "fsx": 477.0}, {"remarks": "", "schcode": "", "sex": "", "campus": "", "nf": "2019", "klmc": "理工", "ssmc": "黑龙江", "zylx": "地方专项", "zymc": "动物医学", "maxScore": 504.0, "minScore": 488.0, "avgScore": 492.2, "avgOrder": 32391, "minOrder": 33662, "maxOrder": 28711, "kl": "", "ssdm": "23", "rs": 4, "zdx": 477.0, "ptx": 477.0, "zycc": "地方专项", "fsx": 477.0}, {"remarks": "", "schcode": "", "sex": "", "campus": "", "nf": "2019", "klmc": "理工", "ssmc": "黑龙江", "zylx": "地方专项", "zymc": "机械类", "maxScore": 527.0, "minScore": 497.0, "avgScore": 510.0, "avgOrder": 26951, "minOrder": 30845, "maxOrder": 22171, "kl": "", "ssdm": "23", "rs": 7, "zdx": 477.0, "ptx": 477.0, "zycc": "地方专项", "fsx": 477.0}, {"remarks": "", "schcode": "", "sex": "", "campus": "", "nf": "2019", "klmc": "理工", "ssmc": "黑龙江", "zylx": "地方专项", "zymc": "能源动力类", "maxScore": 498.0, "minScore": 491.0, "avgScore": 495.8, "avgOrder": 31149, "minOrder": 32696, "maxOrder": 30554, "kl": "", "ssdm": "23", "rs": 4, "zdx": 477.0, "ptx": 477.0, "zycc": "地方专项", "fsx": 477.0}, {"remarks": "", "schcode": "", "sex": "", "campus": "", "nf": "2019", "klmc": "理工", "ssmc": "黑龙江", "zylx": "地方专项", "zymc": "工业工程类", "maxScore": 501.0, "minScore": 482.0, "avgScore": 487.8, "avgOrder": 33662, "minOrder": 35589, "maxOrder": 29629, "kl": "", "ssdm": "23", "rs": 4, "zdx": 477.0, "ptx": 477.0, "zycc": "地方专项", "fsx": 477.0}, {"remarks": "", "schcode": "", "sex": "", "campus": "", "nf": "2019", "klmc": "理工", "ssmc": "黑龙江", "zylx": "地方专项", "zymc": "电气工程及其自动化", "maxScore": 533.0, "minScore": 521.0, "avgScore": 529.0, "avgOrder": 21637, "minOrder": 23848, "maxOrder": 20489, "kl": "", "ssdm": "23", "rs": 3, "zdx": 477.0, "ptx": 477.0, "zycc": "地方专项", "fsx": 477.0}, {"remarks": "", "schcode": "", "sex": "", "campus": "", "nf": "2019", "klmc": "理工", "ssmc": "黑龙江", "zylx": "地方专项", "zymc": "计算机科学与技术", "maxScore": 537.0, "minScore": 527.0, "avgScore": 532.2, "avgOrder": 20777, "minOrder": 22171, "maxOrder": 19409, "kl": "", "ssdm": "23", "rs": 6, "zdx": 477.0, "ptx": 477.0, "zycc": "地方专项", "fsx": 477.0}, {"remarks": "", "schcode": "", "sex": "", "campus": "", "nf": "2019", "klmc": "理工", "ssmc": "黑龙江", "zylx": "地方专项", "zymc": "金融学类", "maxScore": 551.0, "minScore": 509.0, "avgScore": 526.0, "avgOrder": 22472, "minOrder": 27239, "maxOrder": 15788, "kl": "", "ssdm": "23", "rs": 6, "zdx": 477.0, "ptx": 477.0, "zycc": "地方专项", "fsx": 477.0}, {"remarks": "", "schcode": "", "sex": "", "campus": "", "nf": "2019", "klmc": "理工", "ssmc": "黑龙江", "zylx": "地方专项", "zymc": "工商管理类", "maxScore": 538.0, "minScore": 496.0, "avgScore": 506.9, "avgOrder": 27833, "minOrder": 31149, "maxOrder": 19120, "kl": "", "ssdm": "23", "rs": 8, "zdx": 477.0, "ptx": 477.0, "zycc": "地方专项", "fsx": 477.0}, {"remarks": "", "schcode": "", "sex": "", "campus": "", "nf": "2019", "klmc": "理工", "ssmc": "黑龙江", "zylx": "地方专项", "zymc": "生物科学类", "maxScore": 504.0, "minScore": 481.0, "avgScore": 491.5, "avgOrder": 32391, "minOrder": 35886, "maxOrder": 28711, "kl": "", "ssdm": "23", "rs": 4, "zdx": 477.0, "ptx": 477.0, "zycc": "地方专项", "fsx": 477.0}, {"remarks": "", "schcode": "", "sex": "", "campus": "", "nf": "2019", "klmc": "理工", "ssmc": "黑龙江", "zylx": "地方专项", "zymc": "生物工程类", "maxScore": 517.0, "minScore": 491.0, "avgScore": 499.0, "avgOrder": 30236, "minOrder": 32696, "maxOrder": 24973, "kl": "", "ssdm": "23", "rs": 4, "zdx": 477.0, "ptx": 477.0, "zycc": "地方专项", "fsx": 477.0}, {"remarks": "", "schcode": "", "sex": "", "campus": "", "nf": "2019", "klmc": "理工", "ssmc": "黑龙江", "zylx": "地方专项", "zymc": "食品科学与工程类", "maxScore": 518.0, "minScore": 493.0, "avgScore": 504.1, "avgOrder": 28711, "minOrder": 32104, "maxOrder": 24683, "kl": "", "ssdm": "23", "rs": 8, "zdx": 477.0, "ptx": 477.0, "zycc": "地方专项", "fsx": 477.0}, {"remarks": "", "schcode": "", "sex": "", "campus": "", "nf": "2019", "klmc": "理工", "ssmc": "黑龙江", "zylx": "地方专项", "zymc": "人文地理与城乡规划", "maxScore": 499.0, "minScore": 487.0, "avgScore": 493.0, "avgOrder": 32104, "minOrder": 34009, "maxOrder": 30236, "kl": "", "ssdm": "23", "rs": 2, "zdx": 477.0, "ptx": 477.0, "zycc": "地方专项", "fsx": 477.0}, {"remarks": "", "schcode": "", "sex": "", "campus": "", "nf": "2019", "klmc": "理工", "ssmc": "黑龙江", "zylx": "地方专项", "zymc": "土地资源管理", "maxScore": 494.0, "minScore": 488.0, "avgScore": 491.0, "avgOrder": 32696, "minOrder": 33662, "maxOrder": 31777, "kl": "", "ssdm": "23", "rs": 2, "zdx": 477.0, "ptx": 477.0, "zycc": "地方专项", "fsx": 477.0}, {"remarks": "", "schcode": "", "sex": "", "campus": "", "nf": "2019", "klmc": "理工", "ssmc": "黑龙江", "zylx": "地方专项", "zymc": "水利类", "maxScore": 507.0, "minScore": 477.0, "avgScore": 488.3, "avgOrder": 33662, "minOrder": 37202, "maxOrder": 27833, "kl": "", "ssdm": "23", "rs": 7, "zdx": 477.0, "ptx": 477.0, "zycc": "地方专项", "fsx": 477.0}, {"remarks": "", "schcode": "", "sex": "", "campus": "", "nf": "2019", "klmc": "理工", "ssmc": "黑龙江", "zylx": "地方专项", "zymc": "土木工程", "maxScore": 528.0, "minScore": 481.0, "avgScore": 501.3, "avgOrder": 29629, "minOrder": 35886, "maxOrder": 21889, "kl": "", "ssdm": "23", "rs": 3, "zdx": 477.0, "ptx": 477.0, "zycc": "地方专项", "fsx": 477.0}, {"remarks": "", "schcode": "", "sex": "", "campus": "", "nf": "2019", "klmc": "理工", "ssmc": "黑龙江", "zylx": "地方专项", "zymc": "工程管理", "maxScore": 492.0, "minScore": 478.0, "avgScore": 485.7, "avgOrder": 34328, "minOrder": 36867, "maxOrder": 32391, "kl": "", "ssdm": "23", "rs": 3, "zdx": 477.0, "ptx": 477.0, "zycc": "地方专项", "fsx": 477.0}, {"remarks": "", "schcode": "", "sex": "", "campus": "", "nf": "2019", "klmc": "理工", "ssmc": "黑龙江", "zylx": "地方专项", "zymc": "统计学类", "maxScore": 514.0, "minScore": 502.0, "avgScore": 506.0, "avgOrder": 28132, "minOrder": 29347, "maxOrder": 25820, "kl": "", "ssdm": "23", "rs": 4, "zdx": 477.0, "ptx": 477.0, "zycc": "地方专项", "fsx": 477.0}], "withYsl": false}, "jessionid": "be6fea6da6d947ea968a0aa03c8d00d3"}