{"state": 1, "msg": "操作成功", "data": {"zsSsgradeList": [{"remarks": "", "schcode": "", "sex": "", "campus": "", "nf": "2020", "klmc": "文史", "ssmc": "陕西", "zylx": "普通类", "kl": "1", "ssdm": "61", "rs": 7, "zdx": 512.0, "ptx": 512.0, "minScore": 565.0, "minOrder": 4874, "avgScore": 568.4, "avgOrder": 4543, "maxScore": 573.0, "maxOrder": 4034, "zycc": "普通类", "fsx": 512.0}], "sszygradeList": [{"remarks": "", "schcode": "", "sex": "", "campus": "", "nf": "2020", "klmc": "文史", "ssmc": "陕西", "zylx": "普通类", "zymc": "工商管理类", "maxScore": 570.0, "minScore": 565.0, "avgScore": 567.0, "avgOrder": 4652, "minOrder": 4874, "maxOrder": 4334, "kl": "", "ssdm": "61", "rs": 5, "zdx": 512.0, "ptx": 512.0, "zycc": "普通类", "fsx": 512.0}, {"remarks": "", "schcode": "", "sex": "", "campus": "", "nf": "2020", "klmc": "文史", "ssmc": "陕西", "zylx": "普通类", "zymc": "农林经济管理", "maxScore": 573.0, "minScore": 571.0, "avgScore": 572.0, "avgOrder": 4121, "minOrder": 4229, "maxOrder": 4034, "kl": "", "ssdm": "61", "rs": 2, "zdx": 512.0, "ptx": 512.0, "zycc": "普通类", "fsx": 512.0}], "withYsl": false}, "jessionid": "be6fea6da6d947ea968a0aa03c8d00d3"}