{"state": 1, "msg": "操作成功", "data": {"zsSsgradeList": [{"remarks": "详见分专业录取情况", "schcode": "", "sex": "", "campus": "", "nf": "2020", "klmc": "理工", "ssmc": "吉林", "zylx": "蒙授", "kl": "5", "ssdm": "22", "zdx": 517.0, "ptx": 517.0, "zycc": "蒙授", "fsx": 517.0}], "sszygradeList": [{"remarks": "加试蒙古语文考生", "schcode": "", "sex": "", "campus": "", "nf": "2020", "klmc": "理工", "ssmc": "吉林", "zylx": "蒙授", "zymc": "动物医学", "maxScore": 463.0, "minScore": 356.0, "avgScore": 409.5, "kl": "", "ssdm": "22", "rs": 2, "zycc": "蒙授"}, {"remarks": "蒙古语授课考生。", "schcode": "", "sex": "", "campus": "", "nf": "2020", "klmc": "理工", "ssmc": "吉林", "zylx": "蒙授", "zymc": "工商管理类", "maxScore": 372.0, "minScore": 372.0, "avgScore": 372.0, "kl": "", "ssdm": "22", "rs": 1, "zycc": "蒙授"}, {"remarks": "加试蒙古语文考生", "schcode": "", "sex": "", "campus": "", "nf": "2020", "klmc": "理工", "ssmc": "吉林", "zylx": "蒙授", "zymc": "人文地理与城乡规划", "maxScore": 461.0, "minScore": 406.0, "avgScore": 433.5, "kl": "", "ssdm": "22", "rs": 2, "zycc": "蒙授"}], "withYsl": false}, "jessionid": "be6fea6da6d947ea968a0aa03c8d00d3"}