{"state": 1, "msg": "操作成功", "data": {"zsSsgradeList": [{"remarks": "", "schcode": "", "sex": "", "campus": "", "nf": "2019", "klmc": "理工", "ssmc": "云南", "zylx": "普通类", "kl": "5", "ssdm": "53", "rs": 30, "zdx": 535.0, "ptx": 535.0, "minScore": 551.0, "minOrder": 26795, "avgScore": 558.4, "avgOrder": 24198, "maxScore": 578.0, "maxOrder": 17010, "zycc": "普通类", "fsx": 535.0}], "sszygradeList": [{"remarks": "", "schcode": "", "sex": "", "campus": "", "nf": "2019", "klmc": "理工", "ssmc": "云南", "zylx": "普通类", "zymc": "风景园林", "maxScore": 552.0, "minScore": 551.0, "avgScore": 551.3, "avgOrder": 26795, "minOrder": 26795, "maxOrder": 26412, "kl": "", "ssdm": "53", "rs": 3, "zdx": 535.0, "ptx": 535.0, "zycc": "普通类", "fsx": 535.0}, {"remarks": "", "schcode": "", "sex": "", "campus": "", "nf": "2019", "klmc": "理工", "ssmc": "云南", "zylx": "普通类", "zymc": "应用气象学", "maxScore": 554.0, "minScore": 554.0, "avgScore": 554.0, "avgOrder": 25590, "minOrder": 25590, "maxOrder": 25590, "kl": "", "ssdm": "53", "rs": 2, "zdx": 535.0, "ptx": 535.0, "zycc": "普通类", "fsx": 535.0}, {"remarks": "", "schcode": "", "sex": "", "campus": "", "nf": "2019", "klmc": "理工", "ssmc": "云南", "zylx": "普通类", "zymc": "动物科学", "maxScore": 573.0, "minScore": 552.0, "avgScore": 563.0, "avgOrder": 22260, "minOrder": 26412, "maxOrder": 18612, "kl": "", "ssdm": "53", "rs": 3, "zdx": 535.0, "ptx": 535.0, "zycc": "普通类", "fsx": 535.0}, {"remarks": "", "schcode": "", "sex": "", "campus": "", "nf": "2019", "klmc": "理工", "ssmc": "云南", "zylx": "普通类", "zymc": "动物医学", "maxScore": 578.0, "minScore": 571.0, "avgScore": 574.5, "avgOrder": 17965, "minOrder": 19253, "maxOrder": 17010, "kl": "", "ssdm": "53", "rs": 2, "zdx": 535.0, "ptx": 535.0, "zycc": "普通类", "fsx": 535.0}, {"remarks": "", "schcode": "", "sex": "", "campus": "", "nf": "2019", "klmc": "理工", "ssmc": "云南", "zylx": "普通类", "zymc": "机械类", "maxScore": 559.0, "minScore": 553.0, "avgScore": 556.0, "avgOrder": 24852, "minOrder": 26018, "maxOrder": 23766, "kl": "", "ssdm": "53", "rs": 2, "zdx": 535.0, "ptx": 535.0, "zycc": "普通类", "fsx": 535.0}, {"remarks": "", "schcode": "", "sex": "", "campus": "", "nf": "2019", "klmc": "理工", "ssmc": "云南", "zylx": "普通类", "zymc": "工业工程类", "maxScore": 552.0, "minScore": 551.0, "avgScore": 551.5, "avgOrder": 26412, "minOrder": 26795, "maxOrder": 26412, "kl": "", "ssdm": "53", "rs": 2, "zdx": 535.0, "ptx": 535.0, "zycc": "普通类", "fsx": 535.0}, {"remarks": "", "schcode": "", "sex": "", "campus": "", "nf": "2019", "klmc": "理工", "ssmc": "云南", "zylx": "普通类", "zymc": "计算机科学与技术", "maxScore": 567.0, "minScore": 553.0, "avgScore": 557.7, "avgOrder": 24198, "minOrder": 26018, "maxOrder": 20669, "kl": "", "ssdm": "53", "rs": 3, "zdx": 535.0, "ptx": 535.0, "zycc": "普通类", "fsx": 535.0}, {"remarks": "", "schcode": "", "sex": "", "campus": "", "nf": "2019", "klmc": "理工", "ssmc": "云南", "zylx": "普通类", "zymc": "金融学类", "maxScore": 569.0, "minScore": 559.0, "avgScore": 563.7, "avgOrder": 21862, "minOrder": 23766, "maxOrder": 19923, "kl": "", "ssdm": "53", "rs": 3, "zdx": 535.0, "ptx": 535.0, "zycc": "普通类", "fsx": 535.0}, {"remarks": "", "schcode": "", "sex": "", "campus": "", "nf": "2019", "klmc": "理工", "ssmc": "云南", "zylx": "普通类", "zymc": "食品科学与工程类", "maxScore": 568.0, "minScore": 568.0, "avgScore": 568.0, "avgOrder": 20247, "minOrder": 20247, "maxOrder": 20247, "kl": "", "ssdm": "53", "rs": 1, "zdx": 535.0, "ptx": 535.0, "zycc": "普通类", "fsx": 535.0}, {"remarks": "", "schcode": "", "sex": "", "campus": "", "nf": "2019", "klmc": "理工", "ssmc": "云南", "zylx": "普通类", "zymc": "水利类", "maxScore": 565.0, "minScore": 553.0, "avgScore": 558.8, "avgOrder": 23766, "minOrder": 26018, "maxOrder": 21482, "kl": "", "ssdm": "53", "rs": 4, "zdx": 535.0, "ptx": 535.0, "zycc": "普通类", "fsx": 535.0}, {"remarks": "", "schcode": "", "sex": "", "campus": "", "nf": "2019", "klmc": "理工", "ssmc": "云南", "zylx": "普通类", "zymc": "土木工程", "maxScore": 558.0, "minScore": 552.0, "avgScore": 555.0, "avgOrder": 25176, "minOrder": 26412, "maxOrder": 24198, "kl": "", "ssdm": "53", "rs": 2, "zdx": 535.0, "ptx": 535.0, "zycc": "普通类", "fsx": 535.0}, {"remarks": "", "schcode": "", "sex": "", "campus": "", "nf": "2019", "klmc": "理工", "ssmc": "云南", "zylx": "普通类", "zymc": "工程管理", "maxScore": 558.0, "minScore": 558.0, "avgScore": 558.0, "avgOrder": 24198, "minOrder": 24198, "maxOrder": 24198, "kl": "", "ssdm": "53", "rs": 1, "zdx": 535.0, "ptx": 535.0, "zycc": "普通类", "fsx": 535.0}, {"remarks": "", "schcode": "", "sex": "", "campus": "", "nf": "2019", "klmc": "理工", "ssmc": "云南", "zylx": "普通类", "zymc": "统计学类", "maxScore": 569.0, "minScore": 551.0, "avgScore": 557.3, "avgOrder": 24517, "minOrder": 26795, "maxOrder": 19923, "kl": "", "ssdm": "53", "rs": 3, "zdx": 535.0, "ptx": 535.0, "zycc": "普通类", "fsx": 535.0}], "withYsl": false}, "jessionid": "be6fea6da6d947ea968a0aa03c8d00d3"}