{"state": 1, "msg": "操作成功", "data": {"zsSsgradeList": [{"remarks": "", "schcode": "", "sex": "", "campus": "", "nf": "2018", "klmc": "文史", "ssmc": "宁夏", "zylx": "普通类", "kl": "1", "ssdm": "64", "rs": 2, "zdx": 528.0, "ptx": 528.0, "minScore": 538.0, "minOrder": 2176, "avgScore": 544.5, "avgOrder": 1848, "maxScore": 551.0, "maxOrder": 1551, "zycc": "普通类", "fsx": 528.0}], "sszygradeList": [{"remarks": "", "schcode": "", "sex": "", "campus": "", "nf": "2018", "klmc": "文史", "ssmc": "宁夏", "zylx": "普通类", "zymc": "农林经济管理", "maxScore": 551.0, "minScore": 538.0, "avgScore": 544.5, "avgOrder": 1848, "minOrder": 2176, "maxOrder": 1551, "kl": "", "ssdm": "64", "rs": 2, "zdx": 528.0, "ptx": 528.0, "zycc": "普通类", "fsx": 528.0}], "withYsl": false}, "jessionid": "be6fea6da6d947ea968a0aa03c8d00d3"}