{"state": 1, "msg": "操作成功", "data": {"zsSsgradeList": [{"remarks": "", "schcode": "", "sex": "", "campus": "", "nf": "2018", "klmc": "理工", "ssmc": "安徽", "zylx": "国家专项", "kl": "5", "ssdm": "34", "rs": 14, "zdx": 505.0, "ptx": 505.0, "minScore": 561.0, "minOrder": 31517, "avgScore": 564.1, "avgOrder": 29634, "maxScore": 578.0, "maxOrder": 22236, "zycc": "国家专项", "fsx": 505.0}], "sszygradeList": [{"remarks": "", "schcode": "", "sex": "", "campus": "", "nf": "2018", "klmc": "理工", "ssmc": "安徽", "zylx": "国家专项", "zymc": "农学", "maxScore": 564.0, "minScore": 561.0, "avgScore": 562.5, "avgOrder": 30250, "minOrder": 31517, "maxOrder": 29634, "kl": "", "ssdm": "34", "rs": 2, "zdx": 505.0, "ptx": 505.0, "zycc": "国家专项", "fsx": 505.0}, {"remarks": "", "schcode": "", "sex": "", "campus": "", "nf": "2018", "klmc": "理工", "ssmc": "安徽", "zylx": "国家专项", "zymc": "风景园林", "maxScore": 563.0, "minScore": 561.0, "avgScore": 562.0, "avgOrder": 30885, "minOrder": 31517, "maxOrder": 30250, "kl": "", "ssdm": "34", "rs": 2, "zdx": 505.0, "ptx": 505.0, "zycc": "国家专项", "fsx": 505.0}, {"remarks": "", "schcode": "", "sex": "", "campus": "", "nf": "2018", "klmc": "理工", "ssmc": "安徽", "zylx": "国家专项", "zymc": "设施农业科学与工程", "maxScore": 566.0, "minScore": 561.0, "avgScore": 563.5, "avgOrder": 29634, "minOrder": 31517, "maxOrder": 28486, "kl": "", "ssdm": "34", "rs": 2, "zdx": 505.0, "ptx": 505.0, "zycc": "国家专项", "fsx": 505.0}, {"remarks": "", "schcode": "", "sex": "", "campus": "", "nf": "2018", "klmc": "理工", "ssmc": "安徽", "zylx": "国家专项", "zymc": "计算机类", "maxScore": 578.0, "minScore": 572.0, "avgScore": 575.0, "avgOrder": 23745, "minOrder": 25316, "maxOrder": 22236, "kl": "", "ssdm": "34", "rs": 2, "zdx": 505.0, "ptx": 505.0, "zycc": "国家专项", "fsx": 505.0}, {"remarks": "", "schcode": "", "sex": "", "campus": "", "nf": "2018", "klmc": "理工", "ssmc": "安徽", "zylx": "国家专项", "zymc": "农业电气化", "maxScore": 566.0, "minScore": 562.0, "avgScore": 564.0, "avgOrder": 29634, "minOrder": 30885, "maxOrder": 28486, "kl": "", "ssdm": "34", "rs": 2, "zdx": 505.0, "ptx": 505.0, "zycc": "国家专项", "fsx": 505.0}, {"remarks": "", "schcode": "", "sex": "", "campus": "", "nf": "2018", "klmc": "理工", "ssmc": "安徽", "zylx": "国家专项", "zymc": "金融学类", "maxScore": 561.0, "minScore": 561.0, "avgScore": 561.0, "avgOrder": 31517, "minOrder": 31517, "maxOrder": 31517, "kl": "", "ssdm": "34", "rs": 2, "zdx": 505.0, "ptx": 505.0, "zycc": "国家专项", "fsx": 505.0}, {"remarks": "", "schcode": "", "sex": "", "campus": "", "nf": "2018", "klmc": "理工", "ssmc": "安徽", "zylx": "国家专项", "zymc": "应用化学", "maxScore": 561.0, "minScore": 561.0, "avgScore": 561.0, "avgOrder": 31517, "minOrder": 31517, "maxOrder": 31517, "kl": "", "ssdm": "34", "rs": 2, "zdx": 505.0, "ptx": 505.0, "zycc": "国家专项", "fsx": 505.0}], "withYsl": false}, "jessionid": "be6fea6da6d947ea968a0aa03c8d00d3"}