{"state": 1, "msg": "操作成功", "data": {"zsSsgradeList": [{"remarks": "", "schcode": "", "sex": "", "campus": "", "nf": "2020", "klmc": "理工", "ssmc": "宁夏", "zylx": "国家专项", "kl": "5", "ssdm": "64", "rs": 4, "zdx": 434.0, "ptx": 434.0, "minScore": 439.0, "minOrder": 11914, "avgScore": 445.2, "avgOrder": 10994, "maxScore": 452.0, "maxOrder": 10007, "zycc": "国家专项", "fsx": 434.0}], "sszygradeList": [{"remarks": "", "schcode": "", "sex": "", "campus": "", "nf": "2020", "klmc": "理工", "ssmc": "宁夏", "zylx": "国家专项", "zymc": "植物科学与技术", "maxScore": 442.0, "minScore": 439.0, "avgScore": 440.5, "avgOrder": 11752, "minOrder": 11914, "maxOrder": 11452, "kl": "", "ssdm": "64", "rs": 2, "zdx": 434.0, "ptx": 434.0, "zycc": "国家专项", "fsx": 434.0}, {"remarks": "", "schcode": "", "sex": "", "campus": "", "nf": "2020", "klmc": "理工", "ssmc": "宁夏", "zylx": "国家专项", "zymc": "动物科学", "maxScore": 448.0, "minScore": 448.0, "avgScore": 448.0, "avgOrder": 10577, "minOrder": 10577, "maxOrder": 10577, "kl": "", "ssdm": "64", "rs": 1, "zdx": 434.0, "ptx": 434.0, "zycc": "国家专项", "fsx": 434.0}, {"remarks": "", "schcode": "", "sex": "", "campus": "", "nf": "2020", "klmc": "理工", "ssmc": "宁夏", "zylx": "国家专项", "zymc": "金融学类", "maxScore": 452.0, "minScore": 452.0, "avgScore": 452.0, "avgOrder": 10007, "minOrder": 10007, "maxOrder": 10007, "kl": "", "ssdm": "64", "rs": 1, "zdx": 434.0, "ptx": 434.0, "zycc": "国家专项", "fsx": 434.0}], "withYsl": false}, "jessionid": "be6fea6da6d947ea968a0aa03c8d00d3"}