{"state": 1, "msg": "操作成功", "data": {"zsSsgradeList": [{"remarks": "", "schcode": "", "sex": "", "campus": "", "nf": "2017", "klmc": "文史", "ssmc": "四川", "zylx": "普通类", "kl": "1", "ssdm": "51", "rs": 17, "zdx": 537.0, "ptx": 537.0, "minScore": 558.0, "minOrder": 9100, "avgScore": 562.4, "avgOrder": 7843, "maxScore": 577.0, "maxOrder": 4241, "zycc": "普通类", "fsx": 537.0}], "sszygradeList": [{"remarks": "", "schcode": "", "sex": "", "campus": "", "nf": "2017", "klmc": "文史", "ssmc": "四川", "zylx": "普通类", "zymc": "工商管理类（管理学Ⅱ）", "maxScore": 566.0, "minScore": 559.0, "avgScore": 561.6, "avgOrder": 7843, "minOrder": 8777, "maxOrder": 6728, "kl": "", "ssdm": "51", "rs": 7, "zdx": 537.0, "ptx": 537.0, "zycc": "普通类", "fsx": 537.0}, {"remarks": "", "schcode": "", "sex": "", "campus": "", "nf": "2017", "klmc": "文史", "ssmc": "四川", "zylx": "普通类", "zymc": "农林经济管理", "maxScore": 577.0, "minScore": 566.0, "avgScore": 571.5, "avgOrder": 5259, "minOrder": 6728, "maxOrder": 4241, "kl": "", "ssdm": "51", "rs": 2, "zdx": 537.0, "ptx": 537.0, "zycc": "普通类", "fsx": 537.0}, {"remarks": "", "schcode": "", "sex": "", "campus": "", "nf": "2017", "klmc": "文史", "ssmc": "四川", "zylx": "普通类", "zymc": "行政管理", "maxScore": 565.0, "minScore": 558.0, "avgScore": 560.0, "avgOrder": 8457, "minOrder": 9100, "maxOrder": 6995, "kl": "", "ssdm": "51", "rs": 4, "zdx": 537.0, "ptx": 537.0, "zycc": "普通类", "fsx": 537.0}, {"remarks": "", "schcode": "", "sex": "", "campus": "", "nf": "2017", "klmc": "文史", "ssmc": "四川", "zylx": "普通类", "zymc": "英语", "maxScore": 570.0, "minScore": 558.0, "avgScore": 561.8, "avgOrder": 7843, "minOrder": 9100, "maxOrder": 5676, "kl": "", "ssdm": "51", "rs": 4, "zdx": 537.0, "ptx": 537.0, "zycc": "普通类", "fsx": 537.0}], "withYsl": false}, "jessionid": "be6fea6da6d947ea968a0aa03c8d00d3"}