{"state": 1, "msg": "操作成功", "data": {"zsSsgradeList": [{"remarks": "", "schcode": "", "sex": "", "campus": "", "nf": "2017", "klmc": "理工", "ssmc": "重庆", "zylx": "国家专项", "kl": "5", "ssdm": "50", "rs": 5, "zdx": 492.0, "ptx": 492.0, "minScore": 503.0, "minOrder": 33226, "avgScore": 510.0, "avgOrder": 30423, "maxScore": 522.0, "maxOrder": 25856, "zycc": "国家专项", "fsx": 492.0}], "sszygradeList": [{"remarks": "", "schcode": "", "sex": "", "campus": "", "nf": "2017", "klmc": "理工", "ssmc": "重庆", "zylx": "国家专项", "zymc": "动物科学", "maxScore": 510.0, "minScore": 510.0, "avgScore": 510.0, "avgOrder": 30423, "minOrder": 30423, "maxOrder": 30423, "kl": "", "ssdm": "50", "rs": 1, "zdx": 492.0, "ptx": 492.0, "zycc": "国家专项", "fsx": 492.0}, {"remarks": "", "schcode": "", "sex": "", "campus": "", "nf": "2017", "klmc": "理工", "ssmc": "重庆", "zylx": "国家专项", "zymc": "金融学类（经济学）", "maxScore": 522.0, "minScore": 507.0, "avgScore": 514.5, "avgOrder": 28427, "minOrder": 31641, "maxOrder": 25856, "kl": "", "ssdm": "50", "rs": 2, "zdx": 492.0, "ptx": 492.0, "zycc": "国家专项", "fsx": 492.0}, {"remarks": "", "schcode": "", "sex": "", "campus": "", "nf": "2017", "klmc": "理工", "ssmc": "重庆", "zylx": "国家专项", "zymc": "水利类（工学Ⅴ）", "maxScore": 508.0, "minScore": 503.0, "avgScore": 505.5, "avgOrder": 32048, "minOrder": 33226, "maxOrder": 31236, "kl": "", "ssdm": "50", "rs": 2, "zdx": 492.0, "ptx": 492.0, "zycc": "国家专项", "fsx": 492.0}], "withYsl": false}, "jessionid": "be6fea6da6d947ea968a0aa03c8d00d3"}