{"state": 1, "msg": "操作成功", "data": {"zsSsgradeList": [{"remarks": "", "schcode": "", "sex": "", "campus": "", "nf": "2020", "klmc": "理工", "ssmc": "甘肃", "zylx": "国家专项", "kl": "5", "ssdm": "62", "rs": 7, "zdx": 458.0, "ptx": 458.0, "minScore": 507.0, "minOrder": 16815, "avgScore": 510.3, "avgOrder": 15966, "maxScore": 518.0, "maxOrder": 13860, "zycc": "国家专项", "fsx": 458.0}], "sszygradeList": [{"remarks": "", "schcode": "", "sex": "", "campus": "", "nf": "2020", "klmc": "理工", "ssmc": "甘肃", "zylx": "国家专项", "zymc": "植物保护", "maxScore": 513.0, "minScore": 507.0, "avgScore": 510.0, "avgOrder": 15966, "minOrder": 16815, "maxOrder": 15111, "kl": "", "ssdm": "62", "rs": 2, "zdx": 458.0, "ptx": 458.0, "zycc": "国家专项", "fsx": 458.0}, {"remarks": "", "schcode": "", "sex": "", "campus": "", "nf": "2020", "klmc": "理工", "ssmc": "甘肃", "zylx": "国家专项", "zymc": "风景园林", "maxScore": 518.0, "minScore": 518.0, "avgScore": 518.0, "avgOrder": 13860, "minOrder": 13860, "maxOrder": 13860, "kl": "", "ssdm": "62", "rs": 1, "zdx": 458.0, "ptx": 458.0, "zycc": "国家专项", "fsx": 458.0}, {"remarks": "", "schcode": "", "sex": "", "campus": "", "nf": "2020", "klmc": "理工", "ssmc": "甘肃", "zylx": "国家专项", "zymc": "机械类", "maxScore": 507.0, "minScore": 507.0, "avgScore": 507.0, "avgOrder": 16815, "minOrder": 16815, "maxOrder": 16815, "kl": "", "ssdm": "62", "rs": 2, "zdx": 458.0, "ptx": 458.0, "zycc": "国家专项", "fsx": 458.0}, {"remarks": "", "schcode": "", "sex": "", "campus": "", "nf": "2020", "klmc": "理工", "ssmc": "甘肃", "zylx": "国家专项", "zymc": "金融学类", "maxScore": 513.0, "minScore": 507.0, "avgScore": 510.0, "avgOrder": 15966, "minOrder": 16815, "maxOrder": 15111, "kl": "", "ssdm": "62", "rs": 2, "zdx": 458.0, "ptx": 458.0, "zycc": "国家专项", "fsx": 458.0}], "withYsl": false}, "jessionid": "be6fea6da6d947ea968a0aa03c8d00d3"}