{"state": 1, "msg": "操作成功", "data": {"zsSsgradeList": [{"remarks": "", "schcode": "", "sex": "", "campus": "", "nf": "2020", "klmc": "理工", "ssmc": "湖南", "zylx": "国家专项", "kl": "5", "ssdm": "43", "rs": 9, "zdx": 507.0, "ptx": 507.0, "minScore": 575.0, "minOrder": 27144, "avgScore": 578.7, "avgOrder": 25067, "maxScore": 585.0, "maxOrder": 22165, "zycc": "国家专项", "fsx": 507.0}], "sszygradeList": [{"remarks": "", "schcode": "", "sex": "", "campus": "", "nf": "2020", "klmc": "理工", "ssmc": "湖南", "zylx": "国家专项", "zymc": "园林", "maxScore": 575.0, "minScore": 575.0, "avgScore": 575.0, "avgOrder": 27144, "minOrder": 27144, "maxOrder": 27144, "kl": "", "ssdm": "43", "rs": 2, "zdx": 507.0, "ptx": 507.0, "zycc": "国家专项", "fsx": 507.0}, {"remarks": "", "schcode": "", "sex": "", "campus": "", "nf": "2020", "klmc": "理工", "ssmc": "湖南", "zylx": "国家专项", "zymc": "工业工程类", "maxScore": 578.0, "minScore": 576.0, "avgScore": 577.0, "avgOrder": 26116, "minOrder": 26635, "maxOrder": 25591, "kl": "", "ssdm": "43", "rs": 2, "zdx": 507.0, "ptx": 507.0, "zycc": "国家专项", "fsx": 507.0}, {"remarks": "", "schcode": "", "sex": "", "campus": "", "nf": "2020", "klmc": "理工", "ssmc": "湖南", "zylx": "国家专项", "zymc": "计算机科学与技术", "maxScore": 582.0, "minScore": 581.0, "avgScore": 581.5, "avgOrder": 23580, "minOrder": 24104, "maxOrder": 23580, "kl": "", "ssdm": "43", "rs": 2, "zdx": 507.0, "ptx": 507.0, "zycc": "国家专项", "fsx": 507.0}, {"remarks": "", "schcode": "", "sex": "", "campus": "", "nf": "2020", "klmc": "理工", "ssmc": "湖南", "zylx": "国家专项", "zymc": "金融学类", "maxScore": 585.0, "minScore": 585.0, "avgScore": 585.0, "avgOrder": 22165, "minOrder": 22165, "maxOrder": 22165, "kl": "", "ssdm": "43", "rs": 1, "zdx": 507.0, "ptx": 507.0, "zycc": "国家专项", "fsx": 507.0}, {"remarks": "", "schcode": "", "sex": "", "campus": "", "nf": "2020", "klmc": "理工", "ssmc": "湖南", "zylx": "国家专项", "zymc": "食品科学与工程类", "maxScore": 579.0, "minScore": 577.0, "avgScore": 578.0, "avgOrder": 25591, "minOrder": 26116, "maxOrder": 25067, "kl": "", "ssdm": "43", "rs": 2, "zdx": 507.0, "ptx": 507.0, "zycc": "国家专项", "fsx": 507.0}], "withYsl": false}, "jessionid": "be6fea6da6d947ea968a0aa03c8d00d3"}