{"state": 1, "msg": "操作成功", "data": {"zsSsgradeList": [{"remarks": "", "schcode": "", "sex": "", "campus": "", "nf": "2017", "klmc": "艺术(不分文理)", "ssmc": "河北", "zylx": "艺术批", "kl": "A", "ssdm": "13", "zycc": "艺术批"}], "sszygradeList": [{"remarks": "校考专业成绩；控制线：文化课249分，器乐（联考）110分。", "schcode": "", "sex": "", "campus": "", "nf": "2017", "klmc": "艺术(不分文理)", "ssmc": "河北", "zylx": "艺术批", "zymc": "音乐表演（器乐）", "maxScore": 178.46, "minScore": 160.14, "avgScore": 170.26, "kl": "", "ssdm": "13", "rs": 18, "zycc": "艺术批"}, {"remarks": "校考专业成绩；控制线：文化课249分，声乐（联考）115分。", "schcode": "", "sex": "", "campus": "", "nf": "2017", "klmc": "艺术(不分文理)", "ssmc": "河北", "zylx": "艺术批", "zymc": "音乐表演（声乐）", "maxScore": 173.04, "minScore": 162.96, "avgScore": 168.64, "kl": "", "ssdm": "13", "rs": 13, "zycc": "艺术批"}], "withYsl": false}, "jessionid": "be6fea6da6d947ea968a0aa03c8d00d3"}