{"state": 1, "msg": "操作成功", "data": {"zsSsgradeList": [{"remarks": "", "schcode": "", "sex": "", "campus": "", "nf": "2020", "klmc": "文史", "ssmc": "黑龙江", "zylx": "中美121项目", "kl": "1", "ssdm": "23", "rs": 4, "zdx": 483.0, "ptx": 483.0, "minScore": 503.0, "minOrder": 6220, "avgScore": 514.5, "avgOrder": 5167, "maxScore": 525.0, "maxOrder": 4234, "zycc": "中美121项目", "fsx": 483.0}], "sszygradeList": [{"remarks": "", "schcode": "", "sex": "", "campus": "", "nf": "2020", "klmc": "文史", "ssmc": "黑龙江", "zylx": "中美121项目", "zymc": "工商管理（中美121双学位项目）", "maxScore": 557.0, "minScore": 494.0, "avgScore": 516.2, "avgOrder": 4983, "minOrder": 7091, "maxOrder": 2129, "kl": "", "ssdm": "23", "rs": 8, "zdx": 483.0, "ptx": 483.0, "zycc": "中美121项目", "fsx": 483.0}], "withYsl": false}, "jessionid": "be6fea6da6d947ea968a0aa03c8d00d3"}