{"state": 1, "msg": "操作成功", "data": {"zsSsgradeList": [{"remarks": "", "schcode": "", "sex": "", "campus": "", "nf": "2018", "klmc": "理工", "ssmc": "贵州", "zylx": "普通类", "kl": "5", "ssdm": "52", "rs": 159, "zdx": 484.0, "ptx": 484.0, "minScore": 495.0, "minOrder": 37074, "avgScore": 507.2, "avgOrder": 31563, "maxScore": 538.0, "maxOrder": 19608, "zycc": "普通类", "fsx": 484.0}], "sszygradeList": [{"remarks": "", "schcode": "", "sex": "", "campus": "", "nf": "2018", "klmc": "理工", "ssmc": "贵州", "zylx": "普通类", "zymc": "风景园林", "maxScore": 522.0, "minScore": 506.0, "avgScore": 513.6, "avgOrder": 28603, "minOrder": 32007, "maxOrder": 25435, "kl": "", "ssdm": "52", "rs": 5, "zdx": 484.0, "ptx": 484.0, "zycc": "普通类", "fsx": 484.0}, {"remarks": "", "schcode": "", "sex": "", "campus": "", "nf": "2018", "klmc": "理工", "ssmc": "贵州", "zylx": "普通类", "zymc": "园艺", "maxScore": 512.0, "minScore": 499.0, "avgScore": 506.8, "avgOrder": 31563, "minOrder": 35147, "maxOrder": 29458, "kl": "", "ssdm": "52", "rs": 5, "zdx": 484.0, "ptx": 484.0, "zycc": "普通类", "fsx": 484.0}, {"remarks": "", "schcode": "", "sex": "", "campus": "", "nf": "2018", "klmc": "理工", "ssmc": "贵州", "zylx": "普通类", "zymc": "设施农业科学与工程", "maxScore": 506.0, "minScore": 495.0, "avgScore": 500.1, "avgOrder": 34670, "minOrder": 37074, "maxOrder": 32007, "kl": "", "ssdm": "52", "rs": 7, "zdx": 484.0, "ptx": 484.0, "zycc": "普通类", "fsx": 484.0}, {"remarks": "", "schcode": "", "sex": "", "campus": "", "nf": "2018", "klmc": "理工", "ssmc": "贵州", "zylx": "普通类", "zymc": "园林", "maxScore": 527.0, "minScore": 495.0, "avgScore": 505.2, "avgOrder": 32451, "minOrder": 37074, "maxOrder": 23514, "kl": "", "ssdm": "52", "rs": 4, "zdx": 484.0, "ptx": 484.0, "zycc": "普通类", "fsx": 484.0}, {"remarks": "", "schcode": "", "sex": "", "campus": "", "nf": "2018", "klmc": "理工", "ssmc": "贵州", "zylx": "普通类", "zymc": "应用气象学", "maxScore": 514.0, "minScore": 496.0, "avgScore": 503.5, "avgOrder": 32885, "minOrder": 36595, "maxOrder": 28603, "kl": "", "ssdm": "52", "rs": 4, "zdx": 484.0, "ptx": 484.0, "zycc": "普通类", "fsx": 484.0}, {"remarks": "", "schcode": "", "sex": "", "campus": "", "nf": "2018", "klmc": "理工", "ssmc": "贵州", "zylx": "普通类", "zymc": "生态学", "maxScore": 517.0, "minScore": 498.0, "avgScore": 506.7, "avgOrder": 31563, "minOrder": 35655, "maxOrder": 27325, "kl": "", "ssdm": "52", "rs": 3, "zdx": 484.0, "ptx": 484.0, "zycc": "普通类", "fsx": 484.0}, {"remarks": "", "schcode": "", "sex": "", "campus": "", "nf": "2018", "klmc": "理工", "ssmc": "贵州", "zylx": "普通类", "zymc": "环境科学与工程类", "maxScore": 512.0, "minScore": 501.0, "avgScore": 506.2, "avgOrder": 32007, "minOrder": 34215, "maxOrder": 29458, "kl": "", "ssdm": "52", "rs": 6, "zdx": 484.0, "ptx": 484.0, "zycc": "普通类", "fsx": 484.0}, {"remarks": "", "schcode": "", "sex": "", "campus": "", "nf": "2018", "klmc": "理工", "ssmc": "贵州", "zylx": "普通类", "zymc": "自然保护与环境生态类", "maxScore": 507.0, "minScore": 499.0, "avgScore": 503.6, "avgOrder": 32885, "minOrder": 35147, "maxOrder": 31563, "kl": "", "ssdm": "52", "rs": 7, "zdx": 484.0, "ptx": 484.0, "zycc": "普通类", "fsx": 484.0}, {"remarks": "", "schcode": "", "sex": "", "campus": "", "nf": "2018", "klmc": "理工", "ssmc": "贵州", "zylx": "普通类", "zymc": "动物科学", "maxScore": 512.0, "minScore": 496.0, "avgScore": 504.8, "avgOrder": 32451, "minOrder": 36595, "maxOrder": 29458, "kl": "", "ssdm": "52", "rs": 4, "zdx": 484.0, "ptx": 484.0, "zycc": "普通类", "fsx": 484.0}, {"remarks": "", "schcode": "", "sex": "", "campus": "", "nf": "2018", "klmc": "理工", "ssmc": "贵州", "zylx": "普通类", "zymc": "水产养殖学", "maxScore": 503.0, "minScore": 503.0, "avgScore": 503.0, "avgOrder": 33321, "minOrder": 33321, "maxOrder": 33321, "kl": "", "ssdm": "52", "rs": 2, "zdx": 484.0, "ptx": 484.0, "zycc": "普通类", "fsx": 484.0}, {"remarks": "", "schcode": "", "sex": "", "campus": "", "nf": "2018", "klmc": "理工", "ssmc": "贵州", "zylx": "普通类", "zymc": "草业科学", "maxScore": 505.0, "minScore": 500.0, "avgScore": 502.5, "avgOrder": 33321, "minOrder": 34670, "maxOrder": 32451, "kl": "", "ssdm": "52", "rs": 2, "zdx": 484.0, "ptx": 484.0, "zycc": "普通类", "fsx": 484.0}, {"remarks": "", "schcode": "", "sex": "", "campus": "", "nf": "2018", "klmc": "理工", "ssmc": "贵州", "zylx": "普通类", "zymc": "动物医学", "maxScore": 504.0, "minScore": 496.0, "avgScore": 499.5, "avgOrder": 34670, "minOrder": 36595, "maxOrder": 32885, "kl": "", "ssdm": "52", "rs": 4, "zdx": 484.0, "ptx": 484.0, "zycc": "普通类", "fsx": 484.0}, {"remarks": "", "schcode": "", "sex": "", "campus": "", "nf": "2018", "klmc": "理工", "ssmc": "贵州", "zylx": "普通类", "zymc": "机械类", "maxScore": 519.0, "minScore": 498.0, "avgScore": 506.4, "avgOrder": 32007, "minOrder": 35655, "maxOrder": 26557, "kl": "", "ssdm": "52", "rs": 10, "zdx": 484.0, "ptx": 484.0, "zycc": "普通类", "fsx": 484.0}, {"remarks": "", "schcode": "", "sex": "", "campus": "", "nf": "2018", "klmc": "理工", "ssmc": "贵州", "zylx": "普通类", "zymc": "能源动力类", "maxScore": 520.0, "minScore": 496.0, "avgScore": 505.8, "avgOrder": 32007, "minOrder": 36595, "maxOrder": 26184, "kl": "", "ssdm": "52", "rs": 4, "zdx": 484.0, "ptx": 484.0, "zycc": "普通类", "fsx": 484.0}, {"remarks": "", "schcode": "", "sex": "", "campus": "", "nf": "2018", "klmc": "理工", "ssmc": "贵州", "zylx": "普通类", "zymc": "工业工程类", "maxScore": 504.0, "minScore": 498.0, "avgScore": 501.2, "avgOrder": 34215, "minOrder": 35655, "maxOrder": 32885, "kl": "", "ssdm": "52", "rs": 4, "zdx": 484.0, "ptx": 484.0, "zycc": "普通类", "fsx": 484.0}, {"remarks": "", "schcode": "", "sex": "", "campus": "", "nf": "2018", "klmc": "理工", "ssmc": "贵州", "zylx": "普通类", "zymc": "电气工程及其自动化", "maxScore": 515.0, "minScore": 514.0, "avgScore": 514.7, "avgOrder": 28176, "minOrder": 28603, "maxOrder": 28176, "kl": "", "ssdm": "52", "rs": 3, "zdx": 484.0, "ptx": 484.0, "zycc": "普通类", "fsx": 484.0}, {"remarks": "", "schcode": "", "sex": "", "campus": "", "nf": "2018", "klmc": "理工", "ssmc": "贵州", "zylx": "普通类", "zymc": "计算机类", "maxScore": 520.0, "minScore": 508.0, "avgScore": 514.8, "avgOrder": 28176, "minOrder": 31159, "maxOrder": 26184, "kl": "", "ssdm": "52", "rs": 6, "zdx": 484.0, "ptx": 484.0, "zycc": "普通类", "fsx": 484.0}, {"remarks": "", "schcode": "", "sex": "", "campus": "", "nf": "2018", "klmc": "理工", "ssmc": "贵州", "zylx": "普通类", "zymc": "农业电气化", "maxScore": 504.0, "minScore": 504.0, "avgScore": 504.0, "avgOrder": 32885, "minOrder": 32885, "maxOrder": 32885, "kl": "", "ssdm": "52", "rs": 1, "zdx": 484.0, "ptx": 484.0, "zycc": "普通类", "fsx": 484.0}, {"remarks": "", "schcode": "", "sex": "", "campus": "", "nf": "2018", "klmc": "理工", "ssmc": "贵州", "zylx": "普通类", "zymc": "金融学类", "maxScore": 523.0, "minScore": 505.0, "avgScore": 511.4, "avgOrder": 29861, "minOrder": 32451, "maxOrder": 25036, "kl": "", "ssdm": "52", "rs": 18, "zdx": 484.0, "ptx": 484.0, "zycc": "普通类", "fsx": 484.0}, {"remarks": "", "schcode": "", "sex": "", "campus": "", "nf": "2018", "klmc": "理工", "ssmc": "贵州", "zylx": "普通类", "zymc": "生物科学类", "maxScore": 519.0, "minScore": 503.0, "avgScore": 509.7, "avgOrder": 30284, "minOrder": 33321, "maxOrder": 26557, "kl": "", "ssdm": "52", "rs": 6, "zdx": 484.0, "ptx": 484.0, "zycc": "普通类", "fsx": 484.0}, {"remarks": "", "schcode": "", "sex": "", "campus": "", "nf": "2018", "klmc": "理工", "ssmc": "贵州", "zylx": "普通类", "zymc": "生物工程类", "maxScore": 508.0, "minScore": 499.0, "avgScore": 502.3, "avgOrder": 33760, "minOrder": 35147, "maxOrder": 31159, "kl": "", "ssdm": "52", "rs": 6, "zdx": 484.0, "ptx": 484.0, "zycc": "普通类", "fsx": 484.0}, {"remarks": "", "schcode": "", "sex": "", "campus": "", "nf": "2018", "klmc": "理工", "ssmc": "贵州", "zylx": "普通类", "zymc": "食品科学与工程类", "maxScore": 522.0, "minScore": 498.0, "avgScore": 506.2, "avgOrder": 32007, "minOrder": 35655, "maxOrder": 25435, "kl": "", "ssdm": "52", "rs": 12, "zdx": 484.0, "ptx": 484.0, "zycc": "普通类", "fsx": 484.0}, {"remarks": "", "schcode": "", "sex": "", "campus": "", "nf": "2018", "klmc": "理工", "ssmc": "贵州", "zylx": "普通类", "zymc": "人文地理与城乡规划", "maxScore": 510.0, "minScore": 496.0, "avgScore": 504.2, "avgOrder": 32885, "minOrder": 36595, "maxOrder": 30284, "kl": "", "ssdm": "52", "rs": 4, "zdx": 484.0, "ptx": 484.0, "zycc": "普通类", "fsx": 484.0}, {"remarks": "", "schcode": "", "sex": "", "campus": "", "nf": "2018", "klmc": "理工", "ssmc": "贵州", "zylx": "普通类", "zymc": "土地整治工程", "maxScore": 515.0, "minScore": 500.0, "avgScore": 507.5, "avgOrder": 31159, "minOrder": 34670, "maxOrder": 28176, "kl": "", "ssdm": "52", "rs": 2, "zdx": 484.0, "ptx": 484.0, "zycc": "普通类", "fsx": 484.0}, {"remarks": "", "schcode": "", "sex": "", "campus": "", "nf": "2018", "klmc": "理工", "ssmc": "贵州", "zylx": "普通类", "zymc": "土地资源管理", "maxScore": 523.0, "minScore": 498.0, "avgScore": 511.5, "avgOrder": 29458, "minOrder": 35655, "maxOrder": 25036, "kl": "", "ssdm": "52", "rs": 4, "zdx": 484.0, "ptx": 484.0, "zycc": "普通类", "fsx": 484.0}, {"remarks": "", "schcode": "", "sex": "", "campus": "", "nf": "2018", "klmc": "理工", "ssmc": "贵州", "zylx": "普通类", "zymc": "水利类", "maxScore": 526.0, "minScore": 495.0, "avgScore": 505.9, "avgOrder": 32007, "minOrder": 37074, "maxOrder": 23882, "kl": "", "ssdm": "52", "rs": 8, "zdx": 484.0, "ptx": 484.0, "zycc": "普通类", "fsx": 484.0}, {"remarks": "", "schcode": "", "sex": "", "campus": "", "nf": "2018", "klmc": "理工", "ssmc": "贵州", "zylx": "普通类", "zymc": "土木工程", "maxScore": 538.0, "minScore": 508.0, "avgScore": 517.6, "avgOrder": 26924, "minOrder": 31159, "maxOrder": 19608, "kl": "", "ssdm": "52", "rs": 5, "zdx": 484.0, "ptx": 484.0, "zycc": "普通类", "fsx": 484.0}, {"remarks": "", "schcode": "", "sex": "", "campus": "", "nf": "2018", "klmc": "理工", "ssmc": "贵州", "zylx": "普通类", "zymc": "工程管理", "maxScore": 516.0, "minScore": 497.0, "avgScore": 507.8, "avgOrder": 31159, "minOrder": 36113, "maxOrder": 27771, "kl": "", "ssdm": "52", "rs": 5, "zdx": 484.0, "ptx": 484.0, "zycc": "普通类", "fsx": 484.0}, {"remarks": "", "schcode": "", "sex": "", "campus": "", "nf": "2018", "klmc": "理工", "ssmc": "贵州", "zylx": "普通类", "zymc": "统计学类", "maxScore": 505.0, "minScore": 499.0, "avgScore": 503.0, "avgOrder": 33321, "minOrder": 35147, "maxOrder": 32451, "kl": "", "ssdm": "52", "rs": 6, "zdx": 484.0, "ptx": 484.0, "zycc": "普通类", "fsx": 484.0}, {"remarks": "", "schcode": "", "sex": "", "campus": "", "nf": "2018", "klmc": "理工", "ssmc": "贵州", "zylx": "普通类", "zymc": "应用化学", "maxScore": 506.0, "minScore": 496.0, "avgScore": 502.3, "avgOrder": 33760, "minOrder": 36595, "maxOrder": 32007, "kl": "", "ssdm": "52", "rs": 3, "zdx": 484.0, "ptx": 484.0, "zycc": "普通类", "fsx": 484.0}, {"remarks": "", "schcode": "", "sex": "", "campus": "", "nf": "2018", "klmc": "理工", "ssmc": "贵州", "zylx": "普通类", "zymc": "化学生物学", "maxScore": 538.0, "minScore": 498.0, "avgScore": 515.0, "avgOrder": 28176, "minOrder": 35655, "maxOrder": 19608, "kl": "", "ssdm": "52", "rs": 3, "zdx": 484.0, "ptx": 484.0, "zycc": "普通类", "fsx": 484.0}], "withYsl": false}, "jessionid": "be6fea6da6d947ea968a0aa03c8d00d3"}