{"state": 1, "msg": "操作成功", "data": {"zsSsgradeList": [{"remarks": "", "schcode": "", "sex": "", "campus": "", "nf": "2018", "klmc": "理工", "ssmc": "福建", "zylx": "普通类", "kl": "5", "ssdm": "35", "rs": 16, "zdx": 490.0, "ptx": 490.0, "minScore": 530.0, "minOrder": 20718, "avgScore": 534.8, "avgOrder": 19227, "maxScore": 552.0, "maxOrder": 14455, "zycc": "普通类", "fsx": 490.0}], "sszygradeList": [{"remarks": "", "schcode": "", "sex": "", "campus": "", "nf": "2018", "klmc": "理工", "ssmc": "福建", "zylx": "普通类", "zymc": "园林", "maxScore": 531.0, "minScore": 530.0, "avgScore": 530.5, "avgOrder": 20401, "minOrder": 20718, "maxOrder": 20401, "kl": "", "ssdm": "35", "rs": 2, "zdx": 490.0, "ptx": 490.0, "zycc": "普通类", "fsx": 490.0}, {"remarks": "", "schcode": "", "sex": "", "campus": "", "nf": "2018", "klmc": "理工", "ssmc": "福建", "zylx": "普通类", "zymc": "机械类", "maxScore": 552.0, "minScore": 541.0, "avgScore": 546.5, "avgOrder": 15733, "minOrder": 17467, "maxOrder": 14455, "kl": "", "ssdm": "35", "rs": 2, "zdx": 490.0, "ptx": 490.0, "zycc": "普通类", "fsx": 490.0}, {"remarks": "", "schcode": "", "sex": "", "campus": "", "nf": "2018", "klmc": "理工", "ssmc": "福建", "zylx": "普通类", "zymc": "金融学类", "maxScore": 542.0, "minScore": 534.0, "avgScore": 536.5, "avgOrder": 18631, "minOrder": 19526, "maxOrder": 17186, "kl": "", "ssdm": "35", "rs": 4, "zdx": 490.0, "ptx": 490.0, "zycc": "普通类", "fsx": 490.0}, {"remarks": "", "schcode": "", "sex": "", "campus": "", "nf": "2018", "klmc": "理工", "ssmc": "福建", "zylx": "普通类", "zymc": "食品科学与工程类", "maxScore": 536.0, "minScore": 531.0, "avgScore": 533.5, "avgOrder": 19526, "minOrder": 20401, "maxOrder": 18923, "kl": "", "ssdm": "35", "rs": 2, "zdx": 490.0, "ptx": 490.0, "zycc": "普通类", "fsx": 490.0}, {"remarks": "", "schcode": "", "sex": "", "campus": "", "nf": "2018", "klmc": "理工", "ssmc": "福建", "zylx": "普通类", "zymc": "土地资源管理", "maxScore": 533.0, "minScore": 530.0, "avgScore": 531.5, "avgOrder": 20091, "minOrder": 20718, "maxOrder": 19809, "kl": "", "ssdm": "35", "rs": 2, "zdx": 490.0, "ptx": 490.0, "zycc": "普通类", "fsx": 490.0}, {"remarks": "", "schcode": "", "sex": "", "campus": "", "nf": "2018", "klmc": "理工", "ssmc": "福建", "zylx": "普通类", "zymc": "土木工程", "maxScore": 534.0, "minScore": 531.0, "avgScore": 532.5, "avgOrder": 19809, "minOrder": 20401, "maxOrder": 19526, "kl": "", "ssdm": "35", "rs": 2, "zdx": 490.0, "ptx": 490.0, "zycc": "普通类", "fsx": 490.0}, {"remarks": "", "schcode": "", "sex": "", "campus": "", "nf": "2018", "klmc": "理工", "ssmc": "福建", "zylx": "普通类", "zymc": "工程管理", "maxScore": 531.0, "minScore": 531.0, "avgScore": 531.0, "avgOrder": 20401, "minOrder": 20401, "maxOrder": 20401, "kl": "", "ssdm": "35", "rs": 2, "zdx": 490.0, "ptx": 490.0, "zycc": "普通类", "fsx": 490.0}], "withYsl": false}, "jessionid": "be6fea6da6d947ea968a0aa03c8d00d3"}