{"state": 1, "msg": "操作成功", "data": {"zsSsgradeList": [{"remarks": "", "schcode": "", "sex": "", "campus": "", "nf": "2019", "klmc": "理工", "ssmc": "山东", "zylx": "普通类", "kl": "5", "ssdm": "37", "rs": 164, "zdx": 443.0, "ptx": 443.0, "minScore": 572.0, "minOrder": 34184, "avgScore": 576.6, "avgOrder": 30424, "maxScore": 596.0, "maxOrder": 18503, "zycc": "普通类", "fsx": 443.0}], "sszygradeList": [{"remarks": "", "schcode": "", "sex": "", "campus": "", "nf": "2019", "klmc": "理工", "ssmc": "山东", "zylx": "普通类", "zymc": "农学", "maxScore": 584.0, "minScore": 575.0, "avgScore": 577.8, "avgOrder": 29690, "minOrder": 31958, "maxOrder": 25549, "kl": "", "ssdm": "37", "rs": 4, "zdx": 443.0, "ptx": 443.0, "zycc": "普通类", "fsx": 443.0}, {"remarks": "", "schcode": "", "sex": "", "campus": "", "nf": "2019", "klmc": "理工", "ssmc": "山东", "zylx": "普通类", "zymc": "农学（本硕博班）", "maxScore": 589.0, "minScore": 580.0, "avgScore": 584.5, "avgOrder": 24938, "minOrder": 28249, "maxOrder": 22465, "kl": "", "ssdm": "37", "rs": 2, "zdx": 443.0, "ptx": 443.0, "zycc": "普通类", "fsx": 443.0}, {"remarks": "", "schcode": "", "sex": "", "campus": "", "nf": "2019", "klmc": "理工", "ssmc": "山东", "zylx": "普通类", "zymc": "植物保护", "maxScore": 574.0, "minScore": 573.0, "avgScore": 573.8, "avgOrder": 32688, "minOrder": 33455, "maxOrder": 32688, "kl": "", "ssdm": "37", "rs": 4, "zdx": 443.0, "ptx": 443.0, "zycc": "普通类", "fsx": 443.0}, {"remarks": "", "schcode": "", "sex": "", "campus": "", "nf": "2019", "klmc": "理工", "ssmc": "山东", "zylx": "普通类", "zymc": "植物科学与技术", "maxScore": 575.0, "minScore": 573.0, "avgScore": 574.0, "avgOrder": 32688, "minOrder": 33455, "maxOrder": 31958, "kl": "", "ssdm": "37", "rs": 2, "zdx": 443.0, "ptx": 443.0, "zycc": "普通类", "fsx": 443.0}, {"remarks": "", "schcode": "", "sex": "", "campus": "", "nf": "2019", "klmc": "理工", "ssmc": "山东", "zylx": "普通类", "zymc": "种子科学与工程", "maxScore": 574.0, "minScore": 574.0, "avgScore": 574.0, "avgOrder": 32688, "minOrder": 32688, "maxOrder": 32688, "kl": "", "ssdm": "37", "rs": 3, "zdx": 443.0, "ptx": 443.0, "zycc": "普通类", "fsx": 443.0}, {"remarks": "", "schcode": "", "sex": "", "campus": "", "nf": "2019", "klmc": "理工", "ssmc": "山东", "zylx": "普通类", "zymc": "风景园林", "maxScore": 577.0, "minScore": 574.0, "avgScore": 575.5, "avgOrder": 31179, "minOrder": 32688, "maxOrder": 30424, "kl": "", "ssdm": "37", "rs": 4, "zdx": 443.0, "ptx": 443.0, "zycc": "普通类", "fsx": 443.0}, {"remarks": "", "schcode": "", "sex": "", "campus": "", "nf": "2019", "klmc": "理工", "ssmc": "山东", "zylx": "普通类", "zymc": "园艺", "maxScore": 575.0, "minScore": 572.0, "avgScore": 573.3, "avgOrder": 33455, "minOrder": 34184, "maxOrder": 31958, "kl": "", "ssdm": "37", "rs": 3, "zdx": 443.0, "ptx": 443.0, "zycc": "普通类", "fsx": 443.0}, {"remarks": "", "schcode": "", "sex": "", "campus": "", "nf": "2019", "klmc": "理工", "ssmc": "山东", "zylx": "普通类", "zymc": "园艺（本硕博班）", "maxScore": 581.0, "minScore": 577.0, "avgScore": 579.0, "avgOrder": 28967, "minOrder": 30424, "maxOrder": 27540, "kl": "", "ssdm": "37", "rs": 2, "zdx": 443.0, "ptx": 443.0, "zycc": "普通类", "fsx": 443.0}, {"remarks": "", "schcode": "", "sex": "", "campus": "", "nf": "2019", "klmc": "理工", "ssmc": "山东", "zylx": "普通类", "zymc": "设施农业科学与工程", "maxScore": 573.0, "minScore": 572.0, "avgScore": 572.7, "avgOrder": 33455, "minOrder": 34184, "maxOrder": 33455, "kl": "", "ssdm": "37", "rs": 3, "zdx": 443.0, "ptx": 443.0, "zycc": "普通类", "fsx": 443.0}, {"remarks": "", "schcode": "", "sex": "", "campus": "", "nf": "2019", "klmc": "理工", "ssmc": "山东", "zylx": "普通类", "zymc": "园林", "maxScore": 579.0, "minScore": 574.0, "avgScore": 576.2, "avgOrder": 31179, "minOrder": 32688, "maxOrder": 28967, "kl": "", "ssdm": "37", "rs": 4, "zdx": 443.0, "ptx": 443.0, "zycc": "普通类", "fsx": 443.0}, {"remarks": "", "schcode": "", "sex": "", "campus": "", "nf": "2019", "klmc": "理工", "ssmc": "山东", "zylx": "普通类", "zymc": "应用气象学", "maxScore": 579.0, "minScore": 576.0, "avgScore": 577.5, "avgOrder": 29690, "minOrder": 31179, "maxOrder": 28967, "kl": "", "ssdm": "37", "rs": 2, "zdx": 443.0, "ptx": 443.0, "zycc": "普通类", "fsx": 443.0}, {"remarks": "", "schcode": "", "sex": "", "campus": "", "nf": "2019", "klmc": "理工", "ssmc": "山东", "zylx": "普通类", "zymc": "生态学", "maxScore": 574.0, "minScore": 572.0, "avgScore": 573.0, "avgOrder": 33455, "minOrder": 34184, "maxOrder": 32688, "kl": "", "ssdm": "37", "rs": 3, "zdx": 443.0, "ptx": 443.0, "zycc": "普通类", "fsx": 443.0}, {"remarks": "", "schcode": "", "sex": "", "campus": "", "nf": "2019", "klmc": "理工", "ssmc": "山东", "zylx": "普通类", "zymc": "环境科学与工程类", "maxScore": 576.0, "minScore": 573.0, "avgScore": 574.2, "avgOrder": 32688, "minOrder": 33455, "maxOrder": 31179, "kl": "", "ssdm": "37", "rs": 6, "zdx": 443.0, "ptx": 443.0, "zycc": "普通类", "fsx": 443.0}, {"remarks": "", "schcode": "", "sex": "", "campus": "", "nf": "2019", "klmc": "理工", "ssmc": "山东", "zylx": "普通类", "zymc": "自然保护与环境生态类", "maxScore": 574.0, "minScore": 572.0, "avgScore": 573.2, "avgOrder": 33455, "minOrder": 34184, "maxOrder": 32688, "kl": "", "ssdm": "37", "rs": 6, "zdx": 443.0, "ptx": 443.0, "zycc": "普通类", "fsx": 443.0}, {"remarks": "", "schcode": "", "sex": "", "campus": "", "nf": "2019", "klmc": "理工", "ssmc": "山东", "zylx": "普通类", "zymc": "农业资源与环境（本硕博班）", "maxScore": 586.0, "minScore": 575.0, "avgScore": 580.5, "avgOrder": 27540, "minOrder": 31958, "maxOrder": 24316, "kl": "", "ssdm": "37", "rs": 2, "zdx": 443.0, "ptx": 443.0, "zycc": "普通类", "fsx": 443.0}, {"remarks": "", "schcode": "", "sex": "", "campus": "", "nf": "2019", "klmc": "理工", "ssmc": "山东", "zylx": "普通类", "zymc": "动物科学（本硕博班）", "maxScore": 581.0, "minScore": 581.0, "avgScore": 581.0, "avgOrder": 27540, "minOrder": 27540, "maxOrder": 27540, "kl": "", "ssdm": "37", "rs": 2, "zdx": 443.0, "ptx": 443.0, "zycc": "普通类", "fsx": 443.0}, {"remarks": "", "schcode": "", "sex": "", "campus": "", "nf": "2019", "klmc": "理工", "ssmc": "山东", "zylx": "普通类", "zymc": "水产养殖学", "maxScore": 575.0, "minScore": 573.0, "avgScore": 573.7, "avgOrder": 32688, "minOrder": 33455, "maxOrder": 31958, "kl": "", "ssdm": "37", "rs": 3, "zdx": 443.0, "ptx": 443.0, "zycc": "普通类", "fsx": 443.0}, {"remarks": "", "schcode": "", "sex": "", "campus": "", "nf": "2019", "klmc": "理工", "ssmc": "山东", "zylx": "普通类", "zymc": "草业科学", "maxScore": 573.0, "minScore": 573.0, "avgScore": 573.0, "avgOrder": 33455, "minOrder": 33455, "maxOrder": 33455, "kl": "", "ssdm": "37", "rs": 2, "zdx": 443.0, "ptx": 443.0, "zycc": "普通类", "fsx": 443.0}, {"remarks": "", "schcode": "", "sex": "", "campus": "", "nf": "2019", "klmc": "理工", "ssmc": "山东", "zylx": "普通类", "zymc": "动物医学", "maxScore": 578.0, "minScore": 573.0, "avgScore": 575.0, "avgOrder": 31958, "minOrder": 33455, "maxOrder": 29690, "kl": "", "ssdm": "37", "rs": 5, "zdx": 443.0, "ptx": 443.0, "zycc": "普通类", "fsx": 443.0}, {"remarks": "", "schcode": "", "sex": "", "campus": "", "nf": "2019", "klmc": "理工", "ssmc": "山东", "zylx": "普通类", "zymc": "动物药学", "maxScore": 572.0, "minScore": 572.0, "avgScore": 572.0, "avgOrder": 34184, "minOrder": 34184, "maxOrder": 34184, "kl": "", "ssdm": "37", "rs": 2, "zdx": 443.0, "ptx": 443.0, "zycc": "普通类", "fsx": 443.0}, {"remarks": "", "schcode": "", "sex": "", "campus": "", "nf": "2019", "klmc": "理工", "ssmc": "山东", "zylx": "普通类", "zymc": "机械类", "maxScore": 583.0, "minScore": 576.0, "avgScore": 578.4, "avgOrder": 29690, "minOrder": 31179, "maxOrder": 26188, "kl": "", "ssdm": "37", "rs": 10, "zdx": 443.0, "ptx": 443.0, "zycc": "普通类", "fsx": 443.0}, {"remarks": "", "schcode": "", "sex": "", "campus": "", "nf": "2019", "klmc": "理工", "ssmc": "山东", "zylx": "普通类", "zymc": "农业机械化及其自动化（本硕博班）", "maxScore": 590.0, "minScore": 590.0, "avgScore": 590.0, "avgOrder": 21869, "minOrder": 21869, "maxOrder": 21869, "kl": "", "ssdm": "37", "rs": 1, "zdx": 443.0, "ptx": 443.0, "zycc": "普通类", "fsx": 443.0}, {"remarks": "", "schcode": "", "sex": "", "campus": "", "nf": "2019", "klmc": "理工", "ssmc": "山东", "zylx": "普通类", "zymc": "能源动力类", "maxScore": 580.0, "minScore": 578.0, "avgScore": 579.0, "avgOrder": 28967, "minOrder": 29690, "maxOrder": 28249, "kl": "", "ssdm": "37", "rs": 2, "zdx": 443.0, "ptx": 443.0, "zycc": "普通类", "fsx": 443.0}, {"remarks": "", "schcode": "", "sex": "", "campus": "", "nf": "2019", "klmc": "理工", "ssmc": "山东", "zylx": "普通类", "zymc": "工业工程类", "maxScore": 574.0, "minScore": 573.0, "avgScore": 573.5, "avgOrder": 32688, "minOrder": 33455, "maxOrder": 32688, "kl": "", "ssdm": "37", "rs": 2, "zdx": 443.0, "ptx": 443.0, "zycc": "普通类", "fsx": 443.0}, {"remarks": "", "schcode": "", "sex": "", "campus": "", "nf": "2019", "klmc": "理工", "ssmc": "山东", "zylx": "普通类", "zymc": "电气工程及其自动化", "maxScore": 585.0, "minScore": 579.0, "avgScore": 581.0, "avgOrder": 27540, "minOrder": 28967, "maxOrder": 24938, "kl": "", "ssdm": "37", "rs": 3, "zdx": 443.0, "ptx": 443.0, "zycc": "普通类", "fsx": 443.0}, {"remarks": "", "schcode": "", "sex": "", "campus": "", "nf": "2019", "klmc": "理工", "ssmc": "山东", "zylx": "普通类", "zymc": "计算机科学与技术", "maxScore": 584.0, "minScore": 581.0, "avgScore": 582.0, "avgOrder": 26841, "minOrder": 27540, "maxOrder": 25549, "kl": "", "ssdm": "37", "rs": 3, "zdx": 443.0, "ptx": 443.0, "zycc": "普通类", "fsx": 443.0}, {"remarks": "", "schcode": "", "sex": "", "campus": "", "nf": "2019", "klmc": "理工", "ssmc": "山东", "zylx": "普通类", "zymc": "软件工程", "maxScore": 585.0, "minScore": 582.0, "avgScore": 583.5, "avgOrder": 25549, "minOrder": 26841, "maxOrder": 24938, "kl": "", "ssdm": "37", "rs": 2, "zdx": 443.0, "ptx": 443.0, "zycc": "普通类", "fsx": 443.0}, {"remarks": "", "schcode": "", "sex": "", "campus": "", "nf": "2019", "klmc": "理工", "ssmc": "山东", "zylx": "普通类", "zymc": "农业电气化", "maxScore": 576.0, "minScore": 576.0, "avgScore": 576.0, "avgOrder": 31179, "minOrder": 31179, "maxOrder": 31179, "kl": "", "ssdm": "37", "rs": 1, "zdx": 443.0, "ptx": 443.0, "zycc": "普通类", "fsx": 443.0}, {"remarks": "", "schcode": "", "sex": "", "campus": "", "nf": "2019", "klmc": "理工", "ssmc": "山东", "zylx": "普通类", "zymc": "金融学类", "maxScore": 596.0, "minScore": 577.0, "avgScore": 580.5, "avgOrder": 27540, "minOrder": 30424, "maxOrder": 18503, "kl": "", "ssdm": "37", "rs": 8, "zdx": 443.0, "ptx": 443.0, "zycc": "普通类", "fsx": 443.0}, {"remarks": "", "schcode": "", "sex": "", "campus": "", "nf": "2019", "klmc": "理工", "ssmc": "山东", "zylx": "普通类", "zymc": "农林经济管理（本硕博班）", "maxScore": 586.0, "minScore": 584.0, "avgScore": 585.0, "avgOrder": 24938, "minOrder": 25549, "maxOrder": 24316, "kl": "", "ssdm": "37", "rs": 2, "zdx": 443.0, "ptx": 443.0, "zycc": "普通类", "fsx": 443.0}, {"remarks": "", "schcode": "", "sex": "", "campus": "", "nf": "2019", "klmc": "理工", "ssmc": "山东", "zylx": "普通类", "zymc": "生物科学类", "maxScore": 585.0, "minScore": 575.0, "avgScore": 579.0, "avgOrder": 28967, "minOrder": 31958, "maxOrder": 24938, "kl": "", "ssdm": "37", "rs": 8, "zdx": 443.0, "ptx": 443.0, "zycc": "普通类", "fsx": 443.0}, {"remarks": "", "schcode": "", "sex": "", "campus": "", "nf": "2019", "klmc": "理工", "ssmc": "山东", "zylx": "普通类", "zymc": "生物科学（本硕博班）", "maxScore": 585.0, "minScore": 583.0, "avgScore": 584.0, "avgOrder": 25549, "minOrder": 26188, "maxOrder": 24938, "kl": "", "ssdm": "37", "rs": 2, "zdx": 443.0, "ptx": 443.0, "zycc": "普通类", "fsx": 443.0}, {"remarks": "", "schcode": "", "sex": "", "campus": "", "nf": "2019", "klmc": "理工", "ssmc": "山东", "zylx": "普通类", "zymc": "生物工程类", "maxScore": 577.0, "minScore": 572.0, "avgScore": 573.4, "avgOrder": 33455, "minOrder": 34184, "maxOrder": 30424, "kl": "", "ssdm": "37", "rs": 8, "zdx": 443.0, "ptx": 443.0, "zycc": "普通类", "fsx": 443.0}, {"remarks": "", "schcode": "", "sex": "", "campus": "", "nf": "2019", "klmc": "理工", "ssmc": "山东", "zylx": "普通类", "zymc": "食品科学与工程类", "maxScore": 584.0, "minScore": 575.0, "avgScore": 578.2, "avgOrder": 29690, "minOrder": 31958, "maxOrder": 25549, "kl": "", "ssdm": "37", "rs": 10, "zdx": 443.0, "ptx": 443.0, "zycc": "普通类", "fsx": 443.0}, {"remarks": "", "schcode": "", "sex": "", "campus": "", "nf": "2019", "klmc": "理工", "ssmc": "山东", "zylx": "普通类", "zymc": "食品科学与工程（本硕博班）", "maxScore": 582.0, "minScore": 582.0, "avgScore": 582.0, "avgOrder": 26841, "minOrder": 26841, "maxOrder": 26841, "kl": "", "ssdm": "37", "rs": 2, "zdx": 443.0, "ptx": 443.0, "zycc": "普通类", "fsx": 443.0}, {"remarks": "", "schcode": "", "sex": "", "campus": "", "nf": "2019", "klmc": "理工", "ssmc": "山东", "zylx": "普通类", "zymc": "人文地理与城乡规划", "maxScore": 574.0, "minScore": 572.0, "avgScore": 573.0, "avgOrder": 33455, "minOrder": 34184, "maxOrder": 32688, "kl": "", "ssdm": "37", "rs": 4, "zdx": 443.0, "ptx": 443.0, "zycc": "普通类", "fsx": 443.0}, {"remarks": "", "schcode": "", "sex": "", "campus": "", "nf": "2019", "klmc": "理工", "ssmc": "山东", "zylx": "普通类", "zymc": "土地整治工程", "maxScore": 573.0, "minScore": 573.0, "avgScore": 573.0, "avgOrder": 33455, "minOrder": 33455, "maxOrder": 33455, "kl": "", "ssdm": "37", "rs": 2, "zdx": 443.0, "ptx": 443.0, "zycc": "普通类", "fsx": 443.0}, {"remarks": "", "schcode": "", "sex": "", "campus": "", "nf": "2019", "klmc": "理工", "ssmc": "山东", "zylx": "普通类", "zymc": "土地资源管理", "maxScore": 577.0, "minScore": 573.0, "avgScore": 575.3, "avgOrder": 31958, "minOrder": 33455, "maxOrder": 30424, "kl": "", "ssdm": "37", "rs": 3, "zdx": 443.0, "ptx": 443.0, "zycc": "普通类", "fsx": 443.0}, {"remarks": "", "schcode": "", "sex": "", "campus": "", "nf": "2019", "klmc": "理工", "ssmc": "山东", "zylx": "普通类", "zymc": "水利类", "maxScore": 577.0, "minScore": 573.0, "avgScore": 574.7, "avgOrder": 31958, "minOrder": 33455, "maxOrder": 30424, "kl": "", "ssdm": "37", "rs": 6, "zdx": 443.0, "ptx": 443.0, "zycc": "普通类", "fsx": 443.0}, {"remarks": "", "schcode": "", "sex": "", "campus": "", "nf": "2019", "klmc": "理工", "ssmc": "山东", "zylx": "普通类", "zymc": "土木工程", "maxScore": 576.0, "minScore": 575.0, "avgScore": 575.7, "avgOrder": 31179, "minOrder": 31958, "maxOrder": 31179, "kl": "", "ssdm": "37", "rs": 3, "zdx": 443.0, "ptx": 443.0, "zycc": "普通类", "fsx": 443.0}, {"remarks": "", "schcode": "", "sex": "", "campus": "", "nf": "2019", "klmc": "理工", "ssmc": "山东", "zylx": "普通类", "zymc": "工程管理", "maxScore": 575.0, "minScore": 574.0, "avgScore": 574.2, "avgOrder": 32688, "minOrder": 32688, "maxOrder": 31958, "kl": "", "ssdm": "37", "rs": 4, "zdx": 443.0, "ptx": 443.0, "zycc": "普通类", "fsx": 443.0}, {"remarks": "", "schcode": "", "sex": "", "campus": "", "nf": "2019", "klmc": "理工", "ssmc": "山东", "zylx": "普通类", "zymc": "统计学类", "maxScore": 576.0, "minScore": 575.0, "avgScore": 575.2, "avgOrder": 31958, "minOrder": 31958, "maxOrder": 31179, "kl": "", "ssdm": "37", "rs": 6, "zdx": 443.0, "ptx": 443.0, "zycc": "普通类", "fsx": 443.0}, {"remarks": "", "schcode": "", "sex": "", "campus": "", "nf": "2019", "klmc": "理工", "ssmc": "山东", "zylx": "普通类", "zymc": "俄语", "maxScore": 575.0, "minScore": 572.0, "avgScore": 573.8, "avgOrder": 32688, "minOrder": 34184, "maxOrder": 31958, "kl": "", "ssdm": "37", "rs": 4, "zdx": 443.0, "ptx": 443.0, "zycc": "普通类", "fsx": 443.0}, {"remarks": "", "schcode": "", "sex": "", "campus": "", "nf": "2019", "klmc": "理工", "ssmc": "山东", "zylx": "普通类", "zymc": "应用化学", "maxScore": 576.0, "minScore": 576.0, "avgScore": 576.0, "avgOrder": 31179, "minOrder": 31179, "maxOrder": 31179, "kl": "", "ssdm": "37", "rs": 2, "zdx": 443.0, "ptx": 443.0, "zycc": "普通类", "fsx": 443.0}, {"remarks": "", "schcode": "", "sex": "", "campus": "", "nf": "2019", "klmc": "理工", "ssmc": "山东", "zylx": "普通类", "zymc": "化学生物学", "maxScore": 576.0, "minScore": 572.0, "avgScore": 574.0, "avgOrder": 32688, "minOrder": 34184, "maxOrder": 31179, "kl": "", "ssdm": "37", "rs": 2, "zdx": 443.0, "ptx": 443.0, "zycc": "普通类", "fsx": 443.0}], "withYsl": false}, "jessionid": "be6fea6da6d947ea968a0aa03c8d00d3"}