{"state": 1, "msg": "操作成功", "data": {"zsSsgradeList": [{"remarks": "", "schcode": "", "sex": "", "campus": "", "nf": "2017", "klmc": "理工", "ssmc": "广西", "zylx": "普通类", "kl": "5", "ssdm": "45", "rs": 53, "zdx": 473.0, "ptx": 473.0, "minScore": 479.0, "minOrder": 27601, "avgScore": 489.8, "avgOrder": 23281, "maxScore": 524.0, "maxOrder": 11986, "zycc": "普通类", "fsx": 473.0}], "sszygradeList": [{"remarks": "", "schcode": "", "sex": "", "campus": "", "nf": "2017", "klmc": "理工", "ssmc": "广西", "zylx": "普通类", "zymc": "植物生产类（Ⅱ）", "maxScore": 483.0, "minScore": 479.0, "avgScore": 481.8, "avgOrder": 26352, "minOrder": 27601, "maxOrder": 25962, "kl": "", "ssdm": "45", "rs": 4, "zdx": 473.0, "ptx": 473.0, "zycc": "普通类", "fsx": 473.0}, {"remarks": "", "schcode": "", "sex": "", "campus": "", "nf": "2017", "klmc": "理工", "ssmc": "广西", "zylx": "普通类", "zymc": "园林", "maxScore": 485.0, "minScore": 479.0, "avgScore": 482.0, "avgOrder": 26352, "minOrder": 27601, "maxOrder": 25157, "kl": "", "ssdm": "45", "rs": 2, "zdx": 473.0, "ptx": 473.0, "zycc": "普通类", "fsx": 473.0}, {"remarks": "", "schcode": "", "sex": "", "campus": "", "nf": "2017", "klmc": "理工", "ssmc": "广西", "zylx": "普通类", "zymc": "应用气象学", "maxScore": 499.0, "minScore": 484.0, "avgScore": 491.5, "avgOrder": 22500, "minOrder": 25559, "maxOrder": 19872, "kl": "", "ssdm": "45", "rs": 2, "zdx": 473.0, "ptx": 473.0, "zycc": "普通类", "fsx": 473.0}, {"remarks": "", "schcode": "", "sex": "", "campus": "", "nf": "2017", "klmc": "理工", "ssmc": "广西", "zylx": "普通类", "zymc": "环境科学与工程类", "maxScore": 487.0, "minScore": 481.0, "avgScore": 484.0, "avgOrder": 25559, "minOrder": 26805, "maxOrder": 24399, "kl": "", "ssdm": "45", "rs": 2, "zdx": 473.0, "ptx": 473.0, "zycc": "普通类", "fsx": 473.0}, {"remarks": "", "schcode": "", "sex": "", "campus": "", "nf": "2017", "klmc": "理工", "ssmc": "广西", "zylx": "普通类", "zymc": "动物医学", "maxScore": 497.0, "minScore": 480.0, "avgScore": 487.2, "avgOrder": 24399, "minOrder": 27214, "maxOrder": 20613, "kl": "", "ssdm": "45", "rs": 4, "zdx": 473.0, "ptx": 473.0, "zycc": "普通类", "fsx": 473.0}, {"remarks": "", "schcode": "", "sex": "", "campus": "", "nf": "2017", "klmc": "理工", "ssmc": "广西", "zylx": "普通类", "zymc": "机械类（工学Ⅰ）", "maxScore": 503.0, "minScore": 487.0, "avgScore": 492.5, "avgOrder": 22113, "minOrder": 24399, "maxOrder": 18441, "kl": "", "ssdm": "45", "rs": 4, "zdx": 473.0, "ptx": 473.0, "zycc": "普通类", "fsx": 473.0}, {"remarks": "", "schcode": "", "sex": "", "campus": "", "nf": "2017", "klmc": "理工", "ssmc": "广西", "zylx": "普通类", "zymc": "能源动力类（工学Ⅱ）", "maxScore": 524.0, "minScore": 498.0, "avgScore": 511.0, "avgOrder": 15804, "minOrder": 20233, "maxOrder": 11986, "kl": "", "ssdm": "45", "rs": 2, "zdx": 473.0, "ptx": 473.0, "zycc": "普通类", "fsx": 473.0}, {"remarks": "", "schcode": "", "sex": "", "campus": "", "nf": "2017", "klmc": "理工", "ssmc": "广西", "zylx": "普通类", "zymc": "工业工程类（管理学Ⅰ）", "maxScore": 486.0, "minScore": 483.0, "avgScore": 484.5, "avgOrder": 25157, "minOrder": 25962, "maxOrder": 24777, "kl": "", "ssdm": "45", "rs": 2, "zdx": 473.0, "ptx": 473.0, "zycc": "普通类", "fsx": 473.0}, {"remarks": "", "schcode": "", "sex": "", "campus": "", "nf": "2017", "klmc": "理工", "ssmc": "广西", "zylx": "普通类", "zymc": "电气类（工学Ⅲ）", "maxScore": 495.0, "minScore": 493.0, "avgScore": 493.7, "avgOrder": 21740, "minOrder": 22113, "maxOrder": 21367, "kl": "", "ssdm": "45", "rs": 3, "zdx": 473.0, "ptx": 473.0, "zycc": "普通类", "fsx": 473.0}, {"remarks": "", "schcode": "", "sex": "", "campus": "", "nf": "2017", "klmc": "理工", "ssmc": "广西", "zylx": "普通类", "zymc": "计算机类", "maxScore": 497.0, "minScore": 483.0, "avgScore": 492.5, "avgOrder": 22113, "minOrder": 25962, "maxOrder": 20613, "kl": "", "ssdm": "45", "rs": 4, "zdx": 473.0, "ptx": 473.0, "zycc": "普通类", "fsx": 473.0}, {"remarks": "", "schcode": "", "sex": "", "campus": "", "nf": "2017", "klmc": "理工", "ssmc": "广西", "zylx": "普通类", "zymc": "金融学类（经济学）", "maxScore": 520.0, "minScore": 493.0, "avgScore": 503.2, "avgOrder": 18441, "minOrder": 22113, "maxOrder": 13074, "kl": "", "ssdm": "45", "rs": 5, "zdx": 473.0, "ptx": 473.0, "zycc": "普通类", "fsx": 473.0}, {"remarks": "", "schcode": "", "sex": "", "campus": "", "nf": "2017", "klmc": "理工", "ssmc": "广西", "zylx": "普通类", "zymc": "生物科学类", "maxScore": 491.0, "minScore": 482.0, "avgScore": 485.7, "avgOrder": 24777, "minOrder": 26352, "maxOrder": 22868, "kl": "", "ssdm": "45", "rs": 3, "zdx": 473.0, "ptx": 473.0, "zycc": "普通类", "fsx": 473.0}, {"remarks": "", "schcode": "", "sex": "", "campus": "", "nf": "2017", "klmc": "理工", "ssmc": "广西", "zylx": "普通类", "zymc": "生物工程类（工学Ⅳ）", "maxScore": 486.0, "minScore": 479.0, "avgScore": 482.2, "avgOrder": 26352, "minOrder": 27601, "maxOrder": 24777, "kl": "", "ssdm": "45", "rs": 4, "zdx": 473.0, "ptx": 473.0, "zycc": "普通类", "fsx": 473.0}, {"remarks": "", "schcode": "", "sex": "", "campus": "", "nf": "2017", "klmc": "理工", "ssmc": "广西", "zylx": "普通类", "zymc": "食品科学与工程类", "maxScore": 489.0, "minScore": 480.0, "avgScore": 485.0, "avgOrder": 25157, "minOrder": 27214, "maxOrder": 23663, "kl": "", "ssdm": "45", "rs": 4, "zdx": 473.0, "ptx": 473.0, "zycc": "普通类", "fsx": 473.0}, {"remarks": "", "schcode": "", "sex": "", "campus": "", "nf": "2017", "klmc": "理工", "ssmc": "广西", "zylx": "普通类", "zymc": "水利类（工学Ⅴ）", "maxScore": 498.0, "minScore": 482.0, "avgScore": 488.0, "avgOrder": 24047, "minOrder": 26352, "maxOrder": 20233, "kl": "", "ssdm": "45", "rs": 6, "zdx": 473.0, "ptx": 473.0, "zycc": "普通类", "fsx": 473.0}, {"remarks": "", "schcode": "", "sex": "", "campus": "", "nf": "2017", "klmc": "理工", "ssmc": "广西", "zylx": "普通类", "zymc": "土木工程", "maxScore": 494.0, "minScore": 490.0, "avgScore": 492.0, "avgOrder": 22500, "minOrder": 23281, "maxOrder": 21740, "kl": "", "ssdm": "45", "rs": 2, "zdx": 473.0, "ptx": 473.0, "zycc": "普通类", "fsx": 473.0}, {"remarks": "", "schcode": "", "sex": "", "campus": "", "nf": "2017", "klmc": "理工", "ssmc": "广西", "zylx": "普通类", "zymc": "工程管理", "maxScore": 487.0, "minScore": 484.0, "avgScore": 485.5, "avgOrder": 24777, "minOrder": 25559, "maxOrder": 24399, "kl": "", "ssdm": "45", "rs": 2, "zdx": 473.0, "ptx": 473.0, "zycc": "普通类", "fsx": 473.0}], "withYsl": false}, "jessionid": "be6fea6da6d947ea968a0aa03c8d00d3"}