{"state": 1, "msg": "操作成功", "data": {"zsSsgradeList": [{"remarks": "", "schcode": "", "sex": "", "campus": "", "nf": "2018", "klmc": "理工", "ssmc": "新疆", "zylx": "国家专项", "kl": "5", "ssdm": "65", "rs": 3, "zdx": 467.0, "ptx": 467.0, "minScore": 467.0, "avgScore": 474.3, "maxScore": 485.0, "zycc": "国家专项", "fsx": 467.0}], "sszygradeList": [{"remarks": "", "schcode": "", "sex": "", "campus": "", "nf": "2018", "klmc": "理工", "ssmc": "新疆", "zylx": "国家专项", "zymc": "电气工程及其自动化", "maxScore": 485.0, "minScore": 471.0, "avgScore": 478.0, "kl": "", "ssdm": "65", "rs": 2, "zdx": 467.0, "ptx": 467.0, "zycc": "国家专项", "fsx": 467.0}, {"remarks": "", "schcode": "", "sex": "", "campus": "", "nf": "2018", "klmc": "理工", "ssmc": "新疆", "zylx": "国家专项", "zymc": "食品科学与工程类", "maxScore": 467.0, "minScore": 453.0, "avgScore": 460.0, "kl": "", "ssdm": "65", "rs": 2, "zdx": 467.0, "ptx": 467.0, "zycc": "国家专项", "fsx": 467.0}], "withYsl": false}, "jessionid": "be6fea6da6d947ea968a0aa03c8d00d3"}