{"state": 1, "msg": "操作成功", "data": {"zsSsgradeList": [{"remarks": "", "schcode": "", "sex": "", "campus": "", "nf": "2017", "klmc": "艺术(不分文理)", "ssmc": "安徽", "zylx": "艺术批", "kl": "A", "ssdm": "34", "rs": 7, "minScore": 680.0, "avgScore": 685.1, "maxScore": 693.0, "zycc": "艺术批"}], "sszygradeList": [{"remarks": "综合分", "schcode": "", "sex": "", "campus": "", "nf": "2017", "klmc": "艺术(不分文理)", "ssmc": "安徽", "zylx": "艺术批", "zymc": "广播电视编导", "maxScore": 693.0, "minScore": 680.0, "avgScore": 685.1, "kl": "", "ssdm": "34", "rs": 7, "zycc": "艺术批"}], "withYsl": false}, "jessionid": "be6fea6da6d947ea968a0aa03c8d00d3"}