{"state": 1, "msg": "操作成功", "data": {"zsSsgradeList": [{"remarks": "", "schcode": "", "sex": "", "campus": "", "nf": "2017", "klmc": "文史", "ssmc": "甘肃", "zylx": "普通类", "kl": "1", "ssdm": "62", "rs": 8, "zdx": 505.0, "ptx": 505.0, "minScore": 521.0, "minOrder": 3524, "avgScore": 523.2, "avgOrder": 3262, "maxScore": 528.0, "maxOrder": 2743, "zycc": "普通类", "fsx": 505.0}], "sszygradeList": [{"remarks": "", "schcode": "", "sex": "", "campus": "", "nf": "2017", "klmc": "文史", "ssmc": "甘肃", "zylx": "普通类", "zymc": "工商管理类（管理学Ⅱ）", "maxScore": 528.0, "minScore": 521.0, "avgScore": 523.5, "avgOrder": 3142, "minOrder": 3524, "maxOrder": 2743, "kl": "", "ssdm": "62", "rs": 4, "zdx": 505.0, "ptx": 505.0, "zycc": "普通类", "fsx": 505.0}, {"remarks": "", "schcode": "", "sex": "", "campus": "", "nf": "2017", "klmc": "文史", "ssmc": "甘肃", "zylx": "普通类", "zymc": "农林经济管理", "maxScore": 525.0, "minScore": 524.0, "avgScore": 524.5, "avgOrder": 3028, "minOrder": 3142, "maxOrder": 3028, "kl": "", "ssdm": "62", "rs": 2, "zdx": 505.0, "ptx": 505.0, "zycc": "普通类", "fsx": 505.0}, {"remarks": "", "schcode": "", "sex": "", "campus": "", "nf": "2017", "klmc": "文史", "ssmc": "甘肃", "zylx": "普通类", "zymc": "法学类（法学）", "maxScore": 522.0, "minScore": 521.0, "avgScore": 521.5, "avgOrder": 3398, "minOrder": 3524, "maxOrder": 3398, "kl": "", "ssdm": "62", "rs": 2, "zdx": 505.0, "ptx": 505.0, "zycc": "普通类", "fsx": 505.0}], "withYsl": false}, "jessionid": "be6fea6da6d947ea968a0aa03c8d00d3"}