{"state": 1, "msg": "操作成功", "data": {"zsSsgradeList": [{"remarks": "", "schcode": "", "sex": "", "campus": "", "nf": "2019", "klmc": "文史", "ssmc": "福建", "zylx": "普通类", "kl": "1", "ssdm": "35", "rs": 4, "zdx": 550.0, "ptx": 550.0, "minScore": 572.0, "minOrder": 3788, "avgScore": 573.2, "avgOrder": 3650, "maxScore": 574.0, "maxOrder": 3556, "zycc": "普通类", "fsx": 550.0}], "sszygradeList": [{"remarks": "", "schcode": "", "sex": "", "campus": "", "nf": "2019", "klmc": "文史", "ssmc": "福建", "zylx": "普通类", "zymc": "工商管理类", "maxScore": 574.0, "minScore": 573.0, "avgScore": 573.5, "avgOrder": 3556, "minOrder": 3650, "maxOrder": 3556, "kl": "", "ssdm": "35", "rs": 2, "zdx": 550.0, "ptx": 550.0, "zycc": "普通类", "fsx": 550.0}, {"remarks": "", "schcode": "", "sex": "", "campus": "", "nf": "2019", "klmc": "文史", "ssmc": "福建", "zylx": "普通类", "zymc": "法学类", "maxScore": 574.0, "minScore": 572.0, "avgScore": 573.0, "avgOrder": 3650, "minOrder": 3788, "maxOrder": 3556, "kl": "", "ssdm": "35", "rs": 2, "zdx": 550.0, "ptx": 550.0, "zycc": "普通类", "fsx": 550.0}], "withYsl": false}, "jessionid": "be6fea6da6d947ea968a0aa03c8d00d3"}