{"state": 1, "msg": "操作成功", "data": {"zsSsgradeList": [{"remarks": "", "schcode": "", "sex": "", "campus": "", "nf": "2017", "klmc": "文史", "ssmc": "河北", "zylx": "普通类", "kl": "1", "ssdm": "13", "rs": 6, "zdx": 517.0, "ptx": 517.0, "minScore": 581.0, "minOrder": 3849, "avgScore": 584.5, "avgOrder": 3386, "maxScore": 591.0, "maxOrder": 2813, "zycc": "普通类", "fsx": 517.0}], "sszygradeList": [{"remarks": "", "schcode": "", "sex": "", "campus": "", "nf": "2017", "klmc": "文史", "ssmc": "河北", "zylx": "普通类", "zymc": "工商管理类（管理学Ⅱ）", "maxScore": 591.0, "minScore": 585.0, "avgScore": 587.7, "avgOrder": 3095, "minOrder": 3386, "maxOrder": 2813, "kl": "", "ssdm": "13", "rs": 3, "zdx": 517.0, "ptx": 517.0, "zycc": "普通类", "fsx": 517.0}, {"remarks": "", "schcode": "", "sex": "", "campus": "", "nf": "2017", "klmc": "文史", "ssmc": "河北", "zylx": "普通类", "zymc": "法学类（法学）", "maxScore": 582.0, "minScore": 581.0, "avgScore": 581.3, "avgOrder": 3849, "minOrder": 3849, "maxOrder": 3737, "kl": "", "ssdm": "13", "rs": 3, "zdx": 517.0, "ptx": 517.0, "zycc": "普通类", "fsx": 517.0}], "withYsl": false}, "jessionid": "be6fea6da6d947ea968a0aa03c8d00d3"}