{"state": 1, "msg": "操作成功", "data": {"zsSsgradeList": [{"remarks": "", "schcode": "", "sex": "", "campus": "", "nf": "2020", "klmc": "理工", "ssmc": "江西", "zylx": "普通类", "kl": "5", "ssdm": "36", "rs": 29, "zdx": 535.0, "ptx": 535.0, "minScore": 572.0, "minOrder": 22628, "avgScore": 574.1, "avgOrder": 21720, "maxScore": 580.0, "maxOrder": 19064, "zycc": "普通类", "fsx": 535.0}], "sszygradeList": [{"remarks": "", "schcode": "", "sex": "", "campus": "", "nf": "2020", "klmc": "理工", "ssmc": "江西", "zylx": "普通类", "zymc": "园林", "maxScore": 575.0, "minScore": 572.0, "avgScore": 573.5, "avgOrder": 21720, "minOrder": 22628, "maxOrder": 21287, "kl": "", "ssdm": "36", "rs": 2, "zdx": 535.0, "ptx": 535.0, "zycc": "普通类", "fsx": 535.0}, {"remarks": "", "schcode": "", "sex": "", "campus": "", "nf": "2020", "klmc": "理工", "ssmc": "江西", "zylx": "普通类", "zymc": "应用气象学", "maxScore": 574.0, "minScore": 572.0, "avgScore": 573.0, "avgOrder": 22166, "minOrder": 22628, "maxOrder": 21720, "kl": "", "ssdm": "36", "rs": 2, "zdx": 535.0, "ptx": 535.0, "zycc": "普通类", "fsx": 535.0}, {"remarks": "", "schcode": "", "sex": "", "campus": "", "nf": "2020", "klmc": "理工", "ssmc": "江西", "zylx": "普通类", "zymc": "环境科学与工程类", "maxScore": 573.0, "minScore": 573.0, "avgScore": 573.0, "avgOrder": 22166, "minOrder": 22166, "maxOrder": 22166, "kl": "", "ssdm": "36", "rs": 2, "zdx": 535.0, "ptx": 535.0, "zycc": "普通类", "fsx": 535.0}, {"remarks": "", "schcode": "", "sex": "", "campus": "", "nf": "2020", "klmc": "理工", "ssmc": "江西", "zylx": "普通类", "zymc": "自然保护与环境生态类", "maxScore": 580.0, "minScore": 572.0, "avgScore": 576.0, "avgOrder": 20827, "minOrder": 22628, "maxOrder": 19064, "kl": "", "ssdm": "36", "rs": 2, "zdx": 535.0, "ptx": 535.0, "zycc": "普通类", "fsx": 535.0}, {"remarks": "", "schcode": "", "sex": "", "campus": "", "nf": "2020", "klmc": "理工", "ssmc": "江西", "zylx": "普通类", "zymc": "动物科学", "maxScore": 573.0, "minScore": 573.0, "avgScore": 573.0, "avgOrder": 22166, "minOrder": 22166, "maxOrder": 22166, "kl": "", "ssdm": "36", "rs": 2, "zdx": 535.0, "ptx": 535.0, "zycc": "普通类", "fsx": 535.0}, {"remarks": "", "schcode": "", "sex": "", "campus": "", "nf": "2020", "klmc": "理工", "ssmc": "江西", "zylx": "普通类", "zymc": "动物医学", "maxScore": 574.0, "minScore": 574.0, "avgScore": 574.0, "avgOrder": 21720, "minOrder": 21720, "maxOrder": 21720, "kl": "", "ssdm": "36", "rs": 2, "zdx": 535.0, "ptx": 535.0, "zycc": "普通类", "fsx": 535.0}, {"remarks": "", "schcode": "", "sex": "", "campus": "", "nf": "2020", "klmc": "理工", "ssmc": "江西", "zylx": "普通类", "zymc": "机械类", "maxScore": 575.0, "minScore": 574.0, "avgScore": 574.5, "avgOrder": 21720, "minOrder": 21720, "maxOrder": 21287, "kl": "", "ssdm": "36", "rs": 2, "zdx": 535.0, "ptx": 535.0, "zycc": "普通类", "fsx": 535.0}, {"remarks": "", "schcode": "", "sex": "", "campus": "", "nf": "2020", "klmc": "理工", "ssmc": "江西", "zylx": "普通类", "zymc": "工业工程类", "maxScore": 574.0, "minScore": 573.0, "avgScore": 573.5, "avgOrder": 21720, "minOrder": 22166, "maxOrder": 21720, "kl": "", "ssdm": "36", "rs": 2, "zdx": 535.0, "ptx": 535.0, "zycc": "普通类", "fsx": 535.0}, {"remarks": "", "schcode": "", "sex": "", "campus": "", "nf": "2020", "klmc": "理工", "ssmc": "江西", "zylx": "普通类", "zymc": "软件工程", "maxScore": 578.0, "minScore": 576.0, "avgScore": 577.0, "avgOrder": 20362, "minOrder": 20827, "maxOrder": 19909, "kl": "", "ssdm": "36", "rs": 2, "zdx": 535.0, "ptx": 535.0, "zycc": "普通类", "fsx": 535.0}, {"remarks": "", "schcode": "", "sex": "", "campus": "", "nf": "2020", "klmc": "理工", "ssmc": "江西", "zylx": "普通类", "zymc": "物联网工程", "maxScore": 575.0, "minScore": 575.0, "avgScore": 575.0, "avgOrder": 21287, "minOrder": 21287, "maxOrder": 21287, "kl": "", "ssdm": "36", "rs": 2, "zdx": 535.0, "ptx": 535.0, "zycc": "普通类", "fsx": 535.0}, {"remarks": "", "schcode": "", "sex": "", "campus": "", "nf": "2020", "klmc": "理工", "ssmc": "江西", "zylx": "普通类", "zymc": "金融学类", "maxScore": 575.0, "minScore": 574.0, "avgScore": 574.3, "avgOrder": 21720, "minOrder": 21720, "maxOrder": 21287, "kl": "", "ssdm": "36", "rs": 3, "zdx": 535.0, "ptx": 535.0, "zycc": "普通类", "fsx": 535.0}, {"remarks": "", "schcode": "", "sex": "", "campus": "", "nf": "2020", "klmc": "理工", "ssmc": "江西", "zylx": "普通类", "zymc": "食品科学与工程类", "maxScore": 574.0, "minScore": 573.0, "avgScore": 573.5, "avgOrder": 21720, "minOrder": 22166, "maxOrder": 21720, "kl": "", "ssdm": "36", "rs": 2, "zdx": 535.0, "ptx": 535.0, "zycc": "普通类", "fsx": 535.0}, {"remarks": "", "schcode": "", "sex": "", "campus": "", "nf": "2020", "klmc": "理工", "ssmc": "江西", "zylx": "普通类", "zymc": "人文地理与城乡规划", "maxScore": 573.0, "minScore": 572.0, "avgScore": 572.5, "avgOrder": 22628, "minOrder": 22628, "maxOrder": 22166, "kl": "", "ssdm": "36", "rs": 2, "zdx": 535.0, "ptx": 535.0, "zycc": "普通类", "fsx": 535.0}, {"remarks": "", "schcode": "", "sex": "", "campus": "", "nf": "2020", "klmc": "理工", "ssmc": "江西", "zylx": "普通类", "zymc": "水利类", "maxScore": 575.0, "minScore": 574.0, "avgScore": 574.5, "avgOrder": 21720, "minOrder": 21720, "maxOrder": 21287, "kl": "", "ssdm": "36", "rs": 2, "zdx": 535.0, "ptx": 535.0, "zycc": "普通类", "fsx": 535.0}], "withYsl": false}, "jessionid": "be6fea6da6d947ea968a0aa03c8d00d3"}