{"state": 1, "msg": "操作成功", "data": {"zsSsgradeList": [{"remarks": "", "schcode": "", "sex": "", "campus": "", "nf": "2019", "klmc": "文史", "ssmc": "山西", "zylx": "普通类", "kl": "1", "ssdm": "14", "rs": 22, "zdx": 542.0, "ptx": 542.0, "minScore": 557.0, "minOrder": 3438, "avgScore": 558.7, "avgOrder": 3171, "maxScore": 563.0, "maxOrder": 2688, "zycc": "普通类", "fsx": 542.0}], "sszygradeList": [{"remarks": "", "schcode": "", "sex": "", "campus": "", "nf": "2019", "klmc": "文史", "ssmc": "山西", "zylx": "普通类", "zymc": "工商管理类", "maxScore": 563.0, "minScore": 557.0, "avgScore": 559.2, "avgOrder": 3171, "minOrder": 3438, "maxOrder": 2688, "kl": "", "ssdm": "14", "rs": 10, "zdx": 542.0, "ptx": 542.0, "zycc": "普通类", "fsx": 542.0}, {"remarks": "", "schcode": "", "sex": "", "campus": "", "nf": "2019", "klmc": "文史", "ssmc": "山西", "zylx": "普通类", "zymc": "法学类", "maxScore": 563.0, "minScore": 557.0, "avgScore": 559.0, "avgOrder": 3171, "minOrder": 3438, "maxOrder": 2688, "kl": "", "ssdm": "14", "rs": 6, "zdx": 542.0, "ptx": 542.0, "zycc": "普通类", "fsx": 542.0}, {"remarks": "", "schcode": "", "sex": "", "campus": "", "nf": "2019", "klmc": "文史", "ssmc": "山西", "zylx": "普通类", "zymc": "行政管理", "maxScore": 557.0, "minScore": 557.0, "avgScore": 557.0, "avgOrder": 3438, "minOrder": 3438, "maxOrder": 3438, "kl": "", "ssdm": "14", "rs": 2, "zdx": 542.0, "ptx": 542.0, "zycc": "普通类", "fsx": 542.0}, {"remarks": "", "schcode": "", "sex": "", "campus": "", "nf": "2019", "klmc": "文史", "ssmc": "山西", "zylx": "普通类", "zymc": "英语", "maxScore": 557.0, "minScore": 557.0, "avgScore": 557.0, "avgOrder": 3438, "minOrder": 3438, "maxOrder": 3438, "kl": "", "ssdm": "14", "rs": 2, "zdx": 542.0, "ptx": 542.0, "zycc": "普通类", "fsx": 542.0}, {"remarks": "", "schcode": "", "sex": "", "campus": "", "nf": "2019", "klmc": "文史", "ssmc": "山西", "zylx": "普通类", "zymc": "汉语国际教育", "maxScore": 559.0, "minScore": 558.0, "avgScore": 558.5, "avgOrder": 3171, "minOrder": 3288, "maxOrder": 3171, "kl": "", "ssdm": "14", "rs": 2, "zdx": 542.0, "ptx": 542.0, "zycc": "普通类", "fsx": 542.0}], "withYsl": false}, "jessionid": "be6fea6da6d947ea968a0aa03c8d00d3"}