{"state": 1, "msg": "操作成功", "data": {"zsSsgradeList": [{"remarks": "", "schcode": "", "sex": "", "campus": "", "nf": "2019", "klmc": "理工", "ssmc": "广东", "zylx": "普通类", "kl": "5", "ssdm": "44", "rs": 36, "zdx": 390.0, "ptx": 390.0, "minScore": 514.0, "minOrder": 57719, "avgScore": 520.5, "avgOrder": 52212, "maxScore": 547.0, "maxOrder": 31516, "zycc": "普通类", "fsx": 390.0}], "sszygradeList": [{"remarks": "", "schcode": "", "sex": "", "campus": "", "nf": "2019", "klmc": "理工", "ssmc": "广东", "zylx": "普通类", "zymc": "风景园林", "maxScore": 522.0, "minScore": 520.0, "avgScore": 521.0, "avgOrder": 51322, "minOrder": 52212, "maxOrder": 50457, "kl": "", "ssdm": "44", "rs": 2, "zdx": 390.0, "ptx": 390.0, "zycc": "普通类", "fsx": 390.0}, {"remarks": "", "schcode": "", "sex": "", "campus": "", "nf": "2019", "klmc": "理工", "ssmc": "广东", "zylx": "普通类", "zymc": "应用气象学", "maxScore": 518.0, "minScore": 514.0, "avgScore": 516.0, "avgOrder": 55873, "minOrder": 57719, "maxOrder": 54051, "kl": "", "ssdm": "44", "rs": 2, "zdx": 390.0, "ptx": 390.0, "zycc": "普通类", "fsx": 390.0}, {"remarks": "", "schcode": "", "sex": "", "campus": "", "nf": "2019", "klmc": "理工", "ssmc": "广东", "zylx": "普通类", "zymc": "环境科学与工程类", "maxScore": 518.0, "minScore": 515.0, "avgScore": 516.5, "avgOrder": 54963, "minOrder": 56801, "maxOrder": 54051, "kl": "", "ssdm": "44", "rs": 2, "zdx": 390.0, "ptx": 390.0, "zycc": "普通类", "fsx": 390.0}, {"remarks": "", "schcode": "", "sex": "", "campus": "", "nf": "2019", "klmc": "理工", "ssmc": "广东", "zylx": "普通类", "zymc": "动物科学", "maxScore": 517.0, "minScore": 515.0, "avgScore": 516.0, "avgOrder": 55873, "minOrder": 56801, "maxOrder": 54963, "kl": "", "ssdm": "44", "rs": 2, "zdx": 390.0, "ptx": 390.0, "zycc": "普通类", "fsx": 390.0}, {"remarks": "", "schcode": "", "sex": "", "campus": "", "nf": "2019", "klmc": "理工", "ssmc": "广东", "zylx": "普通类", "zymc": "动物医学", "maxScore": 520.0, "minScore": 515.0, "avgScore": 517.5, "avgOrder": 54051, "minOrder": 56801, "maxOrder": 52212, "kl": "", "ssdm": "44", "rs": 2, "zdx": 390.0, "ptx": 390.0, "zycc": "普通类", "fsx": 390.0}, {"remarks": "", "schcode": "", "sex": "", "campus": "", "nf": "2019", "klmc": "理工", "ssmc": "广东", "zylx": "普通类", "zymc": "机械类", "maxScore": 527.0, "minScore": 524.0, "avgScore": 525.5, "avgOrder": 46959, "minOrder": 48641, "maxOrder": 46121, "kl": "", "ssdm": "44", "rs": 2, "zdx": 390.0, "ptx": 390.0, "zycc": "普通类", "fsx": 390.0}, {"remarks": "", "schcode": "", "sex": "", "campus": "", "nf": "2019", "klmc": "理工", "ssmc": "广东", "zylx": "普通类", "zymc": "能源动力类", "maxScore": 517.0, "minScore": 516.0, "avgScore": 516.5, "avgOrder": 54963, "minOrder": 55873, "maxOrder": 54963, "kl": "", "ssdm": "44", "rs": 2, "zdx": 390.0, "ptx": 390.0, "zycc": "普通类", "fsx": 390.0}, {"remarks": "", "schcode": "", "sex": "", "campus": "", "nf": "2019", "klmc": "理工", "ssmc": "广东", "zylx": "普通类", "zymc": "工业工程类", "maxScore": 515.0, "minScore": 515.0, "avgScore": 515.0, "avgOrder": 56801, "minOrder": 56801, "maxOrder": 56801, "kl": "", "ssdm": "44", "rs": 2, "zdx": 390.0, "ptx": 390.0, "zycc": "普通类", "fsx": 390.0}, {"remarks": "", "schcode": "", "sex": "", "campus": "", "nf": "2019", "klmc": "理工", "ssmc": "广东", "zylx": "普通类", "zymc": "电气工程及其自动化", "maxScore": 547.0, "minScore": 531.0, "avgScore": 539.0, "avgOrder": 36993, "minOrder": 42945, "maxOrder": 31516, "kl": "", "ssdm": "44", "rs": 2, "zdx": 390.0, "ptx": 390.0, "zycc": "普通类", "fsx": 390.0}, {"remarks": "", "schcode": "", "sex": "", "campus": "", "nf": "2019", "klmc": "理工", "ssmc": "广东", "zylx": "普通类", "zymc": "计算机科学与技术", "maxScore": 530.0, "minScore": 528.0, "avgScore": 529.0, "avgOrder": 44561, "minOrder": 45353, "maxOrder": 43772, "kl": "", "ssdm": "44", "rs": 2, "zdx": 390.0, "ptx": 390.0, "zycc": "普通类", "fsx": 390.0}, {"remarks": "", "schcode": "", "sex": "", "campus": "", "nf": "2019", "klmc": "理工", "ssmc": "广东", "zylx": "普通类", "zymc": "金融学类", "maxScore": 525.0, "minScore": 520.0, "avgScore": 522.5, "avgOrder": 49569, "minOrder": 52212, "maxOrder": 47796, "kl": "", "ssdm": "44", "rs": 2, "zdx": 390.0, "ptx": 390.0, "zycc": "普通类", "fsx": 390.0}, {"remarks": "", "schcode": "", "sex": "", "campus": "", "nf": "2019", "klmc": "理工", "ssmc": "广东", "zylx": "普通类", "zymc": "生物工程类", "maxScore": 530.0, "minScore": 519.0, "avgScore": 524.5, "avgOrder": 47796, "minOrder": 53111, "maxOrder": 43772, "kl": "", "ssdm": "44", "rs": 2, "zdx": 390.0, "ptx": 390.0, "zycc": "普通类", "fsx": 390.0}, {"remarks": "", "schcode": "", "sex": "", "campus": "", "nf": "2019", "klmc": "理工", "ssmc": "广东", "zylx": "普通类", "zymc": "食品科学与工程类", "maxScore": 519.0, "minScore": 518.0, "avgScore": 518.5, "avgOrder": 53111, "minOrder": 54051, "maxOrder": 53111, "kl": "", "ssdm": "44", "rs": 2, "zdx": 390.0, "ptx": 390.0, "zycc": "普通类", "fsx": 390.0}, {"remarks": "", "schcode": "", "sex": "", "campus": "", "nf": "2019", "klmc": "理工", "ssmc": "广东", "zylx": "普通类", "zymc": "土地资源管理", "maxScore": 516.0, "minScore": 515.0, "avgScore": 515.5, "avgOrder": 55873, "minOrder": 56801, "maxOrder": 55873, "kl": "", "ssdm": "44", "rs": 2, "zdx": 390.0, "ptx": 390.0, "zycc": "普通类", "fsx": 390.0}, {"remarks": "", "schcode": "", "sex": "", "campus": "", "nf": "2019", "klmc": "理工", "ssmc": "广东", "zylx": "普通类", "zymc": "水利类", "maxScore": 521.0, "minScore": 514.0, "avgScore": 517.5, "avgOrder": 54051, "minOrder": 57719, "maxOrder": 51322, "kl": "", "ssdm": "44", "rs": 2, "zdx": 390.0, "ptx": 390.0, "zycc": "普通类", "fsx": 390.0}, {"remarks": "", "schcode": "", "sex": "", "campus": "", "nf": "2019", "klmc": "理工", "ssmc": "广东", "zylx": "普通类", "zymc": "土木工程", "maxScore": 524.0, "minScore": 521.0, "avgScore": 522.5, "avgOrder": 49569, "minOrder": 51322, "maxOrder": 48641, "kl": "", "ssdm": "44", "rs": 2, "zdx": 390.0, "ptx": 390.0, "zycc": "普通类", "fsx": 390.0}, {"remarks": "", "schcode": "", "sex": "", "campus": "", "nf": "2019", "klmc": "理工", "ssmc": "广东", "zylx": "普通类", "zymc": "工程管理", "maxScore": 515.0, "minScore": 514.0, "avgScore": 514.5, "avgOrder": 56801, "minOrder": 57719, "maxOrder": 56801, "kl": "", "ssdm": "44", "rs": 2, "zdx": 390.0, "ptx": 390.0, "zycc": "普通类", "fsx": 390.0}, {"remarks": "", "schcode": "", "sex": "", "campus": "", "nf": "2019", "klmc": "理工", "ssmc": "广东", "zylx": "普通类", "zymc": "统计学类", "maxScore": 527.0, "minScore": 515.0, "avgScore": 521.0, "avgOrder": 51322, "minOrder": 56801, "maxOrder": 46121, "kl": "", "ssdm": "44", "rs": 2, "zdx": 390.0, "ptx": 390.0, "zycc": "普通类", "fsx": 390.0}], "withYsl": false}, "jessionid": "be6fea6da6d947ea968a0aa03c8d00d3"}