{"state": 1, "msg": "操作成功", "data": {"zsSsgradeList": [{"remarks": "", "schcode": "", "sex": "", "campus": "", "nf": "2020", "klmc": "文史", "ssmc": "吉林", "zylx": "普通类", "kl": "1", "ssdm": "22", "rs": 9, "zdx": 543.0, "ptx": 543.0, "minScore": 554.0, "minOrder": 2627, "avgScore": 556.9, "avgOrder": 2451, "maxScore": 560.0, "maxOrder": 2278, "zycc": "普通类", "fsx": 543.0}], "sszygradeList": [{"remarks": "", "schcode": "", "sex": "", "campus": "", "nf": "2020", "klmc": "文史", "ssmc": "吉林", "zylx": "普通类", "zymc": "工商管理类", "maxScore": 560.0, "minScore": 554.0, "avgScore": 556.2, "avgOrder": 2509, "minOrder": 2627, "maxOrder": 2278, "kl": "", "ssdm": "22", "rs": 5, "zdx": 543.0, "ptx": 543.0, "zycc": "普通类", "fsx": 543.0}, {"remarks": "", "schcode": "", "sex": "", "campus": "", "nf": "2020", "klmc": "文史", "ssmc": "吉林", "zylx": "普通类", "zymc": "法学类", "maxScore": 558.0, "minScore": 557.0, "avgScore": 557.5, "avgOrder": 2395, "minOrder": 2451, "maxOrder": 2395, "kl": "", "ssdm": "22", "rs": 2, "zdx": 543.0, "ptx": 543.0, "zycc": "普通类", "fsx": 543.0}, {"remarks": "", "schcode": "", "sex": "", "campus": "", "nf": "2020", "klmc": "文史", "ssmc": "吉林", "zylx": "普通类", "zymc": "英语", "maxScore": 558.0, "minScore": 558.0, "avgScore": 558.0, "avgOrder": 2395, "minOrder": 2395, "maxOrder": 2395, "kl": "", "ssdm": "22", "rs": 2, "zdx": 543.0, "ptx": 543.0, "zycc": "普通类", "fsx": 543.0}], "withYsl": false}, "jessionid": "be6fea6da6d947ea968a0aa03c8d00d3"}